word,level,difficulty,meaning_zh,pos,topic,example,example_zh,parts_json,note,is_basic,accepted,source,phonetic,definition_source,content_status,display_word,example_kind,story_title,story_zh,teacher_prompt,cloze,cloze_answer,cloze_zh,cloze_type,materials_version,example_source,examples_json,student_prompt
boyfriend,KET,2,男朋友,n.,人物与社会,This story is about a boyfriend.,这个故事讲的是一位男朋友。,"[{""text"": ""boy"", ""kind"": ""compound"", ""meaning"": ""男孩""}, {""text"": ""friend"", ""kind"": ""compound"", ""meaning"": ""朋友""}]",两个已有成分组合成一个词。结合它们的意思理解整体词义，但不要把这种现代拆分当作完整的历史词源。,0,,https://www.cambridgeenglish.org/images/506886-a2-key-2020-vocabulary-list.pdf,'bɔifrend,https://github.com/skywind3000/ECDICT,offline-materials,boyfriend,person,boyfriend · 单词里的小故事,读书会轮到小乐介绍故事里的一个人物。这个故事讲的是一位男朋友。小乐说：“This story is about a boyfriend.”朋友听懂了，也想起自己遇到过的事。,,This story is about a __________.,boyfriend,这个故事讲的是一位男朋友。,context,2026-09-v2,本地预制课堂素材；原创短句与场景模板,[],想象你也在这个场景里。用 boyfriend 说一句自己的话。
girlfriend,KET,2,女朋友,n.,人物与社会,This story is about a girlfriend.,这个故事讲的是一位女朋友。,"[{""text"": ""girl"", ""kind"": ""compound"", ""meaning"": ""女孩""}, {""text"": ""friend"", ""kind"": ""compound"", ""meaning"": ""朋友""}]",两个已有成分组合成一个词。结合它们的意思理解整体词义，但不要把这种现代拆分当作完整的历史词源。,0,,https://www.cambridgeenglish.org/images/506886-a2-key-2020-vocabulary-list.pdf,,https://github.com/skywind3000/ECDICT,offline-materials,girlfriend,person,girlfriend · 单词里的小故事,读书会轮到小乐介绍故事里的一个人物。这个故事讲的是一位女朋友。小乐说：“This story is about a girlfriend.”朋友听懂了，也想起自己遇到过的事。,,This story is about a __________.,girlfriend,这个故事讲的是一位女朋友。,context,2026-09-v2,本地预制课堂素材；原创短句与场景模板,[],想象你也在这个场景里。用 girlfriend 说一句自己的话。
housewife,KET,2,主妇；家庭妇女,n.,人物与社会,This story is about a housewife.,这个故事讲的是一位主妇。,[],结合常用释义整体记忆。先听老师读，再用自己的生活场景解释。,0,,https://www.cambridgeenglish.org/images/506886-a2-key-2020-vocabulary-list.pdf,'hauswaif,https://github.com/skywind3000/ECDICT,offline-materials,housewife,person,housewife · 单词里的小故事,读书会轮到小乐介绍故事里的一个人物。这个故事讲的是一位主妇。小乐说：“This story is about a housewife.”朋友听懂了，也想起自己遇到过的事。,,This story is about a __________.,housewife,这个故事讲的是一位主妇。,context,2026-09-v2,本地预制课堂素材；原创短句与场景模板,[],想象你也在这个场景里。用 housewife 说一句自己的话。
job,KET,1,工作；零活；职业,n.,人物与社会,We talked about the job today.,我们今天谈到了工作。,[],结合常用释义整体记忆。先听老师读，再用自己的生活场景解释。,0,,https://www.cambridgeenglish.org/images/506886-a2-key-2020-vocabulary-list.pdf,dʒɒb,https://github.com/skywind3000/ECDICT,offline-materials,job,discussion,job · 单词里的小故事,小乐和朋友聊起今天的一件事。我们今天谈到了工作。小乐说：“We talked about the job today.”朋友听懂了，也想起自己遇到过的事。,,We talked about the __________ today.,job,我们今天谈到了工作。,context,2026-09-v2,本地预制课堂素材；原创短句与场景模板,[],想象你也在这个场景里。用 job 说一句自己的话。
occupation,KET,2,职业,n.,人物与社会,We talked about the occupation today.,我们今天谈到了职业。,[],结合常用释义整体记忆。先听老师读，再用自己的生活场景解释。,0,,https://www.cambridgeenglish.org/images/506886-a2-key-2020-vocabulary-list.pdf,.ɒkju'peiʃәn,常用义教学修订；原词典见 ECDICT-LICENSE.txt,offline-materials,occupation,discussion,occupation · 单词里的小故事,小乐和朋友聊起今天的一件事。我们今天谈到了职业。小乐说：“We talked about the occupation today.”朋友听懂了，也想起自己遇到过的事。,,We talked about the __________ today.,occupation,我们今天谈到了职业。,context,2026-09-v2,本地预制课堂素材；原创短句与场景模板,[],想象你也在这个场景里。用 occupation 说一句自己的话。
staff,KET,1,全体员工,n.,人物与社会,We talked about the staff today.,我们今天谈到了全体员工。,[],结合常用释义整体记忆。先听老师读，再用自己的生活场景解释。,0,,https://www.cambridgeenglish.org/images/506886-a2-key-2020-vocabulary-list.pdf,stɑ:f,常用义教学修订；原词典见 ECDICT-LICENSE.txt,offline-materials,staff,discussion,staff · 单词里的小故事,小乐和朋友聊起今天的一件事。我们今天谈到了全体员工。小乐说：“We talked about the staff today.”朋友听懂了，也想起自己遇到过的事。,,We talked about the __________ today.,staff,我们今天谈到了全体员工。,context,2026-09-v2,本地预制课堂素材；原创短句与场景模板,[],想象你也在这个场景里。用 staff 说一句自己的话。
work,KET,1,工作；劳动；职业,n; v.,人物与社会,We talked about the work today.,我们今天谈到了工作。,[],结合常用释义整体记忆。先听老师读，再用自己的生活场景解释。,1,,https://www.cambridgeenglish.org/images/506886-a2-key-2020-vocabulary-list.pdf,wә:k,https://github.com/skywind3000/ECDICT,offline-materials,work,discussion,work · 单词里的小故事,小乐和朋友聊起今天的一件事。我们今天谈到了工作。小乐说：“We talked about the work today.”朋友听懂了，也想起自己遇到过的事。,,We talked about the __________ today.,work,我们今天谈到了工作。,context,2026-09-v2,本地预制课堂素材；原创短句与场景模板,[],想象你也在这个场景里。用 work 说一句自己的话。
actor,KET,2,演员,n.,人物与职业,The actor wears a funny hat.,那名演员戴着一顶有趣的帽子。,"[{""text"": ""act"", ""kind"": ""root"", ""meaning"": ""表演""}, {""text"": ""-or"", ""kind"": ""suffix"", ""meaning"": ""做某事的人"", ""story"": ""-or 的一条来路是法语，更早能追到拉丁语。它常把注意力从一个动作，转到做这个动作的人身上。看到这样的结尾，可以先问：这是谁在做什么？"", ""source"": ""https://www.merriam-webster.com/dictionary/-or""}]",act + -or 表示表演的人。这个词使用 -or，不是 -er。,0,,https://www.cambridgeenglish.org/images/506886-a2-key-2020-vocabulary-list.pdf,'æktә,原创课堂释义与例句,offline-materials,actor,authored,actor · 单词里的小故事,小乐和朋友交换今天的小发现。那名演员戴着一顶有趣的帽子。小乐说：“The actor wears a funny hat.”朋友听懂了，也想起自己遇到过的事。,,The __________ wears a funny hat.,actor,那名演员戴着一顶有趣的帽子。,context,2026-09-v2,本地预制课堂素材；原创短句与场景模板,"[{""en"": ""The actor plays a father in the film."", ""zh"": ""这位演员在电影里扮演一位父亲。""}]",想象你也在这个场景里。用 actor 说一句自己的话。
artist,KET,2,艺术家；画家,n.,人物与职业,The artist paints a blue sea.,画家画了一片蓝色的大海。,"[{""text"": ""art"", ""kind"": ""root"", ""meaning"": ""艺术""}, {""text"": ""-ist"", ""kind"": ""suffix"", ""meaning"": ""从事某种活动的人"", ""story"": ""-ist 经过法语和拉丁语，能追溯到古希腊语。它常出现在某种活动的参与者、乐器演奏者或专业人士的名字里。这个小小的结尾，好像在介绍一个人的本领。"", ""source"": ""https://www.merriam-webster.com/dictionary/-ist""}]",art + -ist 表示从事艺术的人。,0,,https://www.cambridgeenglish.org/images/506886-a2-key-2020-vocabulary-list.pdf,'ɑ:tist,原创课堂释义与例句,offline-materials,artist,authored,artist · 单词里的小故事,小乐和朋友交换今天的小发现。画家画了一片蓝色的大海。小乐说：“The artist paints a blue sea.”朋友听懂了，也想起自己遇到过的事。,,The __________ paints a blue sea.,artist,画家画了一片蓝色的大海。,context,2026-09-v2,本地预制课堂素材；原创短句与场景模板,"[{""en"": ""The artist draws a picture of our town."", ""zh"": ""这位艺术家画了一幅我们小镇的画。""}]",想象你也在这个场景里。用 artist 说一句自己的话。
beginner,KET,3,初学者,n.,人物与职业,This class is for a beginner.,这堂课适合初学者。,"[{""text"": ""begin"", ""kind"": ""root"", ""meaning"": ""开始""}, {""text"": ""-er"", ""kind"": ""suffix"", ""meaning"": ""做某事的人或物"", ""story"": ""表示做事者的 -er 有古英语 -ere 等历史来源。它常把动作变成做这个动作的人或工具。先找到动作，再问“谁来做”，就能串起一组词。比较级里的 -er 是另一种用法。"", ""source"": ""https://www.merriam-webster.com/dictionary/-er""}]",注意拼写：末尾辅音字母双写后再接 -er。,0,,https://www.cambridgeenglish.org/images/506886-a2-key-2020-vocabulary-list.pdf,bi'ginә,原创课堂释义与例句,offline-materials,beginner,authored,beginner · 单词里的小故事,小乐和朋友交换今天的小发现。这堂课适合初学者。小乐说：“This class is for a beginner.”朋友听懂了，也想起自己遇到过的事。,,This class is for a __________.,beginner,这堂课适合初学者。,context,2026-09-v2,本地预制课堂素材；原创短句与场景模板,[],想象你也在这个场景里。用 beginner 说一句自己的话。
customer,KET,3,顾客,n.,人物与职业,A customer wants a red jacket.,一位顾客想要一件红夹克。,[],结合例句与生活场景整体记忆，不按相同字母强行拆词。,0,,https://www.cambridgeenglish.org/images/506886-a2-key-2020-vocabulary-list.pdf,'kʌstәmә,原创课堂释义与例句,offline-materials,customer,authored,customer · 单词里的小故事,小乐和朋友交换今天的小发现。一位顾客想要一件红夹克。小乐说：“A customer wants a red jacket.”朋友听懂了，也想起自己遇到过的事。,,A __________ wants a red jacket.,customer,一位顾客想要一件红夹克。,context,2026-09-v2,本地预制课堂素材；原创短句与场景模板,[],想象你也在这个场景里。用 customer 说一句自己的话。
dancer,KET,2,舞蹈演员,n.,人物与职业,The dancer moves very quickly.,这名舞蹈演员动作很快。,"[{""text"": ""dance"", ""kind"": ""root"", ""meaning"": ""跳舞""}, {""text"": ""-er"", ""kind"": ""suffix"", ""meaning"": ""做某事的人或物"", ""story"": ""表示做事者的 -er 有古英语 -ere 等历史来源。它常把动作变成做这个动作的人或工具。先找到动作，再问“谁来做”，就能串起一组词。比较级里的 -er 是另一种用法。"", ""source"": ""https://www.merriam-webster.com/dictionary/-er""}]",词基以不发音的 e 结尾，接 -er 时先去掉 e，再加 -er。,0,,https://www.cambridgeenglish.org/images/506886-a2-key-2020-vocabulary-list.pdf,'dɑ:nsә,原创课堂释义与例句,offline-materials,dancer,authored,dancer · 单词里的小故事,小乐和朋友交换今天的小发现。这名舞蹈演员动作很快。小乐说：“The dancer moves very quickly.”朋友听懂了，也想起自己遇到过的事。,,The __________ moves very quickly.,dancer,这名舞蹈演员动作很快。,context,2026-09-v2,本地预制课堂素材；原创短句与场景模板,[],想象你也在这个场景里。用 dancer 说一句自己的话。
dentist,KET,3,牙医,n.,人物与职业,I visit the dentist on Monday.,我星期一去看牙医。,[],结合例句与生活场景整体记忆，不按相同字母强行拆词。,0,,https://www.cambridgeenglish.org/images/506886-a2-key-2020-vocabulary-list.pdf,'dentist,原创课堂释义与例句,offline-materials,dentist,authored,dentist · 单词里的小故事,小乐坐上大椅子，张开嘴。牙医用小镜子看了看每颗牙齿，告诉她怎样刷得更干净。她记住了这个帮助牙齿的人。这就是 dentist 留下的画面。,,I visit the __________ on Monday.,dentist,我星期一去看牙医。,context,2026-09-v2,本地预制课堂素材；原创短句与场景模板,"[{""en"": ""The dentist asks me to open my mouth."", ""zh"": ""牙医让我张开嘴。""}]",去看牙医时，你会听到哪些简单的提醒？
doctor,KET,2,医生,n.,人物与职业,The doctor listens carefully.,医生仔细地听着。,[],结合例句与生活场景整体记忆，不按相同字母强行拆词。,0,,https://www.cambridgeenglish.org/images/506886-a2-key-2020-vocabulary-list.pdf,'dɒktә,原创课堂释义与例句,offline-materials,doctor,authored,doctor · 单词里的小故事,小乐和朋友交换今天的小发现。医生仔细地听着。小乐说：“The doctor listens carefully.”朋友听懂了，也想起自己遇到过的事。,,The __________ listens carefully.,doctor,医生仔细地听着。,context,2026-09-v2,本地预制课堂素材；原创短句与场景模板,[],想象你也在这个场景里。用 doctor 说一句自己的话。
driver,KET,2,司机,n.,人物与职业,The driver stops near the school.,司机在学校附近停车。,"[{""text"": ""drive"", ""kind"": ""root"", ""meaning"": ""驾驶""}, {""text"": ""-er"", ""kind"": ""suffix"", ""meaning"": ""做某事的人或物"", ""story"": ""表示做事者的 -er 有古英语 -ere 等历史来源。它常把动作变成做这个动作的人或工具。先找到动作，再问“谁来做”，就能串起一组词。比较级里的 -er 是另一种用法。"", ""source"": ""https://www.merriam-webster.com/dictionary/-er""}]",词基以不发音的 e 结尾，接 -er 时先去掉 e，再加 -er。,0,,https://www.cambridgeenglish.org/images/506886-a2-key-2020-vocabulary-list.pdf,'draivә,原创课堂释义与例句,offline-materials,driver,authored,driver · 单词里的小故事,下雨了，校车慢慢停在路边。司机等孩子们坐好，才继续开车。小乐望着前方，想起这个词和“驾驶”之间的联系。这就是 driver 留下的画面。,,The __________ stops near the school.,driver,司机在学校附近停车。,context,2026-09-v2,本地预制课堂素材；原创短句与场景模板,"[{""en"": ""The driver stops near my school."", ""zh"": ""司机在我的学校附近停车。""}]",司机开车前需要注意什么？
engineer,KET,3,工程师,n.,人物与职业,My aunt is an engineer.,我的姑姑是一名工程师。,[],本课整体记忆。相同字母不等于相同词根；请结合例句回忆实际含义。,0,,https://www.cambridgeenglish.org/images/506886-a2-key-2020-vocabulary-list.pdf,.endʒi'niә,原创课堂释义与例句,offline-materials,engineer,authored,engineer · 单词里的小故事,小乐和朋友交换今天的小发现。我的姑姑是一名工程师。小乐说：“My aunt is an engineer.”朋友听懂了，也想起自己遇到过的事。,,My aunt is an __________.,engineer,我的姑姑是一名工程师。,context,2026-09-v2,本地预制课堂素材；原创短句与场景模板,[],想象你也在这个场景里。用 engineer 说一句自己的话。
farmer,KET,2,农民,n.,人物与职业,The farmer grows carrots.,这位农民种胡萝卜。,"[{""text"": ""farm"", ""kind"": ""root"", ""meaning"": ""耕作""}, {""text"": ""-er"", ""kind"": ""suffix"", ""meaning"": ""做某事的人或物"", ""story"": ""表示做事者的 -er 有古英语 -ere 等历史来源。它常把动作变成做这个动作的人或工具。先找到动作，再问“谁来做”，就能串起一组词。比较级里的 -er 是另一种用法。"", ""source"": ""https://www.merriam-webster.com/dictionary/-er""}]",动作词 + -er，表示做这件事的人；printer 在本课指执行打印动作的机器。,0,,https://www.cambridgeenglish.org/images/506886-a2-key-2020-vocabulary-list.pdf,'fɑ:mә,原创课堂释义与例句,offline-materials,farmer,authored,farmer · 单词里的小故事,小乐和朋友交换今天的小发现。这位农民种胡萝卜。小乐说：“The farmer grows carrots.”朋友听懂了，也想起自己遇到过的事。,,The __________ grows carrots.,farmer,这位农民种胡萝卜。,context,2026-09-v2,本地预制课堂素材；原创短句与场景模板,"[{""en"": ""The farmer gets up before the sun comes out."", ""zh"": ""这位农民在太阳出来前起床。""}]",想象你也在这个场景里。用 farmer 说一句自己的话。
manager,KET,3,经理,n.,人物与职业,The manager opens the shop.,经理打开商店的门。,"[{""text"": ""manage"", ""kind"": ""root"", ""meaning"": ""管理""}, {""text"": ""-er"", ""kind"": ""suffix"", ""meaning"": ""做某事的人或物"", ""story"": ""表示做事者的 -er 有古英语 -ere 等历史来源。它常把动作变成做这个动作的人或工具。先找到动作，再问“谁来做”，就能串起一组词。比较级里的 -er 是另一种用法。"", ""source"": ""https://www.merriam-webster.com/dictionary/-er""}]",这是词基与派生词的关系。拼写发生了变化，请把本课目标单词完整写对；构词成分不是原词的逐字切片。,0,,https://www.cambridgeenglish.org/images/506886-a2-key-2020-vocabulary-list.pdf,'mænidʒә,原创课堂释义与例句,offline-materials,manager,authored,manager · 单词里的小故事,小乐和朋友交换今天的小发现。经理打开商店的门。小乐说：“The manager opens the shop.”朋友听懂了，也想起自己遇到过的事。,,The __________ opens the shop.,manager,经理打开商店的门。,context,2026-09-v2,本地预制课堂素材；原创短句与场景模板,[],想象你也在这个场景里。用 manager 说一句自己的话。
mechanic,KET,3,机械修理工,n.,人物与职业,The mechanic repairs my bike.,修理工修理我的自行车。,[],结合例句与生活场景整体记忆，不按相同字母强行拆词。,0,,https://www.cambridgeenglish.org/images/506886-a2-key-2020-vocabulary-list.pdf,mi'kænik,原创课堂释义与例句,offline-materials,mechanic,authored,mechanic · 单词里的小故事,小乐和朋友交换今天的小发现。修理工修理我的自行车。小乐说：“The mechanic repairs my bike.”朋友听懂了，也想起自己遇到过的事。,,The __________ repairs my bike.,mechanic,修理工修理我的自行车。,context,2026-09-v2,本地预制课堂素材；原创短句与场景模板,[],想象你也在这个场景里。用 mechanic 说一句自己的话。
member,KET,2,成员,n.,人物与职业,I am a member of the chess club.,我是国际象棋俱乐部的成员。,[],结合例句与生活场景整体记忆，不按相同字母强行拆词。,0,,https://www.cambridgeenglish.org/images/506886-a2-key-2020-vocabulary-list.pdf,'membә,原创课堂释义与例句,offline-materials,member,authored,member · 单词里的小故事,小乐和朋友交换今天的小发现。我是国际象棋俱乐部的成员。小乐说：“I am a member of the chess club.”朋友听懂了，也想起自己遇到过的事。,,I am a __________ of the chess club.,member,我是国际象棋俱乐部的成员。,context,2026-09-v2,本地预制课堂素材；原创短句与场景模板,[],想象你也在这个场景里。用 member 说一句自己的话。
nurse,KET,2,护士,n.,人物与职业,The nurse brings me some water.,护士给我拿来一些水。,[],结合例句与生活场景整体记忆，不按相同字母强行拆词。,0,,https://www.cambridgeenglish.org/images/506886-a2-key-2020-vocabulary-list.pdf,nә:s,原创课堂释义与例句,offline-materials,nurse,authored,nurse · 单词里的小故事,小乐和朋友交换今天的小发现。护士给我拿来一些水。小乐说：“The nurse brings me some water.”朋友听懂了，也想起自己遇到过的事。,,The __________ brings me some water.,nurse,护士给我拿来一些水。,context,2026-09-v2,本地预制课堂素材；原创短句与场景模板,[],想象你也在这个场景里。用 nurse 说一句自己的话。
painter,KET,2,画家；油漆工,n.,人物与职业,The painter is painting our kitchen.,油漆工正在粉刷我们的厨房。,"[{""text"": ""paint"", ""kind"": ""root"", ""meaning"": ""画；涂漆""}, {""text"": ""-er"", ""kind"": ""suffix"", ""meaning"": ""做某事的人或物"", ""story"": ""表示做事者的 -er 有古英语 -ere 等历史来源。它常把动作变成做这个动作的人或工具。先找到动作，再问“谁来做”，就能串起一组词。比较级里的 -er 是另一种用法。"", ""source"": ""https://www.merriam-webster.com/dictionary/-er""}]",动作词 + -er，表示做这件事的人；printer 在本课指执行打印动作的机器。,0,,https://www.cambridgeenglish.org/images/506886-a2-key-2020-vocabulary-list.pdf,'peintә,原创课堂释义与例句,offline-materials,painter,authored,painter · 单词里的小故事,小乐和朋友交换今天的小发现。油漆工正在粉刷我们的厨房。小乐说：“The painter is painting our kitchen.”朋友听懂了，也想起自己遇到过的事。,,The __________ is painting our kitchen.,painter,油漆工正在粉刷我们的厨房。,context,2026-09-v2,本地预制课堂素材；原创短句与场景模板,"[{""en"": ""The painter uses red and blue."", ""zh"": ""这位画家使用红色和蓝色。""}]",想象你也在这个场景里。用 painter 说一句自己的话。
photographer,KET,3,摄影师,n.,人物与职业,The photographer takes a picture of us.,摄影师给我们拍了一张照片。,"[{""text"": ""photograph"", ""kind"": ""root"", ""meaning"": ""拍照""}, {""text"": ""-er"", ""kind"": ""suffix"", ""meaning"": ""做某事的人或物"", ""story"": ""表示做事者的 -er 有古英语 -ere 等历史来源。它常把动作变成做这个动作的人或工具。先找到动作，再问“谁来做”，就能串起一组词。比较级里的 -er 是另一种用法。"", ""source"": ""https://www.merriam-webster.com/dictionary/-er""}]",先理解词基，再看词缀如何改变含义或词性。,0,,https://www.cambridgeenglish.org/images/506886-a2-key-2020-vocabulary-list.pdf,fә'tɔ^rәfә,原创课堂释义与例句,offline-materials,photographer,authored,photographer · 单词里的小故事,小乐和朋友交换今天的小发现。摄影师给我们拍了一张照片。小乐说：“The photographer takes a picture of us.”朋友听懂了，也想起自己遇到过的事。,,The __________ takes a picture of us.,photographer,摄影师给我们拍了一张照片。,context,2026-09-v2,本地预制课堂素材；原创短句与场景模板,[],想象你也在这个场景里。用 photographer 说一句自己的话。
player,KET,2,运动员；游戏参与者,n.,人物与职业,Each player has a number.,每个运动员都有一个号码。,"[{""text"": ""play"", ""kind"": ""root"", ""meaning"": ""玩；参加运动""}, {""text"": ""-er"", ""kind"": ""suffix"", ""meaning"": ""做某事的人或物"", ""story"": ""表示做事者的 -er 有古英语 -ere 等历史来源。它常把动作变成做这个动作的人或工具。先找到动作，再问“谁来做”，就能串起一组词。比较级里的 -er 是另一种用法。"", ""source"": ""https://www.merriam-webster.com/dictionary/-er""}]",动作词 + -er，表示做这件事的人；printer 在本课指执行打印动作的机器。,0,,https://www.cambridgeenglish.org/images/506886-a2-key-2020-vocabulary-list.pdf,'pleiә,原创课堂释义与例句,offline-materials,player,authored,player · 单词里的小故事,小乐和朋友交换今天的小发现。每个运动员都有一个号码。小乐说：“Each player has a number.”朋友听懂了，也想起自己遇到过的事。,,Each __________ has a number.,player,每个运动员都有一个号码。,context,2026-09-v2,本地预制课堂素材；原创短句与场景模板,[],想象你也在这个场景里。用 player 说一句自己的话。
runner,KET,2,跑步者,n.,人物与职业,The runner drinks some water.,跑步者喝了些水。,"[{""text"": ""run"", ""kind"": ""root"", ""meaning"": ""跑""}, {""text"": ""-er"", ""kind"": ""suffix"", ""meaning"": ""做某事的人或物"", ""story"": ""表示做事者的 -er 有古英语 -ere 等历史来源。它常把动作变成做这个动作的人或工具。先找到动作，再问“谁来做”，就能串起一组词。比较级里的 -er 是另一种用法。"", ""source"": ""https://www.merriam-webster.com/dictionary/-er""}]",注意拼写：末尾辅音字母双写后再接 -er。,0,,https://www.cambridgeenglish.org/images/506886-a2-key-2020-vocabulary-list.pdf,'rʌnә,原创课堂释义与例句,offline-materials,runner,authored,runner · 单词里的小故事,小乐和朋友交换今天的小发现。跑步者喝了些水。小乐说：“The runner drinks some water.”朋友听懂了，也想起自己遇到过的事。,,The __________ drinks some water.,runner,跑步者喝了些水。,context,2026-09-v2,本地预制课堂素材；原创短句与场景模板,[],想象你也在这个场景里。用 runner 说一句自己的话。
singer,KET,2,歌手,n.,人物与职业,The singer comes from London.,这名歌手来自伦敦。,"[{""text"": ""sing"", ""kind"": ""root"", ""meaning"": ""唱""}, {""text"": ""-er"", ""kind"": ""suffix"", ""meaning"": ""做某事的人或物"", ""story"": ""表示做事者的 -er 有古英语 -ere 等历史来源。它常把动作变成做这个动作的人或工具。先找到动作，再问“谁来做”，就能串起一组词。比较级里的 -er 是另一种用法。"", ""source"": ""https://www.merriam-webster.com/dictionary/-er""}]",动作词 + -er，表示做这件事的人；printer 在本课指执行打印动作的机器。,0,,https://www.cambridgeenglish.org/images/506886-a2-key-2020-vocabulary-list.pdf,'siŋә,原创课堂释义与例句,offline-materials,singer,authored,singer · 单词里的小故事,小乐和朋友交换今天的小发现。这名歌手来自伦敦。小乐说：“The singer comes from London.”朋友听懂了，也想起自己遇到过的事。,,The __________ comes from London.,singer,这名歌手来自伦敦。,context,2026-09-v2,本地预制课堂素材；原创短句与场景模板,"[{""en"": ""Her sister is a singer."", ""zh"": ""她姐姐是一名歌手。""}]",想象你也在这个场景里。用 singer 说一句自己的话。
tourist,KET,3,游客,n.,人物与职业,The tourist takes a photo of the bridge.,游客给桥拍了一张照片。,"[{""text"": ""tour"", ""kind"": ""root"", ""meaning"": ""游览""}, {""text"": ""-ist"", ""kind"": ""suffix"", ""meaning"": ""从事某种活动的人"", ""story"": ""-ist 经过法语和拉丁语，能追溯到古希腊语。它常出现在某种活动的参与者、乐器演奏者或专业人士的名字里。这个小小的结尾，好像在介绍一个人的本领。"", ""source"": ""https://www.merriam-webster.com/dictionary/-ist""}]",先理解词基，再看词缀如何改变含义或词性。,0,,https://www.cambridgeenglish.org/images/506886-a2-key-2020-vocabulary-list.pdf,'tuәrist,原创课堂释义与例句,offline-materials,tourist,authored,tourist · 单词里的小故事,小乐和朋友交换今天的小发现。游客给桥拍了一张照片。小乐说：“The tourist takes a photo of the bridge.”朋友听懂了，也想起自己遇到过的事。,,The __________ takes a photo of the bridge.,tourist,游客给桥拍了一张照片。,context,2026-09-v2,本地预制课堂素材；原创短句与场景模板,"[{""en"": ""The tourist takes a photo of the old house."", ""zh"": ""这位游客给老房子拍了一张照片。""}]",想象你也在这个场景里。用 tourist 说一句自己的话。
visitor,KET,2,来访者；游客,n.,人物与职业,The visitor asks for a map.,游客想要一张地图。,"[{""text"": ""visit"", ""kind"": ""root"", ""meaning"": ""参观；拜访""}, {""text"": ""-or"", ""kind"": ""suffix"", ""meaning"": ""做某事的人"", ""story"": ""-or 的一条来路是法语，更早能追到拉丁语。它常把注意力从一个动作，转到做这个动作的人身上。看到这样的结尾，可以先问：这是谁在做什么？"", ""source"": ""https://www.merriam-webster.com/dictionary/-or""}]",先理解词基，再看词缀如何改变含义或词性。,0,,https://www.cambridgeenglish.org/images/506886-a2-key-2020-vocabulary-list.pdf,'vizitә,原创课堂释义与例句,offline-materials,visitor,authored,visitor · 单词里的小故事,小乐和朋友交换今天的小发现。游客想要一张地图。小乐说：“The visitor asks for a map.”朋友听懂了，也想起自己遇到过的事。,,The __________ asks for a map.,visitor,游客想要一张地图。,context,2026-09-v2,本地预制课堂素材；原创短句与场景模板,"[{""en"": ""The visitor asks where the bus stop is."", ""zh"": ""这位游客问公交车站在哪里。""}]",想象你也在这个场景里。用 visitor 说一句自己的话。
waiter,KET,2,服务员,n.,人物与职业,The waiter brings our lunch.,服务员端来了我们的午饭。,"[{""text"": ""wait"", ""kind"": ""root"", ""meaning"": ""等候；侍候""}, {""text"": ""-er"", ""kind"": ""suffix"", ""meaning"": ""做某事的人或物"", ""story"": ""表示做事者的 -er 有古英语 -ere 等历史来源。它常把动作变成做这个动作的人或工具。先找到动作，再问“谁来做”，就能串起一组词。比较级里的 -er 是另一种用法。"", ""source"": ""https://www.merriam-webster.com/dictionary/-er""}]",先理解词基，再看词缀如何改变含义或词性。,0,,https://www.cambridgeenglish.org/images/506886-a2-key-2020-vocabulary-list.pdf,'weitә,原创课堂释义与例句,offline-materials,waiter,authored,waiter · 单词里的小故事,小乐和朋友交换今天的小发现。服务员端来了我们的午饭。小乐说：“The waiter brings our lunch.”朋友听懂了，也想起自己遇到过的事。,,The __________ brings our lunch.,waiter,服务员端来了我们的午饭。,context,2026-09-v2,本地预制课堂素材；原创短句与场景模板,[],想象你也在这个场景里。用 waiter 说一句自己的话。
worker,KET,2,工人；工作者,n.,人物与职业,The worker repairs the door.,工人修理这扇门。,"[{""text"": ""work"", ""kind"": ""root"", ""meaning"": ""工作""}, {""text"": ""-er"", ""kind"": ""suffix"", ""meaning"": ""做某事的人或物"", ""story"": ""表示做事者的 -er 有古英语 -ere 等历史来源。它常把动作变成做这个动作的人或工具。先找到动作，再问“谁来做”，就能串起一组词。比较级里的 -er 是另一种用法。"", ""source"": ""https://www.merriam-webster.com/dictionary/-er""}]",动作词 + -er，表示做这件事的人；printer 在本课指执行打印动作的机器。,0,,https://www.cambridgeenglish.org/images/506886-a2-key-2020-vocabulary-list.pdf,'wә:kә,原创课堂释义与例句,offline-materials,worker,authored,worker · 单词里的小故事,小乐和朋友交换今天的小发现。工人修理这扇门。小乐说：“The worker repairs the door.”朋友听懂了，也想起自己遇到过的事。,,The __________ repairs the door.,worker,工人修理这扇门。,context,2026-09-v2,本地预制课堂素材；原创短句与场景模板,"[{""en"": ""The worker opens the shop at nine."", ""zh"": ""这名工作人员九点开店。""}]",想象你也在这个场景里。用 worker 说一句自己的话。
writer,KET,2,作家,n.,人物与职业,This writer tells wonderful stories.,这位作家讲述精彩的故事。,"[{""text"": ""write"", ""kind"": ""root"", ""meaning"": ""写""}, {""text"": ""-er"", ""kind"": ""suffix"", ""meaning"": ""做某事的人或物"", ""story"": ""表示做事者的 -er 有古英语 -ere 等历史来源。它常把动作变成做这个动作的人或工具。先找到动作，再问“谁来做”，就能串起一组词。比较级里的 -er 是另一种用法。"", ""source"": ""https://www.merriam-webster.com/dictionary/-er""}]",词基以不发音的 e 结尾，接 -er 时先去掉 e，再加 -er。,0,,https://www.cambridgeenglish.org/images/506886-a2-key-2020-vocabulary-list.pdf,'raitә,原创课堂释义与例句,offline-materials,writer,authored,writer · 单词里的小故事,小乐和朋友交换今天的小发现。这位作家讲述精彩的故事。小乐说：“This writer tells wonderful stories.”朋友听懂了，也想起自己遇到过的事。,,This __________ tells wonderful stories.,writer,这位作家讲述精彩的故事。,context,2026-09-v2,本地预制课堂素材；原创短句与场景模板,"[{""en"": ""The writer tells a story about a dog."", ""zh"": ""这位作家讲了一个关于狗的故事。""}]",想象你也在这个场景里。用 writer 说一句自己的话。
agree,KET,2,同意,v.,动作与表达,I agree with your idea.,我同意你的想法。,"[{""text"": ""agree"", ""kind"": ""root"", ""meaning"": ""同意""}]",这个词本身可以作为词基，与相关派生词联系起来理解。,0,,https://www.cambridgeenglish.org/images/506886-a2-key-2020-vocabulary-list.pdf,ә'gri:,原创课堂释义与例句,offline-materials,agree,authored,agree · 单词里的小故事,小乐和朋友交换今天的小发现。我同意你的想法。小乐说：“I agree with your idea.”朋友听懂了，也想起自己遇到过的事。,,I __________ with your idea.,agree,我同意你的想法。,context,2026-09-v2,本地预制课堂素材；原创短句与场景模板,[],想象你也在这个场景里。用 agree 说一句自己的话。
believe,KET,2,相信,v.,动作与表达,I believe you can do it.,我相信你能做到。,[],结合例句与生活场景整体记忆，不按相同字母强行拆词。,0,,https://www.cambridgeenglish.org/images/506886-a2-key-2020-vocabulary-list.pdf,bi'li:v,原创课堂释义与例句,offline-materials,believe,authored,believe · 单词里的小故事,小乐和朋友交换今天的小发现。我相信你能做到。小乐说：“I believe you can do it.”朋友听懂了，也想起自己遇到过的事。,,I __________ you can do it.,believe,我相信你能做到。,context,2026-09-v2,本地预制课堂素材；原创短句与场景模板,[],想象你也在这个场景里。用 believe 说一句自己的话。
borrow,KET,1,借入,v.,动作与表达,May I borrow your ruler?,我可以借你的尺子吗？,[],结合例句与生活场景整体记忆，不按相同字母强行拆词。,0,,https://www.cambridgeenglish.org/images/506886-a2-key-2020-vocabulary-list.pdf,'bɒrәu,原创课堂释义与例句,offline-materials,borrow,authored,borrow · 单词里的小故事,小乐和朋友交换今天的小发现。我可以借你的尺子吗？小乐说：“May I borrow your ruler?”朋友听懂了，也想起自己遇到过的事。,,May I __________ your ruler?,borrow,我可以借你的尺子吗？,context,2026-09-v2,本地预制课堂素材；原创短句与场景模板,[],想象你也在这个场景里。用 borrow 说一句自己的话。
bring,KET,1,带来,v.,动作与表达,Bring your favourite book tomorrow.,明天带来你最喜欢的书。,[],结合例句与生活场景整体记忆，不按相同字母强行拆词。,0,,https://www.cambridgeenglish.org/images/506886-a2-key-2020-vocabulary-list.pdf,briŋ,原创课堂释义与例句,offline-materials,bring,authored,bring · 单词里的小故事,小乐和朋友交换今天的小发现。明天带来你最喜欢的书。小乐说：“Bring your favourite book tomorrow.”朋友听懂了，也想起自己遇到过的事。,,__________ your favourite book tomorrow.,Bring,明天带来你最喜欢的书。,context,2026-09-v2,本地预制课堂素材；原创短句与场景模板,[],想象你也在这个场景里。用 bring 说一句自己的话。
build,KET,1,建造,v.,动作与表达,We build a bridge from paper.,我们用纸搭一座桥。,"[{""text"": ""build"", ""kind"": ""root"", ""meaning"": ""建造""}]",这个词本身可以作为词基，与相关派生词联系起来理解。,0,,https://www.cambridgeenglish.org/images/506886-a2-key-2020-vocabulary-list.pdf,bild,原创课堂释义与例句,offline-materials,build,authored,build · 单词里的小故事,小乐和朋友交换今天的小发现。我们用纸搭一座桥。小乐说：“We build a bridge from paper.”朋友听懂了，也想起自己遇到过的事。,,We __________ a bridge from paper.,build,我们用纸搭一座桥。,context,2026-09-v2,本地预制课堂素材；原创短句与场景模板,[],想象你也在这个场景里。用 build 说一句自己的话。
carry,KET,1,携带；搬运,v.,动作与表达,I can carry the small box.,我能搬这个小箱子。,[],结合例句与生活场景整体记忆，不按相同字母强行拆词。,0,,https://www.cambridgeenglish.org/images/506886-a2-key-2020-vocabulary-list.pdf,'kæri,原创课堂释义与例句,offline-materials,carry,authored,carry · 单词里的小故事,小乐和朋友交换今天的小发现。我能搬这个小箱子。小乐说：“I can carry the small box.”朋友听懂了，也想起自己遇到过的事。,,I can __________ the small box.,carry,我能搬这个小箱子。,context,2026-09-v2,本地预制课堂素材；原创短句与场景模板,[],想象你也在这个场景里。用 carry 说一句自己的话。
decide,KET,2,决定,v.,动作与表达,We decide to walk home.,我们决定走路回家。,[],结合例句与生活场景整体记忆，不按相同字母强行拆词。,0,,https://www.cambridgeenglish.org/images/506886-a2-key-2020-vocabulary-list.pdf,di'said,原创课堂释义与例句,offline-materials,decide,authored,decide · 单词里的小故事,小乐和朋友交换今天的小发现。我们决定走路回家。小乐说：“We decide to walk home.”朋友听懂了，也想起自己遇到过的事。,,We __________ to walk home.,decide,我们决定走路回家。,context,2026-09-v2,本地预制课堂素材；原创短句与场景模板,[],想象你也在这个场景里。用 decide 说一句自己的话。
describe,KET,3,描述,v.,动作与表达,Describe your favourite animal.,描述你最喜欢的动物。,[],结合例句与生活场景整体记忆，不按相同字母强行拆词。,0,,https://www.cambridgeenglish.org/images/506886-a2-key-2020-vocabulary-list.pdf,di'skraib,原创课堂释义与例句,offline-materials,describe,authored,describe · 单词里的小故事,小乐和朋友交换今天的小发现。描述你最喜欢的动物。小乐说：“Describe your favourite animal.”朋友听懂了，也想起自己遇到过的事。,,__________ your favourite animal.,Describe,描述你最喜欢的动物。,context,2026-09-v2,本地预制课堂素材；原创短句与场景模板,[],想象你也在这个场景里。用 describe 说一句自己的话。
discover,KET,3,发现,v.,动作与表达,We discover a small path.,我们发现了一条小路。,[],结合例句与生活场景整体记忆，不按相同字母强行拆词。,0,,https://www.cambridgeenglish.org/images/506886-a2-key-2020-vocabulary-list.pdf,dis'kʌvә,原创课堂释义与例句,offline-materials,discover,authored,discover · 单词里的小故事,小乐和朋友交换今天的小发现。我们发现了一条小路。小乐说：“We discover a small path.”朋友听懂了，也想起自己遇到过的事。,,We __________ a small path.,discover,我们发现了一条小路。,context,2026-09-v2,本地预制课堂素材；原创短句与场景模板,[],想象你也在这个场景里。用 discover 说一句自己的话。
enjoy,KET,1,喜欢；享受,v.,动作与表达,We enjoy walking in the park.,我们喜欢在公园散步。,"[{""text"": ""enjoy"", ""kind"": ""root"", ""meaning"": ""享受""}]",这个词本身可以作为词基，与相关派生词联系起来理解。,0,,https://www.cambridgeenglish.org/images/506886-a2-key-2020-vocabulary-list.pdf,in'dʒɒi,原创课堂释义与例句,offline-materials,enjoy,authored,enjoy · 单词里的小故事,小乐和朋友交换今天的小发现。我们喜欢在公园散步。小乐说：“We enjoy walking in the park.”朋友听懂了，也想起自己遇到过的事。,,We __________ walking in the park.,enjoy,我们喜欢在公园散步。,context,2026-09-v2,本地预制课堂素材；原创短句与场景模板,[],想象你也在这个场景里。用 enjoy 说一句自己的话。
finish,KET,1,完成,v.,动作与表达,Finish your picture before lunch.,午饭前完成你的画。,[],结合例句与生活场景整体记忆，不按相同字母强行拆词。,0,,https://www.cambridgeenglish.org/images/506886-a2-key-2020-vocabulary-list.pdf,'finiʃ,原创课堂释义与例句,offline-materials,finish,authored,finish · 单词里的小故事,小乐和朋友交换今天的小发现。午饭前完成你的画。小乐说：“Finish your picture before lunch.”朋友听懂了，也想起自己遇到过的事。,,__________ your picture before lunch.,Finish,午饭前完成你的画。,context,2026-09-v2,本地预制课堂素材；原创短句与场景模板,[],想象你也在这个场景里。用 finish 说一句自己的话。
happen,KET,2,发生,v.,动作与表达,What will happen next?,接下来会发生什么？,[],结合例句与生活场景整体记忆，不按相同字母强行拆词。,0,,https://www.cambridgeenglish.org/images/506886-a2-key-2020-vocabulary-list.pdf,'hæpәn,原创课堂释义与例句,offline-materials,happen,authored,happen · 单词里的小故事,小乐和朋友交换今天的小发现。接下来会发生什么？小乐说：“What will happen next?”朋友听懂了，也想起自己遇到过的事。,,What will __________ next?,happen,接下来会发生什么？,context,2026-09-v2,本地预制课堂素材；原创短句与场景模板,[],想象你也在这个场景里。用 happen 说一句自己的话。
hope,KET,2,希望,v.; n.,动作与表达,I hope you enjoy the book.,我希望你喜欢这本书。,"[{""text"": ""hope"", ""kind"": ""root"", ""meaning"": ""希望""}]",这个词本身可以作为词基，与相关派生词联系起来理解。,0,,https://www.cambridgeenglish.org/images/506886-a2-key-2020-vocabulary-list.pdf,hәup,原创课堂释义与例句,offline-materials,hope,authored,hope · 单词里的小故事,小乐和朋友交换今天的小发现。我希望你喜欢这本书。小乐说：“I hope you enjoy the book.”朋友听懂了，也想起自己遇到过的事。,,I __________ you enjoy the book.,hope,我希望你喜欢这本书。,context,2026-09-v2,本地预制课堂素材；原创短句与场景模板,[],想象你也在这个场景里。用 hope 说一句自己的话。
improve,KET,3,改进；提高,v.,动作与表达,Practice can improve your spelling.,练习能提高你的拼写能力。,"[{""text"": ""improve"", ""kind"": ""root"", ""meaning"": ""改善""}]",这个词本身可以作为词基，与相关派生词联系起来理解。,0,,https://www.cambridgeenglish.org/images/506886-a2-key-2020-vocabulary-list.pdf,im'pru:v,原创课堂释义与例句,offline-materials,improve,authored,improve · 单词里的小故事,小乐和朋友交换今天的小发现。练习能提高你的拼写能力。小乐说：“Practice can improve your spelling.”朋友听懂了，也想起自己遇到过的事。,,Practice can __________ your spelling.,improve,练习能提高你的拼写能力。,context,2026-09-v2,本地预制课堂素材；原创短句与场景模板,[],想象你也在这个场景里。用 improve 说一句自己的话。
lend,KET,1,借出,v.,动作与表达,Can you lend me a pencil?,你能借我一支铅笔吗？,[],结合例句与生活场景整体记忆，不按相同字母强行拆词。,0,,https://www.cambridgeenglish.org/images/506886-a2-key-2020-vocabulary-list.pdf,lend,原创课堂释义与例句,offline-materials,lend,authored,lend · 单词里的小故事,小乐和朋友交换今天的小发现。你能借我一支铅笔吗？小乐说：“Can you lend me a pencil?”朋友听懂了，也想起自己遇到过的事。,,Can you __________ me a pencil?,lend,你能借我一支铅笔吗？,context,2026-09-v2,本地预制课堂素材；原创短句与场景模板,[],想象你也在这个场景里。用 lend 说一句自己的话。
need,KET,1,需要,v.; n.,动作与表达,We need a bigger table.,我们需要一张更大的桌子。,[],结合例句与生活场景整体记忆，不按相同字母强行拆词。,0,,https://www.cambridgeenglish.org/images/506886-a2-key-2020-vocabulary-list.pdf,ni:d,原创课堂释义与例句,offline-materials,need,authored,need · 单词里的小故事,小乐和朋友交换今天的小发现。我们需要一张更大的桌子。小乐说：“We need a bigger table.”朋友听懂了，也想起自己遇到过的事。,,We __________ a bigger table.,need,我们需要一张更大的桌子。,context,2026-09-v2,本地预制课堂素材；原创短句与场景模板,[],想象你也在这个场景里。用 need 说一句自己的话。
offer,KET,2,提供；提议,v.; n.,动作与表达,Can I offer you some water?,我给你倒点水好吗？,[],结合例句与生活场景整体记忆，不按相同字母强行拆词。,0,,https://www.cambridgeenglish.org/images/506886-a2-key-2020-vocabulary-list.pdf,'ɒfә,原创课堂释义与例句,offline-materials,offer,authored,offer · 单词里的小故事,小乐和朋友交换今天的小发现。我给你倒点水好吗？小乐说：“Can I offer you some water?”朋友听懂了，也想起自己遇到过的事。,,Can I __________ you some water?,offer,我给你倒点水好吗？,context,2026-09-v2,本地预制课堂素材；原创短句与场景模板,[],想象你也在这个场景里。用 offer 说一句自己的话。
order,KET,2,点餐；订购,v.; n.,动作与表达,I order some soup for lunch.,我午饭点了一份汤。,[],结合例句与生活场景整体记忆，不按相同字母强行拆词。,0,,https://www.cambridgeenglish.org/images/506886-a2-key-2020-vocabulary-list.pdf,'ɒ:dә,原创课堂释义与例句,offline-materials,order,authored,order · 单词里的小故事,小乐和朋友交换今天的小发现。我午饭点了一份汤。小乐说：“I order some soup for lunch.”朋友听懂了，也想起自己遇到过的事。,,I __________ some soup for lunch.,order,我午饭点了一份汤。,context,2026-09-v2,本地预制课堂素材；原创短句与场景模板,[],想象你也在这个场景里。用 order 说一句自己的话。
prefer,KET,3,更喜欢,v.,动作与表达,I prefer tea to coffee.,比起咖啡我更喜欢茶。,[],结合例句与生活场景整体记忆，不按相同字母强行拆词。,0,,https://www.cambridgeenglish.org/images/506886-a2-key-2020-vocabulary-list.pdf,pri'fә:,原创课堂释义与例句,offline-materials,prefer,authored,prefer · 单词里的小故事,小乐和朋友交换今天的小发现。比起咖啡我更喜欢茶。小乐说：“I prefer tea to coffee.”朋友听懂了，也想起自己遇到过的事。,,I __________ tea to coffee.,prefer,比起咖啡我更喜欢茶。,context,2026-09-v2,本地预制课堂素材；原创短句与场景模板,[],想象你也在这个场景里。用 prefer 说一句自己的话。
prepare,KET,3,准备,v.,动作与表达,Let's prepare our lunch.,我们准备午饭吧。,"[{""text"": ""prepare"", ""kind"": ""root"", ""meaning"": ""准备""}]",这个词本身可以作为词基，与相关派生词联系起来理解。,0,,https://www.cambridgeenglish.org/images/506886-a2-key-2020-vocabulary-list.pdf,pri'pєә,原创课堂释义与例句,offline-materials,prepare,authored,prepare · 单词里的小故事,小乐和朋友交换今天的小发现。我们准备午饭吧。小乐说：“Let's prepare our lunch.”朋友听懂了，也想起自己遇到过的事。,,Let's __________ our lunch.,prepare,我们准备午饭吧。,context,2026-09-v2,本地预制课堂素材；原创短句与场景模板,[],想象你也在这个场景里。用 prepare 说一句自己的话。
receive,KET,3,收到,v.,动作与表达,I receive a letter from my cousin.,我收到了表哥的一封信。,[],结合例句与生活场景整体记忆，不按相同字母强行拆词。,0,,https://www.cambridgeenglish.org/images/506886-a2-key-2020-vocabulary-list.pdf,ri'si:v,原创课堂释义与例句,offline-materials,receive,authored,receive · 单词里的小故事,小乐和朋友交换今天的小发现。我收到了表哥的一封信。小乐说：“I receive a letter from my cousin.”朋友听懂了，也想起自己遇到过的事。,,I __________ a letter from my cousin.,receive,我收到了表哥的一封信。,context,2026-09-v2,本地预制课堂素材；原创短句与场景模板,[],想象你也在这个场景里。用 receive 说一句自己的话。
repeat,KET,3,重复,v.,动作与表达,Please repeat the last sentence.,请重复最后一句话。,[],结合例句与生活场景整体记忆，不按相同字母强行拆词。,0,,https://www.cambridgeenglish.org/images/506886-a2-key-2020-vocabulary-list.pdf,ri'pi:t,原创课堂释义与例句,offline-materials,repeat,authored,repeat · 单词里的小故事,小乐和朋友交换今天的小发现。请重复最后一句话。小乐说：“Please repeat the last sentence.”朋友听懂了，也想起自己遇到过的事。,,Please __________ the last sentence.,repeat,请重复最后一句话。,context,2026-09-v2,本地预制课堂素材；原创短句与场景模板,[],想象你也在这个场景里。用 repeat 说一句自己的话。
share,KET,1,分享,v.,动作与表达,Let's share these biscuits.,我们分享这些饼干吧。,[],结合例句与生活场景整体记忆，不按相同字母强行拆词。,0,,https://www.cambridgeenglish.org/images/506886-a2-key-2020-vocabulary-list.pdf,ʃєә,原创课堂释义与例句,offline-materials,share,authored,share · 单词里的小故事,小乐和朋友交换今天的小发现。我们分享这些饼干吧。小乐说：“Let's share these biscuits.”朋友听懂了，也想起自己遇到过的事。,,Let's __________ these biscuits.,share,我们分享这些饼干吧。,context,2026-09-v2,本地预制课堂素材；原创短句与场景模板,[],想象你也在这个场景里。用 share 说一句自己的话。
suggest,KET,3,建议,v.,动作与表达,I suggest a game after lunch.,我建议午饭后玩个游戏。,"[{""text"": ""suggest"", ""kind"": ""root"", ""meaning"": ""建议""}]",这个词本身可以作为词基，与相关派生词联系起来理解。,0,,https://www.cambridgeenglish.org/images/506886-a2-key-2020-vocabulary-list.pdf,sәg'dʒest,原创课堂释义与例句,offline-materials,suggest,authored,suggest · 单词里的小故事,小乐和朋友交换今天的小发现。我建议午饭后玩个游戏。小乐说：“I suggest a game after lunch.”朋友听懂了，也想起自己遇到过的事。,,I __________ a game after lunch.,suggest,我建议午饭后玩个游戏。,context,2026-09-v2,本地预制课堂素材；原创短句与场景模板,[],想象你也在这个场景里。用 suggest 说一句自己的话。
thank,KET,1,感谢,v.,动作与表达,I want to thank you for helping.,我想感谢你的帮助。,"[{""text"": ""thank"", ""kind"": ""root"", ""meaning"": ""感谢""}]",这个词本身可以作为词基，与相关派生词联系起来理解。,1,,https://www.cambridgeenglish.org/images/506886-a2-key-2020-vocabulary-list.pdf,θæŋk,原创课堂释义与例句,offline-materials,thank,authored,thank · 单词里的小故事,小乐和朋友交换今天的小发现。我想感谢你的帮助。小乐说：“I want to thank you for helping.”朋友听懂了，也想起自己遇到过的事。,,I want to __________ you for helping.,thank,我想感谢你的帮助。,context,2026-09-v2,本地预制课堂素材；原创短句与场景模板,[],想象你也在这个场景里。用 thank 说一句自己的话。
welcome,KET,1,欢迎；受欢迎的,v.; adj.,动作与表达,We welcome the new students.,我们欢迎新同学。,[],结合例句与生活场景整体记忆，不按相同字母强行拆词。,1,,https://www.cambridgeenglish.org/images/506886-a2-key-2020-vocabulary-list.pdf,'welkәm,原创课堂释义与例句,offline-materials,welcome,authored,welcome · 单词里的小故事,小乐和朋友交换今天的小发现。我们欢迎新同学。小乐说：“We welcome the new students.”朋友听懂了，也想起自己遇到过的事。,,We __________ the new students.,welcome,我们欢迎新同学。,context,2026-09-v2,本地预制课堂素材；原创短句与场景模板,[],想象你也在这个场景里。用 welcome 说一句自己的话。
animal,KET,1,动物,n.,动物世界,What animal would you like to see?,你想看什么动物？,[],结合例句与生活场景整体记忆，不按相同字母强行拆词。,0,,https://www.cambridgeenglish.org/images/506886-a2-key-2020-vocabulary-list.pdf,'ænimәl,原创课堂释义与例句,offline-materials,animal,authored,animal · 单词里的小故事,小乐和朋友交换今天的小发现。你想看什么动物？小乐说：“What animal would you like to see?”朋友听懂了，也想起自己遇到过的事。,,What __________ would you like to see?,animal,你想看什么动物？,context,2026-09-v2,本地预制课堂素材；原创短句与场景模板,[],想象你也在这个场景里。用 animal 说一句自己的话。
butterfly,KET,1,蝴蝶,n.,动物世界,A butterfly lands on a flower.,一只蝴蝶落在花上。,[],本课整体记忆。相同字母不等于相同词根；请结合例句回忆实际含义。,0,,https://www.cambridgeenglish.org/images/506886-a2-key-2020-vocabulary-list.pdf,'bʌtәflai,原创课堂释义与例句,offline-materials,butterfly,authored,butterfly · 单词里的小故事,小乐和朋友交换今天的小发现。一只蝴蝶落在花上。小乐说：“A butterfly lands on a flower.”朋友听懂了，也想起自己遇到过的事。,,A __________ lands on a flower.,butterfly,一只蝴蝶落在花上。,context,2026-09-v2,本地预制课堂素材；原创短句与场景模板,[],想象你也在这个场景里。用 butterfly 说一句自己的话。
dolphin,KET,1,海豚,n.,动物世界,A dolphin swims beside the boat.,一只海豚在船旁游泳。,[],结合例句与生活场景整体记忆，不按相同字母强行拆词。,0,,https://www.cambridgeenglish.org/images/506886-a2-key-2020-vocabulary-list.pdf,'dɒlfin,原创课堂释义与例句,offline-materials,dolphin,authored,dolphin · 单词里的小故事,小乐和朋友交换今天的小发现。一只海豚在船旁游泳。小乐说：“A dolphin swims beside the boat.”朋友听懂了，也想起自己遇到过的事。,,A __________ swims beside the boat.,dolphin,一只海豚在船旁游泳。,context,2026-09-v2,本地预制课堂素材；原创短句与场景模板,[],想象你也在这个场景里。用 dolphin 说一句自己的话。
elephant,KET,1,大象,n.,动物世界,The elephant has large ears.,大象有大耳朵。,[],结合例句与生活场景整体记忆，不按相同字母强行拆词。,0,,https://www.cambridgeenglish.org/images/506886-a2-key-2020-vocabulary-list.pdf,'elifәnt,原创课堂释义与例句,offline-materials,elephant,authored,elephant · 单词里的小故事,小乐和朋友交换今天的小发现。大象有大耳朵。小乐说：“The elephant has large ears.”朋友听懂了，也想起自己遇到过的事。,,The __________ has large ears.,elephant,大象有大耳朵。,context,2026-09-v2,本地预制课堂素材；原创短句与场景模板,[],想象你也在这个场景里。用 elephant 说一句自己的话。
giraffe,KET,1,长颈鹿,n.,动物世界,The giraffe eats leaves.,长颈鹿吃树叶。,[],结合例句与生活场景整体记忆，不按相同字母强行拆词。,0,,https://www.cambridgeenglish.org/images/506886-a2-key-2020-vocabulary-list.pdf,dʒi'rɑ:f,原创课堂释义与例句,offline-materials,giraffe,authored,giraffe · 单词里的小故事,小乐和朋友交换今天的小发现。长颈鹿吃树叶。小乐说：“The giraffe eats leaves.”朋友听懂了，也想起自己遇到过的事。,,The __________ eats leaves.,giraffe,长颈鹿吃树叶。,context,2026-09-v2,本地预制课堂素材；原创短句与场景模板,[],想象你也在这个场景里。用 giraffe 说一句自己的话。
horse,KET,1,马,n.,动物世界,The horse runs across the field.,马跑过田野。,[],结合例句与生活场景整体记忆，不按相同字母强行拆词。,0,,https://www.cambridgeenglish.org/images/506886-a2-key-2020-vocabulary-list.pdf,hɒ:s,原创课堂释义与例句,offline-materials,horse,authored,horse · 单词里的小故事,小乐和朋友交换今天的小发现。马跑过田野。小乐说：“The horse runs across the field.”朋友听懂了，也想起自己遇到过的事。,,The __________ runs across the field.,horse,马跑过田野。,context,2026-09-v2,本地预制课堂素材；原创短句与场景模板,[],想象你也在这个场景里。用 horse 说一句自己的话。
insect,KET,2,昆虫,n.,动物世界,This insect has six legs.,这只昆虫有六条腿。,[],结合例句与生活场景整体记忆，不按相同字母强行拆词。,0,,https://www.cambridgeenglish.org/images/506886-a2-key-2020-vocabulary-list.pdf,'insekt,原创课堂释义与例句,offline-materials,insect,authored,insect · 单词里的小故事,小乐和朋友交换今天的小发现。这只昆虫有六条腿。小乐说：“This insect has six legs.”朋友听懂了，也想起自己遇到过的事。,,This __________ has six legs.,insect,这只昆虫有六条腿。,context,2026-09-v2,本地预制课堂素材；原创短句与场景模板,[],想象你也在这个场景里。用 insect 说一句自己的话。
lion,KET,1,狮子,n.,动物世界,The lion is resting under a tree.,狮子在树下休息。,[],结合例句与生活场景整体记忆，不按相同字母强行拆词。,0,,https://www.cambridgeenglish.org/images/506886-a2-key-2020-vocabulary-list.pdf,'laiәn,原创课堂释义与例句,offline-materials,lion,authored,lion · 单词里的小故事,小乐和朋友交换今天的小发现。狮子在树下休息。小乐说：“The lion is resting under a tree.”朋友听懂了，也想起自己遇到过的事。,,The __________ is resting under a tree.,lion,狮子在树下休息。,context,2026-09-v2,本地预制课堂素材；原创短句与场景模板,[],想象你也在这个场景里。用 lion 说一句自己的话。
monkey,KET,1,猴子,n.,动物世界,The monkey climbs a tree.,猴子爬上了一棵树。,[],结合例句与生活场景整体记忆，不按相同字母强行拆词。,0,,https://www.cambridgeenglish.org/images/506886-a2-key-2020-vocabulary-list.pdf,'mʌŋki,原创课堂释义与例句,offline-materials,monkey,authored,monkey · 单词里的小故事,小乐和朋友交换今天的小发现。猴子爬上了一棵树。小乐说：“The monkey climbs a tree.”朋友听懂了，也想起自己遇到过的事。,,The __________ climbs a tree.,monkey,猴子爬上了一棵树。,context,2026-09-v2,本地预制课堂素材；原创短句与场景模板,[],想象你也在这个场景里。用 monkey 说一句自己的话。
mouse,KET,1,老鼠,n.,动物世界,A mouse runs behind the box.,一只老鼠跑到箱子后面。,[],结合例句与生活场景整体记忆，不按相同字母强行拆词。,0,,https://www.cambridgeenglish.org/images/506886-a2-key-2020-vocabulary-list.pdf,maus,原创课堂释义与例句,offline-materials,mouse,authored,mouse · 单词里的小故事,小乐和朋友交换今天的小发现。一只老鼠跑到箱子后面。小乐说：“A mouse runs behind the box.”朋友听懂了，也想起自己遇到过的事。,,A __________ runs behind the box.,mouse,一只老鼠跑到箱子后面。,context,2026-09-v2,本地预制课堂素材；原创短句与场景模板,[],想象你也在这个场景里。用 mouse 说一句自己的话。
parrot,KET,1,鹦鹉,n.,动物世界,The parrot can say my name.,这只鹦鹉会说我的名字。,[],结合例句与生活场景整体记忆，不按相同字母强行拆词。,0,,https://www.cambridgeenglish.org/images/506886-a2-key-2020-vocabulary-list.pdf,'pærәt,原创课堂释义与例句,offline-materials,parrot,authored,parrot · 单词里的小故事,小乐和朋友交换今天的小发现。这只鹦鹉会说我的名字。小乐说：“The parrot can say my name.”朋友听懂了，也想起自己遇到过的事。,,The __________ can say my name.,parrot,这只鹦鹉会说我的名字。,context,2026-09-v2,本地预制课堂素材；原创短句与场景模板,[],想象你也在这个场景里。用 parrot 说一句自己的话。
penguin,KET,1,企鹅,n.,动物世界,The penguin jumps into the water.,企鹅跳进水里。,[],结合例句与生活场景整体记忆，不按相同字母强行拆词。,0,,https://www.cambridgeenglish.org/images/506886-a2-key-2020-vocabulary-list.pdf,'pengwin,原创课堂释义与例句,offline-materials,penguin,authored,penguin · 单词里的小故事,小乐和朋友交换今天的小发现。企鹅跳进水里。小乐说：“The penguin jumps into the water.”朋友听懂了，也想起自己遇到过的事。,,The __________ jumps into the water.,penguin,企鹅跳进水里。,context,2026-09-v2,本地预制课堂素材；原创短句与场景模板,[],想象你也在这个场景里。用 penguin 说一句自己的话。
rabbit,KET,1,兔子,n.,动物世界,Our rabbit has long ears.,我们的兔子有长耳朵。,[],结合例句与生活场景整体记忆，不按相同字母强行拆词。,0,,https://www.cambridgeenglish.org/images/506886-a2-key-2020-vocabulary-list.pdf,'ræbit,原创课堂释义与例句,offline-materials,rabbit,authored,rabbit · 单词里的小故事,小乐和朋友交换今天的小发现。我们的兔子有长耳朵。小乐说：“Our rabbit has long ears.”朋友听懂了，也想起自己遇到过的事。,,Our __________ has long ears.,rabbit,我们的兔子有长耳朵。,context,2026-09-v2,本地预制课堂素材；原创短句与场景模板,[],想象你也在这个场景里。用 rabbit 说一句自己的话。
sheep,KET,1,绵羊,n.,动物世界,A sheep stands near the gate.,一只绵羊站在门边。,[],结合例句与生活场景整体记忆，不按相同字母强行拆词。,0,,https://www.cambridgeenglish.org/images/506886-a2-key-2020-vocabulary-list.pdf,ʃi:p,原创课堂释义与例句,offline-materials,sheep,authored,sheep · 单词里的小故事,小乐和朋友交换今天的小发现。一只绵羊站在门边。小乐说：“A sheep stands near the gate.”朋友听懂了，也想起自己遇到过的事。,,A __________ stands near the gate.,sheep,一只绵羊站在门边。,context,2026-09-v2,本地预制课堂素材；原创短句与场景模板,[],想象你也在这个场景里。用 sheep 说一句自己的话。
snake,KET,1,蛇,n.,动物世界,The snake moves through the grass.,蛇在草丛里移动。,[],结合例句与生活场景整体记忆，不按相同字母强行拆词。,0,,https://www.cambridgeenglish.org/images/506886-a2-key-2020-vocabulary-list.pdf,sneik,原创课堂释义与例句,offline-materials,snake,authored,snake · 单词里的小故事,小乐和朋友交换今天的小发现。蛇在草丛里移动。小乐说：“The snake moves through the grass.”朋友听懂了，也想起自己遇到过的事。,,The __________ moves through the grass.,snake,蛇在草丛里移动。,context,2026-09-v2,本地预制课堂素材；原创短句与场景模板,[],想象你也在这个场景里。用 snake 说一句自己的话。
spider,KET,1,蜘蛛,n.,动物世界,A spider is behind the chair.,一只蜘蛛在椅子后面。,[],结合例句与生活场景整体记忆，不按相同字母强行拆词。,0,,https://www.cambridgeenglish.org/images/506886-a2-key-2020-vocabulary-list.pdf,'spaidә,原创课堂释义与例句,offline-materials,spider,authored,spider · 单词里的小故事,小乐和朋友交换今天的小发现。一只蜘蛛在椅子后面。小乐说：“A spider is behind the chair.”朋友听懂了，也想起自己遇到过的事。,,A __________ is behind the chair.,spider,一只蜘蛛在椅子后面。,context,2026-09-v2,本地预制课堂素材；原创短句与场景模板,[],想象你也在这个场景里。用 spider 说一句自己的话。
tiger,KET,1,老虎,n.,动物世界,The tiger has orange and black stripes.,老虎有橙黑相间的条纹。,[],结合例句与生活场景整体记忆，不按相同字母强行拆词。,0,,https://www.cambridgeenglish.org/images/506886-a2-key-2020-vocabulary-list.pdf,'taigә,原创课堂释义与例句,offline-materials,tiger,authored,tiger · 单词里的小故事,小乐和朋友交换今天的小发现。老虎有橙黑相间的条纹。小乐说：“The tiger has orange and black stripes.”朋友听懂了，也想起自己遇到过的事。,,The __________ has orange and black stripes.,tiger,老虎有橙黑相间的条纹。,context,2026-09-v2,本地预制课堂素材；原创短句与场景模板,[],想象你也在这个场景里。用 tiger 说一句自己的话。
whale,KET,1,鲸,n.,动物世界,We see a whale in the sea.,我们在海里看见一条鲸。,[],结合例句与生活场景整体记忆，不按相同字母强行拆词。,0,,https://www.cambridgeenglish.org/images/506886-a2-key-2020-vocabulary-list.pdf,hweil,原创课堂释义与例句,offline-materials,whale,authored,whale · 单词里的小故事,小乐和朋友交换今天的小发现。我们在海里看见一条鲸。小乐说：“We see a whale in the sea.”朋友听懂了，也想起自己遇到过的事。,,We see a __________ in the sea.,whale,我们在海里看见一条鲸。,context,2026-09-v2,本地预制课堂素材；原创短句与场景模板,[],想象你也在这个场景里。用 whale 说一句自己的话。
airport,KET,2,机场,n.,城市与旅行,We arrive at the airport early.,我们早早到达机场。,"[{""text"": ""air"", ""kind"": ""compound"", ""meaning"": ""空中""}, {""text"": ""port"", ""kind"": ""compound"", ""meaning"": ""港；运输枢纽""}]",这是现代英语中可以辨认的合成成分。把两个意思连起来理解，再用例句确认完整词义。,0,,https://www.cambridgeenglish.org/images/506886-a2-key-2020-vocabulary-list.pdf,'єәpɒ:t,原创课堂释义与例句,offline-materials,airport,authored,airport · 单词里的小故事,小乐和朋友交换今天的小发现。我们早早到达机场。小乐说：“We arrive at the airport early.”朋友听懂了，也想起自己遇到过的事。,,We arrive at the __________ early.,airport,我们早早到达机场。,context,2026-09-v2,本地预制课堂素材；原创短句与场景模板,[],想象你也在这个场景里。用 airport 说一句自己的话。
arrive,KET,1,到达,v.,城市与旅行,We arrive before sunset.,我们在日落前到达。,[],结合例句与生活场景整体记忆，不按相同字母强行拆词。,0,,https://www.cambridgeenglish.org/images/506886-a2-key-2020-vocabulary-list.pdf,ә'raiv,原创课堂释义与例句,offline-materials,arrive,authored,arrive · 单词里的小故事,小乐和朋友交换今天的小发现。我们在日落前到达。小乐说：“We arrive before sunset.”朋友听懂了，也想起自己遇到过的事。,,We __________ before sunset.,arrive,我们在日落前到达。,context,2026-09-v2,本地预制课堂素材；原创短句与场景模板,[],想象你也在这个场景里。用 arrive 说一句自己的话。
bookshop,KET,2,书店,n.,城市与旅行,The bookshop sells story books.,这家书店卖故事书。,"[{""text"": ""book"", ""kind"": ""compound"", ""meaning"": ""书""}, {""text"": ""shop"", ""kind"": ""compound"", ""meaning"": ""商店""}]",这是现代英语中可以辨认的合成成分。把两个意思连起来理解，再用例句确认完整词义。,0,bookstore,https://www.cambridgeenglish.org/images/506886-a2-key-2020-vocabulary-list.pdf,'bukʃɒp,原创课堂释义与例句,offline-materials,bookshop,authored,bookshop · 单词里的小故事,小乐和朋友交换今天的小发现。这家书店卖故事书。小乐说：“The bookshop sells story books.”朋友听懂了，也想起自己遇到过的事。,,The __________ sells story books.,bookshop,这家书店卖故事书。,context,2026-09-v2,本地预制课堂素材；原创短句与场景模板,"[{""en"": ""There is a small bookshop near our school."", ""zh"": ""我们学校附近有一家小书店。""}]",想象你也在这个场景里。用 bookshop 说一句自己的话。
bridge,KET,1,桥,n.,城市与旅行,We walk across the bridge.,我们走过这座桥。,[],结合例句与生活场景整体记忆，不按相同字母强行拆词。,0,,https://www.cambridgeenglish.org/images/506886-a2-key-2020-vocabulary-list.pdf,bridʒ,原创课堂释义与例句,offline-materials,bridge,authored,bridge · 单词里的小故事,小乐和朋友交换今天的小发现。我们走过这座桥。小乐说：“We walk across the bridge.”朋友听懂了，也想起自己遇到过的事。,,We walk across the __________.,bridge,我们走过这座桥。,context,2026-09-v2,本地预制课堂素材；原创短句与场景模板,[],想象你也在这个场景里。用 bridge 说一句自己的话。
capital,KET,3,首都；大写字母,n.,城市与旅行,Beijing is the capital of China.,北京是中国的首都。,[],结合例句与生活场景整体记忆，不按相同字母强行拆词。,0,,https://www.cambridgeenglish.org/images/506886-a2-key-2020-vocabulary-list.pdf,'kæpitәl,常用义教学修订；原词典见 ECDICT-LICENSE.txt,offline-materials,capital,authored,capital · 单词里的小故事,小乐和朋友交换今天的小发现。北京是中国的首都。小乐说：“Beijing is the capital of China.”朋友听懂了，也想起自己遇到过的事。,,Beijing is the __________ of China.,capital,北京是中国的首都。,context,2026-09-v2,本地预制课堂素材；原创短句与场景模板,[],想象你也在这个场景里。用 capital 说一句自己的话。
castle,KET,2,城堡,n.,城市与旅行,The castle stands on a hill.,城堡坐落在小山上。,[],结合例句与生活场景整体记忆，不按相同字母强行拆词。,0,,https://www.cambridgeenglish.org/images/506886-a2-key-2020-vocabulary-list.pdf,'kæsl. 'kɑ:sl,原创课堂释义与例句,offline-materials,castle,authored,castle · 单词里的小故事,小乐和朋友交换今天的小发现。城堡坐落在小山上。小乐说：“The castle stands on a hill.”朋友听懂了，也想起自己遇到过的事。,,The __________ stands on a hill.,castle,城堡坐落在小山上。,context,2026-09-v2,本地预制课堂素材；原创短句与场景模板,[],想象你也在这个场景里。用 castle 说一句自己的话。
cinema,KET,1,电影院,n.,城市与旅行,We meet outside the cinema.,我们在电影院外见面。,[],结合例句与生活场景整体记忆，不按相同字母强行拆词。,0,,https://www.cambridgeenglish.org/images/506886-a2-key-2020-vocabulary-list.pdf,'sinәmә,原创课堂释义与例句,offline-materials,cinema,authored,cinema · 单词里的小故事,小乐和朋友交换今天的小发现。我们在电影院外见面。小乐说：“We meet outside the cinema.”朋友听懂了，也想起自己遇到过的事。,,We meet outside the __________.,cinema,我们在电影院外见面。,context,2026-09-v2,本地预制课堂素材；原创短句与场景模板,[],想象你也在这个场景里。用 cinema 说一句自己的话。
corner,KET,2,角；拐角,n.,城市与旅行,The shop is on the corner.,商店在拐角处。,[],结合例句与生活场景整体记忆，不按相同字母强行拆词。,0,,https://www.cambridgeenglish.org/images/506886-a2-key-2020-vocabulary-list.pdf,'kɒ:nә,原创课堂释义与例句,offline-materials,corner,authored,corner · 单词里的小故事,小乐和朋友交换今天的小发现。商店在拐角处。小乐说：“The shop is on the corner.”朋友听懂了，也想起自己遇到过的事。,,The shop is on the __________.,corner,商店在拐角处。,context,2026-09-v2,本地预制课堂素材；原创短句与场景模板,[],想象你也在这个场景里。用 corner 说一句自己的话。
holiday,KET,1,假期,n.,城市与旅行,We spend our holiday by the sea.,我们在海边度假。,[],结合例句与生活场景整体记忆，不按相同字母强行拆词。,0,,https://www.cambridgeenglish.org/images/506886-a2-key-2020-vocabulary-list.pdf,'hɒlәdi,原创课堂释义与例句,offline-materials,holiday,authored,holiday · 单词里的小故事,小乐和朋友交换今天的小发现。我们在海边度假。小乐说：“We spend our holiday by the sea.”朋友听懂了，也想起自己遇到过的事。,,We spend our __________ by the sea.,holiday,我们在海边度假。,context,2026-09-v2,本地预制课堂素材；原创短句与场景模板,[],想象你也在这个场景里。用 holiday 说一句自己的话。
hotel,KET,1,酒店,n.,城市与旅行,Our hotel is near the beach.,我们的酒店在海滩附近。,[],结合例句与生活场景整体记忆，不按相同字母强行拆词。,0,,https://www.cambridgeenglish.org/images/506886-a2-key-2020-vocabulary-list.pdf,hәu'tel,原创课堂释义与例句,offline-materials,hotel,authored,hotel · 单词里的小故事,小乐和朋友交换今天的小发现。我们的酒店在海滩附近。小乐说：“Our hotel is near the beach.”朋友听懂了，也想起自己遇到过的事。,,Our __________ is near the beach.,hotel,我们的酒店在海滩附近。,context,2026-09-v2,本地预制课堂素材；原创短句与场景模板,[],想象你也在这个场景里。用 hotel 说一句自己的话。
journey,KET,3,旅程,n.,城市与旅行,The journey takes two hours.,旅程需要两个小时。,[],结合例句与生活场景整体记忆，不按相同字母强行拆词。,0,,https://www.cambridgeenglish.org/images/506886-a2-key-2020-vocabulary-list.pdf,'dʒә:ni,原创课堂释义与例句,offline-materials,journey,authored,journey · 单词里的小故事,小乐和朋友交换今天的小发现。旅程需要两个小时。小乐说：“The journey takes two hours.”朋友听懂了，也想起自己遇到过的事。,,The __________ takes two hours.,journey,旅程需要两个小时。,context,2026-09-v2,本地预制课堂素材；原创短句与场景模板,[],想象你也在这个场景里。用 journey 说一句自己的话。
leave,KET,1,离开,v.,城市与旅行,We leave home at eight.,我们八点离开家。,[],结合例句与生活场景整体记忆，不按相同字母强行拆词。,0,,https://www.cambridgeenglish.org/images/506886-a2-key-2020-vocabulary-list.pdf,li:v,原创课堂释义与例句,offline-materials,leave,authored,leave · 单词里的小故事,小乐和朋友交换今天的小发现。我们八点离开家。小乐说：“We leave home at eight.”朋友听懂了，也想起自己遇到过的事。,,We __________ home at eight.,leave,我们八点离开家。,context,2026-09-v2,本地预制课堂素材；原创短句与场景模板,[],想象你也在这个场景里。用 leave 说一句自己的话。
luggage,KET,3,行李,n.,城市与旅行,Our luggage is on the bus.,我们的行李在公共汽车上。,[],结合例句与生活场景整体记忆，不按相同字母强行拆词。,0,,https://www.cambridgeenglish.org/images/506886-a2-key-2020-vocabulary-list.pdf,'lʌgidʒ,原创课堂释义与例句,offline-materials,luggage,authored,luggage · 单词里的小故事,小乐和朋友交换今天的小发现。我们的行李在公共汽车上。小乐说：“Our luggage is on the bus.”朋友听懂了，也想起自己遇到过的事。,,Our __________ is on the bus.,luggage,我们的行李在公共汽车上。,context,2026-09-v2,本地预制课堂素材；原创短句与场景模板,[],想象你也在这个场景里。用 luggage 说一句自己的话。
museum,KET,2,博物馆,n.,城市与旅行,We see old toys in the museum.,我们在博物馆看到了旧玩具。,[],结合例句与生活场景整体记忆，不按相同字母强行拆词。,0,,https://www.cambridgeenglish.org/images/506886-a2-key-2020-vocabulary-list.pdf,mju:'ziәm,原创课堂释义与例句,offline-materials,museum,authored,museum · 单词里的小故事,小乐和朋友交换今天的小发现。我们在博物馆看到了旧玩具。小乐说：“We see old toys in the museum.”朋友听懂了，也想起自己遇到过的事。,,We see old toys in the __________.,museum,我们在博物馆看到了旧玩具。,context,2026-09-v2,本地预制课堂素材；原创短句与场景模板,[],想象你也在这个场景里。用 museum 说一句自己的话。
opposite,KET,3,在对面；对面的,prep.; adj.,城市与旅行,The bank is opposite the school.,银行在学校对面。,[],结合例句与生活场景整体记忆，不按相同字母强行拆词。,0,,https://www.cambridgeenglish.org/images/506886-a2-key-2020-vocabulary-list.pdf,'ɒpәzit,原创课堂释义与例句,offline-materials,opposite,authored,opposite · 单词里的小故事,小乐和朋友交换今天的小发现。银行在学校对面。小乐说：“The bank is opposite the school.”朋友听懂了，也想起自己遇到过的事。,,The bank is __________ the school.,opposite,银行在学校对面。,context,2026-09-v2,本地预制课堂素材；原创短句与场景模板,[],想象你也在这个场景里。用 opposite 说一句自己的话。
passenger,KET,3,乘客,n.,城市与旅行,Each passenger needs a ticket.,每位乘客都需要一张票。,[],结合例句与生活场景整体记忆，不按相同字母强行拆词。,0,,https://www.cambridgeenglish.org/images/506886-a2-key-2020-vocabulary-list.pdf,'pæsindʒә,原创课堂释义与例句,offline-materials,passenger,authored,passenger · 单词里的小故事,小乐和朋友交换今天的小发现。每位乘客都需要一张票。小乐说：“Each passenger needs a ticket.”朋友听懂了，也想起自己遇到过的事。,,Each __________ needs a ticket.,passenger,每位乘客都需要一张票。,context,2026-09-v2,本地预制课堂素材；原创短句与场景模板,[],想象你也在这个场景里。用 passenger 说一句自己的话。
passport,KET,3,护照,n.,城市与旅行,Check your passport before the trip.,旅行前检查你的护照。,[],结合例句与生活场景整体记忆，不按相同字母强行拆词。,0,,https://www.cambridgeenglish.org/images/506886-a2-key-2020-vocabulary-list.pdf,'pæspɒ:t,原创课堂释义与例句,offline-materials,passport,authored,passport · 单词里的小故事,小乐和朋友交换今天的小发现。旅行前检查你的护照。小乐说：“Check your passport before the trip.”朋友听懂了，也想起自己遇到过的事。,,Check your __________ before the trip.,passport,旅行前检查你的护照。,context,2026-09-v2,本地预制课堂素材；原创短句与场景模板,[],想象你也在这个场景里。用 passport 说一句自己的话。
platform,KET,3,站台,n.,城市与旅行,Our train leaves from this platform.,我们的火车从这个站台出发。,[],结合例句与生活场景整体记忆，不按相同字母强行拆词。,0,,https://www.cambridgeenglish.org/images/506886-a2-key-2020-vocabulary-list.pdf,'plætfɒ:m,原创课堂释义与例句,offline-materials,platform,authored,platform · 单词里的小故事,小乐和朋友交换今天的小发现。我们的火车从这个站台出发。小乐说：“Our train leaves from this platform.”朋友听懂了，也想起自己遇到过的事。,,Our train leaves from this __________.,platform,我们的火车从这个站台出发。,context,2026-09-v2,本地预制课堂素材；原创短句与场景模板,[],想象你也在这个场景里。用 platform 说一句自己的话。
post office,KET,2,邮局,n.,城市与旅行,The post office opens at nine.,邮局九点开门。,"[{""text"": ""post"", ""kind"": ""compound"", ""meaning"": ""邮政""}, {""text"": ""office"", ""kind"": ""compound"", ""meaning"": ""办公处""}]",这是现代英语中可以辨认的合成成分。把两个意思连起来理解，再用例句确认完整词义。,0,,https://www.cambridgeenglish.org/images/506886-a2-key-2020-vocabulary-list.pdf,,原创课堂释义与例句,offline-materials,post office,authored,post office · 单词里的小故事,小乐和朋友交换今天的小发现。邮局九点开门。小乐说：“The post office opens at nine.”朋友听懂了，也想起自己遇到过的事。,,The __________ opens at nine.,post office,邮局九点开门。,context,2026-09-v2,本地预制课堂素材；原创短句与场景模板,[],想象你也在这个场景里。用 post office 说一句自己的话。
postcard,KET,2,明信片,n.,城市与旅行,Send me a postcard from your trip.,旅行时给我寄张明信片。,"[{""text"": ""post"", ""kind"": ""compound"", ""meaning"": ""邮寄""}, {""text"": ""card"", ""kind"": ""compound"", ""meaning"": ""卡片""}]",这是现代英语中可以辨认的合成成分。把两个意思连起来理解，再用例句确认完整词义。,0,,https://www.cambridgeenglish.org/images/506886-a2-key-2020-vocabulary-list.pdf,'pәustkɑ:d,原创课堂释义与例句,offline-materials,postcard,authored,postcard · 单词里的小故事,小乐和朋友交换今天的小发现。旅行时给我寄张明信片。小乐说：“Send me a postcard from your trip.”朋友听懂了，也想起自己遇到过的事。,,Send me a __________ from your trip.,postcard,旅行时给我寄张明信片。,context,2026-09-v2,本地预制课堂素材；原创短句与场景模板,[],想象你也在这个场景里。用 postcard 说一句自己的话。
railway,KET,3,铁路,n.,城市与旅行,The railway goes through the town.,铁路穿过这座小镇。,"[{""text"": ""rail"", ""kind"": ""compound"", ""meaning"": ""铁轨""}, {""text"": ""way"", ""kind"": ""compound"", ""meaning"": ""路""}]",这是现代英语中可以辨认的合成成分。把两个意思连起来理解，再用例句确认完整词义。,0,,https://www.cambridgeenglish.org/images/506886-a2-key-2020-vocabulary-list.pdf,'reilwei,原创课堂释义与例句,offline-materials,railway,authored,railway · 单词里的小故事,小乐和朋友交换今天的小发现。铁路穿过这座小镇。小乐说：“The railway goes through the town.”朋友听懂了，也想起自己遇到过的事。,,The __________ goes through the town.,railway,铁路穿过这座小镇。,context,2026-09-v2,本地预制课堂素材；原创短句与场景模板,[],想象你也在这个场景里。用 railway 说一句自己的话。
restaurant,KET,1,餐馆,n.,城市与旅行,This restaurant serves great noodles.,这家餐馆的面条很好吃。,[],结合例句与生活场景整体记忆，不按相同字母强行拆词。,0,,https://www.cambridgeenglish.org/images/506886-a2-key-2020-vocabulary-list.pdf,'restәrɒŋ,原创课堂释义与例句,offline-materials,restaurant,authored,restaurant · 单词里的小故事,小乐和朋友交换今天的小发现。这家餐馆的面条很好吃。小乐说：“This restaurant serves great noodles.”朋友听懂了，也想起自己遇到过的事。,,This __________ serves great noodles.,restaurant,这家餐馆的面条很好吃。,context,2026-09-v2,本地预制课堂素材；原创短句与场景模板,[],想象你也在这个场景里。用 restaurant 说一句自己的话。
return,KET,1,返回；归还,v.,城市与旅行,Please return the book tomorrow.,请明天归还这本书。,[],结合例句与生活场景整体记忆，不按相同字母强行拆词。,0,,https://www.cambridgeenglish.org/images/506886-a2-key-2020-vocabulary-list.pdf,ri'tә:n,原创课堂释义与例句,offline-materials,return,authored,return · 单词里的小故事,小乐和朋友交换今天的小发现。请明天归还这本书。小乐说：“Please return the book tomorrow.”朋友听懂了，也想起自己遇到过的事。,,Please __________ the book tomorrow.,return,请明天归还这本书。,context,2026-09-v2,本地预制课堂素材；原创短句与场景模板,"[{""en"": ""I must return this book today."", ""zh"": ""今天我必须归还这本书。""}]",想象你也在这个场景里。用 return 说一句自己的话。
roundabout,KET,3,环岛,n.,城市与旅行,Turn left at the roundabout.,在环岛向左转。,[],结合例句与生活场景整体记忆，不按相同字母强行拆词。,0,,https://www.cambridgeenglish.org/images/506886-a2-key-2020-vocabulary-list.pdf,'raundә.baut,原创课堂释义与例句,offline-materials,roundabout,authored,roundabout · 单词里的小故事,小乐和朋友交换今天的小发现。在环岛向左转。小乐说：“Turn left at the roundabout.”朋友听懂了，也想起自己遇到过的事。,,Turn left at the __________.,roundabout,在环岛向左转。,context,2026-09-v2,本地预制课堂素材；原创短句与场景模板,[],想象你也在这个场景里。用 roundabout 说一句自己的话。
square,KET,2,广场,n.,城市与旅行,There is a market in the square.,广场上有一个集市。,[],结合例句与生活场景整体记忆，不按相同字母强行拆词。,0,,https://www.cambridgeenglish.org/images/506886-a2-key-2020-vocabulary-list.pdf,skwєә,原创课堂释义与例句,offline-materials,square,authored,square · 单词里的小故事,小乐和朋友交换今天的小发现。广场上有一个集市。小乐说：“There is a market in the square.”朋友听懂了，也想起自己遇到过的事。,,There is a market in the __________.,square,广场上有一个集市。,context,2026-09-v2,本地预制课堂素材；原创短句与场景模板,[],想象你也在这个场景里。用 square 说一句自己的话。
station,KET,2,车站,n.,城市与旅行,I wait at the station.,我在车站等。,[],结合例句与生活场景整体记忆，不按相同字母强行拆词。,0,,https://www.cambridgeenglish.org/images/506886-a2-key-2020-vocabulary-list.pdf,'steiʃәn,原创课堂释义与例句,offline-materials,station,authored,station · 单词里的小故事,小乐和朋友交换今天的小发现。我在车站等。小乐说：“I wait at the station.”朋友听懂了，也想起自己遇到过的事。,,I wait at the __________.,station,我在车站等。,context,2026-09-v2,本地预制课堂素材；原创短句与场景模板,[],想象你也在这个场景里。用 station 说一句自己的话。
straight,KET,2,直地；直的,adv.; adj.,城市与旅行,Walk straight to the end of the road.,沿着路一直走到尽头。,[],结合例句与生活场景整体记忆，不按相同字母强行拆词。,0,,https://www.cambridgeenglish.org/images/506886-a2-key-2020-vocabulary-list.pdf,streit,原创课堂释义与例句,offline-materials,straight,authored,straight · 单词里的小故事,小乐和朋友交换今天的小发现。沿着路一直走到尽头。小乐说：“Walk straight to the end of the road.”朋友听懂了，也想起自己遇到过的事。,,Walk __________ to the end of the road.,straight,沿着路一直走到尽头。,context,2026-09-v2,本地预制课堂素材；原创短句与场景模板,[],想象你也在这个场景里。用 straight 说一句自己的话。
suitcase,KET,3,手提箱；行李箱,n.,城市与旅行,My suitcase is quite heavy.,我的行李箱很重。,[],结合例句与生活场景整体记忆，不按相同字母强行拆词。,0,,https://www.cambridgeenglish.org/images/506886-a2-key-2020-vocabulary-list.pdf,'sju:tkeis,原创课堂释义与例句,offline-materials,suitcase,authored,suitcase · 单词里的小故事,小乐和朋友交换今天的小发现。我的行李箱很重。小乐说：“My suitcase is quite heavy.”朋友听懂了，也想起自己遇到过的事。,,My __________ is quite heavy.,suitcase,我的行李箱很重。,context,2026-09-v2,本地预制课堂素材；原创短句与场景模板,[],想象你也在这个场景里。用 suitcase 说一句自己的话。
supermarket,KET,1,超市,n.,城市与旅行,Mum buys milk at the supermarket.,妈妈在超市买牛奶。,[],结合例句与生活场景整体记忆，不按相同字母强行拆词。,0,,https://www.cambridgeenglish.org/images/506886-a2-key-2020-vocabulary-list.pdf,'sju:pәmɑ:kit,原创课堂释义与例句,offline-materials,supermarket,authored,supermarket · 单词里的小故事,小乐和朋友交换今天的小发现。妈妈在超市买牛奶。小乐说：“Mum buys milk at the supermarket.”朋友听懂了，也想起自己遇到过的事。,,Mum buys milk at the __________.,supermarket,妈妈在超市买牛奶。,context,2026-09-v2,本地预制课堂素材；原创短句与场景模板,[],想象你也在这个场景里。用 supermarket 说一句自己的话。
theatre,KET,2,剧院,n.,城市与旅行,The theatre is next to the park.,剧院在公园旁边。,[],结合例句与生活场景整体记忆，不按相同字母强行拆词。,0,theater,https://www.cambridgeenglish.org/images/506886-a2-key-2020-vocabulary-list.pdf,,原创课堂释义与例句,offline-materials,theatre,authored,theatre · 单词里的小故事,小乐和朋友交换今天的小发现。剧院在公园旁边。小乐说：“The theatre is next to the park.”朋友听懂了，也想起自己遇到过的事。,,The __________ is next to the park.,theatre,剧院在公园旁边。,context,2026-09-v2,本地预制课堂素材；原创短句与场景模板,[],想象你也在这个场景里。用 theatre 说一句自己的话。
ticket,KET,1,票,n.,城市与旅行,Keep your ticket in your pocket.,把票放在口袋里。,[],结合例句与生活场景整体记忆，不按相同字母强行拆词。,0,,https://www.cambridgeenglish.org/images/506886-a2-key-2020-vocabulary-list.pdf,'tikit,原创课堂释义与例句,offline-materials,ticket,authored,ticket · 单词里的小故事,小乐和朋友交换今天的小发现。把票放在口袋里。小乐说：“Keep your ticket in your pocket.”朋友听懂了，也想起自己遇到过的事。,,Keep your __________ in your pocket.,ticket,把票放在口袋里。,context,2026-09-v2,本地预制课堂素材；原创短句与场景模板,[],想象你也在这个场景里。用 ticket 说一句自己的话。
traffic,KET,3,交通；车辆,n.,城市与旅行,There is a lot of traffic today.,今天路上车很多。,[],结合例句与生活场景整体记忆，不按相同字母强行拆词。,0,,https://www.cambridgeenglish.org/images/506886-a2-key-2020-vocabulary-list.pdf,'træfik,原创课堂释义与例句,offline-materials,traffic,authored,traffic · 单词里的小故事,小乐和朋友交换今天的小发现。今天路上车很多。小乐说：“There is a lot of traffic today.”朋友听懂了，也想起自己遇到过的事。,,There is a lot of __________ today.,traffic,今天路上车很多。,context,2026-09-v2,本地预制课堂素材；原创短句与场景模板,[],想象你也在这个场景里。用 traffic 说一句自己的话。
travel,KET,2,旅行,v.,城市与旅行,We travel by train.,我们坐火车旅行。,"[{""text"": ""travel"", ""kind"": ""root"", ""meaning"": ""旅行""}]",这个词本身可以作为词基，与相关派生词联系起来理解。,0,,https://www.cambridgeenglish.org/images/506886-a2-key-2020-vocabulary-list.pdf,'trævl,原创课堂释义与例句,offline-materials,travel,authored,travel · 单词里的小故事,小乐和朋友交换今天的小发现。我们坐火车旅行。小乐说：“We travel by train.”朋友听懂了，也想起自己遇到过的事。,,We __________ by train.,travel,我们坐火车旅行。,context,2026-09-v2,本地预制课堂素材；原创短句与场景模板,[],想象你也在这个场景里。用 travel 说一句自己的话。
village,KET,1,村庄,n.,城市与旅行,My cousin lives in a small village.,我的表哥住在一个小村庄。,[],结合例句与生活场景整体记忆，不按相同字母强行拆词。,0,,https://www.cambridgeenglish.org/images/506886-a2-key-2020-vocabulary-list.pdf,'vilidʒ,原创课堂释义与例句,offline-materials,village,authored,village · 单词里的小故事,小乐和朋友交换今天的小发现。我的表哥住在一个小村庄。小乐说：“My cousin lives in a small village.”朋友听懂了，也想起自己遇到过的事。,,My cousin lives in a small __________.,village,我的表哥住在一个小村庄。,context,2026-09-v2,本地预制课堂素材；原创短句与场景模板,[],想象你也在这个场景里。用 village 说一句自己的话。
a,KET,1,一个；一件,det.,基础常见词（默认过滤）,I can see a cat.,我能看到一只猫。,[],结合例句与生活场景整体记忆，不按相同字母强行拆词。,1,,https://www.cambridgeenglish.org/images/506886-a2-key-2020-vocabulary-list.pdf,ei,原创课堂释义与例句,offline-materials,a,authored,a · 单词里的小故事,小乐和朋友交换今天的小发现。我能看到一只猫。小乐说：“I can see a cat.”朋友听懂了，也想起自己遇到过的事。,,I can see __________ cat.,a,我能看到一只猫。,context,2026-09-v2,本地预制课堂素材；原创短句与场景模板,[],想象你也在这个场景里。用 a 说一句自己的话。
an,KET,1,一个（用于元音音素前）,det.,基础常见词（默认过滤）,I have an apple.,我有一个苹果。,[],结合例句与生活场景整体记忆，不按相同字母强行拆词。,1,,https://www.cambridgeenglish.org/images/506886-a2-key-2020-vocabulary-list.pdf,æn,原创课堂释义与例句,offline-materials,an,authored,an · 单词里的小故事,小乐和朋友交换今天的小发现。我有一个苹果。小乐说：“I have an apple.”朋友听懂了，也想起自己遇到过的事。,,I have __________ apple.,an,我有一个苹果。,context,2026-09-v2,本地预制课堂素材；原创短句与场景模板,[],想象你也在这个场景里。用 an 说一句自己的话。
big,KET,1,大的,adj.,基础常见词（默认过滤）,We have a big table.,我们有一张大桌子。,[],结合例句与生活场景整体记忆，不按相同字母强行拆词。,1,,https://www.cambridgeenglish.org/images/506886-a2-key-2020-vocabulary-list.pdf,big,原创课堂释义与例句,offline-materials,big,authored,big · 单词里的小故事,小乐和朋友交换今天的小发现。我们有一张大桌子。小乐说：“We have a big table.”朋友听懂了，也想起自己遇到过的事。,,We have a __________ table.,big,我们有一张大桌子。,context,2026-09-v2,本地预制课堂素材；原创短句与场景模板,[],想象你也在这个场景里。用 big 说一句自己的话。
come,KET,1,来,v.,基础常见词（默认过滤）,Come and sit with us.,过来和我们一起坐吧。,[],结合例句与生活场景整体记忆，不按相同字母强行拆词。,1,,https://www.cambridgeenglish.org/images/506886-a2-key-2020-vocabulary-list.pdf,kʌm,原创课堂释义与例句,offline-materials,come,authored,come · 单词里的小故事,小乐和朋友交换今天的小发现。过来和我们一起坐吧。小乐说：“Come and sit with us.”朋友听懂了，也想起自己遇到过的事。,,__________ and sit with us.,Come,过来和我们一起坐吧。,context,2026-09-v2,本地预制课堂素材；原创短句与场景模板,[],想象你也在这个场景里。用 come 说一句自己的话。
get,KET,1,得到；获得,v.,基础常见词（默认过滤）,I get a book for my birthday.,我生日时得到一本书。,[],结合例句与生活场景整体记忆，不按相同字母强行拆词。,1,,https://www.cambridgeenglish.org/images/506886-a2-key-2020-vocabulary-list.pdf,get,原创课堂释义与例句,offline-materials,get,authored,get · 单词里的小故事,小乐和朋友交换今天的小发现。我生日时得到一本书。小乐说：“I get a book for my birthday.”朋友听懂了，也想起自己遇到过的事。,,I __________ a book for my birthday.,get,我生日时得到一本书。,context,2026-09-v2,本地预制课堂素材；原创短句与场景模板,[],想象你也在这个场景里。用 get 说一句自己的话。
go,KET,1,去,v.,基础常见词（默认过滤）,We go home at four.,我们四点回家。,[],结合例句与生活场景整体记忆，不按相同字母强行拆词。,1,,https://www.cambridgeenglish.org/images/506886-a2-key-2020-vocabulary-list.pdf,gou,原创课堂释义与例句,offline-materials,go,authored,go · 单词里的小故事,小乐和朋友交换今天的小发现。我们四点回家。小乐说：“We go home at four.”朋友听懂了，也想起自己遇到过的事。,,We __________ home at four.,go,我们四点回家。,context,2026-09-v2,本地预制课堂素材；原创短句与场景模板,[],想象你也在这个场景里。用 go 说一句自己的话。
good,KET,1,好的,adj.,基础常见词（默认过滤）,That is a good idea.,那是个好主意。,[],结合例句与生活场景整体记忆，不按相同字母强行拆词。,1,,https://www.cambridgeenglish.org/images/506886-a2-key-2020-vocabulary-list.pdf,gud,原创课堂释义与例句,offline-materials,good,authored,good · 单词里的小故事,小乐和朋友交换今天的小发现。那是个好主意。小乐说：“That is a good idea.”朋友听懂了，也想起自己遇到过的事。,,That is a __________ idea.,good,那是个好主意。,context,2026-09-v2,本地预制课堂素材；原创短句与场景模板,[],想象你也在这个场景里。用 good 说一句自己的话。
lot,KET,1,大量（常用于 a lot of）,n.,基础常见词（默认过滤）,We have a lot of books.,我们有很多书。,[],结合例句与生活场景整体记忆，不按相同字母强行拆词。,1,,https://www.cambridgeenglish.org/images/506886-a2-key-2020-vocabulary-list.pdf,lɒt,原创课堂释义与例句,offline-materials,lot,authored,lot · 单词里的小故事,小乐和朋友交换今天的小发现。我们有很多书。小乐说：“We have a lot of books.”朋友听懂了，也想起自己遇到过的事。,,We have a __________ of books.,lot,我们有很多书。,context,2026-09-v2,本地预制课堂素材；原创短句与场景模板,[],想象你也在这个场景里。用 lot 说一句自己的话。
many,KET,1,许多,det.,基础常见词（默认过滤）,There are many books in the room.,房间里有很多书。,[],结合例句与生活场景整体记忆，不按相同字母强行拆词。,1,,https://www.cambridgeenglish.org/images/506886-a2-key-2020-vocabulary-list.pdf,'meni,原创课堂释义与例句,offline-materials,many,authored,many · 单词里的小故事,小乐和朋友交换今天的小发现。房间里有很多书。小乐说：“There are many books in the room.”朋友听懂了，也想起自己遇到过的事。,,There are __________ books in the room.,many,房间里有很多书。,context,2026-09-v2,本地预制课堂素材；原创短句与场景模板,[],想象你也在这个场景里。用 many 说一句自己的话。
much,KET,1,许多（修饰不可数名词）,det.,基础常见词（默认过滤）,There is not much milk.,牛奶不多了。,[],结合例句与生活场景整体记忆，不按相同字母强行拆词。,1,,https://www.cambridgeenglish.org/images/506886-a2-key-2020-vocabulary-list.pdf,mʌtʃ,原创课堂释义与例句,offline-materials,much,authored,much · 单词里的小故事,小乐和朋友交换今天的小发现。牛奶不多了。小乐说：“There is not much milk.”朋友听懂了，也想起自己遇到过的事。,,There is not __________ milk.,much,牛奶不多了。,context,2026-09-v2,本地预制课堂素材；原创短句与场景模板,[],想象你也在这个场景里。用 much 说一句自己的话。
small,KET,1,小的,adj.,基础常见词（默认过滤）,The box is small.,这个箱子很小。,[],结合例句与生活场景整体记忆，不按相同字母强行拆词。,1,,https://www.cambridgeenglish.org/images/506886-a2-key-2020-vocabulary-list.pdf,smɒ:l,原创课堂释义与例句,offline-materials,small,authored,small · 单词里的小故事,小乐和朋友交换今天的小发现。这个箱子很小。小乐说：“The box is small.”朋友听懂了，也想起自己遇到过的事。,,The box is __________.,small,这个箱子很小。,context,2026-09-v2,本地预制课堂素材；原创短句与场景模板,[],想象你也在这个场景里。用 small 说一句自己的话。
some,KET,1,一些,det.,基础常见词（默认过滤）,Would you like some water?,你想要些水吗？,[],结合例句与生活场景整体记忆，不按相同字母强行拆词。,1,,https://www.cambridgeenglish.org/images/506886-a2-key-2020-vocabulary-list.pdf,sʌm,原创课堂释义与例句,offline-materials,some,authored,some · 单词里的小故事,小乐和朋友交换今天的小发现。你想要些水吗？小乐说：“Would you like some water?”朋友听懂了，也想起自己遇到过的事。,,Would you like __________ water?,some,你想要些水吗？,context,2026-09-v2,本地预制课堂素材；原创短句与场景模板,[],想象你也在这个场景里。用 some 说一句自己的话。
the,KET,1,这；那（特指）,det.,基础常见词（默认过滤）,The sun is bright.,太阳很明亮。,[],结合例句与生活场景整体记忆，不按相同字母强行拆词。,1,,https://www.cambridgeenglish.org/images/506886-a2-key-2020-vocabulary-list.pdf,ðә,原创课堂释义与例句,offline-materials,the,authored,the · 单词里的小故事,小乐和朋友交换今天的小发现。太阳很明亮。小乐说：“The sun is bright.”朋友听懂了，也想起自己遇到过的事。,,__________ sun is bright.,The,太阳很明亮。,context,2026-09-v2,本地预制课堂素材；原创短句与场景模板,[],想象你也在这个场景里。用 the 说一句自己的话。
very,KET,1,很；非常,adv.,基础常见词（默认过滤）,The room is very small.,这个房间很小。,[],结合例句与生活场景整体记忆，不按相同字母强行拆词。,1,,https://www.cambridgeenglish.org/images/506886-a2-key-2020-vocabulary-list.pdf,'veri,原创课堂释义与例句,offline-materials,very,authored,very · 单词里的小故事,小乐和朋友交换今天的小发现。这个房间很小。小乐说：“The room is very small.”朋友听懂了，也想起自己遇到过的事。,,The room is __________ small.,very,这个房间很小。,context,2026-09-v2,本地预制课堂素材；原创短句与场景模板,[],想象你也在这个场景里。用 very 说一句自己的话。
answer,KET,1,答案；回答,n.; v.,学习与课堂,Please answer in a full sentence.,请用完整的句子回答。,[],结合例句与生活场景整体记忆，不按相同字母强行拆词。,0,,https://www.cambridgeenglish.org/images/506886-a2-key-2020-vocabulary-list.pdf,'ɑ:nsә,原创课堂释义与例句,offline-materials,answer,authored,answer · 单词里的小故事,小乐和朋友交换今天的小发现。请用完整的句子回答。小乐说：“Please answer in a full sentence.”朋友听懂了，也想起自己遇到过的事。,,Please __________ in a full sentence.,answer,请用完整的句子回答。,context,2026-09-v2,本地预制课堂素材；原创短句与场景模板,[],想象你也在这个场景里。用 answer 说一句自己的话。
classroom,KET,1,教室,n.,学习与课堂,Our classroom has six windows.,我们的教室有六扇窗。,"[{""text"": ""class"", ""kind"": ""compound"", ""meaning"": ""班级；课""}, {""text"": ""room"", ""kind"": ""compound"", ""meaning"": ""房间""}]",这是现代英语中可以辨认的合成成分。把两个意思连起来理解，再用例句确认完整词义。,0,,https://www.cambridgeenglish.org/images/506886-a2-key-2020-vocabulary-list.pdf,'klɑ:sru:m,原创课堂释义与例句,offline-materials,classroom,authored,classroom · 单词里的小故事,小乐和朋友交换今天的小发现。我们的教室有六扇窗。小乐说：“Our classroom has six windows.”朋友听懂了，也想起自己遇到过的事。,,Our __________ has six windows.,classroom,我们的教室有六扇窗。,context,2026-09-v2,本地预制课堂素材；原创短句与场景模板,"[{""en"": ""Our classroom is on the first floor."", ""zh"": ""我们的教室在二楼。""}]",想象你也在这个场景里。用 classroom 说一句自己的话。
dictionary,KET,3,词典,n.,学习与课堂,Use a dictionary to check this word.,用词典查一下这个单词。,[],结合例句与生活场景整体记忆，不按相同字母强行拆词。,0,,https://www.cambridgeenglish.org/images/506886-a2-key-2020-vocabulary-list.pdf,'dikʃәnәri,原创课堂释义与例句,offline-materials,dictionary,authored,dictionary · 单词里的小故事,小乐和朋友交换今天的小发现。用词典查一下这个单词。小乐说：“Use a dictionary to check this word.”朋友听懂了，也想起自己遇到过的事。,,Use a __________ to check this word.,dictionary,用词典查一下这个单词。,context,2026-09-v2,本地预制课堂素材；原创短句与场景模板,[],想象你也在这个场景里。用 dictionary 说一句自己的话。
exam,KET,2,考试,n.,学习与课堂,My English exam is on Friday.,我的英语考试在星期五。,[],结合例句与生活场景整体记忆，不按相同字母强行拆词。,0,,https://www.cambridgeenglish.org/images/506886-a2-key-2020-vocabulary-list.pdf,ig'zæm,原创课堂释义与例句,offline-materials,exam,authored,exam · 单词里的小故事,小乐和朋友交换今天的小发现。我的英语考试在星期五。小乐说：“My English exam is on Friday.”朋友听懂了，也想起自己遇到过的事。,,My English __________ is on Friday.,exam,我的英语考试在星期五。,context,2026-09-v2,本地预制课堂素材；原创短句与场景模板,[],想象你也在这个场景里。用 exam 说一句自己的话。
explain,KET,3,解释,v.,学习与课堂,Can you explain the rules?,你能解释一下规则吗？,[],结合例句与生活场景整体记忆，不按相同字母强行拆词。,0,,https://www.cambridgeenglish.org/images/506886-a2-key-2020-vocabulary-list.pdf,ik'splein,原创课堂释义与例句,offline-materials,explain,authored,explain · 单词里的小故事,小乐和朋友交换今天的小发现。你能解释一下规则吗？小乐说：“Can you explain the rules?”朋友听懂了，也想起自己遇到过的事。,,Can you __________ the rules?,explain,你能解释一下规则吗？,context,2026-09-v2,本地预制课堂素材；原创短句与场景模板,[],想象你也在这个场景里。用 explain 说一句自己的话。
forget,KET,2,忘记,v.,学习与课堂,Do not forget your notebook.,别忘了你的笔记本。,[],结合例句与生活场景整体记忆，不按相同字母强行拆词。,0,,https://www.cambridgeenglish.org/images/506886-a2-key-2020-vocabulary-list.pdf,fә'get,原创课堂释义与例句,offline-materials,forget,authored,forget · 单词里的小故事,小乐和朋友交换今天的小发现。别忘了你的笔记本。小乐说：“Do not forget your notebook.”朋友听懂了，也想起自己遇到过的事。,,Do not __________ your notebook.,forget,别忘了你的笔记本。,context,2026-09-v2,本地预制课堂素材；原创短句与场景模板,[],想象你也在这个场景里。用 forget 说一句自己的话。
homework,KET,1,家庭作业,n.,学习与课堂,I finish my homework before dinner.,我在晚饭前完成作业。,"[{""text"": ""home"", ""kind"": ""compound"", ""meaning"": ""家""}, {""text"": ""work"", ""kind"": ""compound"", ""meaning"": ""工作；功课""}]",这是现代英语中可以辨认的合成成分。把两个意思连起来理解，再用例句确认完整词义。,0,,https://www.cambridgeenglish.org/images/506886-a2-key-2020-vocabulary-list.pdf,'hәumwә:k,原创课堂释义与例句,offline-materials,homework,authored,homework · 单词里的小故事,小乐和朋友交换今天的小发现。我在晚饭前完成作业。小乐说：“I finish my homework before dinner.”朋友听懂了，也想起自己遇到过的事。,,I finish my __________ before dinner.,homework,我在晚饭前完成作业。,context,2026-09-v2,本地预制课堂素材；原创短句与场景模板,[],想象你也在这个场景里。用 homework 说一句自己的话。
language,KET,3,语言,n.,学习与课堂,We learn a new language together.,我们一起学习一门新语言。,[],结合例句与生活场景整体记忆，不按相同字母强行拆词。,0,,https://www.cambridgeenglish.org/images/506886-a2-key-2020-vocabulary-list.pdf,'læŋgwidʒ,原创课堂释义与例句,offline-materials,language,authored,language · 单词里的小故事,小乐和朋友交换今天的小发现。我们一起学习一门新语言。小乐说：“We learn a new language together.”朋友听懂了，也想起自己遇到过的事。,,We learn a new __________ together.,language,我们一起学习一门新语言。,context,2026-09-v2,本地预制课堂素材；原创短句与场景模板,[],想象你也在这个场景里。用 language 说一句自己的话。
learn,KET,1,学习,v.,学习与课堂,I want to learn to swim.,我想学习游泳。,"[{""text"": ""learn"", ""kind"": ""root"", ""meaning"": ""学习""}]",这个词本身可以作为词基，与相关派生词联系起来理解。,0,,https://www.cambridgeenglish.org/images/506886-a2-key-2020-vocabulary-list.pdf,lә:n,原创课堂释义与例句,offline-materials,learn,authored,learn · 单词里的小故事,小乐和朋友交换今天的小发现。我想学习游泳。小乐说：“I want to learn to swim.”朋友听懂了，也想起自己遇到过的事。,,I want to __________ to swim.,learn,我想学习游泳。,context,2026-09-v2,本地预制课堂素材；原创短句与场景模板,[],想象你也在这个场景里。用 learn 说一句自己的话。
lesson,KET,1,课,n.,学习与课堂,Our music lesson starts at ten.,我们的音乐课十点开始。,[],结合例句与生活场景整体记忆，不按相同字母强行拆词。,0,,https://www.cambridgeenglish.org/images/506886-a2-key-2020-vocabulary-list.pdf,'lesn,原创课堂释义与例句,offline-materials,lesson,authored,lesson · 单词里的小故事,小乐和朋友交换今天的小发现。我们的音乐课十点开始。小乐说：“Our music lesson starts at ten.”朋友听懂了，也想起自己遇到过的事。,,Our music __________ starts at ten.,lesson,我们的音乐课十点开始。,context,2026-09-v2,本地预制课堂素材；原创短句与场景模板,[],想象你也在这个场景里。用 lesson 说一句自己的话。
library,KET,1,图书馆,n.,学习与课堂,The library closes at six.,图书馆六点关门。,[],结合例句与生活场景整体记忆，不按相同字母强行拆词。,0,,https://www.cambridgeenglish.org/images/506886-a2-key-2020-vocabulary-list.pdf,'laibrәri,原创课堂释义与例句,offline-materials,library,authored,library · 单词里的小故事,小乐和朋友交换今天的小发现。图书馆六点关门。小乐说：“The library closes at six.”朋友听懂了，也想起自己遇到过的事。,,The __________ closes at six.,library,图书馆六点关门。,context,2026-09-v2,本地预制课堂素材；原创短句与场景模板,[],想象你也在这个场景里。用 library 说一句自己的话。
mistake,KET,2,错误,n.,学习与课堂,I found a mistake in my answer.,我发现答案里有个错误。,[],结合例句与生活场景整体记忆，不按相同字母强行拆词。,0,,https://www.cambridgeenglish.org/images/506886-a2-key-2020-vocabulary-list.pdf,mis'teik,原创课堂释义与例句,offline-materials,mistake,authored,mistake · 单词里的小故事,小乐和朋友交换今天的小发现。我发现答案里有个错误。小乐说：“I found a mistake in my answer.”朋友听懂了，也想起自己遇到过的事。,,I found a __________ in my answer.,mistake,我发现答案里有个错误。,context,2026-09-v2,本地预制课堂素材；原创短句与场景模板,[],想象你也在这个场景里。用 mistake 说一句自己的话。
notebook,KET,1,笔记本,n.,学习与课堂,Write your idea in this notebook.,把你的想法写在这本笔记本里。,"[{""text"": ""note"", ""kind"": ""compound"", ""meaning"": ""笔记""}, {""text"": ""book"", ""kind"": ""compound"", ""meaning"": ""本子；书""}]",这是现代英语中可以辨认的合成成分。把两个意思连起来理解，再用例句确认完整词义。,0,,https://www.cambridgeenglish.org/images/506886-a2-key-2020-vocabulary-list.pdf,'nәutbuk,原创课堂释义与例句,offline-materials,notebook,authored,notebook · 单词里的小故事,散步时，小乐想到一个故事开头。她马上打开小笔记本记下来。回家后翻到那一页，故事又回到了脑海里。这就是 notebook 留下的画面。,,Write your idea in this __________.,notebook,把你的想法写在这本笔记本里。,context,2026-09-v2,本地预制课堂素材；原创短句与场景模板,"[{""en"": ""Write the new word in your notebook."", ""zh"": ""把新单词写在你的笔记本上。""}]",你想在自己的小笔记本里记下什么？
practise,KET,2,练习,v.,学习与课堂,We practise English after lunch.,我们午饭后练习英语。,[],结合例句与生活场景整体记忆，不按相同字母强行拆词。,0,practice,https://www.cambridgeenglish.org/images/506886-a2-key-2020-vocabulary-list.pdf,'præktis,原创课堂释义与例句,offline-materials,practise,authored,practise · 单词里的小故事,小乐和朋友交换今天的小发现。我们午饭后练习英语。小乐说：“We practise English after lunch.”朋友听懂了，也想起自己遇到过的事。,,We __________ English after lunch.,practise,我们午饭后练习英语。,context,2026-09-v2,本地预制课堂素材；原创短句与场景模板,[],想象你也在这个场景里。用 practise 说一句自己的话。
question,KET,1,问题,n.,学习与课堂,That is an interesting question.,那是个有趣的问题。,[],结合例句与生活场景整体记忆，不按相同字母强行拆词。,0,,https://www.cambridgeenglish.org/images/506886-a2-key-2020-vocabulary-list.pdf,'kwestʃәn,原创课堂释义与例句,offline-materials,question,authored,question · 单词里的小故事,小乐和朋友交换今天的小发现。那是个有趣的问题。小乐说：“That is an interesting question.”朋友听懂了，也想起自己遇到过的事。,,That is an interesting __________.,question,那是个有趣的问题。,context,2026-09-v2,本地预制课堂素材；原创短句与场景模板,[],想象你也在这个场景里。用 question 说一句自己的话。
read,KET,1,阅读,v.,学习与课堂,We read a story together.,我们一起读一个故事。,"[{""text"": ""read"", ""kind"": ""root"", ""meaning"": ""阅读""}]",这个词本身可以作为词基，与相关派生词联系起来理解。,1,,https://www.cambridgeenglish.org/images/506886-a2-key-2020-vocabulary-list.pdf,ri:d,原创课堂释义与例句,offline-materials,read,authored,read · 单词里的小故事,小乐和朋友交换今天的小发现。我们一起读一个故事。小乐说：“We read a story together.”朋友听懂了，也想起自己遇到过的事。,,We __________ a story together.,read,我们一起读一个故事。,context,2026-09-v2,本地预制课堂素材；原创短句与场景模板,[],想象你也在这个场景里。用 read 说一句自己的话。
remember,KET,2,记得,v.,学习与课堂,I remember your birthday.,我记得你的生日。,[],结合例句与生活场景整体记忆，不按相同字母强行拆词。,0,,https://www.cambridgeenglish.org/images/506886-a2-key-2020-vocabulary-list.pdf,ri'membә,原创课堂释义与例句,offline-materials,remember,authored,remember · 单词里的小故事,小乐和朋友交换今天的小发现。我记得你的生日。小乐说：“I remember your birthday.”朋友听懂了，也想起自己遇到过的事。,,I __________ your birthday.,remember,我记得你的生日。,context,2026-09-v2,本地预制课堂素材；原创短句与场景模板,[],想象你也在这个场景里。用 remember 说一句自己的话。
sentence,KET,2,句子,n.,学习与课堂,Make a sentence about your family.,造一个关于你家人的句子。,[],结合例句与生活场景整体记忆，不按相同字母强行拆词。,0,,https://www.cambridgeenglish.org/images/506886-a2-key-2020-vocabulary-list.pdf,'sentәns,原创课堂释义与例句,offline-materials,sentence,authored,sentence · 单词里的小故事,小乐和朋友交换今天的小发现。造一个关于你家人的句子。小乐说：“Make a sentence about your family.”朋友听懂了，也想起自己遇到过的事。,,Make a __________ about your family.,sentence,造一个关于你家人的句子。,context,2026-09-v2,本地预制课堂素材；原创短句与场景模板,[],想象你也在这个场景里。用 sentence 说一句自己的话。
spell,KET,2,拼写,v.,学习与课堂,Can you spell your name?,你能拼写自己的名字吗？,"[{""text"": ""spell"", ""kind"": ""root"", ""meaning"": ""拼写""}]",这个词本身可以作为词基，与相关派生词联系起来理解。,0,,https://www.cambridgeenglish.org/images/506886-a2-key-2020-vocabulary-list.pdf,spel,原创课堂释义与例句,offline-materials,spell,authored,spell · 单词里的小故事,小乐和朋友交换今天的小发现。你能拼写自己的名字吗？小乐说：“Can you spell your name?”朋友听懂了，也想起自己遇到过的事。,,Can you __________ your name?,spell,你能拼写自己的名字吗？,context,2026-09-v2,本地预制课堂素材；原创短句与场景模板,[],想象你也在这个场景里。用 spell 说一句自己的话。
student,KET,1,学生,n.,学习与课堂,The student asks a question.,这名学生问了一个问题。,[],结合例句与生活场景整体记忆，不按相同字母强行拆词。,1,,https://www.cambridgeenglish.org/images/506886-a2-key-2020-vocabulary-list.pdf,'stju:dnt,原创课堂释义与例句,offline-materials,student,authored,student · 单词里的小故事,小乐和朋友交换今天的小发现。这名学生问了一个问题。小乐说：“The student asks a question.”朋友听懂了，也想起自己遇到过的事。,,The __________ asks a question.,student,这名学生问了一个问题。,context,2026-09-v2,本地预制课堂素材；原创短句与场景模板,[],想象你也在这个场景里。用 student 说一句自己的话。
subject,KET,2,科目；话题,n.,学习与课堂,Art is my favourite subject.,美术是我最喜欢的学科。,[],结合例句与生活场景整体记忆，不按相同字母强行拆词。,0,,https://www.cambridgeenglish.org/images/506886-a2-key-2020-vocabulary-list.pdf,'sʌbdʒekt,常用义教学修订；原词典见 ECDICT-LICENSE.txt,offline-materials,subject,authored,subject · 单词里的小故事,小乐和朋友交换今天的小发现。美术是我最喜欢的学科。小乐说：“Art is my favourite subject.”朋友听懂了，也想起自己遇到过的事。,,Art is my favourite __________.,subject,美术是我最喜欢的学科。,context,2026-09-v2,本地预制课堂素材；原创短句与场景模板,[],想象你也在这个场景里。用 subject 说一句自己的话。
teach,KET,1,教,v.,学习与课堂,Can you teach me this song?,你能教我这首歌吗？,"[{""text"": ""teach"", ""kind"": ""root"", ""meaning"": ""教""}]",结合例句与生活场景整体记忆，不按相同字母强行拆词。,0,,https://www.cambridgeenglish.org/images/506886-a2-key-2020-vocabulary-list.pdf,ti:tʃ,原创课堂释义与例句,offline-materials,teach,authored,teach · 单词里的小故事,小乐和朋友交换今天的小发现。你能教我这首歌吗？小乐说：“Can you teach me this song?”朋友听懂了，也想起自己遇到过的事。,,Can you __________ me this song?,teach,你能教我这首歌吗？,context,2026-09-v2,本地预制课堂素材；原创短句与场景模板,[],想象你也在这个场景里。用 teach 说一句自己的话。
teacher,KET,1,老师,n.,学习与课堂,Our teacher draws a map.,老师画了一张地图。,"[{""text"": ""teach"", ""kind"": ""root"", ""meaning"": ""教""}, {""text"": ""-er"", ""kind"": ""suffix"", ""meaning"": ""做某事的人或物"", ""story"": ""表示做事者的 -er 有古英语 -ere 等历史来源。它常把动作变成做这个动作的人或工具。先找到动作，再问“谁来做”，就能串起一组词。比较级里的 -er 是另一种用法。"", ""source"": ""https://www.merriam-webster.com/dictionary/-er""}]",动作词 + -er，表示做这件事的人；printer 在本课指执行打印动作的机器。,1,,https://www.cambridgeenglish.org/images/506886-a2-key-2020-vocabulary-list.pdf,'ti:tʃә,原创课堂释义与例句,offline-materials,teacher,authored,teacher · 单词里的小故事,课堂上，一只小手举了起来。小乐还没弄懂这个问题，老师就换了一个简单的例子。她终于笑着点了点头。这就是 teacher 留下的画面。,,Our __________ draws a map.,teacher,老师画了一张地图。,context,2026-09-v2,本地预制课堂素材；原创短句与场景模板,"[{""en"": ""Our teacher knows every child's name."", ""zh"": ""我们的老师知道每个孩子的名字。""}]",你最想向老师问什么问题？
write,KET,1,写,v.,学习与课堂,Write a letter to your friend.,给你的朋友写封信。,"[{""text"": ""write"", ""kind"": ""root"", ""meaning"": ""写""}]",结合例句与生活场景整体记忆，不按相同字母强行拆词。,1,,https://www.cambridgeenglish.org/images/506886-a2-key-2020-vocabulary-list.pdf,rait,原创课堂释义与例句,offline-materials,write,authored,write · 单词里的小故事,小乐和朋友交换今天的小发现。给你的朋友写封信。小乐说：“Write a letter to your friend.”朋友听懂了，也想起自己遇到过的事。,,__________ a letter to your friend.,Write,给你的朋友写封信。,context,2026-09-v2,本地预制课堂素材；原创短句与场景模板,[],想象你也在这个场景里。用 write 说一句自己的话。
course,KET,1,课程；一道菜,n.,学校与学习,My English course starts today.,我的英语课程今天开始。,[],结合常用释义整体记忆。先听老师读，再用自己的生活场景解释。,0,,https://www.cambridgeenglish.org/images/506886-a2-key-2020-vocabulary-list.pdf,kɒ:s,常用义教学修订；原词典见 ECDICT-LICENSE.txt,offline-materials,course,authored,course · 单词里的小故事,小乐和朋友交换今天的小发现。我的英语课程今天开始。小乐说：“My English course starts today.”朋友听懂了，也想起自己遇到过的事。,,My English __________ starts today.,course,我的英语课程今天开始。,context,2026-09-v2,本地预制课堂素材；原创短句与场景模板,[],想象你也在这个场景里。用 course 说一句自己的话。
examination,KET,1,考试；测验；审查,n.,学校与学习,We talked about the examination today.,我们今天谈到了考试。,[],结合常用释义整体记忆。先听老师读，再用自己的生活场景解释。,0,,https://www.cambridgeenglish.org/images/506886-a2-key-2020-vocabulary-list.pdf,ig.zæmi'neiʃәn,https://github.com/skywind3000/ECDICT,offline-materials,examination,discussion,examination · 单词里的小故事,小乐和朋友聊起今天的一件事。我们今天谈到了考试。小乐说：“We talked about the examination today.”朋友听懂了，也想起自己遇到过的事。,,We talked about the __________ today.,examination,我们今天谈到了考试。,context,2026-09-v2,本地预制课堂素材；原创短句与场景模板,[],想象你也在这个场景里。用 examination 说一句自己的话。
main course,KET,3,主菜,n.,学校与学习,This main course tastes good.,这份主菜味道很好。,[],结合常用释义整体记忆。先听老师读，再用自己的生活场景解释。,0,,https://www.cambridgeenglish.org/images/506886-a2-key-2020-vocabulary-list.pdf,,常用义教学修订；原词典见 ECDICT-LICENSE.txt,offline-materials,main course,food,main course · 单词里的小故事,小乐第一次给家人当小帮手，端出一份食物。这份主菜味道很好。小乐说：“This main course tastes good.”朋友听懂了，也想起自己遇到过的事。,,This __________ tastes good.,main course,这份主菜味道很好。,context,2026-09-v2,本地预制课堂素材；原创短句与场景模板,[],想象你也在这个场景里。用 main course 说一句自己的话。
studies,KET,3,学习；研究,n pl.,学校与学习,We learn about studies at school.,我们在学校学习学习。,[],结合常用释义整体记忆。先听老师读，再用自己的生活场景解释。,0,,https://www.cambridgeenglish.org/images/506886-a2-key-2020-vocabulary-list.pdf,,常用义教学修订；原词典见 ECDICT-LICENSE.txt,offline-materials,studies,school,studies · 单词里的小故事,小乐把今天在学校学到的内容讲给家人听。我们在学校学习学习。小乐说：“We learn about studies at school.”朋友听懂了，也想起自己遇到过的事。,,We learn about __________ at school.,studies,我们在学校学习学习。,context,2026-09-v2,本地预制课堂素材；原创短句与场景模板,[],想象你也在这个场景里。用 studies 说一句自己的话。
study,KET,1,学习；读书；研究,v.,学校与学习,I study English at school.,我在学校学英语。,[],结合常用释义整体记忆。先听老师读，再用自己的生活场景解释。,0,,https://www.cambridgeenglish.org/images/506886-a2-key-2020-vocabulary-list.pdf,'stʌdi,https://github.com/skywind3000/ECDICT,offline-materials,study,authored,study · 单词里的小故事,小乐和朋友交换今天的小发现。我在学校学英语。小乐说：“I study English at school.”朋友听懂了，也想起自己遇到过的事。,,I __________ English at school.,study,我在学校学英语。,context,2026-09-v2,本地预制课堂素材；原创短句与场景模板,[],想象你也在这个场景里。用 study 说一句自己的话。
train,KET,1,训练；教育；对准,v.,学校与学习,We train for the game every week.,我们每周为比赛训练。,"[{""text"": ""train"", ""kind"": ""root"", ""meaning"": ""训练""}]",这个词本身可以作为词基，与相关派生词联系起来理解。,1,,https://www.cambridgeenglish.org/images/506886-a2-key-2020-vocabulary-list.pdf,trein,https://github.com/skywind3000/ECDICT,offline-materials,train,authored,train · 单词里的小故事,小乐和朋友交换今天的小发现。我们每周为比赛训练。小乐说：“We train for the game every week.”朋友听懂了，也想起自己遇到过的事。,,We __________ for the game every week.,train,我们每周为比赛训练。,context,2026-09-v2,本地预制课堂素材；原创短句与场景模板,[],想象你也在这个场景里。用 train 说一句自己的话。
writing,KET,1,书写；著作；笔迹,n.,学校与学习,We learn about writing at school.,我们在学校学习书写。,"[{""text"": ""write"", ""kind"": ""root"", ""meaning"": ""写""}, {""text"": ""-ing"", ""kind"": ""suffix"", ""meaning"": ""把动作当作活动或事物来表达"", ""story"": ""把动作变成名词的 -ing，可以追溯到古英语的 -ung、-ing。一个动作加上这样的结尾，就能作为一种活动来谈论。注意句子里的位置：-ing 也会用于进行时和形容词。"", ""source"": ""https://www.merriam-webster.com/dictionary/-ing""}]",这是词基与派生词的关系。拼写发生了变化，请把本课目标单词完整写对；构词成分不是原词的逐字切片。,0,,https://www.cambridgeenglish.org/images/506886-a2-key-2020-vocabulary-list.pdf,'raitiŋ,https://github.com/skywind3000/ECDICT,offline-materials,writing,school,writing · 单词里的小故事,小乐把今天在学校学到的内容讲给家人听。我们在学校学习书写。小乐说：“We learn about writing at school.”朋友听懂了，也想起自己遇到过的事。,,We learn about __________ at school.,writing,我们在学校学习书写。,context,2026-09-v2,本地预制课堂素材；原创短句与场景模板,"[{""en"": ""We practise writing for ten minutes every day."", ""zh"": ""我们每天练习写作十分钟。""}]",想象你也在这个场景里。用 writing 说一句自己的话。
armchair,KET,2,扶手椅,n.,家与日常,Grandpa reads in his armchair.,爷爷坐在扶手椅上看书。,"[{""text"": ""arm"", ""kind"": ""compound"", ""meaning"": ""手臂；扶手""}, {""text"": ""chair"", ""kind"": ""compound"", ""meaning"": ""椅子""}]",这是现代英语中可以辨认的合成成分。把两个意思连起来理解，再用例句确认完整词义。,0,,https://www.cambridgeenglish.org/images/506886-a2-key-2020-vocabulary-list.pdf,.ɑ:m'tʃєә,原创课堂释义与例句,offline-materials,armchair,authored,armchair · 单词里的小故事,小乐和朋友交换今天的小发现。爷爷坐在扶手椅上看书。小乐说：“Grandpa reads in his armchair.”朋友听懂了，也想起自己遇到过的事。,,Grandpa reads in his __________.,armchair,爷爷坐在扶手椅上看书。,context,2026-09-v2,本地预制课堂素材；原创短句与场景模板,[],想象你也在这个场景里。用 armchair 说一句自己的话。
bathroom,KET,1,浴室；卫生间,n.,家与日常,The bathroom is upstairs.,浴室在楼上。,"[{""text"": ""bath"", ""kind"": ""compound"", ""meaning"": ""洗澡""}, {""text"": ""room"", ""kind"": ""compound"", ""meaning"": ""房间""}]",这是现代英语中可以辨认的合成成分。把两个意思连起来理解，再用例句确认完整词义。,0,,https://www.cambridgeenglish.org/images/506886-a2-key-2020-vocabulary-list.pdf,'bɑ:θru:m,原创课堂释义与例句,offline-materials,bathroom,authored,bathroom · 单词里的小故事,小乐和朋友交换今天的小发现。浴室在楼上。小乐说：“The bathroom is upstairs.”朋友听懂了，也想起自己遇到过的事。,,The __________ is upstairs.,bathroom,浴室在楼上。,context,2026-09-v2,本地预制课堂素材；原创短句与场景模板,"[{""en"": ""The bathroom is next to the bedroom."", ""zh"": ""浴室在卧室旁边。""}]",想象你也在这个场景里。用 bathroom 说一句自己的话。
bedroom,KET,1,卧室,n.,家与日常,My bedroom has a yellow wall.,我的卧室有一面黄色的墙。,"[{""text"": ""bed"", ""kind"": ""compound"", ""meaning"": ""床""}, {""text"": ""room"", ""kind"": ""compound"", ""meaning"": ""房间""}]",这是现代英语中可以辨认的合成成分。把两个意思连起来理解，再用例句确认完整词义。,0,,https://www.cambridgeenglish.org/images/506886-a2-key-2020-vocabulary-list.pdf,'bedrum,原创课堂释义与例句,offline-materials,bedroom,authored,bedroom · 单词里的小故事,小乐和朋友交换今天的小发现。我的卧室有一面黄色的墙。小乐说：“My bedroom has a yellow wall.”朋友听懂了，也想起自己遇到过的事。,,My __________ has a yellow wall.,bedroom,我的卧室有一面黄色的墙。,context,2026-09-v2,本地预制课堂素材；原创短句与场景模板,"[{""en"": ""My bedroom has a big window."", ""zh"": ""我的卧室有一扇大窗户。""}]",想象你也在这个场景里。用 bedroom 说一句自己的话。
blanket,KET,2,毯子,n.,家与日常,Take a blanket for the cold night.,带条毯子应对寒冷的夜晚。,[],结合例句与生活场景整体记忆，不按相同字母强行拆词。,0,,https://www.cambridgeenglish.org/images/506886-a2-key-2020-vocabulary-list.pdf,'blæŋkit,原创课堂释义与例句,offline-materials,blanket,authored,blanket · 单词里的小故事,小乐和朋友交换今天的小发现。带条毯子应对寒冷的夜晚。小乐说：“Take a blanket for the cold night.”朋友听懂了，也想起自己遇到过的事。,,Take a __________ for the cold night.,blanket,带条毯子应对寒冷的夜晚。,context,2026-09-v2,本地预制课堂素材；原创短句与场景模板,[],想象你也在这个场景里。用 blanket 说一句自己的话。
bookshelf,KET,2,书架,n.,家与日常,The blue book is on the bookshelf.,蓝色的书在书架上。,"[{""text"": ""book"", ""kind"": ""compound"", ""meaning"": ""书""}, {""text"": ""shelf"", ""kind"": ""compound"", ""meaning"": ""架子""}]",这是现代英语中可以辨认的合成成分。把两个意思连起来理解，再用例句确认完整词义。,0,,https://www.cambridgeenglish.org/images/506886-a2-key-2020-vocabulary-list.pdf,'bukʃelf,原创课堂释义与例句,offline-materials,bookshelf,authored,bookshelf · 单词里的小故事,小乐和朋友交换今天的小发现。蓝色的书在书架上。小乐说：“The blue book is on the bookshelf.”朋友听懂了，也想起自己遇到过的事。,,The blue book is on the __________.,bookshelf,蓝色的书在书架上。,context,2026-09-v2,本地预制课堂素材；原创短句与场景模板,[],想象你也在这个场景里。用 bookshelf 说一句自己的话。
carpet,KET,2,地毯,n.,家与日常,The dog lies on the carpet.,狗躺在地毯上。,[],结合例句与生活场景整体记忆，不按相同字母强行拆词。,0,,https://www.cambridgeenglish.org/images/506886-a2-key-2020-vocabulary-list.pdf,'kɑ:pit,原创课堂释义与例句,offline-materials,carpet,authored,carpet · 单词里的小故事,小乐和朋友交换今天的小发现。狗躺在地毯上。小乐说：“The dog lies on the carpet.”朋友听懂了，也想起自己遇到过的事。,,The dog lies on the __________.,carpet,狗躺在地毯上。,context,2026-09-v2,本地预制课堂素材；原创短句与场景模板,[],想象你也在这个场景里。用 carpet 说一句自己的话。
ceiling,KET,3,天花板,n.,家与日常,There is a lamp on the ceiling.,天花板上有一盏灯。,[],结合例句与生活场景整体记忆，不按相同字母强行拆词。,0,,https://www.cambridgeenglish.org/images/506886-a2-key-2020-vocabulary-list.pdf,'si:liŋ,原创课堂释义与例句,offline-materials,ceiling,authored,ceiling · 单词里的小故事,小乐和朋友交换今天的小发现。天花板上有一盏灯。小乐说：“There is a lamp on the ceiling.”朋友听懂了，也想起自己遇到过的事。,,There is a lamp on the __________.,ceiling,天花板上有一盏灯。,context,2026-09-v2,本地预制课堂素材；原创短句与场景模板,[],想象你也在这个场景里。用 ceiling 说一句自己的话。
cleaner,KET,2,清洁工；清洁器,n.,家与日常,The cleaner works in our school.,这位清洁工在我们学校工作。,"[{""text"": ""clean"", ""kind"": ""root"", ""meaning"": ""清洁""}, {""text"": ""-er"", ""kind"": ""suffix"", ""meaning"": ""做某事的人或物"", ""story"": ""表示做事者的 -er 有古英语 -ere 等历史来源。它常把动作变成做这个动作的人或工具。先找到动作，再问“谁来做”，就能串起一组词。比较级里的 -er 是另一种用法。"", ""source"": ""https://www.merriam-webster.com/dictionary/-er""}]",动作词 + -er，表示做这件事的人；printer 在本课指执行打印动作的机器。,0,,https://www.cambridgeenglish.org/images/506886-a2-key-2020-vocabulary-list.pdf,'kli:nә,原创课堂释义与例句,offline-materials,cleaner,authored,cleaner · 单词里的小故事,小乐和朋友交换今天的小发现。这位清洁工在我们学校工作。小乐说：“The cleaner works in our school.”朋友听懂了，也想起自己遇到过的事。,,The __________ works in our school.,cleaner,这位清洁工在我们学校工作。,context,2026-09-v2,本地预制课堂素材；原创短句与场景模板,[],想象你也在这个场景里。用 cleaner 说一句自己的话。
cupboard,KET,2,橱柜,n.,家与日常,Put the cups in the cupboard.,把杯子放进橱柜。,[],结合例句与生活场景整体记忆，不按相同字母强行拆词。,0,,https://www.cambridgeenglish.org/images/506886-a2-key-2020-vocabulary-list.pdf,'kʌpbɒ:d,原创课堂释义与例句,offline-materials,cupboard,authored,cupboard · 单词里的小故事,小乐和朋友交换今天的小发现。把杯子放进橱柜。小乐说：“Put the cups in the cupboard.”朋友听懂了，也想起自己遇到过的事。,,Put the cups in the __________.,cupboard,把杯子放进橱柜。,context,2026-09-v2,本地预制课堂素材；原创短句与场景模板,[],想象你也在这个场景里。用 cupboard 说一句自己的话。
curtain,KET,2,窗帘,n.,家与日常,Open the curtain to see the garden.,拉开窗帘看看花园。,[],结合例句与生活场景整体记忆，不按相同字母强行拆词。,0,,https://www.cambridgeenglish.org/images/506886-a2-key-2020-vocabulary-list.pdf,'kә:tәn,原创课堂释义与例句,offline-materials,curtain,authored,curtain · 单词里的小故事,小乐和朋友交换今天的小发现。拉开窗帘看看花园。小乐说：“Open the curtain to see the garden.”朋友听懂了，也想起自己遇到过的事。,,Open the __________ to see the garden.,curtain,拉开窗帘看看花园。,context,2026-09-v2,本地预制课堂素材；原创短句与场景模板,[],想象你也在这个场景里。用 curtain 说一句自己的话。
dining room,KET,2,餐厅；饭厅,n.,家与日常,The dining room has a round table.,饭厅里有一张圆桌。,"[{""text"": ""dining"", ""kind"": ""compound"", ""meaning"": ""用餐""}, {""text"": ""room"", ""kind"": ""compound"", ""meaning"": ""房间""}]",这是现代英语中可以辨认的合成成分。把两个意思连起来理解，再用例句确认完整词义。,0,,https://www.cambridgeenglish.org/images/506886-a2-key-2020-vocabulary-list.pdf,,原创课堂释义与例句,offline-materials,dining room,authored,dining room · 单词里的小故事,小乐和朋友交换今天的小发现。饭厅里有一张圆桌。小乐说：“The dining room has a round table.”朋友听懂了，也想起自己遇到过的事。,,The __________ has a round table.,dining room,饭厅里有一张圆桌。,context,2026-09-v2,本地预制课堂素材；原创短句与场景模板,[],想象你也在这个场景里。用 dining room 说一句自己的话。
downstairs,KET,2,在楼下；楼下的,adv.; adj.,家与日常,We have breakfast downstairs.,我们在楼下吃早饭。,"[{""text"": ""down"", ""kind"": ""compound"", ""meaning"": ""向下""}, {""text"": ""stairs"", ""kind"": ""compound"", ""meaning"": ""楼梯""}]",这是现代英语中可以辨认的合成成分。把两个意思连起来理解，再用例句确认完整词义。,0,,https://www.cambridgeenglish.org/images/506886-a2-key-2020-vocabulary-list.pdf,'daun'stєәz,原创课堂释义与例句,offline-materials,downstairs,authored,downstairs · 单词里的小故事,小乐和朋友交换今天的小发现。我们在楼下吃早饭。小乐说：“We have breakfast downstairs.”朋友听懂了，也想起自己遇到过的事。,,We have breakfast __________.,downstairs,我们在楼下吃早饭。,context,2026-09-v2,本地预制课堂素材；原创短句与场景模板,[],想象你也在这个场景里。用 downstairs 说一句自己的话。
entrance,KET,3,入口,n.,家与日常,Meet me at the entrance.,在入口处和我见面。,[],结合例句与生活场景整体记忆，不按相同字母强行拆词。,0,,https://www.cambridgeenglish.org/images/506886-a2-key-2020-vocabulary-list.pdf,'entrәns,原创课堂释义与例句,offline-materials,entrance,authored,entrance · 单词里的小故事,小乐和朋友交换今天的小发现。在入口处和我见面。小乐说：“Meet me at the entrance.”朋友听懂了，也想起自己遇到过的事。,,Meet me at the __________.,entrance,在入口处和我见面。,context,2026-09-v2,本地预制课堂素材；原创短句与场景模板,[],想象你也在这个场景里。用 entrance 说一句自己的话。
furniture,KET,3,家具,n.,家与日常,This room needs some furniture.,这个房间需要一些家具。,[],结合例句与生活场景整体记忆，不按相同字母强行拆词。,0,,https://www.cambridgeenglish.org/images/506886-a2-key-2020-vocabulary-list.pdf,'fәnitʃә,原创课堂释义与例句,offline-materials,furniture,authored,furniture · 单词里的小故事,小乐和朋友交换今天的小发现。这个房间需要一些家具。小乐说：“This room needs some furniture.”朋友听懂了，也想起自己遇到过的事。,,This room needs some __________.,furniture,这个房间需要一些家具。,context,2026-09-v2,本地预制课堂素材；原创短句与场景模板,[],想象你也在这个场景里。用 furniture 说一句自己的话。
key,KET,1,钥匙,n.,家与日常,I keep my key in this pocket.,我把钥匙放在这个口袋里。,[],结合例句与生活场景整体记忆，不按相同字母强行拆词。,0,,https://www.cambridgeenglish.org/images/506886-a2-key-2020-vocabulary-list.pdf,ki:,原创课堂释义与例句,offline-materials,key,authored,key · 单词里的小故事,小乐和朋友交换今天的小发现。我把钥匙放在这个口袋里。小乐说：“I keep my key in this pocket.”朋友听懂了，也想起自己遇到过的事。,,I keep my __________ in this pocket.,key,我把钥匙放在这个口袋里。,context,2026-09-v2,本地预制课堂素材；原创短句与场景模板,[],想象你也在这个场景里。用 key 说一句自己的话。
kitchen,KET,1,厨房,n.,家与日常,A lovely smell comes from the kitchen.,厨房里飘来一阵香味。,[],结合例句与生活场景整体记忆，不按相同字母强行拆词。,0,,https://www.cambridgeenglish.org/images/506886-a2-key-2020-vocabulary-list.pdf,'kitʃin,原创课堂释义与例句,offline-materials,kitchen,authored,kitchen · 单词里的小故事,小乐和朋友交换今天的小发现。厨房里飘来一阵香味。小乐说：“A lovely smell comes from the kitchen.”朋友听懂了，也想起自己遇到过的事。,,A lovely smell comes from the __________.,kitchen,厨房里飘来一阵香味。,context,2026-09-v2,本地预制课堂素材；原创短句与场景模板,[],想象你也在这个场景里。用 kitchen 说一句自己的话。
living room,KET,2,客厅,n.,家与日常,We play cards in the living room.,我们在客厅打牌。,"[{""text"": ""living"", ""kind"": ""compound"", ""meaning"": ""生活；起居""}, {""text"": ""room"", ""kind"": ""compound"", ""meaning"": ""房间""}]",这是现代英语中可以辨认的合成成分。把两个意思连起来理解，再用例句确认完整词义。,0,,https://www.cambridgeenglish.org/images/506886-a2-key-2020-vocabulary-list.pdf,,原创课堂释义与例句,offline-materials,living room,authored,living room · 单词里的小故事,小乐和朋友交换今天的小发现。我们在客厅打牌。小乐说：“We play cards in the living room.”朋友听懂了，也想起自己遇到过的事。,,We play cards in the __________.,living room,我们在客厅打牌。,context,2026-09-v2,本地预制课堂素材；原创短句与场景模板,[],想象你也在这个场景里。用 living room 说一句自己的话。
mirror,KET,1,镜子,n.,家与日常,He looks in the mirror.,他照了照镜子。,[],结合例句与生活场景整体记忆，不按相同字母强行拆词。,0,,https://www.cambridgeenglish.org/images/506886-a2-key-2020-vocabulary-list.pdf,'mirә,原创课堂释义与例句,offline-materials,mirror,authored,mirror · 单词里的小故事,小乐和朋友交换今天的小发现。他照了照镜子。小乐说：“He looks in the mirror.”朋友听懂了，也想起自己遇到过的事。,,He looks in the __________.,mirror,他照了照镜子。,context,2026-09-v2,本地预制课堂素材；原创短句与场景模板,[],想象你也在这个场景里。用 mirror 说一句自己的话。
pillow,KET,2,枕头,n.,家与日常,My pillow is soft.,我的枕头很软。,[],结合例句与生活场景整体记忆，不按相同字母强行拆词。,0,,https://www.cambridgeenglish.org/images/506886-a2-key-2020-vocabulary-list.pdf,'pilәu,原创课堂释义与例句,offline-materials,pillow,authored,pillow · 单词里的小故事,小乐和朋友交换今天的小发现。我的枕头很软。小乐说：“My pillow is soft.”朋友听懂了，也想起自己遇到过的事。,,My __________ is soft.,pillow,我的枕头很软。,context,2026-09-v2,本地预制课堂素材；原创短句与场景模板,[],想象你也在这个场景里。用 pillow 说一句自己的话。
repair,KET,2,修理,v.,家与日常,Can you repair this chair?,你能修理这把椅子吗？,[],结合例句与生活场景整体记忆，不按相同字母强行拆词。,0,,https://www.cambridgeenglish.org/images/506886-a2-key-2020-vocabulary-list.pdf,ri'pєә,原创课堂释义与例句,offline-materials,repair,authored,repair · 单词里的小故事,小乐和朋友交换今天的小发现。你能修理这把椅子吗？小乐说：“Can you repair this chair?”朋友听懂了，也想起自己遇到过的事。,,Can you __________ this chair?,repair,你能修理这把椅子吗？,context,2026-09-v2,本地预制课堂素材；原创短句与场景模板,[],想象你也在这个场景里。用 repair 说一句自己的话。
roof,KET,2,屋顶,n.,家与日常,A bird sits on the roof.,一只鸟停在屋顶上。,[],结合例句与生活场景整体记忆，不按相同字母强行拆词。,0,,https://www.cambridgeenglish.org/images/506886-a2-key-2020-vocabulary-list.pdf,ru:f,原创课堂释义与例句,offline-materials,roof,authored,roof · 单词里的小故事,小乐和朋友交换今天的小发现。一只鸟停在屋顶上。小乐说：“A bird sits on the roof.”朋友听懂了，也想起自己遇到过的事。,,A bird sits on the __________.,roof,一只鸟停在屋顶上。,context,2026-09-v2,本地预制课堂素材；原创短句与场景模板,[],想象你也在这个场景里。用 roof 说一句自己的话。
stairs,KET,2,楼梯,n.,家与日常,Please walk slowly on the stairs.,请在楼梯上慢慢走。,[],结合例句与生活场景整体记忆，不按相同字母强行拆词。,0,,https://www.cambridgeenglish.org/images/506886-a2-key-2020-vocabulary-list.pdf,,原创课堂释义与例句,offline-materials,stairs,authored,stairs · 单词里的小故事,小乐和朋友交换今天的小发现。请在楼梯上慢慢走。小乐说：“Please walk slowly on the stairs.”朋友听懂了，也想起自己遇到过的事。,,Please walk slowly on the __________.,stairs,请在楼梯上慢慢走。,context,2026-09-v2,本地预制课堂素材；原创短句与场景模板,[],想象你也在这个场景里。用 stairs 说一句自己的话。
tidy,KET,1,整洁的；整理,adj.; v.,家与日常,Please tidy your bedroom.,请整理你的卧室。,"[{""text"": ""tidy"", ""kind"": ""root"", ""meaning"": ""整洁的""}]",这个词本身可以作为词基，与相关派生词联系起来理解。,0,,https://www.cambridgeenglish.org/images/506886-a2-key-2020-vocabulary-list.pdf,'taidi,原创课堂释义与例句,offline-materials,tidy,authored,tidy · 单词里的小故事,小乐和朋友交换今天的小发现。请整理你的卧室。小乐说：“Please tidy your bedroom.”朋友听懂了，也想起自己遇到过的事。,,Please __________ your bedroom.,tidy,请整理你的卧室。,context,2026-09-v2,本地预制课堂素材；原创短句与场景模板,[],想象你也在这个场景里。用 tidy 说一句自己的话。
upstairs,KET,2,在楼上；楼上的,adv.; adj.,家与日常,My brother is upstairs.,我的哥哥在楼上。,"[{""text"": ""up"", ""kind"": ""compound"", ""meaning"": ""向上""}, {""text"": ""stairs"", ""kind"": ""compound"", ""meaning"": ""楼梯""}]",这是现代英语中可以辨认的合成成分。把两个意思连起来理解，再用例句确认完整词义。,0,,https://www.cambridgeenglish.org/images/506886-a2-key-2020-vocabulary-list.pdf,'ʌp'stєәz,原创课堂释义与例句,offline-materials,upstairs,authored,upstairs · 单词里的小故事,小乐和朋友交换今天的小发现。我的哥哥在楼上。小乐说：“My brother is upstairs.”朋友听懂了，也想起自己遇到过的事。,,My brother is __________.,upstairs,我的哥哥在楼上。,context,2026-09-v2,本地预制课堂素材；原创短句与场景模板,[],想象你也在这个场景里。用 upstairs 说一句自己的话。
wash,KET,1,洗,v.,家与日常,Wash your hands before dinner.,饭前洗手。,"[{""text"": ""wash"", ""kind"": ""root"", ""meaning"": ""洗""}]",这个词本身可以作为词基，与相关派生词联系起来理解。,0,,https://www.cambridgeenglish.org/images/506886-a2-key-2020-vocabulary-list.pdf,wɒʃ,原创课堂释义与例句,offline-materials,wash,authored,wash · 单词里的小故事,小乐和朋友交换今天的小发现。饭前洗手。小乐说：“Wash your hands before dinner.”朋友听懂了，也想起自己遇到过的事。,,__________ your hands before dinner.,Wash,饭前洗手。,context,2026-09-v2,本地预制课堂素材；原创短句与场景模板,[],想象你也在这个场景里。用 wash 说一句自己的话。
adult,KET,2,成年人；成年的,n.; adj.,家人与朋友,Children need an adult with them.,孩子需要一位成年人陪同。,[],结合例句与生活场景整体记忆，不按相同字母强行拆词。,0,,https://www.cambridgeenglish.org/images/506886-a2-key-2020-vocabulary-list.pdf,'ædʌlt,原创课堂释义与例句,offline-materials,adult,authored,adult · 单词里的小故事,小乐和朋友交换今天的小发现。孩子需要一位成年人陪同。小乐说：“Children need an adult with them.”朋友听懂了，也想起自己遇到过的事。,,Children need an __________ with them.,adult,孩子需要一位成年人陪同。,context,2026-09-v2,本地预制课堂素材；原创短句与场景模板,[],想象你也在这个场景里。用 adult 说一句自己的话。
alone,KET,2,独自的；独自,adj.; adv.,家人与朋友,I am not alone. My friend is here.,我并不孤单。我的朋友在这里。,[],结合例句与生活场景整体记忆，不按相同字母强行拆词。,0,,https://www.cambridgeenglish.org/images/506886-a2-key-2020-vocabulary-list.pdf,ә'lәun,原创课堂释义与例句,offline-materials,alone,authored,alone · 单词里的小故事,小乐和朋友交换今天的小发现。我并不孤单。我的朋友在这里。小乐说：“I am not alone. My friend is here.”朋友听懂了，也想起自己遇到过的事。,,I am not __________. My friend is here.,alone,我并不孤单。我的朋友在这里。,context,2026-09-v2,本地预制课堂素材；原创短句与场景模板,[],想象你也在这个场景里。用 alone 说一句自己的话。
cousin,KET,1,堂兄弟姐妹；表兄弟姐妹,n.,家人与朋友,My cousin lives near the sea.,我的表妹住在海边。,[],结合例句与生活场景整体记忆，不按相同字母强行拆词。,0,,https://www.cambridgeenglish.org/images/506886-a2-key-2020-vocabulary-list.pdf,'kʌzәn,原创课堂释义与例句,offline-materials,cousin,authored,cousin · 单词里的小故事,小乐和朋友交换今天的小发现。我的表妹住在海边。小乐说：“My cousin lives near the sea.”朋友听懂了，也想起自己遇到过的事。,,My __________ lives near the sea.,cousin,我的表妹住在海边。,context,2026-09-v2,本地预制课堂素材；原创短句与场景模板,[],想象你也在这个场景里。用 cousin 说一句自己的话。
family,KET,1,家庭；家人,n.,家人与朋友,My family eats together on Sundays.,我的家人星期天一起吃饭。,[],结合例句与生活场景整体记忆，不按相同字母强行拆词。,1,,https://www.cambridgeenglish.org/images/506886-a2-key-2020-vocabulary-list.pdf,'fæmәli,原创课堂释义与例句,offline-materials,family,authored,family · 单词里的小故事,小乐和朋友交换今天的小发现。我的家人星期天一起吃饭。小乐说：“My family eats together on Sundays.”朋友听懂了，也想起自己遇到过的事。,,My __________ eats together on Sundays.,family,我的家人星期天一起吃饭。,context,2026-09-v2,本地预制课堂素材；原创短句与场景模板,[],想象你也在这个场景里。用 family 说一句自己的话。
friend,KET,1,朋友,n.,家人与朋友,My friend helps me with maths.,我的朋友帮我学数学。,[],结合例句与生活场景整体记忆，不按相同字母强行拆词。,1,,https://www.cambridgeenglish.org/images/506886-a2-key-2020-vocabulary-list.pdf,frend,原创课堂释义与例句,offline-materials,friend,authored,friend · 单词里的小故事,小乐和朋友交换今天的小发现。我的朋友帮我学数学。小乐说：“My friend helps me with maths.”朋友听懂了，也想起自己遇到过的事。,,My __________ helps me with maths.,friend,我的朋友帮我学数学。,context,2026-09-v2,本地预制课堂素材；原创短句与场景模板,[],想象你也在这个场景里。用 friend 说一句自己的话。
friendly,KET,1,友好的,adj.,家人与朋友,The new student is friendly.,新来的学生很友好。,"[{""text"": ""friend"", ""kind"": ""root"", ""meaning"": ""朋友""}, {""text"": ""-ly"", ""kind"": ""suffix"", ""meaning"": ""具有……特点的（构成形容词）"", ""story"": ""-ly 在古英语中有表示“像……的”的形容词形式，也有表示“以某种方式”的副词形式。今天同样的结尾仍有不同工作。先问它是在描写一个人或物，还是在说明怎样做事。"", ""source"": ""https://www.merriam-webster.com/dictionary/ly-""}]",friendly 中的 -ly 构成形容词，不能把所有 -ly 词都当作副词。,0,,https://www.cambridgeenglish.org/images/506886-a2-key-2020-vocabulary-list.pdf,'frendli,原创课堂释义与例句,offline-materials,friendly,authored,friendly · 单词里的小故事,新同学第一天来，安静地站在门边。小乐走过去打招呼，邀请他坐在自己旁边，还介绍了几位朋友。这就是 friendly 留下的画面。,,The new student is __________.,friendly,新来的学生很友好。,context,2026-09-v2,本地预制课堂素材；原创短句与场景模板,"[{""en"": ""Our new neighbour is very friendly."", ""zh"": ""我们的新邻居很友好。""}]",用一个友好的动作欢迎新同学，你会怎么做？
grandchild,KET,2,孙辈；外孙辈,n.,家人与朋友,Their youngest grandchild is six.,他们最小的孙辈六岁。,[],结合例句与生活场景整体记忆，不按相同字母强行拆词。,0,,https://www.cambridgeenglish.org/images/506886-a2-key-2020-vocabulary-list.pdf,'^rændtʃaild,原创课堂释义与例句,offline-materials,grandchild,authored,grandchild · 单词里的小故事,小乐和朋友交换今天的小发现。他们最小的孙辈六岁。小乐说：“Their youngest grandchild is six.”朋友听懂了，也想起自己遇到过的事。,,Their youngest __________ is six.,grandchild,他们最小的孙辈六岁。,context,2026-09-v2,本地预制课堂素材；原创短句与场景模板,[],想象你也在这个场景里。用 grandchild 说一句自己的话。
grandfather,KET,1,祖父；外祖父,n.,家人与朋友,My grandfather likes fishing.,我的爷爷喜欢钓鱼。,[],结合例句与生活场景整体记忆，不按相同字母强行拆词。,0,,https://www.cambridgeenglish.org/images/506886-a2-key-2020-vocabulary-list.pdf,'grændfɑ:ðә,原创课堂释义与例句,offline-materials,grandfather,authored,grandfather · 单词里的小故事,小乐和朋友交换今天的小发现。我的爷爷喜欢钓鱼。小乐说：“My grandfather likes fishing.”朋友听懂了，也想起自己遇到过的事。,,My __________ likes fishing.,grandfather,我的爷爷喜欢钓鱼。,context,2026-09-v2,本地预制课堂素材；原创短句与场景模板,[],想象你也在这个场景里。用 grandfather 说一句自己的话。
grandmother,KET,1,祖母；外祖母,n.,家人与朋友,My grandmother makes lovely soup.,我的奶奶做的汤很好喝。,[],结合例句与生活场景整体记忆，不按相同字母强行拆词。,0,,https://www.cambridgeenglish.org/images/506886-a2-key-2020-vocabulary-list.pdf,'grændmʌðә,原创课堂释义与例句,offline-materials,grandmother,authored,grandmother · 单词里的小故事,小乐和朋友交换今天的小发现。我的奶奶做的汤很好喝。小乐说：“My grandmother makes lovely soup.”朋友听懂了，也想起自己遇到过的事。,,My __________ makes lovely soup.,grandmother,我的奶奶做的汤很好喝。,context,2026-09-v2,本地预制课堂素材；原创短句与场景模板,[],想象你也在这个场景里。用 grandmother 说一句自己的话。
grandparent,KET,2,祖父母或外祖父母之一,n.,家人与朋友,One grandparent lives with us.,我的一位祖辈和我们住在一起。,[],结合例句与生活场景整体记忆，不按相同字母强行拆词。,0,,https://www.cambridgeenglish.org/images/506886-a2-key-2020-vocabulary-list.pdf,'grændperәnt,原创课堂释义与例句,offline-materials,grandparent,authored,grandparent · 单词里的小故事,小乐和朋友交换今天的小发现。我的一位祖辈和我们住在一起。小乐说：“One grandparent lives with us.”朋友听懂了，也想起自己遇到过的事。,,One __________ lives with us.,grandparent,我的一位祖辈和我们住在一起。,context,2026-09-v2,本地预制课堂素材；原创短句与场景模板,[],想象你也在这个场景里。用 grandparent 说一句自己的话。
guest,KET,2,客人,n.,家人与朋友,We have a guest for dinner.,我们有一位客人来吃晚饭。,[],结合例句与生活场景整体记忆，不按相同字母强行拆词。,0,,https://www.cambridgeenglish.org/images/506886-a2-key-2020-vocabulary-list.pdf,gest,原创课堂释义与例句,offline-materials,guest,authored,guest · 单词里的小故事,小乐和朋友交换今天的小发现。我们有一位客人来吃晚饭。小乐说：“We have a guest for dinner.”朋友听懂了，也想起自己遇到过的事。,,We have a __________ for dinner.,guest,我们有一位客人来吃晚饭。,context,2026-09-v2,本地预制课堂素材；原创短句与场景模板,[],想象你也在这个场景里。用 guest 说一句自己的话。
husband,KET,2,丈夫,n.,家人与朋友,Her husband works at the library.,她的丈夫在图书馆工作。,[],结合例句与生活场景整体记忆，不按相同字母强行拆词。,0,,https://www.cambridgeenglish.org/images/506886-a2-key-2020-vocabulary-list.pdf,'hʌzbәnd,原创课堂释义与例句,offline-materials,husband,authored,husband · 单词里的小故事,小乐和朋友交换今天的小发现。她的丈夫在图书馆工作。小乐说：“Her husband works at the library.”朋友听懂了，也想起自己遇到过的事。,,Her __________ works at the library.,husband,她的丈夫在图书馆工作。,context,2026-09-v2,本地预制课堂素材；原创短句与场景模板,[],想象你也在这个场景里。用 husband 说一句自己的话。
invitation,KET,3,邀请；请柬,n.,家人与朋友,I made an invitation for my party.,我给自己的聚会做了一张请柬。,"[{""text"": ""invite"", ""kind"": ""root"", ""meaning"": ""邀请""}, {""text"": ""-ation"", ""kind"": ""suffix"", ""meaning"": ""动作或结果（构成名词）"", ""story"": ""-ation 的历史可以追溯到拉丁语。它常帮助我们给一个动作、过程或相关的结果取名字。观察本课的词基和完整单词：意思连着，拼写却可能有变化。"", ""source"": ""https://www.merriam-webster.com/dictionary/-ation""}]",这是词基与派生词的关系。拼写发生了变化，请把本课目标单词完整写对；构词成分不是原词的逐字切片。,0,,https://www.cambridgeenglish.org/images/506886-a2-key-2020-vocabulary-list.pdf,.invi'teiʃәn,原创课堂释义与例句,offline-materials,invitation,authored,invitation · 单词里的小故事,小乐和朋友交换今天的小发现。我给自己的聚会做了一张请柬。小乐说：“I made an invitation for my party.”朋友听懂了，也想起自己遇到过的事。,,I made an __________ for my party.,invitation,我给自己的聚会做了一张请柬。,context,2026-09-v2,本地预制课堂素材；原创短句与场景模板,"[{""en"": ""I sent an invitation to my best friend."", ""zh"": ""我给最好的朋友发了一份邀请。""}]",想象你也在这个场景里。用 invitation 说一句自己的话。
invite,KET,2,邀请,v.,家人与朋友,Let's invite our neighbours.,我们邀请邻居吧。,"[{""text"": ""invite"", ""kind"": ""root"", ""meaning"": ""邀请""}]",这个词本身可以作为词基，与相关派生词联系起来理解。,0,,https://www.cambridgeenglish.org/images/506886-a2-key-2020-vocabulary-list.pdf,in'vait,原创课堂释义与例句,offline-materials,invite,authored,invite · 单词里的小故事,小乐和朋友交换今天的小发现。我们邀请邻居吧。小乐说：“Let's invite our neighbours.”朋友听懂了，也想起自己遇到过的事。,,Let's __________ our neighbours.,invite,我们邀请邻居吧。,context,2026-09-v2,本地预制课堂素材；原创短句与场景模板,[],想象你也在这个场景里。用 invite 说一句自己的话。
kind,KET,1,友善的,adj.,家人与朋友,It is kind of you to help.,你愿意帮忙真友善。,"[{""text"": ""kind"", ""kind"": ""root"", ""meaning"": ""友善的""}]",这个词本身可以作为词基，与相关派生词联系起来理解。,0,,https://www.cambridgeenglish.org/images/506886-a2-key-2020-vocabulary-list.pdf,kaind,原创课堂释义与例句,offline-materials,kind,authored,kind · 单词里的小故事,小乐和朋友交换今天的小发现。你愿意帮忙真友善。小乐说：“It is kind of you to help.”朋友听懂了，也想起自己遇到过的事。,,It is __________ of you to help.,kind,你愿意帮忙真友善。,context,2026-09-v2,本地预制课堂素材；原创短句与场景模板,[],想象你也在这个场景里。用 kind 说一句自己的话。
neighbour,KET,2,邻居,n.,家人与朋友,Our neighbour has a friendly dog.,我们的邻居有一只友善的狗。,[],结合例句与生活场景整体记忆，不按相同字母强行拆词。,0,neighbor,https://www.cambridgeenglish.org/images/506886-a2-key-2020-vocabulary-list.pdf,'neibә,原创课堂释义与例句,offline-materials,neighbour,authored,neighbour · 单词里的小故事,小乐和朋友交换今天的小发现。我们的邻居有一只友善的狗。小乐说：“Our neighbour has a friendly dog.”朋友听懂了，也想起自己遇到过的事。,,Our __________ has a friendly dog.,neighbour,我们的邻居有一只友善的狗。,context,2026-09-v2,本地预制课堂素材；原创短句与场景模板,[],想象你也在这个场景里。用 neighbour 说一句自己的话。
parent,KET,1,父亲或母亲,n.,家人与朋友,Each parent gets a school letter.,每位家长都收到一封学校来信。,[],结合例句与生活场景整体记忆，不按相同字母强行拆词。,0,,https://www.cambridgeenglish.org/images/506886-a2-key-2020-vocabulary-list.pdf,'perәnt,原创课堂释义与例句,offline-materials,parent,authored,parent · 单词里的小故事,小乐和朋友交换今天的小发现。每位家长都收到一封学校来信。小乐说：“Each parent gets a school letter.”朋友听懂了，也想起自己遇到过的事。,,Each __________ gets a school letter.,parent,每位家长都收到一封学校来信。,context,2026-09-v2,本地预制课堂素材；原创短句与场景模板,[],想象你也在这个场景里。用 parent 说一句自己的话。
teenager,KET,3,青少年,n.,家人与朋友,My brother is a teenager.,我的哥哥是个青少年。,[],结合例句与生活场景整体记忆，不按相同字母强行拆词。,0,,https://www.cambridgeenglish.org/images/506886-a2-key-2020-vocabulary-list.pdf,'ti:nidʒә,原创课堂释义与例句,offline-materials,teenager,authored,teenager · 单词里的小故事,小乐和朋友交换今天的小发现。我的哥哥是个青少年。小乐说：“My brother is a teenager.”朋友听懂了，也想起自己遇到过的事。,,My brother is a __________.,teenager,我的哥哥是个青少年。,context,2026-09-v2,本地预制课堂素材；原创短句与场景模板,[],想象你也在这个场景里。用 teenager 说一句自己的话。
together,KET,2,一起,adv.,家人与朋友,We build a small house together.,我们一起搭一座小房子。,[],结合例句与生活场景整体记忆，不按相同字母强行拆词。,0,,https://www.cambridgeenglish.org/images/506886-a2-key-2020-vocabulary-list.pdf,tә'geðә,原创课堂释义与例句,offline-materials,together,authored,together · 单词里的小故事,小乐和朋友交换今天的小发现。我们一起搭一座小房子。小乐说：“We build a small house together.”朋友听懂了，也想起自己遇到过的事。,,We build a small house __________.,together,我们一起搭一座小房子。,context,2026-09-v2,本地预制课堂素材；原创短句与场景模板,[],想象你也在这个场景里。用 together 说一句自己的话。
wife,KET,2,妻子,n.,家人与朋友,His wife is a music teacher.,他的妻子是一位音乐老师。,[],结合例句与生活场景整体记忆，不按相同字母强行拆词。,0,,https://www.cambridgeenglish.org/images/506886-a2-key-2020-vocabulary-list.pdf,waif,原创课堂释义与例句,offline-materials,wife,authored,wife · 单词里的小故事,小乐和朋友交换今天的小发现。他的妻子是一位音乐老师。小乐说：“His wife is a music teacher.”朋友听懂了，也想起自己遇到过的事。,,His __________ is a music teacher.,wife,他的妻子是一位音乐老师。,context,2026-09-v2,本地预制课堂素材；原创短句与场景模板,[],想象你也在这个场景里。用 wife 说一句自己的话。
afraid,KET,1,害怕的,adj.,感受与性格,My sister is afraid of spiders.,我的妹妹怕蜘蛛。,[],结合例句与生活场景整体记忆，不按相同字母强行拆词。,0,,https://www.cambridgeenglish.org/images/506886-a2-key-2020-vocabulary-list.pdf,ә'freid,原创课堂释义与例句,offline-materials,afraid,authored,afraid · 单词里的小故事,小乐和朋友交换今天的小发现。我的妹妹怕蜘蛛。小乐说：“My sister is afraid of spiders.”朋友听懂了，也想起自己遇到过的事。,,My sister is __________ of spiders.,afraid,我的妹妹怕蜘蛛。,context,2026-09-v2,本地预制课堂素材；原创短句与场景模板,[],想象你也在这个场景里。用 afraid 说一句自己的话。
angry,KET,1,生气的,adj.,感受与性格,He is angry about the broken toy.,玩具坏了让他很生气。,[],结合例句与生活场景整体记忆，不按相同字母强行拆词。,0,,https://www.cambridgeenglish.org/images/506886-a2-key-2020-vocabulary-list.pdf,'æŋgri,原创课堂释义与例句,offline-materials,angry,authored,angry · 单词里的小故事,小乐和朋友交换今天的小发现。玩具坏了让他很生气。小乐说：“He is angry about the broken toy.”朋友听懂了，也想起自己遇到过的事。,,He is __________ about the broken toy.,angry,玩具坏了让他很生气。,context,2026-09-v2,本地预制课堂素材；原创短句与场景模板,[],想象你也在这个场景里。用 angry 说一句自己的话。
bored,KET,2,感到无聊的,adj.,感受与性格,I feel bored on the long journey.,长途旅行让我感到无聊。,[],结合例句与生活场景整体记忆，不按相同字母强行拆词。,0,,https://www.cambridgeenglish.org/images/506886-a2-key-2020-vocabulary-list.pdf,,原创课堂释义与例句,offline-materials,bored,authored,bored · 单词里的小故事,小乐和朋友交换今天的小发现。长途旅行让我感到无聊。小乐说：“I feel bored on the long journey.”朋友听懂了，也想起自己遇到过的事。,,I feel __________ on the long journey.,bored,长途旅行让我感到无聊。,context,2026-09-v2,本地预制课堂素材；原创短句与场景模板,[],想象你也在这个场景里。用 bored 说一句自己的话。
boring,KET,2,令人无聊的,adj.,感受与性格,This film is a little boring.,这部电影有点无聊。,[],结合例句与生活场景整体记忆，不按相同字母强行拆词。,0,,https://www.cambridgeenglish.org/images/506886-a2-key-2020-vocabulary-list.pdf,'bɒ:riŋ,原创课堂释义与例句,offline-materials,boring,authored,boring · 单词里的小故事,小乐和朋友交换今天的小发现。这部电影有点无聊。小乐说：“This film is a little boring.”朋友听懂了，也想起自己遇到过的事。,,This film is a little __________.,boring,这部电影有点无聊。,context,2026-09-v2,本地预制课堂素材；原创短句与场景模板,[],想象你也在这个场景里。用 boring 说一句自己的话。
brave,KET,2,勇敢的,adj.,感受与性格,The brave child tries again.,勇敢的孩子又试了一次。,[],结合例句与生活场景整体记忆，不按相同字母强行拆词。,0,,https://www.cambridgeenglish.org/images/506886-a2-key-2020-vocabulary-list.pdf,breiv,原创课堂释义与例句,offline-materials,brave,authored,brave · 单词里的小故事,小乐和朋友交换今天的小发现。勇敢的孩子又试了一次。小乐说：“The brave child tries again.”朋友听懂了，也想起自己遇到过的事。,,The __________ child tries again.,brave,勇敢的孩子又试了一次。,context,2026-09-v2,本地预制课堂素材；原创短句与场景模板,[],想象你也在这个场景里。用 brave 说一句自己的话。
careful,KET,3,小心的；仔细的,adj.,感受与性格,Be careful with the glass.,拿玻璃杯时要小心。,"[{""text"": ""care"", ""kind"": ""root"", ""meaning"": ""小心；关心""}, {""text"": ""-ful"", ""kind"": ""suffix"", ""meaning"": ""有……特征的；充满……的"", ""story"": ""-ful 可以追溯到古英语中表示“满的”的 full。今天它常表示具有某种特征。可以把它想成“装着某种特点”的小口袋。注意：独立单词 full 有两个 l，后缀 -ful 只有一个。"", ""source"": ""https://www.merriam-webster.com/dictionary/-ful""}]",接上 -ful，常表示具有这个词基描述的特征。,0,,https://www.cambridgeenglish.org/images/506886-a2-key-2020-vocabulary-list.pdf,'kєәful,原创课堂释义与例句,offline-materials,careful,authored,careful · 单词里的小故事,小乐端着一杯热水走向桌子。朋友刚想伸手，她便轻声提醒对方小心。两个人把杯子稳稳放好，才一起坐下来。这就是 careful 留下的画面。,,Be __________ with the glass.,careful,拿玻璃杯时要小心。,context,2026-09-v2,本地预制课堂素材；原创短句与场景模板,"[{""en"": ""Be careful with that hot cup."", ""zh"": ""小心那个烫杯子。""}]",你做什么事情时需要特别小心？
clever,KET,2,聪明的,adj.,感受与性格,The clever dog opens the gate.,这只聪明的狗打开了门。,[],结合例句与生活场景整体记忆，不按相同字母强行拆词。,0,,https://www.cambridgeenglish.org/images/506886-a2-key-2020-vocabulary-list.pdf,'klevә,原创课堂释义与例句,offline-materials,clever,authored,clever · 单词里的小故事,小乐和朋友交换今天的小发现。这只聪明的狗打开了门。小乐说：“The clever dog opens the gate.”朋友听懂了，也想起自己遇到过的事。,,The __________ dog opens the gate.,clever,这只聪明的狗打开了门。,context,2026-09-v2,本地预制课堂素材；原创短句与场景模板,[],想象你也在这个场景里。用 clever 说一句自己的话。
excited,KET,2,兴奋的,adj.,感受与性格,We are excited about the trip.,我们对这次旅行很兴奋。,[],结合例句与生活场景整体记忆，不按相同字母强行拆词。,0,,https://www.cambridgeenglish.org/images/506886-a2-key-2020-vocabulary-list.pdf,ik'saitid,原创课堂释义与例句,offline-materials,excited,authored,excited · 单词里的小故事,小乐和朋友交换今天的小发现。我们对这次旅行很兴奋。小乐说：“We are excited about the trip.”朋友听懂了，也想起自己遇到过的事。,,We are __________ about the trip.,excited,我们对这次旅行很兴奋。,context,2026-09-v2,本地预制课堂素材；原创短句与场景模板,[],想象你也在这个场景里。用 excited 说一句自己的话。
exciting,KET,2,令人兴奋的,adj.,感受与性格,It is an exciting story.,这是一个令人兴奋的故事。,[],结合例句与生活场景整体记忆，不按相同字母强行拆词。,0,,https://www.cambridgeenglish.org/images/506886-a2-key-2020-vocabulary-list.pdf,ik'saitiŋ,原创课堂释义与例句,offline-materials,exciting,authored,exciting · 单词里的小故事,小乐和朋友交换今天的小发现。这是一个令人兴奋的故事。小乐说：“It is an exciting story.”朋友听懂了，也想起自己遇到过的事。,,It is an __________ story.,exciting,这是一个令人兴奋的故事。,context,2026-09-v2,本地预制课堂素材；原创短句与场景模板,[],想象你也在这个场景里。用 exciting 说一句自己的话。
happy,KET,1,快乐的,adj.,感受与性格,I am happy to see you.,见到你我很开心。,"[{""text"": ""happy"", ""kind"": ""root"", ""meaning"": ""快乐的""}]",这个词本身可以作为词基，与相关派生词联系起来理解。,1,,https://www.cambridgeenglish.org/images/506886-a2-key-2020-vocabulary-list.pdf,'hæpi,原创课堂释义与例句,offline-materials,happy,authored,happy · 单词里的小故事,小乐和朋友交换今天的小发现。见到你我很开心。小乐说：“I am happy to see you.”朋友听懂了，也想起自己遇到过的事。,,I am __________ to see you.,happy,见到你我很开心。,context,2026-09-v2,本地预制课堂素材；原创短句与场景模板,[],想象你也在这个场景里。用 happy 说一句自己的话。
helpful,KET,3,乐于助人的；有帮助的,adj.,感受与性格,Your advice is helpful.,你的建议很有帮助。,"[{""text"": ""help"", ""kind"": ""root"", ""meaning"": ""帮助""}, {""text"": ""-ful"", ""kind"": ""suffix"", ""meaning"": ""有……特征的；充满……的"", ""story"": ""-ful 可以追溯到古英语中表示“满的”的 full。今天它常表示具有某种特征。可以把它想成“装着某种特点”的小口袋。注意：独立单词 full 有两个 l，后缀 -ful 只有一个。"", ""source"": ""https://www.merriam-webster.com/dictionary/-ful""}]",接上 -ful，常表示具有这个词基描述的特征。,0,,https://www.cambridgeenglish.org/images/506886-a2-key-2020-vocabulary-list.pdf,'helpful,原创课堂释义与例句,offline-materials,helpful,authored,helpful · 单词里的小故事,第一次来学校的小朋友找不到教室。小乐拿出地图，指着路口一步步说明。对方很快就找到了地方。这就是 helpful 留下的画面。,,Your advice is __________.,helpful,你的建议很有帮助。,context,2026-09-v2,本地预制课堂素材；原创短句与场景模板,"[{""en"": ""This map is helpful when we visit a new town."", ""zh"": ""去一个新城镇时，这张地图很有帮助。""}]",谁做过一件对你很有帮助的事？
hungry,KET,1,饥饿的,adj.,感受与性格,The children are hungry after school.,孩子们放学后饿了。,[],结合例句与生活场景整体记忆，不按相同字母强行拆词。,0,,https://www.cambridgeenglish.org/images/506886-a2-key-2020-vocabulary-list.pdf,'hʌŋgi,原创课堂释义与例句,offline-materials,hungry,authored,hungry · 单词里的小故事,小乐和朋友交换今天的小发现。孩子们放学后饿了。小乐说：“The children are hungry after school.”朋友听懂了，也想起自己遇到过的事。,,The children are __________ after school.,hungry,孩子们放学后饿了。,context,2026-09-v2,本地预制课堂素材；原创短句与场景模板,"[{""en"": ""Are you hungry enough for another sandwich?"", ""zh"": ""你还饿吗，要不要再吃一个三明治？""}]",想象你也在这个场景里。用 hungry 说一句自己的话。
interested,KET,3,感兴趣的,adj.,感受与性格,I am interested in robots.,我对机器人感兴趣。,"[{""text"": ""interested"", ""kind"": ""root"", ""meaning"": ""感兴趣的""}]",这个词本身可以作为词基，与相关派生词联系起来理解。,0,,https://www.cambridgeenglish.org/images/506886-a2-key-2020-vocabulary-list.pdf,'intristid,原创课堂释义与例句,offline-materials,interested,authored,interested · 单词里的小故事,小乐和朋友交换今天的小发现。我对机器人感兴趣。小乐说：“I am interested in robots.”朋友听懂了，也想起自己遇到过的事。,,I am __________ in robots.,interested,我对机器人感兴趣。,context,2026-09-v2,本地预制课堂素材；原创短句与场景模板,[],想象你也在这个场景里。用 interested 说一句自己的话。
interesting,KET,3,有趣的,adj.,感受与性格,We find an interesting book.,我们找到了一本有趣的书。,[],结合例句与生活场景整体记忆，不按相同字母强行拆词。,0,,https://www.cambridgeenglish.org/images/506886-a2-key-2020-vocabulary-list.pdf,'intristiŋ,原创课堂释义与例句,offline-materials,interesting,authored,interesting · 单词里的小故事,小乐和朋友交换今天的小发现。我们找到了一本有趣的书。小乐说：“We find an interesting book.”朋友听懂了，也想起自己遇到过的事。,,We find an __________ book.,interesting,我们找到了一本有趣的书。,context,2026-09-v2,本地预制课堂素材；原创短句与场景模板,[],想象你也在这个场景里。用 interesting 说一句自己的话。
lazy,KET,2,懒惰的,adj.,感受与性格,Our lazy cat sleeps all afternoon.,我们懒洋洋的猫睡了一下午。,[],结合例句与生活场景整体记忆，不按相同字母强行拆词。,0,,https://www.cambridgeenglish.org/images/506886-a2-key-2020-vocabulary-list.pdf,'leizi,原创课堂释义与例句,offline-materials,lazy,authored,lazy · 单词里的小故事,小乐和朋友交换今天的小发现。我们懒洋洋的猫睡了一下午。小乐说：“Our lazy cat sleeps all afternoon.”朋友听懂了，也想起自己遇到过的事。,,Our __________ cat sleeps all afternoon.,lazy,我们懒洋洋的猫睡了一下午。,context,2026-09-v2,本地预制课堂素材；原创短句与场景模板,[],想象你也在这个场景里。用 lazy 说一句自己的话。
lucky,KET,2,幸运的,adj.,感受与性格,We are lucky to have sunny weather.,我们很幸运遇上了晴天。,"[{""text"": ""luck"", ""kind"": ""root"", ""meaning"": ""运气""}, {""text"": ""-y"", ""kind"": ""suffix"", ""meaning"": ""有……特征的"", ""story"": ""表示特征的 -y 可以追溯到古英语的 -ig。它常帮助我们描述一个事物有什么特点。先看看词基指什么，再想想“有这种特点的”会是什么样子。"", ""source"": ""https://www.merriam-webster.com/dictionary/-y""}]",sunny、foggy 双写末尾辅音；noisy 去掉 noise 的 e。只留意本词适用的变化。,0,,https://www.cambridgeenglish.org/images/506886-a2-key-2020-vocabulary-list.pdf,'lʌki,原创课堂释义与例句,offline-materials,lucky,authored,lucky · 单词里的小故事,小乐和朋友交换今天的小发现。我们很幸运遇上了晴天。小乐说：“We are lucky to have sunny weather.”朋友听懂了，也想起自己遇到过的事。,,We are __________ to have sunny weather.,lucky,我们很幸运遇上了晴天。,context,2026-09-v2,本地预制课堂素材；原创短句与场景模板,"[{""en"": ""I am lucky to have such a good friend."", ""zh"": ""我很幸运，有这么好的朋友。""}]",想象你也在这个场景里。用 lucky 说一句自己的话。
noisy,KET,2,吵闹的,adj.,感受与性格,The classroom gets noisy at lunch.,午饭时教室变得吵闹。,"[{""text"": ""noise"", ""kind"": ""root"", ""meaning"": ""噪声""}, {""text"": ""-y"", ""kind"": ""suffix"", ""meaning"": ""有……特征的"", ""story"": ""表示特征的 -y 可以追溯到古英语的 -ig。它常帮助我们描述一个事物有什么特点。先看看词基指什么，再想想“有这种特点的”会是什么样子。"", ""source"": ""https://www.merriam-webster.com/dictionary/-y""}]",sunny、foggy 双写末尾辅音；noisy 去掉 noise 的 e。只留意本词适用的变化。,0,,https://www.cambridgeenglish.org/images/506886-a2-key-2020-vocabulary-list.pdf,'nɒizi,原创课堂释义与例句,offline-materials,noisy,authored,noisy · 单词里的小故事,小乐和朋友交换今天的小发现。午饭时教室变得吵闹。小乐说：“The classroom gets noisy at lunch.”朋友听懂了，也想起自己遇到过的事。,,The classroom gets __________ at lunch.,noisy,午饭时教室变得吵闹。,context,2026-09-v2,本地预制课堂素材；原创短句与场景模板,"[{""en"": ""The room is too noisy for reading."", ""zh"": ""房间太吵，无法读书。""}]",想象你也在这个场景里。用 noisy 说一句自己的话。
polite,KET,3,有礼貌的,adj.,感受与性格,The child gives a polite answer.,孩子礼貌地回答了。,"[{""text"": ""polite"", ""kind"": ""root"", ""meaning"": ""有礼貌的""}]",这个词本身可以作为词基，与相关派生词联系起来理解。,0,,https://www.cambridgeenglish.org/images/506886-a2-key-2020-vocabulary-list.pdf,pә'lait,原创课堂释义与例句,offline-materials,polite,authored,polite · 单词里的小故事,小乐和朋友交换今天的小发现。孩子礼貌地回答了。小乐说：“The child gives a polite answer.”朋友听懂了，也想起自己遇到过的事。,,The child gives a __________ answer.,polite,孩子礼貌地回答了。,context,2026-09-v2,本地预制课堂素材；原创短句与场景模板,[],想象你也在这个场景里。用 polite 说一句自己的话。
quiet,KET,1,安静的,adj.,感受与性格,The garden is quiet this morning.,今天早晨花园很安静。,"[{""text"": ""quiet"", ""kind"": ""root"", ""meaning"": ""安静的""}]",这个词本身可以作为词基，与相关派生词联系起来理解。,0,,https://www.cambridgeenglish.org/images/506886-a2-key-2020-vocabulary-list.pdf,'kwaiәt,原创课堂释义与例句,offline-materials,quiet,authored,quiet · 单词里的小故事,小乐和朋友交换今天的小发现。今天早晨花园很安静。小乐说：“The garden is quiet this morning.”朋友听懂了，也想起自己遇到过的事。,,The garden is __________ this morning.,quiet,今天早晨花园很安静。,context,2026-09-v2,本地预制课堂素材；原创短句与场景模板,[],想象你也在这个场景里。用 quiet 说一句自己的话。
surprised,KET,3,惊讶的,adj.,感受与性格,She is surprised to see the cake.,看到蛋糕她很惊讶。,[],结合例句与生活场景整体记忆，不按相同字母强行拆词。,0,,https://www.cambridgeenglish.org/images/506886-a2-key-2020-vocabulary-list.pdf,sә'praizd,原创课堂释义与例句,offline-materials,surprised,authored,surprised · 单词里的小故事,小乐和朋友交换今天的小发现。看到蛋糕她很惊讶。小乐说：“She is surprised to see the cake.”朋友听懂了，也想起自己遇到过的事。,,She is __________ to see the cake.,surprised,看到蛋糕她很惊讶。,context,2026-09-v2,本地预制课堂素材；原创短句与场景模板,[],想象你也在这个场景里。用 surprised 说一句自己的话。
thirsty,KET,1,口渴的,adj.,感受与性格,I am thirsty after running.,跑步后我口渴了。,"[{""text"": ""thirst"", ""kind"": ""root"", ""meaning"": ""口渴""}, {""text"": ""-y"", ""kind"": ""suffix"", ""meaning"": ""有……特征的"", ""story"": ""表示特征的 -y 可以追溯到古英语的 -ig。它常帮助我们描述一个事物有什么特点。先看看词基指什么，再想想“有这种特点的”会是什么样子。"", ""source"": ""https://www.merriam-webster.com/dictionary/-y""}]",先理解词基，再看词缀如何改变含义或词性。,0,,https://www.cambridgeenglish.org/images/506886-a2-key-2020-vocabulary-list.pdf,'θә:sti,原创课堂释义与例句,offline-materials,thirsty,authored,thirsty · 单词里的小故事,小乐和朋友交换今天的小发现。跑步后我口渴了。小乐说：“I am thirsty after running.”朋友听懂了，也想起自己遇到过的事。,,I am __________ after running.,thirsty,跑步后我口渴了。,context,2026-09-v2,本地预制课堂素材；原创短句与场景模板,"[{""en"": ""We are thirsty after the game."", ""zh"": ""比赛后我们口渴了。""}]",想象你也在这个场景里。用 thirsty 说一句自己的话。
tired,KET,1,疲倦的,adj.,感受与性格,I feel tired after the game.,比赛后我觉得累。,[],结合例句与生活场景整体记忆，不按相同字母强行拆词。,0,,https://www.cambridgeenglish.org/images/506886-a2-key-2020-vocabulary-list.pdf,taiәd,原创课堂释义与例句,offline-materials,tired,authored,tired · 单词里的小故事,小乐和朋友交换今天的小发现。比赛后我觉得累。小乐说：“I feel tired after the game.”朋友听懂了，也想起自己遇到过的事。,,I feel __________ after the game.,tired,比赛后我觉得累。,context,2026-09-v2,本地预制课堂素材；原创短句与场景模板,[],想象你也在这个场景里。用 tired 说一句自己的话。
unhappy,KET,1,不开心的,adj.,感受与性格,He feels unhappy about the rain.,下雨让他不开心。,"[{""text"": ""un-"", ""kind"": ""prefix"", ""meaning"": ""不；非"", ""story"": ""表示“不”的 un- 在古英语中就已经存在。放在一些形容词前面，它能把意思转向相反的一边。读完整个词，再检查这种相反的意思是否说得通。"", ""source"": ""https://www.merriam-webster.com/dictionary/un-""}, {""text"": ""happy"", ""kind"": ""root"", ""meaning"": ""快乐的""}]",先说出词基的意思，再想一想加上否定前缀后发生了什么变化。,0,,https://www.cambridgeenglish.org/images/506886-a2-key-2020-vocabulary-list.pdf,.ʌn'hæpi,原创课堂释义与例句,offline-materials,unhappy,authored,unhappy · 单词里的小故事,朋友今天请假了，小乐午休时有点不开心。她画了一张小卡片，想等朋友回来时送给他。想到这里，她的心情好了一点。这就是 unhappy 留下的画面。,,He feels __________ about the rain.,unhappy,下雨让他不开心。,context,2026-09-v2,本地预制课堂素材；原创短句与场景模板,"[{""en"": ""He feels unhappy when he cannot see his friends."", ""zh"": ""见不到朋友时，他觉得不开心。""}]",不开心时，你喜欢做什么？
worried,KET,2,担心的,adj.,感受与性格,I am worried about my cat.,我很担心我的猫。,[],结合例句与生活场景整体记忆，不按相同字母强行拆词。,0,,https://www.cambridgeenglish.org/images/506886-a2-key-2020-vocabulary-list.pdf,'wʌrid,原创课堂释义与例句,offline-materials,worried,authored,worried · 单词里的小故事,小乐和朋友交换今天的小发现。我很担心我的猫。小乐说：“I am worried about my cat.”朋友听懂了，也想起自己遇到过的事。,,I am __________ about my cat.,worried,我很担心我的猫。,context,2026-09-v2,本地预制课堂素材；原创短句与场景模板,[],想象你也在这个场景里。用 worried 说一句自己的话。
advice,KET,1,忠告；劝告；意见,n.,感受与表达,We talked about the advice today.,我们今天谈到了忠告。,[],结合常用释义整体记忆。先听老师读，再用自己的生活场景解释。,0,,https://www.cambridgeenglish.org/images/506886-a2-key-2020-vocabulary-list.pdf,әd'vais,https://github.com/skywind3000/ECDICT,offline-materials,advice,discussion,advice · 单词里的小故事,小乐和朋友聊起今天的一件事。我们今天谈到了忠告。小乐说：“We talked about the advice today.”朋友听懂了，也想起自己遇到过的事。,,We talked about the __________ today.,advice,我们今天谈到了忠告。,context,2026-09-v2,本地预制课堂素材；原创短句与场景模板,[],想象你也在这个场景里。用 advice 说一句自己的话。
feel,KET,1,感觉；觉得；触摸,v.,感受与表达,I feel happy today.,我今天感到开心。,[],结合常用释义整体记忆。先听老师读，再用自己的生活场景解释。,0,,https://www.cambridgeenglish.org/images/506886-a2-key-2020-vocabulary-list.pdf,fi:l,https://github.com/skywind3000/ECDICT,offline-materials,feel,authored,feel · 单词里的小故事,小乐和朋友交换今天的小发现。我今天感到开心。小乐说：“I feel happy today.”朋友听懂了，也想起自己遇到过的事。,,I __________ happy today.,feel,我今天感到开心。,context,2026-09-v2,本地预制课堂素材；原创短句与场景模板,[],想象你也在这个场景里。用 feel 说一句自己的话。
feelings,KET,3,感情；情绪；心情,n.,感受与表达,We talked about the feelings today.,我们今天谈到了感情。,[],结合常用释义整体记忆。先听老师读，再用自己的生活场景解释。,0,,https://www.cambridgeenglish.org/images/506886-a2-key-2020-vocabulary-list.pdf,,https://github.com/skywind3000/ECDICT,offline-materials,feelings,discussion,feelings · 单词里的小故事,小乐和朋友聊起今天的一件事。我们今天谈到了感情。小乐说：“We talked about the feelings today.”朋友听懂了，也想起自己遇到过的事。,,We talked about the __________ today.,feelings,我们今天谈到了感情。,context,2026-09-v2,本地预制课堂素材；原创短句与场景模板,[],想象你也在这个场景里。用 feelings 说一句自己的话。
glad,KET,2,高兴的；喜欢的；情愿的,adj.,感受与表达,I feel glad today.,我今天感到高兴的。,[],结合常用释义整体记忆。先听老师读，再用自己的生活场景解释。,0,,https://www.cambridgeenglish.org/images/506886-a2-key-2020-vocabulary-list.pdf,glæd,https://github.com/skywind3000/ECDICT,offline-materials,glad,feeling,glad · 单词里的小故事,老师请大家用一个词说说今天的感受，小乐先举了手。我今天感到高兴的。小乐说：“I feel glad today.”朋友听懂了，也想起自己遇到过的事。,,I feel __________ today.,glad,我今天感到高兴的。,context,2026-09-v2,本地预制课堂素材；原创短句与场景模板,[],想象你也在这个场景里。用 glad 说一句自己的话。
opinion,KET,1,意见；评价；主张,n.,感受与表达,We talked about the opinion today.,我们今天谈到了意见。,[],结合常用释义整体记忆。先听老师读，再用自己的生活场景解释。,0,,https://www.cambridgeenglish.org/images/506886-a2-key-2020-vocabulary-list.pdf,ә'pinjәn,https://github.com/skywind3000/ECDICT,offline-materials,opinion,discussion,opinion · 单词里的小故事,小乐和朋友聊起今天的一件事。我们今天谈到了意见。小乐说：“We talked about the opinion today.”朋友听懂了，也想起自己遇到过的事。,,We talked about the __________ today.,opinion,我们今天谈到了意见。,context,2026-09-v2,本地预制课堂素材；原创短句与场景模板,[],想象你也在这个场景里。用 opinion 说一句自己的话。
please,KET,1,使高兴；合...的心意；取悦,v; exclam.,感受与表达,Please open the door.,请打开门。,[],结合常用释义整体记忆。先听老师读，再用自己的生活场景解释。,1,,https://www.cambridgeenglish.org/images/506886-a2-key-2020-vocabulary-list.pdf,pli:z,https://github.com/skywind3000/ECDICT,offline-materials,please,authored,please · 单词里的小故事,小乐和朋友交换今天的小发现。请打开门。小乐说：“Please open the door.”朋友听懂了，也想起自己遇到过的事。,,__________ open the door.,Please,请打开门。,context,2026-09-v2,本地预制课堂素材；原创短句与场景模板,[],想象你也在这个场景里。用 please 说一句自己的话。
pleased,KET,1,高兴的；喜欢的；满足的,adj.,感受与表达,I feel pleased today.,我今天感到高兴的。,[],结合常用释义整体记忆。先听老师读，再用自己的生活场景解释。,0,,https://www.cambridgeenglish.org/images/506886-a2-key-2020-vocabulary-list.pdf,pli:zd,https://github.com/skywind3000/ECDICT,offline-materials,pleased,feeling,pleased · 单词里的小故事,老师请大家用一个词说说今天的感受，小乐先举了手。我今天感到高兴的。小乐说：“I feel pleased today.”朋友听懂了，也想起自己遇到过的事。,,I feel __________ today.,pleased,我今天感到高兴的。,context,2026-09-v2,本地预制课堂素材；原创短句与场景模板,[],想象你也在这个场景里。用 pleased 说一句自己的话。
beautiful,KET,1,美丽的,adj.,描述与比较,The lake looks beautiful at sunset.,日落时湖泊看起来很美。,"[{""text"": ""beauty"", ""kind"": ""root"", ""meaning"": ""美""}, {""text"": ""-ful"", ""kind"": ""suffix"", ""meaning"": ""有……特征的；充满……的"", ""story"": ""-ful 可以追溯到古英语中表示“满的”的 full。今天它常表示具有某种特征。可以把它想成“装着某种特点”的小口袋。注意：独立单词 full 有两个 l，后缀 -ful 只有一个。"", ""source"": ""https://www.merriam-webster.com/dictionary/-ful""}]",beauty 的 y 变 i 后接 -ful：beautiful。,0,,https://www.cambridgeenglish.org/images/506886-a2-key-2020-vocabulary-list.pdf,'bju:tiful,原创课堂释义与例句,offline-materials,beautiful,authored,beautiful · 单词里的小故事,小乐和朋友交换今天的小发现。日落时湖泊看起来很美。小乐说：“The lake looks beautiful at sunset.”朋友听懂了，也想起自己遇到过的事。,,The lake looks __________ at sunset.,beautiful,日落时湖泊看起来很美。,context,2026-09-v2,本地预制课堂素材；原创短句与场景模板,"[{""en"": ""What a beautiful day for a walk!"", ""zh"": ""今天真是适合散步的好天气！""}]",想象你也在这个场景里。用 beautiful 说一句自己的话。
dangerous,KET,3,危险的,adj.,描述与比较,It is dangerous to run here.,在这里跑很危险。,"[{""text"": ""danger"", ""kind"": ""root"", ""meaning"": ""危险""}, {""text"": ""-ous"", ""kind"": ""suffix"", ""meaning"": ""有……性质的"", ""story"": ""-ous 经由法语进入英语，更早来自拉丁语 -osus。它常表示具有某种性质。找到它前面的词基，想一想：这个人、地方或东西，带着什么特点？"", ""source"": ""https://www.merriam-webster.com/dictionary/-ous""}]",danger + -ous，把危险这个名词变成描述事物的形容词。,0,,https://www.cambridgeenglish.org/images/506886-a2-key-2020-vocabulary-list.pdf,'deindʒәrәs,原创课堂释义与例句,offline-materials,dangerous,authored,dangerous · 单词里的小故事,小乐和朋友交换今天的小发现。在这里跑很危险。小乐说：“It is dangerous to run here.”朋友听懂了，也想起自己遇到过的事。,,It is __________ to run here.,dangerous,在这里跑很危险。,context,2026-09-v2,本地预制课堂素材；原创短句与场景模板,"[{""en"": ""It is dangerous to swim here alone."", ""zh"": ""独自在这里游泳很危险。""}]",想象你也在这个场景里。用 dangerous 说一句自己的话。
different,KET,1,不同的,adj.,描述与比较,We have different ideas.,我们有不同的想法。,"[{""text"": ""different"", ""kind"": ""root"", ""meaning"": ""不同的""}]",这个词本身可以作为词基，与相关派生词联系起来理解。,0,,https://www.cambridgeenglish.org/images/506886-a2-key-2020-vocabulary-list.pdf,'difәrәnt,原创课堂释义与例句,offline-materials,different,authored,different · 单词里的小故事,小乐和朋友交换今天的小发现。我们有不同的想法。小乐说：“We have different ideas.”朋友听懂了，也想起自己遇到过的事。,,We have __________ ideas.,different,我们有不同的想法。,context,2026-09-v2,本地预制课堂素材；原创短句与场景模板,[],想象你也在这个场景里。用 different 说一句自己的话。
difficult,KET,1,困难的,adj.,描述与比较,This question is difficult.,这个问题很难。,[],结合例句与生活场景整体记忆，不按相同字母强行拆词。,0,,https://www.cambridgeenglish.org/images/506886-a2-key-2020-vocabulary-list.pdf,'difikәlt,原创课堂释义与例句,offline-materials,difficult,authored,difficult · 单词里的小故事,小乐和朋友交换今天的小发现。这个问题很难。小乐说：“This question is difficult.”朋友听懂了，也想起自己遇到过的事。,,This question is __________.,difficult,这个问题很难。,context,2026-09-v2,本地预制课堂素材；原创短句与场景模板,[],想象你也在这个场景里。用 difficult 说一句自己的话。
empty,KET,1,空的,adj.,描述与比较,My water bottle is empty.,我的水瓶空了。,[],结合例句与生活场景整体记忆，不按相同字母强行拆词。,0,,https://www.cambridgeenglish.org/images/506886-a2-key-2020-vocabulary-list.pdf,'empti,原创课堂释义与例句,offline-materials,empty,authored,empty · 单词里的小故事,小乐和朋友交换今天的小发现。我的水瓶空了。小乐说：“My water bottle is empty.”朋友听懂了，也想起自己遇到过的事。,,My water bottle is __________.,empty,我的水瓶空了。,context,2026-09-v2,本地预制课堂素材；原创短句与场景模板,[],想象你也在这个场景里。用 empty 说一句自己的话。
enough,KET,1,足够的；足够,det.; adv.,描述与比较,We have enough chairs.,我们有足够的椅子。,[],结合例句与生活场景整体记忆，不按相同字母强行拆词。,0,,https://www.cambridgeenglish.org/images/506886-a2-key-2020-vocabulary-list.pdf,i'nʌf,原创课堂释义与例句,offline-materials,enough,authored,enough · 单词里的小故事,小乐和朋友交换今天的小发现。我们有足够的椅子。小乐说：“We have enough chairs.”朋友听懂了，也想起自己遇到过的事。,,We have __________ chairs.,enough,我们有足够的椅子。,context,2026-09-v2,本地预制课堂素材；原创短句与场景模板,[],想象你也在这个场景里。用 enough 说一句自己的话。
excellent,KET,3,优秀的；极好的,adj.,描述与比较,That is an excellent answer.,那个答案很棒。,[],结合例句与生活场景整体记忆，不按相同字母强行拆词。,0,,https://www.cambridgeenglish.org/images/506886-a2-key-2020-vocabulary-list.pdf,'ekslәnt,原创课堂释义与例句,offline-materials,excellent,authored,excellent · 单词里的小故事,小乐和朋友交换今天的小发现。那个答案很棒。小乐说：“That is an excellent answer.”朋友听懂了，也想起自己遇到过的事。,,That is an __________ answer.,excellent,那个答案很棒。,context,2026-09-v2,本地预制课堂素材；原创短句与场景模板,[],想象你也在这个场景里。用 excellent 说一句自己的话。
famous,KET,2,著名的,adj.,描述与比较,This town is famous for cheese.,这座小镇以奶酪闻名。,[],结合例句与生活场景整体记忆，不按相同字母强行拆词。,0,,https://www.cambridgeenglish.org/images/506886-a2-key-2020-vocabulary-list.pdf,'feimәs,原创课堂释义与例句,offline-materials,famous,authored,famous · 单词里的小故事,小乐和朋友交换今天的小发现。这座小镇以奶酪闻名。小乐说：“This town is famous for cheese.”朋友听懂了，也想起自己遇到过的事。,,This town is __________ for cheese.,famous,这座小镇以奶酪闻名。,context,2026-09-v2,本地预制课堂素材；原创短句与场景模板,"[{""en"": ""This town is famous for its bread."", ""zh"": ""这个小镇因面包而闻名。""}]",想象你也在这个场景里。用 famous 说一句自己的话。
full,KET,1,满的,adj.,描述与比较,The bus is full.,公共汽车满员了。,[],结合例句与生活场景整体记忆，不按相同字母强行拆词。,0,,https://www.cambridgeenglish.org/images/506886-a2-key-2020-vocabulary-list.pdf,ful,原创课堂释义与例句,offline-materials,full,authored,full · 单词里的小故事,小乐和朋友交换今天的小发现。公共汽车满员了。小乐说：“The bus is full.”朋友听懂了，也想起自己遇到过的事。,,The bus is __________.,full,公共汽车满员了。,context,2026-09-v2,本地预制课堂素材；原创短句与场景模板,[],想象你也在这个场景里。用 full 说一句自己的话。
hard,KET,1,硬的；困难的,adj.,描述与比较,The floor is hard.,地板很硬。,[],结合例句与生活场景整体记忆，不按相同字母强行拆词。,0,,https://www.cambridgeenglish.org/images/506886-a2-key-2020-vocabulary-list.pdf,hɑ:d,原创课堂释义与例句,offline-materials,hard,authored,hard · 单词里的小故事,小乐和朋友交换今天的小发现。地板很硬。小乐说：“The floor is hard.”朋友听懂了，也想起自己遇到过的事。,,The floor is __________.,hard,地板很硬。,context,2026-09-v2,本地预制课堂素材；原创短句与场景模板,[],想象你也在这个场景里。用 hard 说一句自己的话。
heavy,KET,1,重的,adj.,描述与比较,This bag is too heavy for me.,这个包对我来说太重了。,[],结合例句与生活场景整体记忆，不按相同字母强行拆词。,0,,https://www.cambridgeenglish.org/images/506886-a2-key-2020-vocabulary-list.pdf,'hevi,原创课堂释义与例句,offline-materials,heavy,authored,heavy · 单词里的小故事,小乐和朋友交换今天的小发现。这个包对我来说太重了。小乐说：“This bag is too heavy for me.”朋友听懂了，也想起自己遇到过的事。,,This bag is too __________ for me.,heavy,这个包对我来说太重了。,context,2026-09-v2,本地预制课堂素材；原创短句与场景模板,[],想象你也在这个场景里。用 heavy 说一句自己的话。
important,KET,1,重要的,adj.,描述与比较,It is important to listen.,倾听很重要。,"[{""text"": ""important"", ""kind"": ""root"", ""meaning"": ""重要的""}]",这个词本身可以作为词基，与相关派生词联系起来理解。,0,,https://www.cambridgeenglish.org/images/506886-a2-key-2020-vocabulary-list.pdf,im'pɒ:tәnt,原创课堂释义与例句,offline-materials,important,authored,important · 单词里的小故事,小乐和朋友交换今天的小发现。倾听很重要。小乐说：“It is important to listen.”朋友听懂了，也想起自己遇到过的事。,,It is __________ to listen.,important,倾听很重要。,context,2026-09-v2,本地预制课堂素材；原创短句与场景模板,[],想象你也在这个场景里。用 important 说一句自己的话。
impossible,KET,3,不可能的,adj.,描述与比较,It is impossible to finish in a minute.,不可能在一分钟内完成。,"[{""text"": ""im-"", ""kind"": ""prefix"", ""meaning"": ""不；非"", ""story"": ""这里的 im- 是表示“不”的 in- 的一种形式；这个前缀来自拉丁语。在某些词中，后面接的声音让 n 变成了更顺口的 m。先理解“不”，再看完整词义。"", ""source"": ""https://www.merriam-webster.com/dictionary/in-""}, {""text"": ""possible"", ""kind"": ""root"", ""meaning"": ""可能的""}]",否定前缀 in- 在 possible 的 p 前写成 im-。不要把所有以 im 开头的词都按这个规则拆分。,0,,https://www.cambridgeenglish.org/images/506886-a2-key-2020-vocabulary-list.pdf,im'pɒsәbl,原创课堂释义与例句,offline-materials,impossible,authored,impossible · 单词里的小故事,朋友说要一分钟读完整本厚书。小乐翻了翻，发现有那么多页，摇了摇头。这么短的时间里，实在做不到。这就是 impossible 留下的画面。,,It is __________ to finish in a minute.,impossible,不可能在一分钟内完成。,context,2026-09-v2,本地预制课堂素材；原创短句与场景模板,"[{""en"": ""It is impossible to finish all this in one minute."", ""zh"": ""不可能在一分钟内完成所有这些事。""}]",有什么事情是你现在不可能在一分钟里完成的？
light,KET,1,光；灯；轻的,adj.,描述与比较,My new backpack is light.,我的新背包很轻。,[],结合例句与生活场景整体记忆，不按相同字母强行拆词。,0,,https://www.cambridgeenglish.org/images/506886-a2-key-2020-vocabulary-list.pdf,lait,常用义教学修订；原词典见 ECDICT-LICENSE.txt,offline-materials,light,authored,light · 单词里的小故事,小乐和朋友交换今天的小发现。我的新背包很轻。小乐说：“My new backpack is light.”朋友听懂了，也想起自己遇到过的事。,,My new backpack is __________.,light,我的新背包很轻。,context,2026-09-v2,本地预制课堂素材；原创短句与场景模板,[],想象你也在这个场景里。用 light 说一句自己的话。
popular,KET,2,受欢迎的,adj.,描述与比较,This game is popular at school.,这个游戏在学校很受欢迎。,[],结合例句与生活场景整体记忆，不按相同字母强行拆词。,0,,https://www.cambridgeenglish.org/images/506886-a2-key-2020-vocabulary-list.pdf,'pɒpjulә,原创课堂释义与例句,offline-materials,popular,authored,popular · 单词里的小故事,小乐和朋友交换今天的小发现。这个游戏在学校很受欢迎。小乐说：“This game is popular at school.”朋友听懂了，也想起自己遇到过的事。,,This game is __________ at school.,popular,这个游戏在学校很受欢迎。,context,2026-09-v2,本地预制课堂素材；原创短句与场景模板,[],想象你也在这个场景里。用 popular 说一句自己的话。
possible,KET,3,可能的,adj.,描述与比较,Is it possible to walk there?,可以步行到那里吗？,[],结合例句与生活场景整体记忆，不按相同字母强行拆词。,0,,https://www.cambridgeenglish.org/images/506886-a2-key-2020-vocabulary-list.pdf,'pɒsәbl,原创课堂释义与例句,offline-materials,possible,authored,possible · 单词里的小故事,小乐和朋友交换今天的小发现。可以步行到那里吗？小乐说：“Is it possible to walk there?”朋友听懂了，也想起自己遇到过的事。,,Is it __________ to walk there?,possible,可以步行到那里吗？,context,2026-09-v2,本地预制课堂素材；原创短句与场景模板,[],想象你也在这个场景里。用 possible 说一句自己的话。
safe,KET,1,安全的,adj.,描述与比较,This is a safe place to cross.,这是个安全的过马路地点。,"[{""text"": ""safe"", ""kind"": ""root"", ""meaning"": ""安全的""}]",这个词本身可以作为词基，与相关派生词联系起来理解。,0,,https://www.cambridgeenglish.org/images/506886-a2-key-2020-vocabulary-list.pdf,seif,原创课堂释义与例句,offline-materials,safe,authored,safe · 单词里的小故事,小乐和朋友交换今天的小发现。这是个安全的过马路地点。小乐说：“This is a safe place to cross.”朋友听懂了，也想起自己遇到过的事。,,This is a __________ place to cross.,safe,这是个安全的过马路地点。,context,2026-09-v2,本地预制课堂素材；原创短句与场景模板,[],想象你也在这个场景里。用 safe 说一句自己的话。
several,KET,2,几个；数个,det.,描述与比较,I have several ideas.,我有几个想法。,[],结合例句与生活场景整体记忆，不按相同字母强行拆词。,0,,https://www.cambridgeenglish.org/images/506886-a2-key-2020-vocabulary-list.pdf,'sevәrәl,原创课堂释义与例句,offline-materials,several,authored,several · 单词里的小故事,小乐和朋友交换今天的小发现。我有几个想法。小乐说：“I have several ideas.”朋友听懂了，也想起自己遇到过的事。,,I have __________ ideas.,several,我有几个想法。,context,2026-09-v2,本地预制课堂素材；原创短句与场景模板,[],想象你也在这个场景里。用 several 说一句自己的话。
soft,KET,1,柔软的,adj.,描述与比较,The blanket feels soft.,这条毯子摸起来很柔软。,[],结合例句与生活场景整体记忆，不按相同字母强行拆词。,0,,https://www.cambridgeenglish.org/images/506886-a2-key-2020-vocabulary-list.pdf,sɒft,原创课堂释义与例句,offline-materials,soft,authored,soft · 单词里的小故事,小乐和朋友交换今天的小发现。这条毯子摸起来很柔软。小乐说：“The blanket feels soft.”朋友听懂了，也想起自己遇到过的事。,,The blanket feels __________.,soft,这条毯子摸起来很柔软。,context,2026-09-v2,本地预制课堂素材；原创短句与场景模板,[],想象你也在这个场景里。用 soft 说一句自己的话。
special,KET,2,特别的,adj.,描述与比较,Today is a special day.,今天是特别的一天。,"[{""text"": ""special"", ""kind"": ""root"", ""meaning"": ""特别的""}]",这个词本身可以作为词基，与相关派生词联系起来理解。,0,,https://www.cambridgeenglish.org/images/506886-a2-key-2020-vocabulary-list.pdf,'speʃәl,原创课堂释义与例句,offline-materials,special,authored,special · 单词里的小故事,小乐和朋友交换今天的小发现。今天是特别的一天。小乐说：“Today is a special day.”朋友听懂了，也想起自己遇到过的事。,,Today is a __________ day.,special,今天是特别的一天。,context,2026-09-v2,本地预制课堂素材；原创短句与场景模板,[],想象你也在这个场景里。用 special 说一句自己的话。
unusual,KET,3,不寻常的,adj.,描述与比较,What an unusual colour!,多么不寻常的颜色！,"[{""text"": ""un-"", ""kind"": ""prefix"", ""meaning"": ""不；非"", ""story"": ""表示“不”的 un- 在古英语中就已经存在。放在一些形容词前面，它能把意思转向相反的一边。读完整个词，再检查这种相反的意思是否说得通。"", ""source"": ""https://www.merriam-webster.com/dictionary/un-""}, {""text"": ""usual"", ""kind"": ""root"", ""meaning"": ""通常的""}]",先说出词基的意思，再想一想加上否定前缀后发生了什么变化。,0,,https://www.cambridgeenglish.org/images/506886-a2-key-2020-vocabulary-list.pdf,.ʌn'ju:ʒu:l,原创课堂释义与例句,offline-materials,unusual,authored,unusual · 单词里的小故事,小乐和朋友交换今天的小发现。多么不寻常的颜色！小乐说：“What an unusual colour!”朋友听懂了，也想起自己遇到过的事。,,What an __________ colour!,unusual,多么不寻常的颜色！,context,2026-09-v2,本地预制课堂素材；原创短句与场景模板,"[{""en"": ""That bird has an unusual name."", ""zh"": ""那只鸟有一个不寻常的名字。""}]",想象你也在这个场景里。用 unusual 说一句自己的话。
useful,KET,1,有用的,adj.,描述与比较,A map is useful in a new town.,地图在陌生的城镇里很有用。,"[{""text"": ""use"", ""kind"": ""root"", ""meaning"": ""用处""}, {""text"": ""-ful"", ""kind"": ""suffix"", ""meaning"": ""有……特征的；充满……的"", ""story"": ""-ful 可以追溯到古英语中表示“满的”的 full。今天它常表示具有某种特征。可以把它想成“装着某种特点”的小口袋。注意：独立单词 full 有两个 l，后缀 -ful 只有一个。"", ""source"": ""https://www.merriam-webster.com/dictionary/-ful""}]",接上 -ful，常表示具有这个词基描述的特征。,0,,https://www.cambridgeenglish.org/images/506886-a2-key-2020-vocabulary-list.pdf,'ju:sful,原创课堂释义与例句,offline-materials,useful,authored,useful · 单词里的小故事,小乐和朋友交换今天的小发现。地图在陌生的城镇里很有用。小乐说：“A map is useful in a new town.”朋友听懂了，也想起自己遇到过的事。,,A map is __________ in a new town.,useful,地图在陌生的城镇里很有用。,context,2026-09-v2,本地预制课堂素材；原创短句与场景模板,"[{""en"": ""A warm coat is useful in winter."", ""zh"": ""冬天一件暖和的外套很有用。""}]",想象你也在这个场景里。用 useful 说一句自己的话。
usual,KET,2,通常的,adj.,描述与比较,We meet at the usual place.,我们在老地方见面。,"[{""text"": ""usual"", ""kind"": ""root"", ""meaning"": ""通常的""}]",这个词本身可以作为词基，与相关派生词联系起来理解。,0,,https://www.cambridgeenglish.org/images/506886-a2-key-2020-vocabulary-list.pdf,'ju:ʒuәl,原创课堂释义与例句,offline-materials,usual,authored,usual · 单词里的小故事,小乐和朋友交换今天的小发现。我们在老地方见面。小乐说：“We meet at the usual place.”朋友听懂了，也想起自己遇到过的事。,,We meet at the __________ place.,usual,我们在老地方见面。,context,2026-09-v2,本地预制课堂素材；原创短句与场景模板,[],想象你也在这个场景里。用 usual 说一句自己的话。
wide,KET,2,宽的,adj.,描述与比较,The river is wide here.,这里的河很宽。,[],结合例句与生活场景整体记忆，不按相同字母强行拆词。,0,,https://www.cambridgeenglish.org/images/506886-a2-key-2020-vocabulary-list.pdf,waid,原创课堂释义与例句,offline-materials,wide,authored,wide · 单词里的小故事,小乐和朋友交换今天的小发现。这里的河很宽。小乐说：“The river is wide here.”朋友听懂了，也想起自己遇到过的事。,,The river is __________ here.,wide,这里的河很宽。,context,2026-09-v2,本地预制课堂素材；原创短句与场景模板,[],想象你也在这个场景里。用 wide 说一句自己的话。
wonderful,KET,2,精彩的；极好的,adj.,描述与比较,We had a wonderful afternoon.,我们度过了一个美好的下午。,"[{""text"": ""wonder"", ""kind"": ""root"", ""meaning"": ""惊奇""}, {""text"": ""-ful"", ""kind"": ""suffix"", ""meaning"": ""有……特征的；充满……的"", ""story"": ""-ful 可以追溯到古英语中表示“满的”的 full。今天它常表示具有某种特征。可以把它想成“装着某种特点”的小口袋。注意：独立单词 full 有两个 l，后缀 -ful 只有一个。"", ""source"": ""https://www.merriam-webster.com/dictionary/-ful""}]",接上 -ful，常表示具有这个词基描述的特征。,0,,https://www.cambridgeenglish.org/images/506886-a2-key-2020-vocabulary-list.pdf,'wʌndәful,原创课堂释义与例句,offline-materials,wonderful,authored,wonderful · 单词里的小故事,小乐和朋友交换今天的小发现。我们度过了一个美好的下午。小乐说：“We had a wonderful afternoon.”朋友听懂了，也想起自己遇到过的事。,,We had a __________ afternoon.,wonderful,我们度过了一个美好的下午。,context,2026-09-v2,本地预制课堂素材；原创短句与场景模板,"[{""en"": ""We had a wonderful time at the beach."", ""zh"": ""我们在海滩度过了美好的时光。""}]",想象你也在这个场景里。用 wonderful 说一句自己的话。
aeroplane,KET,2,飞机,n.,旅行与城市,Look at the aeroplane in this picture.,看看这张图片中的飞机。,[],结合常用释义整体记忆。先听老师读，再用自己的生活场景解释。,0,,https://www.cambridgeenglish.org/images/506886-a2-key-2020-vocabulary-list.pdf,'єәrәplein,https://github.com/skywind3000/ECDICT,offline-materials,aeroplane,transport,aeroplane · 单词里的小故事,小乐和朋友观察一张出行图片，轮流指出里面的东西。看看这张图片中的飞机。小乐说：“Look at the aeroplane in this picture.”朋友听懂了，也想起自己遇到过的事。,,Look at the __________ in this picture.,aeroplane,看看这张图片中的飞机。,context,2026-09-v2,本地预制课堂素材；原创短句与场景模板,[],想象你也在这个场景里。用 aeroplane 说一句自己的话。
bus station,KET,3,公交车站,n.,旅行与城市,We talked about the bus station today.,我们今天谈到了公交车站。,"[{""text"": ""bus"", ""kind"": ""compound"", ""meaning"": ""公共汽车""}, {""text"": ""station"", ""kind"": ""compound"", ""meaning"": ""车站""}]",两个已有成分组合成一个词。结合它们的意思理解整体词义，但不要把这种现代拆分当作完整的历史词源。,0,,https://www.cambridgeenglish.org/images/506886-a2-key-2020-vocabulary-list.pdf,bʌs ˈsteiʃən,https://github.com/skywind3000/ECDICT,offline-materials,bus station,discussion,bus station · 单词里的小故事,小乐和朋友聊起今天的一件事。我们今天谈到了公交车站。小乐说：“We talked about the bus station today.”朋友听懂了，也想起自己遇到过的事。,,We talked about the __________ today.,bus station,我们今天谈到了公交车站。,context,2026-09-v2,本地预制课堂素材；原创短句与场景模板,[],想象你也在这个场景里。用 bus station 说一句自己的话。
bus stop,KET,3,公共汽车站,n.,旅行与城市,We talked about the bus stop today.,我们今天谈到了公共汽车站。,"[{""text"": ""bus"", ""kind"": ""compound"", ""meaning"": ""公共汽车""}, {""text"": ""stop"", ""kind"": ""compound"", ""meaning"": ""停靠点""}]",两个已有成分组合成一个词。结合它们的意思理解整体词义，但不要把这种现代拆分当作完整的历史词源。,0,,https://www.cambridgeenglish.org/images/506886-a2-key-2020-vocabulary-list.pdf,,https://github.com/skywind3000/ECDICT,offline-materials,bus stop,discussion,bus stop · 单词里的小故事,小乐和朋友聊起今天的一件事。我们今天谈到了公共汽车站。小乐说：“We talked about the bus stop today.”朋友听懂了，也想起自己遇到过的事。,,We talked about the __________ today.,bus stop,我们今天谈到了公共汽车站。,context,2026-09-v2,本地预制课堂素材；原创短句与场景模板,[],想象你也在这个场景里。用 bus stop 说一句自己的话。
cafe,KET,2,咖啡馆；酒店,n.,旅行与城市,We visited the cafe today.,我们今天参观了咖啡馆。,[],结合常用释义整体记忆。先听老师读，再用自己的生活场景解释。,0,,https://www.cambridgeenglish.org/images/506886-a2-key-2020-vocabulary-list.pdf,kɑ:'fei,https://github.com/skywind3000/ECDICT,offline-materials,cafe,place,cafe · 单词里的小故事,小乐把今天的外出经历记进了日记。我们今天参观了咖啡馆。小乐说：“We visited the cafe today.”朋友听懂了，也想起自己遇到过的事。,,We visited the __________ today.,cafe,我们今天参观了咖啡馆。,context,2026-09-v2,本地预制课堂素材；原创短句与场景模板,[],想象你也在这个场景里。用 cafe 说一句自己的话。
path,KET,1,路径；小路；道路,n.,旅行与城市,We talked about the path today.,我们今天谈到了路径。,[],结合常用释义整体记忆。先听老师读，再用自己的生活场景解释。,0,,https://www.cambridgeenglish.org/images/506886-a2-key-2020-vocabulary-list.pdf,pɑ:θ,https://github.com/skywind3000/ECDICT,offline-materials,path,discussion,path · 单词里的小故事,小乐和朋友聊起今天的一件事。我们今天谈到了路径。小乐说：“We talked about the path today.”朋友听懂了，也想起自己遇到过的事。,,We talked about the __________ today.,path,我们今天谈到了路径。,context,2026-09-v2,本地预制课堂素材；原创短句与场景模板,[],想象你也在这个场景里。用 path 说一句自己的话。
road,KET,1,路；道路；公路,n.,旅行与城市,We visited the road today.,我们今天参观了路。,[],结合常用释义整体记忆。先听老师读，再用自己的生活场景解释。,0,,https://www.cambridgeenglish.org/images/506886-a2-key-2020-vocabulary-list.pdf,rәud,https://github.com/skywind3000/ECDICT,offline-materials,road,place,road · 单词里的小故事,小乐把今天的外出经历记进了日记。我们今天参观了路。小乐说：“We visited the road today.”朋友听懂了，也想起自己遇到过的事。,,We visited the __________ today.,road,我们今天参观了路。,context,2026-09-v2,本地预制课堂素材；原创短句与场景模板,[],想象你也在这个场景里。用 road 说一句自己的话。
stop,KET,1,停止；车站；逗留,n; v.,旅行与城市,We talked about the stop today.,我们今天谈到了停止。,[],结合常用释义整体记忆。先听老师读，再用自己的生活场景解释。,0,,https://www.cambridgeenglish.org/images/506886-a2-key-2020-vocabulary-list.pdf,stɒp,https://github.com/skywind3000/ECDICT,offline-materials,stop,discussion,stop · 单词里的小故事,小乐和朋友聊起今天的一件事。我们今天谈到了停止。小乐说：“We talked about the stop today.”朋友听懂了，也想起自己遇到过的事。,,We talked about the __________ today.,stop,我们今天谈到了停止。,context,2026-09-v2,本地预制课堂素材；原创短句与场景模板,[],想象你也在这个场景里。用 stop 说一句自己的话。
tour,KET,1,旅游；观光旅行；任期,n.,旅行与城市,This story is about a tour.,这个故事讲的是一位旅游。,"[{""text"": ""tour"", ""kind"": ""root"", ""meaning"": ""游览""}]",这个词本身可以作为词基，与相关派生词联系起来理解。,0,,https://www.cambridgeenglish.org/images/506886-a2-key-2020-vocabulary-list.pdf,tuә,https://github.com/skywind3000/ECDICT,offline-materials,tour,person,tour · 单词里的小故事,读书会轮到小乐介绍故事里的一个人物。这个故事讲的是一位旅游。小乐说：“This story is about a tour.”朋友听懂了，也想起自己遇到过的事。,,This story is about a __________.,tour,这个故事讲的是一位旅游。,context,2026-09-v2,本地预制课堂素材；原创短句与场景模板,[],想象你也在这个场景里。用 tour 说一句自己的话。
trip,KET,1,旅行；绊倒；摔倒,n.,旅行与城市,We talked about the trip today.,我们今天谈到了旅行。,[],结合常用释义整体记忆。先听老师读，再用自己的生活场景解释。,0,,https://www.cambridgeenglish.org/images/506886-a2-key-2020-vocabulary-list.pdf,trip,https://github.com/skywind3000/ECDICT,offline-materials,trip,discussion,trip · 单词里的小故事,小乐和朋友聊起今天的一件事。我们今天谈到了旅行。小乐说：“We talked about the trip today.”朋友听懂了，也想起自己遇到过的事。,,We talked about the __________ today.,trip,我们今天谈到了旅行。,context,2026-09-v2,本地预制课堂素材；原创短句与场景模板,[],想象你也在这个场景里。用 trip 说一句自己的话。
a few,KET,3,几个；少数；一些,"det, adj; pron.",日常沟通,I have a few questions.,我有几个问题。,[],结合常用释义整体记忆。先听老师读，再用自己的生活场景解释。,0,,https://www.cambridgeenglish.org/images/506886-a2-key-2020-vocabulary-list.pdf,,https://github.com/skywind3000/ECDICT,offline-materials,a few,authored,a few · 单词里的小故事,小乐和朋友交换今天的小发现。我有几个问题。小乐说：“I have a few questions.”朋友听懂了，也想起自己遇到过的事。,,I have __________ questions.,a few,我有几个问题。,context,2026-09-v2,本地预制课堂素材；原创短句与场景模板,[],想象你也在这个场景里。用 a few 说一句自己的话。
able,KET,1,能干的；能够的,adj.,日常沟通,She is able to swim.,她会游泳。,"[{""text"": ""able"", ""kind"": ""root"", ""meaning"": ""能够的""}]",这个词本身可以作为词基，与相关派生词联系起来理解。,0,,https://www.cambridgeenglish.org/images/506886-a2-key-2020-vocabulary-list.pdf,'eibl,https://github.com/skywind3000/ECDICT,offline-materials,able,authored,able · 单词里的小故事,小乐和朋友交换今天的小发现。她会游泳。小乐说：“She is able to swim.”朋友听懂了，也想起自己遇到过的事。,,She is __________ to swim.,able,她会游泳。,context,2026-09-v2,本地预制课堂素材；原创短句与场景模板,[],想象你也在这个场景里。用 able 说一句自己的话。
about,KET,1,大约；四处；在附近,adv; prep.,日常沟通,The story is about a dog.,这个故事讲的是一只狗。,[],结合常用释义整体记忆。先听老师读，再用自己的生活场景解释。,1,,https://www.cambridgeenglish.org/images/506886-a2-key-2020-vocabulary-list.pdf,ә'baut,https://github.com/skywind3000/ECDICT,offline-materials,about,authored,about · 单词里的小故事,小乐和朋友交换今天的小发现。这个故事讲的是一只狗。小乐说：“The story is about a dog.”朋友听懂了，也想起自己遇到过的事。,,The story is __________ a dog.,about,这个故事讲的是一只狗。,context,2026-09-v2,本地预制课堂素材；原创短句与场景模板,[],想象你也在这个场景里。用 about 说一句自己的话。
above,KET,1,在上面,adv; prep.,日常沟通,The clock is above the door.,钟在门上方。,[],结合常用释义整体记忆。先听老师读，再用自己的生活场景解释。,1,,https://www.cambridgeenglish.org/images/506886-a2-key-2020-vocabulary-list.pdf,ә'bʌv,https://github.com/skywind3000/ECDICT,offline-materials,above,authored,above · 单词里的小故事,小乐和朋友交换今天的小发现。钟在门上方。小乐说：“The clock is above the door.”朋友听懂了，也想起自己遇到过的事。,,The clock is __________ the door.,above,钟在门上方。,context,2026-09-v2,本地预制课堂素材；原创短句与场景模板,[],想象你也在这个场景里。用 above 说一句自己的话。
accommodation,KET,2,住宿；膳宿,n.,日常沟通,We visited the accommodation today.,我们今天参观了住宿。,[],结合常用释义整体记忆。先听老师读，再用自己的生活场景解释。,0,,https://www.cambridgeenglish.org/images/506886-a2-key-2020-vocabulary-list.pdf,ә.kɒmә'deiʃәn,https://github.com/skywind3000/ECDICT,offline-materials,accommodation,place,accommodation · 单词里的小故事,小乐把今天的外出经历记进了日记。我们今天参观了住宿。小乐说：“We visited the accommodation today.”朋友听懂了，也想起自己遇到过的事。,,We visited the __________ today.,accommodation,我们今天参观了住宿。,context,2026-09-v2,本地预制课堂素材；原创短句与场景模板,[],想象你也在这个场景里。用 accommodation 说一句自己的话。
across,KET,1,交叉；到另一边；在对面,adv; prep.,日常沟通,We walk across the road.,我们走过马路。,[],结合常用释义整体记忆。先听老师读，再用自己的生活场景解释。,1,,https://www.cambridgeenglish.org/images/506886-a2-key-2020-vocabulary-list.pdf,ә'krɒs,https://github.com/skywind3000/ECDICT,offline-materials,across,authored,across · 单词里的小故事,小乐和朋友交换今天的小发现。我们走过马路。小乐说：“We walk across the road.”朋友听懂了，也想起自己遇到过的事。,,We walk __________ the road.,across,我们走过马路。,context,2026-09-v2,本地预制课堂素材；原创短句与场景模板,[],想象你也在这个场景里。用 across 说一句自己的话。
act,KET,1,行动；表演；假装,v.,日常沟通,You must act now.,你现在必须行动。,[],结合常用释义整体记忆。先听老师读，再用自己的生活场景解释。,0,,https://www.cambridgeenglish.org/images/506886-a2-key-2020-vocabulary-list.pdf,ækt,https://github.com/skywind3000/ECDICT,offline-materials,act,authored,act · 单词里的小故事,小乐和朋友交换今天的小发现。你现在必须行动。小乐说：“You must act now.”朋友听懂了，也想起自己遇到过的事。,,You must __________ now.,act,你现在必须行动。,context,2026-09-v2,本地预制课堂素材；原创短句与场景模板,[],想象你也在这个场景里。用 act 说一句自己的话。
action,KET,1,行动；活动；动作,adj.,日常沟通,We watched an action film.,我们看了一部动作电影。,[],结合常用释义整体记忆。先听老师读，再用自己的生活场景解释。,0,,https://www.cambridgeenglish.org/images/506886-a2-key-2020-vocabulary-list.pdf,'ækʃәn,https://github.com/skywind3000/ECDICT,offline-materials,action,authored,action · 单词里的小故事,小乐和朋友交换今天的小发现。我们看了一部动作电影。小乐说：“We watched an action film.”朋友听懂了，也想起自己遇到过的事。,,We watched an __________ film.,action,我们看了一部动作电影。,context,2026-09-v2,本地预制课堂素材；原创短句与场景模板,"[{""en"": ""It is time to take action."", ""zh"": ""是时候行动了。""}]",想象你也在这个场景里。用 action 说一句自己的话。
activity,KET,1,活动；行动；活跃,n.,日常沟通,We talked about the activity today.,我们今天谈到了活动。,[],结合常用释义整体记忆。先听老师读，再用自己的生活场景解释。,0,,https://www.cambridgeenglish.org/images/506886-a2-key-2020-vocabulary-list.pdf,æk'tiviti,https://github.com/skywind3000/ECDICT,offline-materials,activity,discussion,activity · 单词里的小故事,小乐和朋友聊起今天的一件事。我们今天谈到了活动。小乐说：“We talked about the activity today.”朋友听懂了，也想起自己遇到过的事。,,We talked about the __________ today.,activity,我们今天谈到了活动。,context,2026-09-v2,本地预制课堂素材；原创短句与场景模板,[],想象你也在这个场景里。用 activity 说一句自己的话。
actually,KET,1,事实上；竟然；如今,adv.,日常沟通,I actually like the rain.,其实我喜欢下雨。,"[{""text"": ""actual"", ""kind"": ""root"", ""meaning"": ""实际的""}, {""text"": ""-ly"", ""kind"": ""suffix"", ""meaning"": ""以……的方式（构成副词）"", ""story"": ""-ly 在古英语中有表示“像……的”的形容词形式，也有表示“以某种方式”的副词形式。今天同样的结尾仍有不同工作。先问它是在描写一个人或物，还是在说明怎样做事。"", ""source"": ""https://www.merriam-webster.com/dictionary/ly-""}]",先理解词基，再看词缀如何改变含义或词性。,0,,https://www.cambridgeenglish.org/images/506886-a2-key-2020-vocabulary-list.pdf,'æktʃuәli,https://github.com/skywind3000/ECDICT,offline-materials,actually,authored,actually · 单词里的小故事,小乐和朋友交换今天的小发现。其实我喜欢下雨。小乐说：“I actually like the rain.”朋友听懂了，也想起自己遇到过的事。,,I __________ like the rain.,actually,其实我喜欢下雨。,context,2026-09-v2,本地预制课堂素材；原创短句与场景模板,[],想象你也在这个场景里。用 actually 说一句自己的话。
ad,KET,2,广告,n.,日常沟通,We talked about the ad today.,我们今天谈到了广告。,[],结合常用释义整体记忆。先听老师读，再用自己的生活场景解释。,0,,https://www.cambridgeenglish.org/images/506886-a2-key-2020-vocabulary-list.pdf,æd,常用义教学修订；原词典见 ECDICT-LICENSE.txt,offline-materials,ad,discussion,ad · 单词里的小故事,小乐和朋友聊起今天的一件事。我们今天谈到了广告。小乐说：“We talked about the ad today.”朋友听懂了，也想起自己遇到过的事。,,We talked about the __________ today.,ad,我们今天谈到了广告。,context,2026-09-v2,本地预制课堂素材；原创短句与场景模板,[],想象你也在这个场景里。用 ad 说一句自己的话。
add,KET,1,增加；添加；附带说明,v.,日常沟通,Add some milk to the tea.,往茶里加一些牛奶。,[],结合常用释义整体记忆。先听老师读，再用自己的生活场景解释。,0,,https://www.cambridgeenglish.org/images/506886-a2-key-2020-vocabulary-list.pdf,æd,https://github.com/skywind3000/ECDICT,offline-materials,add,authored,add · 单词里的小故事,小乐和朋友交换今天的小发现。往茶里加一些牛奶。小乐说：“Add some milk to the tea.”朋友听懂了，也想起自己遇到过的事。,,__________ some milk to the tea.,Add,往茶里加一些牛奶。,context,2026-09-v2,本地预制课堂素材；原创短句与场景模板,[],想象你也在这个场景里。用 add 说一句自己的话。
address,KET,1,住址；演说；举止,n.,日常沟通,We talked about the address today.,我们今天谈到了住址。,[],结合常用释义整体记忆。先听老师读，再用自己的生活场景解释。,0,,https://www.cambridgeenglish.org/images/506886-a2-key-2020-vocabulary-list.pdf,ә'dres,https://github.com/skywind3000/ECDICT,offline-materials,address,discussion,address · 单词里的小故事,小乐和朋友聊起今天的一件事。我们今天谈到了住址。小乐说：“We talked about the address today.”朋友听懂了，也想起自己遇到过的事。,,We talked about the __________ today.,address,我们今天谈到了住址。,context,2026-09-v2,本地预制课堂素材；原创短句与场景模板,[],想象你也在这个场景里。用 address 说一句自己的话。
advanced,KET,2,在前的；高级的；先进的,adj.,日常沟通,She is in an advanced English class.,她在高级英语班上课。,[],结合常用释义整体记忆。先听老师读，再用自己的生活场景解释。,0,,https://www.cambridgeenglish.org/images/506886-a2-key-2020-vocabulary-list.pdf,әd'vɑ:nst,https://github.com/skywind3000/ECDICT,offline-materials,advanced,authored,advanced · 单词里的小故事,小乐和朋友交换今天的小发现。她在高级英语班上课。小乐说：“She is in an advanced English class.”朋友听懂了，也想起自己遇到过的事。,,She is in an __________ English class.,advanced,她在高级英语班上课。,context,2026-09-v2,本地预制课堂素材；原创短句与场景模板,[],想象你也在这个场景里。用 advanced 说一句自己的话。
adventure,KET,2,冒险；冒险经历,n.,日常沟通,We talked about the adventure today.,我们今天谈到了冒险。,[],结合常用释义整体记忆。先听老师读，再用自己的生活场景解释。,0,,https://www.cambridgeenglish.org/images/506886-a2-key-2020-vocabulary-list.pdf,әd'ventʃә,https://github.com/skywind3000/ECDICT,offline-materials,adventure,discussion,adventure · 单词里的小故事,小乐和朋友聊起今天的一件事。我们今天谈到了冒险。小乐说：“We talked about the adventure today.”朋友听懂了，也想起自己遇到过的事。,,We talked about the __________ today.,adventure,我们今天谈到了冒险。,context,2026-09-v2,本地预制课堂素材；原创短句与场景模板,[],想象你也在这个场景里。用 adventure 说一句自己的话。
advert,KET,2,广告,n.,日常沟通,We talked about the advert today.,我们今天谈到了广告。,[],结合常用释义整体记忆。先听老师读，再用自己的生活场景解释。,0,,https://www.cambridgeenglish.org/images/506886-a2-key-2020-vocabulary-list.pdf,әd'vә:t,常用义教学修订；原词典见 ECDICT-LICENSE.txt,offline-materials,advert,discussion,advert · 单词里的小故事,小乐和朋友聊起今天的一件事。我们今天谈到了广告。小乐说：“We talked about the advert today.”朋友听懂了，也想起自己遇到过的事。,,We talked about the __________ today.,advert,我们今天谈到了广告。,context,2026-09-v2,本地预制课堂素材；原创短句与场景模板,[],想象你也在这个场景里。用 advert 说一句自己的话。
after,KET,1,后来,adv; prep.,日常沟通,We play after school.,我们放学后玩耍。,[],结合常用释义整体记忆。先听老师读，再用自己的生活场景解释。,1,,https://www.cambridgeenglish.org/images/506886-a2-key-2020-vocabulary-list.pdf,'ɑ:ftә,https://github.com/skywind3000/ECDICT,offline-materials,after,authored,after · 单词里的小故事,小乐和朋友交换今天的小发现。我们放学后玩耍。小乐说：“We play after school.”朋友听懂了，也想起自己遇到过的事。,,We play __________ school.,after,我们放学后玩耍。,context,2026-09-v2,本地预制课堂素材；原创短句与场景模板,[],想象你也在这个场景里。用 after 说一句自己的话。
afterwards,KET,1,然后；后来,adv.,日常沟通,We ate lunch and went home afterwards.,我们吃了午饭，然后回家了。,[],结合常用释义整体记忆。先听老师读，再用自己的生活场景解释。,0,,https://www.cambridgeenglish.org/images/506886-a2-key-2020-vocabulary-list.pdf,'ɑ:ftәwәdz,https://github.com/skywind3000/ECDICT,offline-materials,afterwards,authored,afterwards · 单词里的小故事,小乐和朋友交换今天的小发现。我们吃了午饭，然后回家了。小乐说：“We ate lunch and went home afterwards.”朋友听懂了，也想起自己遇到过的事。,,We ate lunch and went home __________.,afterwards,我们吃了午饭，然后回家了。,context,2026-09-v2,本地预制课堂素材；原创短句与场景模板,[],想象你也在这个场景里。用 afterwards 说一句自己的话。
again,KET,1,再一次；又；到原处,adv.,日常沟通,Please say it again.,请再说一遍。,[],结合常用释义整体记忆。先听老师读，再用自己的生活场景解释。,1,,https://www.cambridgeenglish.org/images/506886-a2-key-2020-vocabulary-list.pdf,ә'gein,https://github.com/skywind3000/ECDICT,offline-materials,again,authored,again · 单词里的小故事,小乐和朋友交换今天的小发现。请再说一遍。小乐说：“Please say it again.”朋友听懂了，也想起自己遇到过的事。,,Please say it __________.,again,请再说一遍。,context,2026-09-v2,本地预制课堂素材；原创短句与场景模板,[],想象你也在这个场景里。用 again 说一句自己的话。
against,KET,1,反对；对着；倚靠,prep.,日常沟通,Put the chair against the wall.,把椅子靠墙放。,[],结合常用释义整体记忆。先听老师读，再用自己的生活场景解释。,1,,https://www.cambridgeenglish.org/images/506886-a2-key-2020-vocabulary-list.pdf,ә'geinst,https://github.com/skywind3000/ECDICT,offline-materials,against,authored,against · 单词里的小故事,小乐和朋友交换今天的小发现。把椅子靠墙放。小乐说：“Put the chair against the wall.”朋友听懂了，也想起自己遇到过的事。,,Put the chair __________ the wall.,against,把椅子靠墙放。,context,2026-09-v2,本地预制课堂素材；原创短句与场景模板,[],想象你也在这个场景里。用 against 说一句自己的话。
age,KET,1,年龄；老年；成年,n.,日常沟通,We talked about the age today.,我们今天谈到了年龄。,[],结合常用释义整体记忆。先听老师读，再用自己的生活场景解释。,1,,https://www.cambridgeenglish.org/images/506886-a2-key-2020-vocabulary-list.pdf,eidʒ,https://github.com/skywind3000/ECDICT,offline-materials,age,discussion,age · 单词里的小故事,小乐和朋友聊起今天的一件事。我们今天谈到了年龄。小乐说：“We talked about the age today.”朋友听懂了，也想起自己遇到过的事。,,We talked about the __________ today.,age,我们今天谈到了年龄。,context,2026-09-v2,本地预制课堂素材；原创短句与场景模板,[],想象你也在这个场景里。用 age 说一句自己的话。
aged,KET,2,老的；陈的；有...岁的,adj.,日常沟通,This game is for children aged ten.,这个游戏适合十岁的孩子。,[],结合常用释义整体记忆。先听老师读，再用自己的生活场景解释。,0,,https://www.cambridgeenglish.org/images/506886-a2-key-2020-vocabulary-list.pdf,'eidʒid,https://github.com/skywind3000/ECDICT,offline-materials,aged,authored,aged · 单词里的小故事,小乐和朋友交换今天的小发现。这个游戏适合十岁的孩子。小乐说：“This game is for children aged ten.”朋友听懂了，也想起自己遇到过的事。,,This game is for children __________ ten.,aged,这个游戏适合十岁的孩子。,context,2026-09-v2,本地预制课堂素材；原创短句与场景模板,[],想象你也在这个场景里。用 aged 说一句自己的话。
ago,KET,1,以前,adv.,日常沟通,I saw her two days ago.,我两天前见过她。,[],结合常用释义整体记忆。先听老师读，再用自己的生活场景解释。,1,,https://www.cambridgeenglish.org/images/506886-a2-key-2020-vocabulary-list.pdf,ә'gәu,https://github.com/skywind3000/ECDICT,offline-materials,ago,authored,ago · 单词里的小故事,小乐和朋友交换今天的小发现。我两天前见过她。小乐说：“I saw her two days ago.”朋友听懂了，也想起自己遇到过的事。,,I saw her two days __________.,ago,我两天前见过她。,context,2026-09-v2,本地预制课堂素材；原创短句与场景模板,[],想象你也在这个场景里。用 ago 说一句自己的话。
air,KET,1,空气；旋律；态度,n.,日常沟通,We talked about the air today.,我们今天谈到了空气。,[],结合常用释义整体记忆。先听老师读，再用自己的生活场景解释。,0,,https://www.cambridgeenglish.org/images/506886-a2-key-2020-vocabulary-list.pdf,єә,https://github.com/skywind3000/ECDICT,offline-materials,air,nature,air · 单词里的小故事,小乐观察完身边的世界，回教室讲了一件事。我们今天谈到了空气。小乐说：“We talked about the air today.”朋友听懂了，也想起自己遇到过的事。,,We talked about the __________ today.,air,我们今天谈到了空气。,context,2026-09-v2,本地预制课堂素材；原创短句与场景模板,[],想象你也在这个场景里。用 air 说一句自己的话。
alarm clock,KET,3,闹钟,n.,日常沟通,We need the alarm clock today.,我们今天需要闹钟。,[],结合常用释义整体记忆。先听老师读，再用自己的生活场景解释。,0,,https://www.cambridgeenglish.org/images/506886-a2-key-2020-vocabulary-list.pdf,,https://github.com/skywind3000/ECDICT,offline-materials,alarm clock,equipment,alarm clock · 单词里的小故事,班级活动开始前，小乐负责核对需要的东西。我们今天需要闹钟。小乐说：“We need the alarm clock today.”朋友听懂了，也想起自己遇到过的事。,,We need the __________ today.,alarm clock,我们今天需要闹钟。,context,2026-09-v2,本地预制课堂素材；原创短句与场景模板,[],想象你也在这个场景里。用 alarm clock 说一句自己的话。
album,KET,2,粘贴簿；唱片套,n.,日常沟通,We talked about the album today.,我们今天谈到了粘贴簿。,[],结合常用释义整体记忆。先听老师读，再用自己的生活场景解释。,0,,https://www.cambridgeenglish.org/images/506886-a2-key-2020-vocabulary-list.pdf,'ælbәm,https://github.com/skywind3000/ECDICT,offline-materials,album,discussion,album · 单词里的小故事,小乐和朋友聊起今天的一件事。我们今天谈到了粘贴簿。小乐说：“We talked about the album today.”朋友听懂了，也想起自己遇到过的事。,,We talked about the __________ today.,album,我们今天谈到了粘贴簿。,context,2026-09-v2,本地预制课堂素材；原创短句与场景模板,[],想象你也在这个场景里。用 album 说一句自己的话。
all,KET,1,所有的；全部的；一切的,"adv, det; pron.",日常沟通,All the children are here.,所有孩子都在这里。,[],结合常用释义整体记忆。先听老师读，再用自己的生活场景解释。,1,,https://www.cambridgeenglish.org/images/506886-a2-key-2020-vocabulary-list.pdf,ɒ:l,https://github.com/skywind3000/ECDICT,offline-materials,all,authored,all · 单词里的小故事,小乐和朋友交换今天的小发现。所有孩子都在这里。小乐说：“All the children are here.”朋友听懂了，也想起自己遇到过的事。,,__________ the children are here.,All,所有孩子都在这里。,context,2026-09-v2,本地预制课堂素材；原创短句与场景模板,[],想象你也在这个场景里。用 all 说一句自己的话。
all kinds of,KET,3,各种各样的,det; pron.,日常沟通,We read all kinds of books.,我们读各种各样的书。,[],结合常用释义整体记忆。先听老师读，再用自己的生活场景解释。,0,,https://www.cambridgeenglish.org/images/506886-a2-key-2020-vocabulary-list.pdf,,https://github.com/skywind3000/ECDICT,offline-materials,all kinds of,authored,all kinds of · 单词里的小故事,小乐和朋友交换今天的小发现。我们读各种各样的书。小乐说：“We read all kinds of books.”朋友听懂了，也想起自己遇到过的事。,,We read __________ books.,all kinds of,我们读各种各样的书。,context,2026-09-v2,本地预制课堂素材；原创短句与场景模板,[],想象你也在这个场景里。用 all kinds of 说一句自己的话。
all right,KET,3,好；顺利；良好的,"adj, adv; exclam.",日常沟通,Are you all right?,你还好吗？,[],结合常用释义整体记忆。先听老师读，再用自己的生活场景解释。,0,,https://www.cambridgeenglish.org/images/506886-a2-key-2020-vocabulary-list.pdf,,https://github.com/skywind3000/ECDICT,offline-materials,all right,authored,all right · 单词里的小故事,小乐和朋友交换今天的小发现。你还好吗？小乐说：“Are you all right?”朋友听懂了，也想起自己遇到过的事。,,Are you __________?,all right,你还好吗？,context,2026-09-v2,本地预制课堂素材；原创短句与场景模板,[],想象你也在这个场景里。用 all right 说一句自己的话。
all sorts of,KET,3,各种各样；形形色色的,det; pron.,日常沟通,The shop sells all sorts of toys.,这家店卖各种各样的玩具。,[],结合常用释义整体记忆。先听老师读，再用自己的生活场景解释。,0,,https://www.cambridgeenglish.org/images/506886-a2-key-2020-vocabulary-list.pdf,,https://github.com/skywind3000/ECDICT,offline-materials,all sorts of,authored,all sorts of · 单词里的小故事,小乐和朋友交换今天的小发现。这家店卖各种各样的玩具。小乐说：“The shop sells all sorts of toys.”朋友听懂了，也想起自己遇到过的事。,,The shop sells __________ toys.,all sorts of,这家店卖各种各样的玩具。,context,2026-09-v2,本地预制课堂素材；原创短句与场景模板,[],想象你也在这个场景里。用 all sorts of 说一句自己的话。
all the time,KET,3,始终,det.,日常沟通,He talks about football all the time.,他总是在谈足球。,[],结合常用释义整体记忆。先听老师读，再用自己的生活场景解释。,1,,https://www.cambridgeenglish.org/images/506886-a2-key-2020-vocabulary-list.pdf,,https://github.com/skywind3000/ECDICT,offline-materials,all the time,authored,all the time · 单词里的小故事,小乐和朋友交换今天的小发现。他总是在谈足球。小乐说：“He talks about football all the time.”朋友听懂了，也想起自己遇到过的事。,,He talks about football __________.,all the time,他总是在谈足球。,context,2026-09-v2,本地预制课堂素材；原创短句与场景模板,[],想象你也在这个场景里。用 all the time 说一句自己的话。
allow,KET,1,允许；同意给予；承认,v.,日常沟通,They allow us to use the room.,他们允许我们使用这个房间。,[],结合常用释义整体记忆。先听老师读，再用自己的生活场景解释。,0,,https://www.cambridgeenglish.org/images/506886-a2-key-2020-vocabulary-list.pdf,ә'lau,https://github.com/skywind3000/ECDICT,offline-materials,allow,authored,allow · 单词里的小故事,小乐和朋友交换今天的小发现。他们允许我们使用这个房间。小乐说：“They allow us to use the room.”朋友听懂了，也想起自己遇到过的事。,,They __________ us to use the room.,allow,他们允许我们使用这个房间。,context,2026-09-v2,本地预制课堂素材；原创短句与场景模板,[],想象你也在这个场景里。用 allow 说一句自己的话。
almost,KET,1,几乎；差不多,adv.,日常沟通,The bottle is almost full.,瓶子几乎满了。,[],结合常用释义整体记忆。先听老师读，再用自己的生活场景解释。,0,,https://www.cambridgeenglish.org/images/506886-a2-key-2020-vocabulary-list.pdf,'ɒ:lmәust,https://github.com/skywind3000/ECDICT,offline-materials,almost,authored,almost · 单词里的小故事,小乐和朋友交换今天的小发现。瓶子几乎满了。小乐说：“The bottle is almost full.”朋友听懂了，也想起自己遇到过的事。,,The bottle is __________ full.,almost,瓶子几乎满了。,context,2026-09-v2,本地预制课堂素材；原创短句与场景模板,[],想象你也在这个场景里。用 almost 说一句自己的话。
along,KET,1,平行地；向前,prep.,日常沟通,We walk along the river.,我们沿着河走。,[],结合常用释义整体记忆。先听老师读，再用自己的生活场景解释。,1,,https://www.cambridgeenglish.org/images/506886-a2-key-2020-vocabulary-list.pdf,ә'lɒŋ,https://github.com/skywind3000/ECDICT,offline-materials,along,authored,along · 单词里的小故事,小乐和朋友交换今天的小发现。我们沿着河走。小乐说：“We walk along the river.”朋友听懂了，也想起自己遇到过的事。,,We walk __________ the river.,along,我们沿着河走。,context,2026-09-v2,本地预制课堂素材；原创短句与场景模板,[],想象你也在这个场景里。用 along 说一句自己的话。
alright,KET,2,没问题的,"adj, adv; exclam.",日常沟通,Is it alright to sit here?,可以坐在这里吗？,[],结合常用释义整体记忆。先听老师读，再用自己的生活场景解释。,0,,https://www.cambridgeenglish.org/images/506886-a2-key-2020-vocabulary-list.pdf,ɔ:l'rait,https://github.com/skywind3000/ECDICT,offline-materials,alright,authored,alright · 单词里的小故事,小乐和朋友交换今天的小发现。可以坐在这里吗？小乐说：“Is it alright to sit here?”朋友听懂了，也想起自己遇到过的事。,,Is it __________ to sit here?,alright,可以坐在这里吗？,context,2026-09-v2,本地预制课堂素材；原创短句与场景模板,[],想象你也在这个场景里。用 alright 说一句自己的话。
also,KET,1,也；并且；同样地,adv.,日常沟通,I also have a blue pen.,我也有一支蓝笔。,[],结合常用释义整体记忆。先听老师读，再用自己的生活场景解释。,1,,https://www.cambridgeenglish.org/images/506886-a2-key-2020-vocabulary-list.pdf,'ɒ:lsәu,https://github.com/skywind3000/ECDICT,offline-materials,also,authored,also · 单词里的小故事,小乐和朋友交换今天的小发现。我也有一支蓝笔。小乐说：“I also have a blue pen.”朋友听懂了，也想起自己遇到过的事。,,I __________ have a blue pen.,also,我也有一支蓝笔。,context,2026-09-v2,本地预制课堂素材；原创短句与场景模板,[],想象你也在这个场景里。用 also 说一句自己的话。
always,KET,1,总是；始终,adv.,日常沟通,I always wash my hands before lunch.,我总是在午饭前洗手。,[],结合常用释义整体记忆。先听老师读，再用自己的生活场景解释。,1,,https://www.cambridgeenglish.org/images/506886-a2-key-2020-vocabulary-list.pdf,'ɒ:lweiz,https://github.com/skywind3000/ECDICT,offline-materials,always,authored,always · 单词里的小故事,小乐和朋友交换今天的小发现。我总是在午饭前洗手。小乐说：“I always wash my hands before lunch.”朋友听懂了，也想起自己遇到过的事。,,I __________ wash my hands before lunch.,always,我总是在午饭前洗手。,context,2026-09-v2,本地预制课堂素材；原创短句与场景模板,[],想象你也在这个场景里。用 always 说一句自己的话。
amazed,KET,2,吃惊的；惊奇的,adj.,日常沟通,I feel amazed today.,我今天感到吃惊的。,[],结合常用释义整体记忆。先听老师读，再用自己的生活场景解释。,0,,https://www.cambridgeenglish.org/images/506886-a2-key-2020-vocabulary-list.pdf,ә'meizd,https://github.com/skywind3000/ECDICT,offline-materials,amazed,feeling,amazed · 单词里的小故事,老师请大家用一个词说说今天的感受，小乐先举了手。我今天感到吃惊的。小乐说：“I feel amazed today.”朋友听懂了，也想起自己遇到过的事。,,I feel __________ today.,amazed,我今天感到吃惊的。,context,2026-09-v2,本地预制课堂素材；原创短句与场景模板,[],想象你也在这个场景里。用 amazed 说一句自己的话。
amazing,KET,2,令人惊异的,adj.,日常沟通,It is an amazing story.,这是一个令人惊异的故事。,[],结合常用释义整体记忆。先听老师读，再用自己的生活场景解释。,0,,https://www.cambridgeenglish.org/images/506886-a2-key-2020-vocabulary-list.pdf,ә'meiziŋ,https://github.com/skywind3000/ECDICT,offline-materials,amazing,story-quality,amazing · 单词里的小故事,读完一本故事书，小乐想用一句话向朋友介绍它。这是一个令人惊异的故事。小乐说：“It is an amazing story.”朋友听懂了，也想起自己遇到过的事。,,It is an __________ story.,amazing,这是一个令人惊异的故事。,context,2026-09-v2,本地预制课堂素材；原创短句与场景模板,[],想象你也在这个场景里。用 amazing 说一句自己的话。
among,KET,1,在...之中,prep.,日常沟通,I found my pen among the books.,我在书堆里找到了笔。,[],结合常用释义整体记忆。先听老师读，再用自己的生活场景解释。,0,,https://www.cambridgeenglish.org/images/506886-a2-key-2020-vocabulary-list.pdf,ә'mʌŋ,https://github.com/skywind3000/ECDICT,offline-materials,among,authored,among · 单词里的小故事,小乐和朋友交换今天的小发现。我在书堆里找到了笔。小乐说：“I found my pen among the books.”朋友听懂了，也想起自己遇到过的事。,,I found my pen __________ the books.,among,我在书堆里找到了笔。,context,2026-09-v2,本地预制课堂素材；原创短句与场景模板,[],想象你也在这个场景里。用 among 说一句自己的话。
and,KET,1,和；与,conj.,日常沟通,I have a pen and a book.,我有一支笔和一本书。,[],结合常用释义整体记忆。先听老师读，再用自己的生活场景解释。,1,,https://www.cambridgeenglish.org/images/506886-a2-key-2020-vocabulary-list.pdf,ænd,https://github.com/skywind3000/ECDICT,offline-materials,and,authored,and · 单词里的小故事,小乐和朋友交换今天的小发现。我有一支笔和一本书。小乐说：“I have a pen and a book.”朋友听懂了，也想起自己遇到过的事。,,I have a pen __________ a book.,and,我有一支笔和一本书。,context,2026-09-v2,本地预制课堂素材；原创短句与场景模板,[],想象你也在这个场景里。用 and 说一句自己的话。
another,KET,1,另外的；再一的；不同的,det; pron.,日常沟通,May I have another apple?,我可以再要一个苹果吗？,[],结合常用释义整体记忆。先听老师读，再用自己的生活场景解释。,1,,https://www.cambridgeenglish.org/images/506886-a2-key-2020-vocabulary-list.pdf,ә'nʌðә,https://github.com/skywind3000/ECDICT,offline-materials,another,authored,another · 单词里的小故事,小乐和朋友交换今天的小发现。我可以再要一个苹果吗？小乐说：“May I have another apple?”朋友听懂了，也想起自己遇到过的事。,,May I have __________ apple?,another,我可以再要一个苹果吗？,context,2026-09-v2,本地预制课堂素材；原创短句与场景模板,[],想象你也在这个场景里。用 another 说一句自己的话。
any,KET,1,任何的,det; pron.,日常沟通,Do you have any questions?,你有什么问题吗？,[],结合常用释义整体记忆。先听老师读，再用自己的生活场景解释。,1,,https://www.cambridgeenglish.org/images/506886-a2-key-2020-vocabulary-list.pdf,'eni,https://github.com/skywind3000/ECDICT,offline-materials,any,authored,any · 单词里的小故事,小乐和朋友交换今天的小发现。你有什么问题吗？小乐说：“Do you have any questions?”朋友听懂了，也想起自己遇到过的事。,,Do you have __________ questions?,any,你有什么问题吗？,context,2026-09-v2,本地预制课堂素材；原创短句与场景模板,[],想象你也在这个场景里。用 any 说一句自己的话。
anybody,KET,1,任何人,pron.,日常沟通,Does anybody know the answer?,有人知道答案吗？,[],结合常用释义整体记忆。先听老师读，再用自己的生活场景解释。,1,,https://www.cambridgeenglish.org/images/506886-a2-key-2020-vocabulary-list.pdf,'enibɒdi,https://github.com/skywind3000/ECDICT,offline-materials,anybody,authored,anybody · 单词里的小故事,小乐和朋友交换今天的小发现。有人知道答案吗？小乐说：“Does anybody know the answer?”朋友听懂了，也想起自己遇到过的事。,,Does __________ know the answer?,anybody,有人知道答案吗？,context,2026-09-v2,本地预制课堂素材；原创短句与场景模板,[],想象你也在这个场景里。用 anybody 说一句自己的话。
anymore,KET,3,再也不；不再,adv.,日常沟通,I do not live there anymore.,我不再住在那里了。,[],结合常用释义整体记忆。先听老师读，再用自己的生活场景解释。,0,,https://www.cambridgeenglish.org/images/506886-a2-key-2020-vocabulary-list.pdf,'eni'mɔ:,https://github.com/skywind3000/ECDICT,offline-materials,anymore,authored,anymore · 单词里的小故事,小乐和朋友交换今天的小发现。我不再住在那里了。小乐说：“I do not live there anymore.”朋友听懂了，也想起自己遇到过的事。,,I do not live there __________.,anymore,我不再住在那里了。,context,2026-09-v2,本地预制课堂素材；原创短句与场景模板,[],想象你也在这个场景里。用 anymore 说一句自己的话。
anyone,KET,1,任何人,pron.,日常沟通,Can anyone help me?,有人能帮我吗？,[],结合常用释义整体记忆。先听老师读，再用自己的生活场景解释。,1,,https://www.cambridgeenglish.org/images/506886-a2-key-2020-vocabulary-list.pdf,'eniwʌn,https://github.com/skywind3000/ECDICT,offline-materials,anyone,authored,anyone · 单词里的小故事,小乐和朋友交换今天的小发现。有人能帮我吗？小乐说：“Can anyone help me?”朋友听懂了，也想起自己遇到过的事。,,Can __________ help me?,anyone,有人能帮我吗？,context,2026-09-v2,本地预制课堂素材；原创短句与场景模板,[],想象你也在这个场景里。用 anyone 说一句自己的话。
anything,KET,1,任何事,pron.,日常沟通,You can ask me anything.,你可以问我任何事情。,[],结合常用释义整体记忆。先听老师读，再用自己的生活场景解释。,1,,https://www.cambridgeenglish.org/images/506886-a2-key-2020-vocabulary-list.pdf,'eniθiŋ,https://github.com/skywind3000/ECDICT,offline-materials,anything,authored,anything · 单词里的小故事,小乐和朋友交换今天的小发现。你可以问我任何事情。小乐说：“You can ask me anything.”朋友听懂了，也想起自己遇到过的事。,,You can ask me __________.,anything,你可以问我任何事情。,context,2026-09-v2,本地预制课堂素材；原创短句与场景模板,[],想象你也在这个场景里。用 anything 说一句自己的话。
anyway,KET,1,无论如何；至少,adv.,日常沟通,"It was raining, but we went out anyway.",当时下着雨，但我们还是出去了。,[],结合常用释义整体记忆。先听老师读，再用自己的生活场景解释。,0,,https://www.cambridgeenglish.org/images/506886-a2-key-2020-vocabulary-list.pdf,'eniwei,https://github.com/skywind3000/ECDICT,offline-materials,anyway,authored,anyway · 单词里的小故事,"小乐和朋友交换今天的小发现。当时下着雨，但我们还是出去了。小乐说：“It was raining, but we went out anyway.”朋友听懂了，也想起自己遇到过的事。",,"It was raining, but we went out __________.",anyway,当时下着雨，但我们还是出去了。,context,2026-09-v2,本地预制课堂素材；原创短句与场景模板,[],想象你也在这个场景里。用 anyway 说一句自己的话。
anywhere,KET,1,无论何处,adv.,日常沟通,You can sit anywhere.,你可以坐在任何地方。,[],结合常用释义整体记忆。先听老师读，再用自己的生活场景解释。,1,,https://www.cambridgeenglish.org/images/506886-a2-key-2020-vocabulary-list.pdf,'enihwєә,https://github.com/skywind3000/ECDICT,offline-materials,anywhere,authored,anywhere · 单词里的小故事,小乐和朋友交换今天的小发现。你可以坐在任何地方。小乐说：“You can sit anywhere.”朋友听懂了，也想起自己遇到过的事。,,You can sit __________.,anywhere,你可以坐在任何地方。,context,2026-09-v2,本地预制课堂素材；原创短句与场景模板,[],想象你也在这个场景里。用 anywhere 说一句自己的话。
apartment,KET,2,公寓,n.,日常沟通,We live in a small apartment.,我们住在一套小公寓里。,[],结合常用释义整体记忆。先听老师读，再用自己的生活场景解释。,0,,https://www.cambridgeenglish.org/images/506886-a2-key-2020-vocabulary-list.pdf,ә'pɑ:tmәnt,常用义教学修订；原词典见 ECDICT-LICENSE.txt,offline-materials,apartment,authored,apartment · 单词里的小故事,小乐和朋友交换今天的小发现。我们住在一套小公寓里。小乐说：“We live in a small apartment.”朋友听懂了，也想起自己遇到过的事。,,We live in a small __________.,apartment,我们住在一套小公寓里。,context,2026-09-v2,本地预制课堂素材；原创短句与场景模板,[],想象你也在这个场景里。用 apartment 说一句自己的话。
apartment building,KET,3,<美>公寓大楼,n.,日常沟通,We visited the apartment building today.,我们今天参观了<美>公寓大楼。,[],结合常用释义整体记忆。先听老师读，再用自己的生活场景解释。,0,,https://www.cambridgeenglish.org/images/506886-a2-key-2020-vocabulary-list.pdf,əˈpɑ:tmənt ˈbildiŋ,https://github.com/skywind3000/ECDICT,offline-materials,apartment building,place,apartment building · 单词里的小故事,小乐把今天的外出经历记进了日记。我们今天参观了<美>公寓大楼。小乐说：“We visited the apartment building today.”朋友听懂了，也想起自己遇到过的事。,,We visited the __________ today.,apartment building,我们今天参观了<美>公寓大楼。,context,2026-09-v2,本地预制课堂素材；原创短句与场景模板,[],想象你也在这个场景里。用 apartment building 说一句自己的话。
app,KET,2,应用程序,n.,日常沟通,Open the school app.,打开学校应用程序。,[],结合例句和场景整体记忆。,0,,https://www.cambridgeenglish.org/images/506886-a2-key-2020-vocabulary-list.pdf,,原创课堂释义与例句,offline-materials,app,authored,app · 单词里的小故事,小乐和朋友交换今天的小发现。打开学校应用程序。小乐说：“Open the school app.”朋友听懂了，也想起自己遇到过的事。,,Open the school __________.,app,打开学校应用程序。,context,2026-09-v2,本地预制课堂素材；原创短句与场景模板,[],想象你也在这个场景里。用 app 说一句自己的话。
apple,KET,1,苹果；家伙,n.,日常沟通,This apple tastes good.,这份苹果味道很好。,[],结合常用释义整体记忆。先听老师读，再用自己的生活场景解释。,1,,https://www.cambridgeenglish.org/images/506886-a2-key-2020-vocabulary-list.pdf,'æpl,https://github.com/skywind3000/ECDICT,offline-materials,apple,food,apple · 单词里的小故事,小乐第一次给家人当小帮手，端出一份食物。这份苹果味道很好。小乐说：“This apple tastes good.”朋友听懂了，也想起自己遇到过的事。,,This __________ tastes good.,apple,这份苹果味道很好。,context,2026-09-v2,本地预制课堂素材；原创短句与场景模板,[],想象你也在这个场景里。用 apple 说一句自己的话。
april,KET,1,四月,n.,日常沟通,My birthday is in April.,我的生日在四月。,[],结合常用释义整体记忆。先听老师读，再用自己的生活场景解释。,1,,https://www.cambridgeenglish.org/images/506886-a2-key-2020-vocabulary-list.pdf,'eiprәl,https://github.com/skywind3000/ECDICT,offline-materials,April,date,April · 单词里的小故事,小乐在日历上画了一个圈，提醒自己别忘记这个日子。我的生日在四月。小乐说：“My birthday is in April.”朋友听懂了，也想起自己遇到过的事。,,My birthday is in __________.,April,我的生日在四月。,context,2026-09-v2,本地预制课堂素材；原创短句与场景模板,[],想象你也在这个场景里。用 April 说一句自己的话。
area,KET,1,区域；面积；范围,n.,日常沟通,We visited the area today.,我们今天参观了区域。,[],结合常用释义整体记忆。先听老师读，再用自己的生活场景解释。,0,,https://www.cambridgeenglish.org/images/506886-a2-key-2020-vocabulary-list.pdf,'єәriә,https://github.com/skywind3000/ECDICT,offline-materials,area,place,area · 单词里的小故事,小乐把今天的外出经历记进了日记。我们今天参观了区域。小乐说：“We visited the area today.”朋友听懂了，也想起自己遇到过的事。,,We visited the __________ today.,area,我们今天参观了区域。,context,2026-09-v2,本地预制课堂素材；原创短句与场景模板,[],想象你也在这个场景里。用 area 说一句自己的话。
arm,KET,1,手臂；袖子；狭长港湾,n.,日常沟通,We learn about the arm at school.,我们在学校了解手臂。,[],结合常用释义整体记忆。先听老师读，再用自己的生活场景解释。,1,,https://www.cambridgeenglish.org/images/506886-a2-key-2020-vocabulary-list.pdf,ɑ:m,https://github.com/skywind3000/ECDICT,offline-materials,arm,body,arm · 单词里的小故事,小乐在课堂上做一张认识自己的知识卡。我们在学校了解手臂。小乐说：“We learn about the arm at school.”朋友听懂了，也想起自己遇到过的事。,,We learn about the __________ at school.,arm,我们在学校了解手臂。,context,2026-09-v2,本地预制课堂素材；原创短句与场景模板,[],想象你也在这个场景里。用 arm 说一句自己的话。
around,KET,1,兜着圈子；在附近；到处,adv; prep.,日常沟通,We sit around the table.,我们围着桌子坐。,[],结合常用释义整体记忆。先听老师读，再用自己的生活场景解释。,1,,https://www.cambridgeenglish.org/images/506886-a2-key-2020-vocabulary-list.pdf,ә'raund,https://github.com/skywind3000/ECDICT,offline-materials,around,authored,around · 单词里的小故事,小乐和朋友交换今天的小发现。我们围着桌子坐。小乐说：“We sit around the table.”朋友听懂了，也想起自己遇到过的事。,,We sit __________ the table.,around,我们围着桌子坐。,context,2026-09-v2,本地预制课堂素材；原创短句与场景模板,[],想象你也在这个场景里。用 around 说一句自己的话。
art,KET,1,艺术；人文科学；技术,n.,日常沟通,We learn about art at school.,我们在学校学习艺术。,[],结合常用释义整体记忆。先听老师读，再用自己的生活场景解释。,0,,https://www.cambridgeenglish.org/images/506886-a2-key-2020-vocabulary-list.pdf,ɑ:t,https://github.com/skywind3000/ECDICT,offline-materials,art,school,art · 单词里的小故事,小乐把今天在学校学到的内容讲给家人听。我们在学校学习艺术。小乐说：“We learn about art at school.”朋友听懂了，也想起自己遇到过的事。,,We learn about __________ at school.,art,我们在学校学习艺术。,context,2026-09-v2,本地预制课堂素材；原创短句与场景模板,[],想象你也在这个场景里。用 art 说一句自己的话。
article,KET,1,文章；冠词；物品,n.,日常沟通,We talked about the article today.,我们今天谈到了文章。,[],结合常用释义整体记忆。先听老师读，再用自己的生活场景解释。,0,,https://www.cambridgeenglish.org/images/506886-a2-key-2020-vocabulary-list.pdf,'ɑ:tikl,https://github.com/skywind3000/ECDICT,offline-materials,article,discussion,article · 单词里的小故事,小乐和朋友聊起今天的一件事。我们今天谈到了文章。小乐说：“We talked about the article today.”朋友听懂了，也想起自己遇到过的事。,,We talked about the __________ today.,article,我们今天谈到了文章。,context,2026-09-v2,本地预制课堂素材；原创短句与场景模板,[],想象你也在这个场景里。用 article 说一句自己的话。
as,KET,1,同样地；例如,conj; adv; prep.,日常沟通,She works as a teacher.,她当老师。,[],结合常用释义整体记忆。先听老师读，再用自己的生活场景解释。,1,,https://www.cambridgeenglish.org/images/506886-a2-key-2020-vocabulary-list.pdf,æz,https://github.com/skywind3000/ECDICT,offline-materials,as,authored,as · 单词里的小故事,小乐和朋友交换今天的小发现。她当老师。小乐说：“She works as a teacher.”朋友听懂了，也想起自己遇到过的事。,,She works __________ a teacher.,as,她当老师。,context,2026-09-v2,本地预制课堂素材；原创短句与场景模板,[],想象你也在这个场景里。用 as 说一句自己的话。
as well,KET,3,也,prep.,日常沟通,I like apples and bananas as well.,我喜欢苹果，也喜欢香蕉。,[],结合常用释义整体记忆。先听老师读，再用自己的生活场景解释。,0,,https://www.cambridgeenglish.org/images/506886-a2-key-2020-vocabulary-list.pdf,,https://github.com/skywind3000/ECDICT,offline-materials,as well,authored,as well · 单词里的小故事,小乐和朋友交换今天的小发现。我喜欢苹果，也喜欢香蕉。小乐说：“I like apples and bananas as well.”朋友听懂了，也想起自己遇到过的事。,,I like apples and bananas __________.,as well,我喜欢苹果，也喜欢香蕉。,context,2026-09-v2,本地预制课堂素材；原创短句与场景模板,[],想象你也在这个场景里。用 as well 说一句自己的话。
ask,KET,1,问；要求,v.,日常沟通,May I ask a question?,我可以问个问题吗？,[],结合常用释义整体记忆。先听老师读，再用自己的生活场景解释。,1,,https://www.cambridgeenglish.org/images/506886-a2-key-2020-vocabulary-list.pdf,ɑ:sk,https://github.com/skywind3000/ECDICT,offline-materials,ask,authored,ask · 单词里的小故事,小乐和朋友交换今天的小发现。我可以问个问题吗？小乐说：“May I ask a question?”朋友听懂了，也想起自己遇到过的事。,,May I __________ a question?,ask,我可以问个问题吗？,context,2026-09-v2,本地预制课堂素材；原创短句与场景模板,[],想象你也在这个场景里。用 ask 说一句自己的话。
assistant,KET,2,助手；助理；助教,n.,日常沟通,This story is about an assistant.,这个故事讲的是一位助手。,[],结合常用释义整体记忆。先听老师读，再用自己的生活场景解释。,0,,https://www.cambridgeenglish.org/images/506886-a2-key-2020-vocabulary-list.pdf,ә'sistәnt,https://github.com/skywind3000/ECDICT,offline-materials,assistant,person,assistant · 单词里的小故事,读书会轮到小乐介绍故事里的一个人物。这个故事讲的是一位助手。小乐说：“This story is about an assistant.”朋友听懂了，也想起自己遇到过的事。,,This story is about an __________.,assistant,这个故事讲的是一位助手。,context,2026-09-v2,本地预制课堂素材；原创短句与场景模板,[],想象你也在这个场景里。用 assistant 说一句自己的话。
at,KET,1,在（地点或时间）,prep.,日常沟通,I am at school.,我在学校。,[],结合常用释义整体记忆。先听老师读，再用自己的生活场景解释。,1,,https://www.cambridgeenglish.org/images/506886-a2-key-2020-vocabulary-list.pdf,æt,常用义教学修订；原词典见 ECDICT-LICENSE.txt,offline-materials,at,authored,at · 单词里的小故事,小乐和朋友交换今天的小发现。我在学校。小乐说：“I am at school.”朋友听懂了，也想起自己遇到过的事。,,I am __________ school.,at,我在学校。,context,2026-09-v2,本地预制课堂素材；原创短句与场景模板,[],想象你也在这个场景里。用 at 说一句自己的话。
at all,KET,3,根本；完全,prep phr.,日常沟通,I am not tired at all.,我一点也不累。,[],结合常用释义整体记忆。先听老师读，再用自己的生活场景解释。,0,,https://www.cambridgeenglish.org/images/506886-a2-key-2020-vocabulary-list.pdf,,https://github.com/skywind3000/ECDICT,offline-materials,at all,authored,at all · 单词里的小故事,小乐和朋友交换今天的小发现。我一点也不累。小乐说：“I am not tired at all.”朋友听懂了，也想起自己遇到过的事。,,I am not tired __________.,at all,我一点也不累。,context,2026-09-v2,本地预制课堂素材；原创短句与场景模板,[],想象你也在这个场景里。用 at all 说一句自己的话。
attractive,KET,1,吸引人的；有魅力的,adj.,日常沟通,The garden is attractive.,这个花园很迷人。,[],结合常用释义整体记忆。先听老师读，再用自己的生活场景解释。,0,,https://www.cambridgeenglish.org/images/506886-a2-key-2020-vocabulary-list.pdf,ә'træktiv,https://github.com/skywind3000/ECDICT,offline-materials,attractive,authored,attractive · 单词里的小故事,小乐和朋友交换今天的小发现。这个花园很迷人。小乐说：“The garden is attractive.”朋友听懂了，也想起自己遇到过的事。,,The garden is __________.,attractive,这个花园很迷人。,context,2026-09-v2,本地预制课堂素材；原创短句与场景模板,[],想象你也在这个场景里。用 attractive 说一句自己的话。
august,KET,1,八月,n.,日常沟通,My birthday is in August.,我的生日在八月。,[],结合常用释义整体记忆。先听老师读，再用自己的生活场景解释。,1,,https://www.cambridgeenglish.org/images/506886-a2-key-2020-vocabulary-list.pdf,ɒ:'gʌst. 'ɒ:gәst,https://github.com/skywind3000/ECDICT,offline-materials,August,date,August · 单词里的小故事,小乐在日历上画了一个圈，提醒自己别忘记这个日子。我的生日在八月。小乐说：“My birthday is in August.”朋友听懂了，也想起自己遇到过的事。,,My birthday is in __________.,August,我的生日在八月。,context,2026-09-v2,本地预制课堂素材；原创短句与场景模板,[],想象你也在这个场景里。用 August 说一句自己的话。
aunt,KET,2,姑姑；姨妈；伯母,n.,日常沟通,This story is about an aunt.,这个故事讲的是一位姑姑。,[],结合常用释义整体记忆。先听老师读，再用自己的生活场景解释。,0,,https://www.cambridgeenglish.org/images/506886-a2-key-2020-vocabulary-list.pdf,ɑ:nt,常用义教学修订；原词典见 ECDICT-LICENSE.txt,offline-materials,aunt,person,aunt · 单词里的小故事,读书会轮到小乐介绍故事里的一个人物。这个故事讲的是一位姑姑。小乐说：“This story is about an aunt.”朋友听懂了，也想起自己遇到过的事。,,This story is about an __________.,aunt,这个故事讲的是一位姑姑。,context,2026-09-v2,本地预制课堂素材；原创短句与场景模板,[],想象你也在这个场景里。用 aunt 说一句自己的话。
available,KET,1,可用的；有空的,adj.,日常沟通,This seat is available.,这个座位可以使用。,[],结合常用释义整体记忆。先听老师读，再用自己的生活场景解释。,0,,https://www.cambridgeenglish.org/images/506886-a2-key-2020-vocabulary-list.pdf,ә'veilәbl,常用义教学修订；原词典见 ECDICT-LICENSE.txt,offline-materials,available,authored,available · 单词里的小故事,小乐和朋友交换今天的小发现。这个座位可以使用。小乐说：“This seat is available.”朋友听懂了，也想起自己遇到过的事。,,This seat is __________.,available,这个座位可以使用。,context,2026-09-v2,本地预制课堂素材；原创短句与场景模板,[],想象你也在这个场景里。用 available 说一句自己的话。
away,KET,1,离去,adv.,日常沟通,Our school is not far away.,我们的学校不远。,[],结合常用释义整体记忆。先听老师读，再用自己的生活场景解释。,1,,https://www.cambridgeenglish.org/images/506886-a2-key-2020-vocabulary-list.pdf,ә'wei,https://github.com/skywind3000/ECDICT,offline-materials,away,authored,away · 单词里的小故事,小乐和朋友交换今天的小发现。我们的学校不远。小乐说：“Our school is not far away.”朋友听懂了，也想起自己遇到过的事。,,Our school is not far __________.,away,我们的学校不远。,context,2026-09-v2,本地预制课堂素材；原创短句与场景模板,[],想象你也在这个场景里。用 away 说一句自己的话。
awesome,KET,3,引起敬畏的；可怕的,adj.,日常沟通,It is an awesome story.,这是一个引起敬畏的故事。,[],结合常用释义整体记忆。先听老师读，再用自己的生活场景解释。,0,,https://www.cambridgeenglish.org/images/506886-a2-key-2020-vocabulary-list.pdf,'ɒ:sәm,https://github.com/skywind3000/ECDICT,offline-materials,awesome,story-quality,awesome · 单词里的小故事,读完一本故事书，小乐想用一句话向朋友介绍它。这是一个引起敬畏的故事。小乐说：“It is an awesome story.”朋友听懂了，也想起自己遇到过的事。,,It is an __________ story.,awesome,这是一个引起敬畏的故事。,context,2026-09-v2,本地预制课堂素材；原创短句与场景模板,[],想象你也在这个场景里。用 awesome 说一句自己的话。
awful,KET,2,可怕的；庄严的；虔敬的,adj.,日常沟通,It is awful today.,今天的天气是可怕的。,[],结合常用释义整体记忆。先听老师读，再用自己的生活场景解释。,0,,https://www.cambridgeenglish.org/images/506886-a2-key-2020-vocabulary-list.pdf,'ɒ:ful,https://github.com/skywind3000/ECDICT,offline-materials,awful,weather-quality,awful · 单词里的小故事,出门前，小乐看了一眼窗外，把天气告诉家人。今天的天气是可怕的。小乐说：“It is awful today.”朋友听懂了，也想起自己遇到过的事。,,It is __________ today.,awful,今天的天气是可怕的。,context,2026-09-v2,本地预制课堂素材；原创短句与场景模板,[],想象你也在这个场景里。用 awful 说一句自己的话。
baby,KET,1,婴孩,n.,日常沟通,This story is about a baby.,这个故事讲的是一位婴孩。,[],结合常用释义整体记忆。先听老师读，再用自己的生活场景解释。,1,,https://www.cambridgeenglish.org/images/506886-a2-key-2020-vocabulary-list.pdf,'beibi,https://github.com/skywind3000/ECDICT,offline-materials,baby,person,baby · 单词里的小故事,读书会轮到小乐介绍故事里的一个人物。这个故事讲的是一位婴孩。小乐说：“This story is about a baby.”朋友听懂了，也想起自己遇到过的事。,,This story is about a __________.,baby,这个故事讲的是一位婴孩。,context,2026-09-v2,本地预制课堂素材；原创短句与场景模板,[],想象你也在这个场景里。用 baby 说一句自己的话。
back,KET,1,后面的,"n, adv; adj.",日常沟通,Please come back soon.,请早点回来。,[],结合常用释义整体记忆。先听老师读，再用自己的生活场景解释。,1,,https://www.cambridgeenglish.org/images/506886-a2-key-2020-vocabulary-list.pdf,bæk,https://github.com/skywind3000/ECDICT,offline-materials,back,authored,back · 单词里的小故事,小乐和朋友交换今天的小发现。请早点回来。小乐说：“Please come back soon.”朋友听懂了，也想起自己遇到过的事。,,Please come __________ soon.,back,请早点回来。,context,2026-09-v2,本地预制课堂素材；原创短句与场景模板,[],想象你也在这个场景里。用 back 说一句自己的话。
bad,KET,1,坏的,adj.,日常沟通,It is bad today.,今天的天气是坏的。,"[{""text"": ""bad"", ""kind"": ""root"", ""meaning"": ""差的""}]",这个词本身可以作为词基，与相关派生词联系起来理解。,1,,https://www.cambridgeenglish.org/images/506886-a2-key-2020-vocabulary-list.pdf,bæd,https://github.com/skywind3000/ECDICT,offline-materials,bad,weather-quality,bad · 单词里的小故事,出门前，小乐看了一眼窗外，把天气告诉家人。今天的天气是坏的。小乐说：“It is bad today.”朋友听懂了，也想起自己遇到过的事。,,It is __________ today.,bad,今天的天气是坏的。,context,2026-09-v2,本地预制课堂素材；原创短句与场景模板,[],想象你也在这个场景里。用 bad 说一句自己的话。
badly,KET,2,严重地；恶劣地；极度地,adv.,日常沟通,He played badly today.,他今天打得不好。,"[{""text"": ""bad"", ""kind"": ""root"", ""meaning"": ""差的""}, {""text"": ""-ly"", ""kind"": ""suffix"", ""meaning"": ""以……的方式（构成副词）"", ""story"": ""-ly 在古英语中有表示“像……的”的形容词形式，也有表示“以某种方式”的副词形式。今天同样的结尾仍有不同工作。先问它是在描写一个人或物，还是在说明怎样做事。"", ""source"": ""https://www.merriam-webster.com/dictionary/ly-""}]",先理解词基，再看词缀如何改变含义或词性。,0,,https://www.cambridgeenglish.org/images/506886-a2-key-2020-vocabulary-list.pdf,'bædli,https://github.com/skywind3000/ECDICT,offline-materials,badly,authored,badly · 单词里的小故事,小乐和朋友交换今天的小发现。他今天打得不好。小乐说：“He played badly today.”朋友听懂了，也想起自己遇到过的事。,,He played __________ today.,badly,他今天打得不好。,context,2026-09-v2,本地预制课堂素材；原创短句与场景模板,[],想象你也在这个场景里。用 badly 说一句自己的话。
bag,KET,1,袋子；袋状物,n.,日常沟通,We need the bag today.,我们今天需要袋子。,[],结合常用释义整体记忆。先听老师读，再用自己的生活场景解释。,1,,https://www.cambridgeenglish.org/images/506886-a2-key-2020-vocabulary-list.pdf,bæg,https://github.com/skywind3000/ECDICT,offline-materials,bag,equipment,bag · 单词里的小故事,班级活动开始前，小乐负责核对需要的东西。我们今天需要袋子。小乐说：“We need the bag today.”朋友听懂了，也想起自己遇到过的事。,,We need the __________ today.,bag,我们今天需要袋子。,context,2026-09-v2,本地预制课堂素材；原创短句与场景模板,[],想象你也在这个场景里。用 bag 说一句自己的话。
ball,KET,1,球；舞会；球状物,n.,日常沟通,We talked about the ball today.,我们今天谈到了球。,[],结合常用释义整体记忆。先听老师读，再用自己的生活场景解释。,0,,https://www.cambridgeenglish.org/images/506886-a2-key-2020-vocabulary-list.pdf,bɒ:l,https://github.com/skywind3000/ECDICT,offline-materials,ball,discussion,ball · 单词里的小故事,小乐和朋友聊起今天的一件事。我们今天谈到了球。小乐说：“We talked about the ball today.”朋友听懂了，也想起自己遇到过的事。,,We talked about the __________ today.,ball,我们今天谈到了球。,context,2026-09-v2,本地预制课堂素材；原创短句与场景模板,[],想象你也在这个场景里。用 ball 说一句自己的话。
balloon,KET,2,气球,n.,日常沟通,We need the balloon today.,我们今天需要气球。,[],结合常用释义整体记忆。先听老师读，再用自己的生活场景解释。,0,,https://www.cambridgeenglish.org/images/506886-a2-key-2020-vocabulary-list.pdf,bә'lu:n,https://github.com/skywind3000/ECDICT,offline-materials,balloon,equipment,balloon · 单词里的小故事,班级活动开始前，小乐负责核对需要的东西。我们今天需要气球。小乐说：“We need the balloon today.”朋友听懂了，也想起自己遇到过的事。,,We need the __________ today.,balloon,我们今天需要气球。,context,2026-09-v2,本地预制课堂素材；原创短句与场景模板,[],想象你也在这个场景里。用 balloon 说一句自己的话。
banana,KET,1,香蕉,n.,日常沟通,This banana tastes good.,这份香蕉味道很好。,[],结合常用释义整体记忆。先听老师读，再用自己的生活场景解释。,1,,https://www.cambridgeenglish.org/images/506886-a2-key-2020-vocabulary-list.pdf,bә'nɑ:nә,https://github.com/skywind3000/ECDICT,offline-materials,banana,food,banana · 单词里的小故事,小乐第一次给家人当小帮手，端出一份食物。这份香蕉味道很好。小乐说：“This banana tastes good.”朋友听懂了，也想起自己遇到过的事。,,This __________ tastes good.,banana,这份香蕉味道很好。,context,2026-09-v2,本地预制课堂素材；原创短句与场景模板,[],想象你也在这个场景里。用 banana 说一句自己的话。
band,KET,1,带子；队；乐队,n.,日常沟通,We talked about the band today.,我们今天谈到了带子。,[],结合常用释义整体记忆。先听老师读，再用自己的生活场景解释。,0,,https://www.cambridgeenglish.org/images/506886-a2-key-2020-vocabulary-list.pdf,bænd,https://github.com/skywind3000/ECDICT,offline-materials,band,discussion,band · 单词里的小故事,小乐和朋友聊起今天的一件事。我们今天谈到了带子。小乐说：“We talked about the band today.”朋友听懂了，也想起自己遇到过的事。,,We talked about the __________ today.,band,我们今天谈到了带子。,context,2026-09-v2,本地预制课堂素材；原创短句与场景模板,[],想象你也在这个场景里。用 band 说一句自己的话。
bank,KET,1,银行,n.,日常沟通,We visited the bank today.,我们今天参观了银行。,[],结合常用释义整体记忆。先听老师读，再用自己的生活场景解释。,0,,https://www.cambridgeenglish.org/images/506886-a2-key-2020-vocabulary-list.pdf,bæŋk,https://github.com/skywind3000/ECDICT,offline-materials,bank,place,bank · 单词里的小故事,小乐把今天的外出经历记进了日记。我们今天参观了银行。小乐说：“We visited the bank today.”朋友听懂了，也想起自己遇到过的事。,,We visited the __________ today.,bank,我们今天参观了银行。,context,2026-09-v2,本地预制课堂素材；原创短句与场景模板,[],想象你也在这个场景里。用 bank 说一句自己的话。
barbecue,KET,3,烤肉,n.,日常沟通,We talked about the barbecue today.,我们今天谈到了烤肉。,[],结合常用释义整体记忆。先听老师读，再用自己的生活场景解释。,0,,https://www.cambridgeenglish.org/images/506886-a2-key-2020-vocabulary-list.pdf,'bɑ:bikju:,https://github.com/skywind3000/ECDICT,offline-materials,barbecue,discussion,barbecue · 单词里的小故事,小乐和朋友聊起今天的一件事。我们今天谈到了烤肉。小乐说：“We talked about the barbecue today.”朋友听懂了，也想起自己遇到过的事。,,We talked about the __________ today.,barbecue,我们今天谈到了烤肉。,context,2026-09-v2,本地预制课堂素材；原创短句与场景模板,[],想象你也在这个场景里。用 barbecue 说一句自己的话。
baseball,KET,3,棒球,n.,日常沟通,I want to learn more about baseball.,我想多了解一些棒球。,"[{""text"": ""base"", ""kind"": ""compound"", ""meaning"": ""垒""}, {""text"": ""ball"", ""kind"": ""compound"", ""meaning"": ""球""}]",两个已有成分组合成一个词。结合它们的意思理解整体词义，但不要把这种现代拆分当作完整的历史词源。,0,,https://www.cambridgeenglish.org/images/506886-a2-key-2020-vocabulary-list.pdf,'beisbɒ:l,https://github.com/skywind3000/ECDICT,offline-materials,baseball,activity,baseball · 单词里的小故事,班级要举办兴趣日，小乐选了自己想了解的活动。我想多了解一些棒球。小乐说：“I want to learn more about baseball.”朋友听懂了，也想起自己遇到过的事。,,I want to learn more about __________.,baseball,我想多了解一些棒球。,context,2026-09-v2,本地预制课堂素材；原创短句与场景模板,[],想象你也在这个场景里。用 baseball 说一句自己的话。
bat,KET,2,球棒；球拍,n.,日常沟通,We talked about the bat today.,我们今天谈到了球棒。,[],结合常用释义整体记忆。先听老师读，再用自己的生活场景解释。,0,,https://www.cambridgeenglish.org/images/506886-a2-key-2020-vocabulary-list.pdf,bæt,https://github.com/skywind3000/ECDICT,offline-materials,bat,discussion,bat · 单词里的小故事,小乐和朋友聊起今天的一件事。我们今天谈到了球棒。小乐说：“We talked about the bat today.”朋友听懂了，也想起自己遇到过的事。,,We talked about the __________ today.,bat,我们今天谈到了球棒。,context,2026-09-v2,本地预制课堂素材；原创短句与场景模板,[],想象你也在这个场景里。用 bat 说一句自己的话。
bath,KET,2,沐浴；浴室,n.,日常沟通,We need the bath today.,我们今天需要沐浴。,[],结合常用释义整体记忆。先听老师读，再用自己的生活场景解释。,0,,https://www.cambridgeenglish.org/images/506886-a2-key-2020-vocabulary-list.pdf,bæθ.bɑ:θ,https://github.com/skywind3000/ECDICT,offline-materials,bath,equipment,bath · 单词里的小故事,班级活动开始前，小乐负责核对需要的东西。我们今天需要沐浴。小乐说：“We need the bath today.”朋友听懂了，也想起自己遇到过的事。,,We need the __________ today.,bath,我们今天需要沐浴。,context,2026-09-v2,本地预制课堂素材；原创短句与场景模板,[],想象你也在这个场景里。用 bath 说一句自己的话。
bathing suit,KET,3,游泳衣,n.,日常沟通,I like your bathing suit.,我喜欢你的游泳衣。,[],结合常用释义整体记忆。先听老师读，再用自己的生活场景解释。,0,,https://www.cambridgeenglish.org/images/506886-a2-key-2020-vocabulary-list.pdf,,https://github.com/skywind3000/ECDICT,offline-materials,bathing suit,clothes,bathing suit · 单词里的小故事,出门前，小乐注意到了朋友的穿着。我喜欢你的游泳衣。小乐说：“I like your bathing suit.”朋友听懂了，也想起自己遇到过的事。,,I like your __________.,bathing suit,我喜欢你的游泳衣。,context,2026-09-v2,本地预制课堂素材；原创短句与场景模板,[],想象你也在这个场景里。用 bathing suit 说一句自己的话。
bathtub,KET,3,浴缸,n.,日常沟通,We need the bathtub today.,我们今天需要浴缸。,"[{""text"": ""bath"", ""kind"": ""compound"", ""meaning"": ""洗澡""}, {""text"": ""tub"", ""kind"": ""compound"", ""meaning"": ""浴盆""}]",两个已有成分组合成一个词。结合它们的意思理解整体词义，但不要把这种现代拆分当作完整的历史词源。,0,,https://www.cambridgeenglish.org/images/506886-a2-key-2020-vocabulary-list.pdf,'bɑ:θtʌb,https://github.com/skywind3000/ECDICT,offline-materials,bathtub,equipment,bathtub · 单词里的小故事,班级活动开始前，小乐负责核对需要的东西。我们今天需要浴缸。小乐说：“We need the bathtub today.”朋友听懂了，也想起自己遇到过的事。,,We need the __________ today.,bathtub,我们今天需要浴缸。,context,2026-09-v2,本地预制课堂素材；原创短句与场景模板,[],想象你也在这个场景里。用 bathtub 说一句自己的话。
be,KET,1,是；表示；在,av; v.,日常沟通,I want to be a teacher.,我想成为一名老师。,[],结合常用释义整体记忆。先听老师读，再用自己的生活场景解释。,1,,https://www.cambridgeenglish.org/images/506886-a2-key-2020-vocabulary-list.pdf,bi:,https://github.com/skywind3000/ECDICT,offline-materials,be,authored,be · 单词里的小故事,小乐和朋友交换今天的小发现。我想成为一名老师。小乐说：“I want to be a teacher.”朋友听懂了，也想起自己遇到过的事。,,I want to __________ a teacher.,be,我想成为一名老师。,context,2026-09-v2,本地预制课堂素材；原创短句与场景模板,[],想象你也在这个场景里。用 be 说一句自己的话。
bean,KET,2,豆子,n.,日常沟通,This bean tastes good.,这份豆子味道很好。,[],结合常用释义整体记忆。先听老师读，再用自己的生活场景解释。,0,,https://www.cambridgeenglish.org/images/506886-a2-key-2020-vocabulary-list.pdf,bi:n,https://github.com/skywind3000/ECDICT,offline-materials,bean,food,bean · 单词里的小故事,小乐第一次给家人当小帮手，端出一份食物。这份豆子味道很好。小乐说：“This bean tastes good.”朋友听懂了，也想起自己遇到过的事。,,This __________ tastes good.,bean,这份豆子味道很好。,context,2026-09-v2,本地预制课堂素材；原创短句与场景模板,[],想象你也在这个场景里。用 bean 说一句自己的话。
bear,KET,1,熊,n.,日常沟通,We saw the bear in a picture.,我们在图片里看到了熊。,[],结合常用释义整体记忆。先听老师读，再用自己的生活场景解释。,0,,https://www.cambridgeenglish.org/images/506886-a2-key-2020-vocabulary-list.pdf,bєә,https://github.com/skywind3000/ECDICT,offline-materials,bear,animal,bear · 单词里的小故事,小乐翻开一本动物画册，在其中一页停了下来。我们在图片里看到了熊。小乐说：“We saw the bear in a picture.”朋友听懂了，也想起自己遇到过的事。,,We saw the __________ in a picture.,bear,我们在图片里看到了熊。,context,2026-09-v2,本地预制课堂素材；原创短句与场景模板,[],想象你也在这个场景里。用 bear 说一句自己的话。
beard,KET,2,胡须,n.,日常沟通,We learn about the beard at school.,我们在学校了解胡须。,[],结合常用释义整体记忆。先听老师读，再用自己的生活场景解释。,0,,https://www.cambridgeenglish.org/images/506886-a2-key-2020-vocabulary-list.pdf,biәd,https://github.com/skywind3000/ECDICT,offline-materials,beard,body,beard · 单词里的小故事,小乐在课堂上做一张认识自己的知识卡。我们在学校了解胡须。小乐说：“We learn about the beard at school.”朋友听懂了，也想起自己遇到过的事。,,We learn about the __________ at school.,beard,我们在学校了解胡须。,context,2026-09-v2,本地预制课堂素材；原创短句与场景模板,[],想象你也在这个场景里。用 beard 说一句自己的话。
because,KET,1,因为,conj.,日常沟通,I am happy because you are here.,我很开心，因为你在这里。,[],结合常用释义整体记忆。先听老师读，再用自己的生活场景解释。,1,,https://www.cambridgeenglish.org/images/506886-a2-key-2020-vocabulary-list.pdf,bi'kɒ:z,https://github.com/skywind3000/ECDICT,offline-materials,because,authored,because · 单词里的小故事,小乐和朋友交换今天的小发现。我很开心，因为你在这里。小乐说：“I am happy because you are here.”朋友听懂了，也想起自己遇到过的事。,,I am happy __________ you are here.,because,我很开心，因为你在这里。,context,2026-09-v2,本地预制课堂素材；原创短句与场景模板,[],想象你也在这个场景里。用 because 说一句自己的话。
because of,KET,3,因为,prep phr.,日常沟通,We stayed home because of the rain.,因为下雨，我们待在家里。,[],结合常用释义整体记忆。先听老师读，再用自己的生活场景解释。,0,,https://www.cambridgeenglish.org/images/506886-a2-key-2020-vocabulary-list.pdf,,https://github.com/skywind3000/ECDICT,offline-materials,because of,authored,because of · 单词里的小故事,小乐和朋友交换今天的小发现。因为下雨，我们待在家里。小乐说：“We stayed home because of the rain.”朋友听懂了，也想起自己遇到过的事。,,We stayed home __________ the rain.,because of,因为下雨，我们待在家里。,context,2026-09-v2,本地预制课堂素材；原创短句与场景模板,[],想象你也在这个场景里。用 because of 说一句自己的话。
become,KET,1,变成；变得,v.,日常沟通,I want to become a doctor.,我想成为一名医生。,[],结合常用释义整体记忆。先听老师读，再用自己的生活场景解释。,0,,https://www.cambridgeenglish.org/images/506886-a2-key-2020-vocabulary-list.pdf,bi'kʌm,https://github.com/skywind3000/ECDICT,offline-materials,become,authored,become · 单词里的小故事,小乐和朋友交换今天的小发现。我想成为一名医生。小乐说：“I want to become a doctor.”朋友听懂了，也想起自己遇到过的事。,,I want to __________ a doctor.,become,我想成为一名医生。,context,2026-09-v2,本地预制课堂素材；原创短句与场景模板,[],想象你也在这个场景里。用 become 说一句自己的话。
bed,KET,1,床；睡眠处；河床,n.,日常沟通,We need the bed today.,我们今天需要床。,[],结合常用释义整体记忆。先听老师读，再用自己的生活场景解释。,1,,https://www.cambridgeenglish.org/images/506886-a2-key-2020-vocabulary-list.pdf,bed,https://github.com/skywind3000/ECDICT,offline-materials,bed,equipment,bed · 单词里的小故事,班级活动开始前，小乐负责核对需要的东西。我们今天需要床。小乐说：“We need the bed today.”朋友听懂了，也想起自己遇到过的事。,,We need the __________ today.,bed,我们今天需要床。,context,2026-09-v2,本地预制课堂素材；原创短句与场景模板,[],想象你也在这个场景里。用 bed 说一句自己的话。
bee,KET,2,蜜蜂；聚会,n.,日常沟通,We saw the bee in a picture.,我们在图片里看到了蜜蜂。,[],结合常用释义整体记忆。先听老师读，再用自己的生活场景解释。,0,,https://www.cambridgeenglish.org/images/506886-a2-key-2020-vocabulary-list.pdf,bi:,https://github.com/skywind3000/ECDICT,offline-materials,bee,animal,bee · 单词里的小故事,小乐翻开一本动物画册，在其中一页停了下来。我们在图片里看到了蜜蜂。小乐说：“We saw the bee in a picture.”朋友听懂了，也想起自己遇到过的事。,,We saw the __________ in a picture.,bee,我们在图片里看到了蜜蜂。,context,2026-09-v2,本地预制课堂素材；原创短句与场景模板,[],想象你也在这个场景里。用 bee 说一句自己的话。
beetle,KET,3,甲虫；大槌,n.,日常沟通,We saw the beetle in a picture.,我们在图片里看到了甲虫。,[],结合常用释义整体记忆。先听老师读，再用自己的生活场景解释。,0,,https://www.cambridgeenglish.org/images/506886-a2-key-2020-vocabulary-list.pdf,'bi:tl,https://github.com/skywind3000/ECDICT,offline-materials,beetle,animal,beetle · 单词里的小故事,小乐翻开一本动物画册，在其中一页停了下来。我们在图片里看到了甲虫。小乐说：“We saw the beetle in a picture.”朋友听懂了，也想起自己遇到过的事。,,We saw the __________ in a picture.,beetle,我们在图片里看到了甲虫。,context,2026-09-v2,本地预制课堂素材；原创短句与场景模板,[],想象你也在这个场景里。用 beetle 说一句自己的话。
before,KET,1,在...之前,"adv, conj; prep.",日常沟通,Wash your hands before lunch.,午饭前洗手。,[],结合常用释义整体记忆。先听老师读，再用自己的生活场景解释。,1,,https://www.cambridgeenglish.org/images/506886-a2-key-2020-vocabulary-list.pdf,bi'fɒ:,https://github.com/skywind3000/ECDICT,offline-materials,before,authored,before · 单词里的小故事,小乐和朋友交换今天的小发现。午饭前洗手。小乐说：“Wash your hands before lunch.”朋友听懂了，也想起自己遇到过的事。,,Wash your hands __________ lunch.,before,午饭前洗手。,context,2026-09-v2,本地预制课堂素材；原创短句与场景模板,[],想象你也在这个场景里。用 before 说一句自己的话。
begin,KET,1,开始,v.,日常沟通,We begin the lesson at nine.,我们九点开始上课。,[],结合常用释义整体记忆。先听老师读，再用自己的生活场景解释。,0,,https://www.cambridgeenglish.org/images/506886-a2-key-2020-vocabulary-list.pdf,bi'gin,https://github.com/skywind3000/ECDICT,offline-materials,begin,authored,begin · 单词里的小故事,小乐和朋友交换今天的小发现。我们九点开始上课。小乐说：“We begin the lesson at nine.”朋友听懂了，也想起自己遇到过的事。,,We __________ the lesson at nine.,begin,我们九点开始上课。,context,2026-09-v2,本地预制课堂素材；原创短句与场景模板,[],想象你也在这个场景里。用 begin 说一句自己的话。
beginning,KET,1,开始,n.,日常沟通,We talked about the beginning today.,我们今天谈到了开始。,[],结合常用释义整体记忆。先听老师读，再用自己的生活场景解释。,0,,https://www.cambridgeenglish.org/images/506886-a2-key-2020-vocabulary-list.pdf,bi'giniŋ,https://github.com/skywind3000/ECDICT,offline-materials,beginning,discussion,beginning · 单词里的小故事,小乐和朋友聊起今天的一件事。我们今天谈到了开始。小乐说：“We talked about the beginning today.”朋友听懂了，也想起自己遇到过的事。,,We talked about the __________ today.,beginning,我们今天谈到了开始。,context,2026-09-v2,本地预制课堂素材；原创短句与场景模板,[],想象你也在这个场景里。用 beginning 说一句自己的话。
behind,KET,1,在后地,adv; prep.,日常沟通,The cat is behind the door.,猫在门后。,[],结合常用释义整体记忆。先听老师读，再用自己的生活场景解释。,1,,https://www.cambridgeenglish.org/images/506886-a2-key-2020-vocabulary-list.pdf,bi'haind,https://github.com/skywind3000/ECDICT,offline-materials,behind,authored,behind · 单词里的小故事,小乐和朋友交换今天的小发现。猫在门后。小乐说：“The cat is behind the door.”朋友听懂了，也想起自己遇到过的事。,,The cat is __________ the door.,behind,猫在门后。,context,2026-09-v2,本地预制课堂素材；原创短句与场景模板,[],想象你也在这个场景里。用 behind 说一句自己的话。
belong,KET,1,属于；合适,v.,日常沟通,These books belong to the school.,这些书属于学校。,[],结合常用释义整体记忆。先听老师读，再用自己的生活场景解释。,0,,https://www.cambridgeenglish.org/images/506886-a2-key-2020-vocabulary-list.pdf,bi'lɒŋ,https://github.com/skywind3000/ECDICT,offline-materials,belong,authored,belong · 单词里的小故事,小乐和朋友交换今天的小发现。这些书属于学校。小乐说：“These books belong to the school.”朋友听懂了，也想起自己遇到过的事。,,These books __________ to the school.,belong,这些书属于学校。,context,2026-09-v2,本地预制课堂素材；原创短句与场景模板,[],想象你也在这个场景里。用 belong 说一句自己的话。
below,KET,1,在下面,adv; prep.,日常沟通,Write your name below the line.,在线下面写名字。,[],结合常用释义整体记忆。先听老师读，再用自己的生活场景解释。,1,,https://www.cambridgeenglish.org/images/506886-a2-key-2020-vocabulary-list.pdf,bi'lәu,https://github.com/skywind3000/ECDICT,offline-materials,below,authored,below · 单词里的小故事,小乐和朋友交换今天的小发现。在线下面写名字。小乐说：“Write your name below the line.”朋友听懂了，也想起自己遇到过的事。,,Write your name __________ the line.,below,在线下面写名字。,context,2026-09-v2,本地预制课堂素材；原创短句与场景模板,[],想象你也在这个场景里。用 below 说一句自己的话。
belt,KET,2,带子；地带,n.,日常沟通,I like your belt.,我喜欢你的带子。,[],结合常用释义整体记忆。先听老师读，再用自己的生活场景解释。,0,,https://www.cambridgeenglish.org/images/506886-a2-key-2020-vocabulary-list.pdf,belt,https://github.com/skywind3000/ECDICT,offline-materials,belt,clothes,belt · 单词里的小故事,出门前，小乐注意到了朋友的穿着。我喜欢你的带子。小乐说：“I like your belt.”朋友听懂了，也想起自己遇到过的事。,,I like your __________.,belt,我喜欢你的带子。,context,2026-09-v2,本地预制课堂素材；原创短句与场景模板,[],想象你也在这个场景里。用 belt 说一句自己的话。
beside,KET,1,在旁边,prep.,日常沟通,The bag is beside the chair.,包在椅子旁。,[],结合常用释义整体记忆。先听老师读，再用自己的生活场景解释。,1,,https://www.cambridgeenglish.org/images/506886-a2-key-2020-vocabulary-list.pdf,bi'said,https://github.com/skywind3000/ECDICT,offline-materials,beside,authored,beside · 单词里的小故事,小乐和朋友交换今天的小发现。包在椅子旁。小乐说：“The bag is beside the chair.”朋友听懂了，也想起自己遇到过的事。,,The bag is __________ the chair.,beside,包在椅子旁。,context,2026-09-v2,本地预制课堂素材；原创短句与场景模板,[],想象你也在这个场景里。用 beside 说一句自己的话。
best,KET,1,最好的,adj; adv.,日常沟通,This is my best picture.,这是我画得最好的一幅画。,[],结合常用释义整体记忆。先听老师读，再用自己的生活场景解释。,1,,https://www.cambridgeenglish.org/images/506886-a2-key-2020-vocabulary-list.pdf,best,https://github.com/skywind3000/ECDICT,offline-materials,best,authored,best · 单词里的小故事,小乐和朋友交换今天的小发现。这是我画得最好的一幅画。小乐说：“This is my best picture.”朋友听懂了，也想起自己遇到过的事。,,This is my __________ picture.,best,这是我画得最好的一幅画。,context,2026-09-v2,本地预制课堂素材；原创短句与场景模板,[],想象你也在这个场景里。用 best 说一句自己的话。
better,KET,1,较好的,adj; adv.,日常沟通,I feel better today.,我今天感觉好些了。,[],结合常用释义整体记忆。先听老师读，再用自己的生活场景解释。,1,,https://www.cambridgeenglish.org/images/506886-a2-key-2020-vocabulary-list.pdf,'betә,https://github.com/skywind3000/ECDICT,offline-materials,better,authored,better · 单词里的小故事,小乐和朋友交换今天的小发现。我今天感觉好些了。小乐说：“I feel better today.”朋友听懂了，也想起自己遇到过的事。,,I feel __________ today.,better,我今天感觉好些了。,context,2026-09-v2,本地预制课堂素材；原创短句与场景模板,[],想象你也在这个场景里。用 better 说一句自己的话。
between,KET,1,在...之间,prep.,日常沟通,The shop is between the two houses.,商店在两座房子之间。,[],结合常用释义整体记忆。先听老师读，再用自己的生活场景解释。,1,,https://www.cambridgeenglish.org/images/506886-a2-key-2020-vocabulary-list.pdf,bi'twi:n,https://github.com/skywind3000/ECDICT,offline-materials,between,authored,between · 单词里的小故事,小乐和朋友交换今天的小发现。商店在两座房子之间。小乐说：“The shop is between the two houses.”朋友听懂了，也想起自己遇到过的事。,,The shop is __________ the two houses.,between,商店在两座房子之间。,context,2026-09-v2,本地预制课堂素材；原创短句与场景模板,[],想象你也在这个场景里。用 between 说一句自己的话。
bicycle,KET,2,自行车,n.,日常沟通,Look at the bicycle in this picture.,看看这张图片中的自行车。,[],结合常用释义整体记忆。先听老师读，再用自己的生活场景解释。,0,,https://www.cambridgeenglish.org/images/506886-a2-key-2020-vocabulary-list.pdf,'baisikl,https://github.com/skywind3000/ECDICT,offline-materials,bicycle,transport,bicycle · 单词里的小故事,小乐和朋友观察一张出行图片，轮流指出里面的东西。看看这张图片中的自行车。小乐说：“Look at the bicycle in this picture.”朋友听懂了，也想起自己遇到过的事。,,Look at the __________ in this picture.,bicycle,看看这张图片中的自行车。,context,2026-09-v2,本地预制课堂素材；原创短句与场景模板,[],想象你也在这个场景里。用 bicycle 说一句自己的话。
bike,KET,1,自行车；脚踏车,n.,日常沟通,Look at the bike in this picture.,看看这张图片中的自行车。,[],结合常用释义整体记忆。先听老师读，再用自己的生活场景解释。,1,,https://www.cambridgeenglish.org/images/506886-a2-key-2020-vocabulary-list.pdf,baik,https://github.com/skywind3000/ECDICT,offline-materials,bike,transport,bike · 单词里的小故事,小乐和朋友观察一张出行图片，轮流指出里面的东西。看看这张图片中的自行车。小乐说：“Look at the bike in this picture.”朋友听懂了，也想起自己遇到过的事。,,Look at the __________ in this picture.,bike,看看这张图片中的自行车。,context,2026-09-v2,本地预制课堂素材；原创短句与场景模板,[],想象你也在这个场景里。用 bike 说一句自己的话。
bill,KET,1,账单,n.,日常沟通,We talked about the bill today.,我们今天谈到了账单。,[],结合常用释义整体记忆。先听老师读，再用自己的生活场景解释。,0,,https://www.cambridgeenglish.org/images/506886-a2-key-2020-vocabulary-list.pdf,bil,常用义教学修订；原词典见 ECDICT-LICENSE.txt,offline-materials,bill,discussion,bill · 单词里的小故事,小乐和朋友聊起今天的一件事。我们今天谈到了账单。小乐说：“We talked about the bill today.”朋友听懂了，也想起自己遇到过的事。,,We talked about the __________ today.,bill,我们今天谈到了账单。,context,2026-09-v2,本地预制课堂素材；原创短句与场景模板,[],想象你也在这个场景里。用 bill 说一句自己的话。
bin,KET,2,(贮存谷物等的)容器；箱子,n.,日常沟通,We need the bin today.,我们今天需要容器。,[],结合常用释义整体记忆。先听老师读，再用自己的生活场景解释。,0,,https://www.cambridgeenglish.org/images/506886-a2-key-2020-vocabulary-list.pdf,bin,https://github.com/skywind3000/ECDICT,offline-materials,bin,equipment,bin · 单词里的小故事,班级活动开始前，小乐负责核对需要的东西。我们今天需要容器。小乐说：“We need the bin today.”朋友听懂了，也想起自己遇到过的事。,,We need the __________ today.,bin,我们今天需要容器。,context,2026-09-v2,本地预制课堂素材；原创短句与场景模板,[],想象你也在这个场景里。用 bin 说一句自己的话。
biology,KET,2,生物学,n.,日常沟通,We learn about biology at school.,我们在学校学习生物学。,[],结合常用释义整体记忆。先听老师读，再用自己的生活场景解释。,0,,https://www.cambridgeenglish.org/images/506886-a2-key-2020-vocabulary-list.pdf,bai'ɒlәdʒi,https://github.com/skywind3000/ECDICT,offline-materials,biology,school,biology · 单词里的小故事,小乐把今天在学校学到的内容讲给家人听。我们在学校学习生物学。小乐说：“We learn about biology at school.”朋友听懂了，也想起自己遇到过的事。,,We learn about __________ at school.,biology,我们在学校学习生物学。,context,2026-09-v2,本地预制课堂素材；原创短句与场景模板,[],想象你也在这个场景里。用 biology 说一句自己的话。
bird,KET,1,鸟；羽毛球,n.,日常沟通,We saw the bird in a picture.,我们在图片里看到了鸟。,[],结合常用释义整体记忆。先听老师读，再用自己的生活场景解释。,1,,https://www.cambridgeenglish.org/images/506886-a2-key-2020-vocabulary-list.pdf,bә:d,https://github.com/skywind3000/ECDICT,offline-materials,bird,animal,bird · 单词里的小故事,小乐翻开一本动物画册，在其中一页停了下来。我们在图片里看到了鸟。小乐说：“We saw the bird in a picture.”朋友听懂了，也想起自己遇到过的事。,,We saw the __________ in a picture.,bird,我们在图片里看到了鸟。,context,2026-09-v2,本地预制课堂素材；原创短句与场景模板,[],想象你也在这个场景里。用 bird 说一句自己的话。
birth,KET,1,出生；起源,n.,日常沟通,We talked about the birth today.,我们今天谈到了出生。,[],结合常用释义整体记忆。先听老师读，再用自己的生活场景解释。,0,,https://www.cambridgeenglish.org/images/506886-a2-key-2020-vocabulary-list.pdf,bә:θ,https://github.com/skywind3000/ECDICT,offline-materials,birth,discussion,birth · 单词里的小故事,小乐和朋友聊起今天的一件事。我们今天谈到了出生。小乐说：“We talked about the birth today.”朋友听懂了，也想起自己遇到过的事。,,We talked about the __________ today.,birth,我们今天谈到了出生。,context,2026-09-v2,本地预制课堂素材；原创短句与场景模板,[],想象你也在这个场景里。用 birth 说一句自己的话。
birthday,KET,2,生日,n.,日常沟通,We talked about the birthday today.,我们今天谈到了生日。,[],结合常用释义整体记忆。先听老师读，再用自己的生活场景解释。,0,,https://www.cambridgeenglish.org/images/506886-a2-key-2020-vocabulary-list.pdf,'bә:θdei,https://github.com/skywind3000/ECDICT,offline-materials,birthday,discussion,birthday · 单词里的小故事,小乐和朋友聊起今天的一件事。我们今天谈到了生日。小乐说：“We talked about the birthday today.”朋友听懂了，也想起自己遇到过的事。,,We talked about the __________ today.,birthday,我们今天谈到了生日。,context,2026-09-v2,本地预制课堂素材；原创短句与场景模板,[],想象你也在这个场景里。用 birthday 说一句自己的话。
bit,KET,1,一点；少量,n; adv.,日常沟通,We talked about the bit today.,我们今天谈到了一点。,[],结合常用释义整体记忆。先听老师读，再用自己的生活场景解释。,0,,https://www.cambridgeenglish.org/images/506886-a2-key-2020-vocabulary-list.pdf,bit,常用义教学修订；原词典见 ECDICT-LICENSE.txt,offline-materials,bit,discussion,bit · 单词里的小故事,小乐和朋友聊起今天的一件事。我们今天谈到了一点。小乐说：“We talked about the bit today.”朋友听懂了，也想起自己遇到过的事。,,We talked about the __________ today.,bit,我们今天谈到了一点。,context,2026-09-v2,本地预制课堂素材；原创短句与场景模板,[],想象你也在这个场景里。用 bit 说一句自己的话。
black,KET,1,黑色的,adj; n.,日常沟通,This box is black.,这个盒子是黑色的。,[],结合常用释义整体记忆。先听老师读，再用自己的生活场景解释。,1,,https://www.cambridgeenglish.org/images/506886-a2-key-2020-vocabulary-list.pdf,blæk,https://github.com/skywind3000/ECDICT,offline-materials,black,object-quality,black · 单词里的小故事,朋友闭上眼睛，让小乐描述面前的盒子。这个盒子是黑色的。小乐说：“This box is black.”朋友听懂了，也想起自己遇到过的事。,,This box is __________.,black,这个盒子是黑色的。,context,2026-09-v2,本地预制课堂素材；原创短句与场景模板,[],想象你也在这个场景里。用 black 说一句自己的话。
blackboard,KET,3,黑板,n.,日常沟通,We need the blackboard today.,我们今天需要黑板。,"[{""text"": ""black"", ""kind"": ""compound"", ""meaning"": ""黑色的""}, {""text"": ""board"", ""kind"": ""compound"", ""meaning"": ""板""}]",两个已有成分组合成一个词。结合它们的意思理解整体词义，但不要把这种现代拆分当作完整的历史词源。,0,,https://www.cambridgeenglish.org/images/506886-a2-key-2020-vocabulary-list.pdf,'blækbɒ:d,https://github.com/skywind3000/ECDICT,offline-materials,blackboard,equipment,blackboard · 单词里的小故事,班级活动开始前，小乐负责核对需要的东西。我们今天需要黑板。小乐说：“We need the blackboard today.”朋友听懂了，也想起自己遇到过的事。,,We need the __________ today.,blackboard,我们今天需要黑板。,context,2026-09-v2,本地预制课堂素材；原创短句与场景模板,[],想象你也在这个场景里。用 blackboard 说一句自己的话。
block,KET,1,街区；木块；石块,n.,日常沟通,We talked about the block today.,我们今天谈到了街区。,[],结合常用释义整体记忆。先听老师读，再用自己的生活场景解释。,0,,https://www.cambridgeenglish.org/images/506886-a2-key-2020-vocabulary-list.pdf,blɒk,https://github.com/skywind3000/ECDICT,offline-materials,block,discussion,block · 单词里的小故事,小乐和朋友聊起今天的一件事。我们今天谈到了街区。小乐说：“We talked about the block today.”朋友听懂了，也想起自己遇到过的事。,,We talked about the __________ today.,block,我们今天谈到了街区。,context,2026-09-v2,本地预制课堂素材；原创短句与场景模板,[],想象你也在这个场景里。用 block 说一句自己的话。
blog,KET,3,博客；部落格；网络日志,n.,日常沟通,We talked about the blog today.,我们今天谈到了博客。,[],结合常用释义整体记忆。先听老师读，再用自己的生活场景解释。,0,,https://www.cambridgeenglish.org/images/506886-a2-key-2020-vocabulary-list.pdf,,https://github.com/skywind3000/ECDICT,offline-materials,blog,discussion,blog · 单词里的小故事,小乐和朋友聊起今天的一件事。我们今天谈到了博客。小乐说：“We talked about the blog today.”朋友听懂了，也想起自己遇到过的事。,,We talked about the __________ today.,blog,我们今天谈到了博客。,context,2026-09-v2,本地预制课堂素材；原创短句与场景模板,[],想象你也在这个场景里。用 blog 说一句自己的话。
blond,KET,3,金发的,adj.,日常沟通,The person in the story is blond.,故事里的那个人是金发的。,[],结合常用释义整体记忆。先听老师读，再用自己的生活场景解释。,0,,https://www.cambridgeenglish.org/images/506886-a2-key-2020-vocabulary-list.pdf,blɒnd,https://github.com/skywind3000/ECDICT,offline-materials,blond,person-quality,blond · 单词里的小故事,同学们在给故事人物选词卡，小乐找到了合适的一张。故事里的那个人是金发的。小乐说：“The person in the story is blond.”朋友听懂了，也想起自己遇到过的事。,,The person in the story is __________.,blond,故事里的那个人是金发的。,context,2026-09-v2,本地预制课堂素材；原创短句与场景模板,[],想象你也在这个场景里。用 blond 说一句自己的话。
blood,KET,1,血；血统；流血,n.,日常沟通,We learn about the blood at school.,我们在学校了解血。,[],结合常用释义整体记忆。先听老师读，再用自己的生活场景解释。,0,,https://www.cambridgeenglish.org/images/506886-a2-key-2020-vocabulary-list.pdf,blʌd,https://github.com/skywind3000/ECDICT,offline-materials,blood,body,blood · 单词里的小故事,小乐在课堂上做一张认识自己的知识卡。我们在学校了解血。小乐说：“We learn about the blood at school.”朋友听懂了，也想起自己遇到过的事。,,We learn about the __________ at school.,blood,我们在学校了解血。,context,2026-09-v2,本地预制课堂素材；原创短句与场景模板,[],想象你也在这个场景里。用 blood 说一句自己的话。
blouse,KET,3,宽松的上衣,n.,日常沟通,I like your blouse.,我喜欢你的宽松的上衣。,[],结合常用释义整体记忆。先听老师读，再用自己的生活场景解释。,0,,https://www.cambridgeenglish.org/images/506886-a2-key-2020-vocabulary-list.pdf,blauz,https://github.com/skywind3000/ECDICT,offline-materials,blouse,clothes,blouse · 单词里的小故事,出门前，小乐注意到了朋友的穿着。我喜欢你的宽松的上衣。小乐说：“I like your blouse.”朋友听懂了，也想起自己遇到过的事。,,I like your __________.,blouse,我喜欢你的宽松的上衣。,context,2026-09-v2,本地预制课堂素材；原创短句与场景模板,[],想象你也在这个场景里。用 blouse 说一句自己的话。
blue,KET,1,蓝色的；下流的；忧郁的,adj; n.,日常沟通,This box is blue.,这个盒子是蓝色的。,[],结合常用释义整体记忆。先听老师读，再用自己的生活场景解释。,1,,https://www.cambridgeenglish.org/images/506886-a2-key-2020-vocabulary-list.pdf,blu:,https://github.com/skywind3000/ECDICT,offline-materials,blue,object-quality,blue · 单词里的小故事,朋友闭上眼睛，让小乐描述面前的盒子。这个盒子是蓝色的。小乐说：“This box is blue.”朋友听懂了，也想起自己遇到过的事。,,This box is __________.,blue,这个盒子是蓝色的。,context,2026-09-v2,本地预制课堂素材；原创短句与场景模板,[],想象你也在这个场景里。用 blue 说一句自己的话。
board,KET,1,木板；甲板；膳食,n.,日常沟通,We need the board today.,我们今天需要木板。,[],结合常用释义整体记忆。先听老师读，再用自己的生活场景解释。,0,,https://www.cambridgeenglish.org/images/506886-a2-key-2020-vocabulary-list.pdf,bɒ:d,https://github.com/skywind3000/ECDICT,offline-materials,board,equipment,board · 单词里的小故事,班级活动开始前，小乐负责核对需要的东西。我们今天需要木板。小乐说：“We need the board today.”朋友听懂了，也想起自己遇到过的事。,,We need the __________ today.,board,我们今天需要木板。,context,2026-09-v2,本地预制课堂素材；原创短句与场景模板,[],想象你也在这个场景里。用 board 说一句自己的话。
board game,KET,3,用棋盘玩的游戏,n.,日常沟通,We talked about the board game today.,我们今天谈到了用棋盘玩的游戏。,[],结合常用释义整体记忆。先听老师读，再用自己的生活场景解释。,0,,https://www.cambridgeenglish.org/images/506886-a2-key-2020-vocabulary-list.pdf,bɔ:d ɡeim,https://github.com/skywind3000/ECDICT,offline-materials,board game,discussion,board game · 单词里的小故事,小乐和朋友聊起今天的一件事。我们今天谈到了用棋盘玩的游戏。小乐说：“We talked about the board game today.”朋友听懂了，也想起自己遇到过的事。,,We talked about the __________ today.,board game,我们今天谈到了用棋盘玩的游戏。,context,2026-09-v2,本地预制课堂素材；原创短句与场景模板,[],想象你也在这个场景里。用 board game 说一句自己的话。
boat,KET,1,船,n.,日常沟通,Look at the boat in this picture.,看看这张图片中的船。,"[{""text"": ""boat"", ""kind"": ""root"", ""meaning"": ""划船""}]",这个词本身可以作为词基，与相关派生词联系起来理解。,0,,https://www.cambridgeenglish.org/images/506886-a2-key-2020-vocabulary-list.pdf,bәut,https://github.com/skywind3000/ECDICT,offline-materials,boat,transport,boat · 单词里的小故事,小乐和朋友观察一张出行图片，轮流指出里面的东西。看看这张图片中的船。小乐说：“Look at the boat in this picture.”朋友听懂了，也想起自己遇到过的事。,,Look at the __________ in this picture.,boat,看看这张图片中的船。,context,2026-09-v2,本地预制课堂素材；原创短句与场景模板,[],想象你也在这个场景里。用 boat 说一句自己的话。
body,KET,1,身体；人；尸体,n.,日常沟通,We learn about the body at school.,我们在学校了解身体。,[],结合常用释义整体记忆。先听老师读，再用自己的生活场景解释。,0,,https://www.cambridgeenglish.org/images/506886-a2-key-2020-vocabulary-list.pdf,'bɒdi,https://github.com/skywind3000/ECDICT,offline-materials,body,body,body · 单词里的小故事,小乐在课堂上做一张认识自己的知识卡。我们在学校了解身体。小乐说：“We learn about the body at school.”朋友听懂了，也想起自己遇到过的事。,,We learn about the __________ at school.,body,我们在学校了解身体。,context,2026-09-v2,本地预制课堂素材；原创短句与场景模板,[],想象你也在这个场景里。用 body 说一句自己的话。
boiled,KET,3,煮沸的；(非正式)喝醉的；烧滚的,adj.,日常沟通,I like boiled eggs.,我喜欢煮鸡蛋。,[],结合常用释义整体记忆。先听老师读，再用自己的生活场景解释。,0,,https://www.cambridgeenglish.org/images/506886-a2-key-2020-vocabulary-list.pdf,bɔild,https://github.com/skywind3000/ECDICT,offline-materials,boiled,authored,boiled · 单词里的小故事,小乐和朋友交换今天的小发现。我喜欢煮鸡蛋。小乐说：“I like boiled eggs.”朋友听懂了，也想起自己遇到过的事。,,I like __________ eggs.,boiled,我喜欢煮鸡蛋。,context,2026-09-v2,本地预制课堂素材；原创短句与场景模板,[],想象你也在这个场景里。用 boiled 说一句自己的话。
book,KET,1,书；书籍；帐簿,n; v.,日常沟通,We need the book today.,我们今天需要书。,"[{""text"": ""book"", ""kind"": ""root"", ""meaning"": ""预订""}]",这个词本身可以作为词基，与相关派生词联系起来理解。,1,,https://www.cambridgeenglish.org/images/506886-a2-key-2020-vocabulary-list.pdf,buk,https://github.com/skywind3000/ECDICT,offline-materials,book,equipment,book · 单词里的小故事,班级活动开始前，小乐负责核对需要的东西。我们今天需要书。小乐说：“We need the book today.”朋友听懂了，也想起自己遇到过的事。,,We need the __________ today.,book,我们今天需要书。,context,2026-09-v2,本地预制课堂素材；原创短句与场景模板,[],想象你也在这个场景里。用 book 说一句自己的话。
bookcase,KET,3,书架；书柜,n.,日常沟通,We need the bookcase today.,我们今天需要书架。,"[{""text"": ""book"", ""kind"": ""compound"", ""meaning"": ""书""}, {""text"": ""case"", ""kind"": ""compound"", ""meaning"": ""箱柜""}]",两个已有成分组合成一个词。结合它们的意思理解整体词义，但不要把这种现代拆分当作完整的历史词源。,0,,https://www.cambridgeenglish.org/images/506886-a2-key-2020-vocabulary-list.pdf,'bukkeis,https://github.com/skywind3000/ECDICT,offline-materials,bookcase,equipment,bookcase · 单词里的小故事,班级活动开始前，小乐负责核对需要的东西。我们今天需要书架。小乐说：“We need the bookcase today.”朋友听懂了，也想起自己遇到过的事。,,We need the __________ today.,bookcase,我们今天需要书架。,context,2026-09-v2,本地预制课堂素材；原创短句与场景模板,[],想象你也在这个场景里。用 bookcase 说一句自己的话。
bookstore,KET,3,书店,n.,日常沟通,We visited the bookstore today.,我们今天参观了书店。,"[{""text"": ""book"", ""kind"": ""compound"", ""meaning"": ""书""}, {""text"": ""store"", ""kind"": ""compound"", ""meaning"": ""商店""}]",两个已有成分组合成一个词。结合它们的意思理解整体词义，但不要把这种现代拆分当作完整的历史词源。,0,,https://www.cambridgeenglish.org/images/506886-a2-key-2020-vocabulary-list.pdf,'bukstɒ:,https://github.com/skywind3000/ECDICT,offline-materials,bookstore,place,bookstore · 单词里的小故事,小乐把今天的外出经历记进了日记。我们今天参观了书店。小乐说：“We visited the bookstore today.”朋友听懂了，也想起自己遇到过的事。,,We visited the __________ today.,bookstore,我们今天参观了书店。,context,2026-09-v2,本地预制课堂素材；原创短句与场景模板,[],想象你也在这个场景里。用 bookstore 说一句自己的话。
born,KET,1,天生的,v.,日常沟通,She was born in this town.,她出生在这个镇上。,[],结合常用释义整体记忆。先听老师读，再用自己的生活场景解释。,0,,https://www.cambridgeenglish.org/images/506886-a2-key-2020-vocabulary-list.pdf,bɒ:n,https://github.com/skywind3000/ECDICT,offline-materials,born,authored,born · 单词里的小故事,小乐和朋友交换今天的小发现。她出生在这个镇上。小乐说：“She was born in this town.”朋友听懂了，也想起自己遇到过的事。,,She was __________ in this town.,born,她出生在这个镇上。,context,2026-09-v2,本地预制课堂素材；原创短句与场景模板,[],想象你也在这个场景里。用 born 说一句自己的话。
boss,KET,2,老板；上司；岩瘤,n.,日常沟通,This story is about a boss.,这个故事讲的是一位老板。,[],结合常用释义整体记忆。先听老师读，再用自己的生活场景解释。,0,,https://www.cambridgeenglish.org/images/506886-a2-key-2020-vocabulary-list.pdf,bɒs,https://github.com/skywind3000/ECDICT,offline-materials,boss,person,boss · 单词里的小故事,读书会轮到小乐介绍故事里的一个人物。这个故事讲的是一位老板。小乐说：“This story is about a boss.”朋友听懂了，也想起自己遇到过的事。,,This story is about a __________.,boss,这个故事讲的是一位老板。,context,2026-09-v2,本地预制课堂素材；原创短句与场景模板,[],想象你也在这个场景里。用 boss 说一句自己的话。
both,KET,1,两者的,pron; det.,日常沟通,Both children have red bags.,两个孩子都有红色的包。,[],结合常用释义整体记忆。先听老师读，再用自己的生活场景解释。,1,,https://www.cambridgeenglish.org/images/506886-a2-key-2020-vocabulary-list.pdf,bәuθ,https://github.com/skywind3000/ECDICT,offline-materials,both,authored,both · 单词里的小故事,小乐和朋友交换今天的小发现。两个孩子都有红色的包。小乐说：“Both children have red bags.”朋友听懂了，也想起自己遇到过的事。,,__________ children have red bags.,Both,两个孩子都有红色的包。,context,2026-09-v2,本地预制课堂素材；原创短句与场景模板,[],想象你也在这个场景里。用 both 说一句自己的话。
bother,KET,2,烦扰；迷惑,v.,日常沟通,Sorry to bother you.,抱歉打扰你。,[],结合常用释义整体记忆。先听老师读，再用自己的生活场景解释。,0,,https://www.cambridgeenglish.org/images/506886-a2-key-2020-vocabulary-list.pdf,'bɒðә,https://github.com/skywind3000/ECDICT,offline-materials,bother,authored,bother · 单词里的小故事,小乐和朋友交换今天的小发现。抱歉打扰你。小乐说：“Sorry to bother you.”朋友听懂了，也想起自己遇到过的事。,,Sorry to __________ you.,bother,抱歉打扰你。,context,2026-09-v2,本地预制课堂素材；原创短句与场景模板,[],想象你也在这个场景里。用 bother 说一句自己的话。
bottle,KET,1,瓶子；酒瓶,n.,日常沟通,We need the bottle today.,我们今天需要瓶子。,[],结合常用释义整体记忆。先听老师读，再用自己的生活场景解释。,1,,https://www.cambridgeenglish.org/images/506886-a2-key-2020-vocabulary-list.pdf,'bɒtl,https://github.com/skywind3000/ECDICT,offline-materials,bottle,equipment,bottle · 单词里的小故事,班级活动开始前，小乐负责核对需要的东西。我们今天需要瓶子。小乐说：“We need the bottle today.”朋友听懂了，也想起自己遇到过的事。,,We need the __________ today.,bottle,我们今天需要瓶子。,context,2026-09-v2,本地预制课堂素材；原创短句与场景模板,[],想象你也在这个场景里。用 bottle 说一句自己的话。
bottom,KET,1,底部,n.,日常沟通,The key is at the bottom of the bag.,钥匙在包的底部。,[],结合常用释义整体记忆。先听老师读，再用自己的生活场景解释。,0,,https://www.cambridgeenglish.org/images/506886-a2-key-2020-vocabulary-list.pdf,'bɒtәm,https://github.com/skywind3000/ECDICT,offline-materials,bottom,authored,bottom · 单词里的小故事,小乐和朋友交换今天的小发现。钥匙在包的底部。小乐说：“The key is at the bottom of the bag.”朋友听懂了，也想起自己遇到过的事。,,The key is at the __________ of the bag.,bottom,钥匙在包的底部。,context,2026-09-v2,本地预制课堂素材；原创短句与场景模板,[],想象你也在这个场景里。用 bottom 说一句自己的话。
box,KET,1,盒子；箱；方框,n.,日常沟通,We need the box today.,我们今天需要盒子。,[],结合常用释义整体记忆。先听老师读，再用自己的生活场景解释。,1,,https://www.cambridgeenglish.org/images/506886-a2-key-2020-vocabulary-list.pdf,bɒks,https://github.com/skywind3000/ECDICT,offline-materials,box,equipment,box · 单词里的小故事,班级活动开始前，小乐负责核对需要的东西。我们今天需要盒子。小乐说：“We need the box today.”朋友听懂了，也想起自己遇到过的事。,,We need the __________ today.,box,我们今天需要盒子。,context,2026-09-v2,本地预制课堂素材；原创短句与场景模板,[],想象你也在这个场景里。用 box 说一句自己的话。
boy,KET,1,男孩,n.,日常沟通,This story is about a boy.,这个故事讲的是一位男孩。,[],结合常用释义整体记忆。先听老师读，再用自己的生活场景解释。,1,,https://www.cambridgeenglish.org/images/506886-a2-key-2020-vocabulary-list.pdf,bɒi,https://github.com/skywind3000/ECDICT,offline-materials,boy,person,boy · 单词里的小故事,读书会轮到小乐介绍故事里的一个人物。这个故事讲的是一位男孩。小乐说：“This story is about a boy.”朋友听懂了，也想起自己遇到过的事。,,This story is about a __________.,boy,这个故事讲的是一位男孩。,context,2026-09-v2,本地预制课堂素材；原创短句与场景模板,[],想象你也在这个场景里。用 boy 说一句自己的话。
bracelet,KET,3,手镯,n.,日常沟通,I like your bracelet.,我喜欢你的手镯。,[],结合常用释义整体记忆。先听老师读，再用自己的生活场景解释。,0,,https://www.cambridgeenglish.org/images/506886-a2-key-2020-vocabulary-list.pdf,'breislit,https://github.com/skywind3000/ECDICT,offline-materials,bracelet,clothes,bracelet · 单词里的小故事,出门前，小乐注意到了朋友的穿着。我喜欢你的手镯。小乐说：“I like your bracelet.”朋友听懂了，也想起自己遇到过的事。,,I like your __________.,bracelet,我喜欢你的手镯。,context,2026-09-v2,本地预制课堂素材；原创短句与场景模板,[],想象你也在这个场景里。用 bracelet 说一句自己的话。
brain,KET,1,大脑,n.,日常沟通,We learn about the brain at school.,我们在学校了解大脑。,[],结合常用释义整体记忆。先听老师读，再用自己的生活场景解释。,0,,https://www.cambridgeenglish.org/images/506886-a2-key-2020-vocabulary-list.pdf,brein,常用义教学修订；原词典见 ECDICT-LICENSE.txt,offline-materials,brain,body,brain · 单词里的小故事,小乐在课堂上做一张认识自己的知识卡。我们在学校了解大脑。小乐说：“We learn about the brain at school.”朋友听懂了，也想起自己遇到过的事。,,We learn about the __________ at school.,brain,我们在学校了解大脑。,context,2026-09-v2,本地预制课堂素材；原创短句与场景模板,[],想象你也在这个场景里。用 brain 说一句自己的话。
break,KET,1,休息；中断；破裂处,n; v.,日常沟通,We talked about the break today.,我们今天谈到了休息。,[],结合常用释义整体记忆。先听老师读，再用自己的生活场景解释。,0,,https://www.cambridgeenglish.org/images/506886-a2-key-2020-vocabulary-list.pdf,breik,https://github.com/skywind3000/ECDICT,offline-materials,break,discussion,break · 单词里的小故事,小乐和朋友聊起今天的一件事。我们今天谈到了休息。小乐说：“We talked about the break today.”朋友听懂了，也想起自己遇到过的事。,,We talked about the __________ today.,break,我们今天谈到了休息。,context,2026-09-v2,本地预制课堂素材；原创短句与场景模板,[],想象你也在这个场景里。用 break 说一句自己的话。
break down,KET,3,毁掉；制服；压倒,phr v.,日常沟通,Old cars can break down.,旧汽车可能会出故障。,[],结合常用释义整体记忆。先听老师读，再用自己的生活场景解释。,0,,https://www.cambridgeenglish.org/images/506886-a2-key-2020-vocabulary-list.pdf,,https://github.com/skywind3000/ECDICT,offline-materials,break down,authored,break down · 单词里的小故事,小乐和朋友交换今天的小发现。旧汽车可能会出故障。小乐说：“Old cars can break down.”朋友听懂了，也想起自己遇到过的事。,,Old cars can __________.,break down,旧汽车可能会出故障。,context,2026-09-v2,本地预制课堂素材；原创短句与场景模板,[],想象你也在这个场景里。用 break down 说一句自己的话。
bright,KET,1,明亮的；聪明的；鲜明的,adj – for colours.,日常沟通,The room is bright.,这个房间很明亮。,[],结合常用释义整体记忆。先听老师读，再用自己的生活场景解释。,0,,https://www.cambridgeenglish.org/images/506886-a2-key-2020-vocabulary-list.pdf,brait,https://github.com/skywind3000/ECDICT,offline-materials,bright,authored,bright · 单词里的小故事,小乐和朋友交换今天的小发现。这个房间很明亮。小乐说：“The room is bright.”朋友听懂了，也想起自己遇到过的事。,,The room is __________.,bright,这个房间很明亮。,context,2026-09-v2,本地预制课堂素材；原创短句与场景模板,[],想象你也在这个场景里。用 bright 说一句自己的话。
brilliant,KET,2,光辉的；灿烂的；有才气的,adj.,日常沟通,It is a brilliant story.,这是一个光辉的故事。,[],结合常用释义整体记忆。先听老师读，再用自己的生活场景解释。,0,,https://www.cambridgeenglish.org/images/506886-a2-key-2020-vocabulary-list.pdf,'briljәnt,https://github.com/skywind3000/ECDICT,offline-materials,brilliant,story-quality,brilliant · 单词里的小故事,读完一本故事书，小乐想用一句话向朋友介绍它。这是一个光辉的故事。小乐说：“It is a brilliant story.”朋友听懂了，也想起自己遇到过的事。,,It is a __________ story.,brilliant,这是一个光辉的故事。,context,2026-09-v2,本地预制课堂素材；原创短句与场景模板,[],想象你也在这个场景里。用 brilliant 说一句自己的话。
bring back,KET,3,拿回来；使回忆起来；使恢复,v.,日常沟通,Please bring back my book tomorrow.,请明天把我的书带回来。,[],结合常用释义整体记忆。先听老师读，再用自己的生活场景解释。,0,,https://www.cambridgeenglish.org/images/506886-a2-key-2020-vocabulary-list.pdf,,https://github.com/skywind3000/ECDICT,offline-materials,bring back,authored,bring back · 单词里的小故事,小乐和朋友交换今天的小发现。请明天把我的书带回来。小乐说：“Please bring back my book tomorrow.”朋友听懂了，也想起自己遇到过的事。,,Please __________ my book tomorrow.,bring back,请明天把我的书带回来。,context,2026-09-v2,本地预制课堂素材；原创短句与场景模板,[],想象你也在这个场景里。用 bring back 说一句自己的话。
broken,KET,2,坏掉的；打破的；断掉的,adj.,日常沟通,This box is broken.,这个盒子是坏掉的。,[],结合常用释义整体记忆。先听老师读，再用自己的生活场景解释。,0,,https://www.cambridgeenglish.org/images/506886-a2-key-2020-vocabulary-list.pdf,'brәukәn,https://github.com/skywind3000/ECDICT,offline-materials,broken,object-quality,broken · 单词里的小故事,朋友闭上眼睛，让小乐描述面前的盒子。这个盒子是坏掉的。小乐说：“This box is broken.”朋友听懂了，也想起自己遇到过的事。,,This box is __________.,broken,这个盒子是坏掉的。,context,2026-09-v2,本地预制课堂素材；原创短句与场景模板,[],想象你也在这个场景里。用 broken 说一句自己的话。
brother,KET,1,兄弟,n.,日常沟通,This story is about a brother.,这个故事讲的是一位兄弟。,[],结合常用释义整体记忆。先听老师读，再用自己的生活场景解释。,1,,https://www.cambridgeenglish.org/images/506886-a2-key-2020-vocabulary-list.pdf,'brʌðә,https://github.com/skywind3000/ECDICT,offline-materials,brother,person,brother · 单词里的小故事,读书会轮到小乐介绍故事里的一个人物。这个故事讲的是一位兄弟。小乐说：“This story is about a brother.”朋友听懂了，也想起自己遇到过的事。,,This story is about a __________.,brother,这个故事讲的是一位兄弟。,context,2026-09-v2,本地预制课堂素材；原创短句与场景模板,[],想象你也在这个场景里。用 brother 说一句自己的话。
brown,KET,1,褐色的,adj; n.,日常沟通,This box is brown.,这个盒子是褐色的。,[],结合常用释义整体记忆。先听老师读，再用自己的生活场景解释。,1,,https://www.cambridgeenglish.org/images/506886-a2-key-2020-vocabulary-list.pdf,braun,https://github.com/skywind3000/ECDICT,offline-materials,brown,object-quality,brown · 单词里的小故事,朋友闭上眼睛，让小乐描述面前的盒子。这个盒子是褐色的。小乐说：“This box is brown.”朋友听懂了，也想起自己遇到过的事。,,This box is __________.,brown,这个盒子是褐色的。,context,2026-09-v2,本地预制课堂素材；原创短句与场景模板,[],想象你也在这个场景里。用 brown 说一句自己的话。
brush,KET,2,刷子；刷,n; v.,日常沟通,We need the brush today.,我们今天需要刷子。,[],结合常用释义整体记忆。先听老师读，再用自己的生活场景解释。,0,,https://www.cambridgeenglish.org/images/506886-a2-key-2020-vocabulary-list.pdf,brʌʃ,常用义教学修订；原词典见 ECDICT-LICENSE.txt,offline-materials,brush,equipment,brush · 单词里的小故事,班级活动开始前，小乐负责核对需要的东西。我们今天需要刷子。小乐说：“We need the brush today.”朋友听懂了，也想起自己遇到过的事。,,We need the __________ today.,brush,我们今天需要刷子。,context,2026-09-v2,本地预制课堂素材；原创短句与场景模板,[],想象你也在这个场景里。用 brush 说一句自己的话。
building,KET,1,建筑物；建筑,n.,日常沟通,We visited the building today.,我们今天参观了建筑物。,"[{""text"": ""build"", ""kind"": ""root"", ""meaning"": ""建造""}, {""text"": ""-ing"", ""kind"": ""suffix"", ""meaning"": ""把动作当作活动或事物来表达"", ""story"": ""把动作变成名词的 -ing，可以追溯到古英语的 -ung、-ing。一个动作加上这样的结尾，就能作为一种活动来谈论。注意句子里的位置：-ing 也会用于进行时和形容词。"", ""source"": ""https://www.merriam-webster.com/dictionary/-ing""}]",先理解词基，再看词缀如何改变含义或词性。,0,,https://www.cambridgeenglish.org/images/506886-a2-key-2020-vocabulary-list.pdf,'bildiŋ,https://github.com/skywind3000/ECDICT,offline-materials,building,place,building · 单词里的小故事,小乐把今天的外出经历记进了日记。我们今天参观了建筑物。小乐说：“We visited the building today.”朋友听懂了，也想起自己遇到过的事。,,We visited the __________ today.,building,我们今天参观了建筑物。,context,2026-09-v2,本地预制课堂素材；原创短句与场景模板,"[{""en"": ""The new building has a small garden."", ""zh"": ""那座新建筑有一个小花园。""}]",想象你也在这个场景里。用 building 说一句自己的话。
burger,KET,3,汉堡包,n.,日常沟通,This burger tastes good.,这份汉堡包味道很好。,[],结合常用释义整体记忆。先听老师读，再用自己的生活场景解释。,0,,https://www.cambridgeenglish.org/images/506886-a2-key-2020-vocabulary-list.pdf,'bә:ɡә,常用义教学修订；原词典见 ECDICT-LICENSE.txt,offline-materials,burger,food,burger · 单词里的小故事,小乐第一次给家人当小帮手，端出一份食物。这份汉堡包味道很好。小乐说：“This burger tastes good.”朋友听懂了，也想起自己遇到过的事。,,This __________ tastes good.,burger,这份汉堡包味道很好。,context,2026-09-v2,本地预制课堂素材；原创短句与场景模板,[],想象你也在这个场景里。用 burger 说一句自己的话。
bus,KET,1,公共汽车,n.,日常沟通,Look at the bus in this picture.,看看这张图片中的公共汽车。,[],结合常用释义整体记忆。先听老师读，再用自己的生活场景解释。,1,,https://www.cambridgeenglish.org/images/506886-a2-key-2020-vocabulary-list.pdf,bʌs,https://github.com/skywind3000/ECDICT,offline-materials,bus,transport,bus · 单词里的小故事,小乐和朋友观察一张出行图片，轮流指出里面的东西。看看这张图片中的公共汽车。小乐说：“Look at the bus in this picture.”朋友听懂了，也想起自己遇到过的事。,,Look at the __________ in this picture.,bus,看看这张图片中的公共汽车。,context,2026-09-v2,本地预制课堂素材；原创短句与场景模板,[],想象你也在这个场景里。用 bus 说一句自己的话。
business,KET,1,生意；事情；业务,n.,日常沟通,This story is about a business.,这个故事讲的是一位生意。,[],结合常用释义整体记忆。先听老师读，再用自己的生活场景解释。,0,,https://www.cambridgeenglish.org/images/506886-a2-key-2020-vocabulary-list.pdf,'biznis,https://github.com/skywind3000/ECDICT,offline-materials,business,person,business · 单词里的小故事,读书会轮到小乐介绍故事里的一个人物。这个故事讲的是一位生意。小乐说：“This story is about a business.”朋友听懂了，也想起自己遇到过的事。,,This story is about a __________.,business,这个故事讲的是一位生意。,context,2026-09-v2,本地预制课堂素材；原创短句与场景模板,[],想象你也在这个场景里。用 business 说一句自己的话。
business person,KET,3,商人,n.,日常沟通,This story is about a business person.,这个故事讲的是一位商人。,[],结合常用释义整体记忆。先听老师读，再用自己的生活场景解释。,0,,https://www.cambridgeenglish.org/images/506886-a2-key-2020-vocabulary-list.pdf,ˈbiznis ˈpə:sən,https://github.com/skywind3000/ECDICT,offline-materials,business person,person,business person · 单词里的小故事,读书会轮到小乐介绍故事里的一个人物。这个故事讲的是一位商人。小乐说：“This story is about a business person.”朋友听懂了，也想起自己遇到过的事。,,This story is about a __________.,business person,这个故事讲的是一位商人。,context,2026-09-v2,本地预制课堂素材；原创短句与场景模板,[],想象你也在这个场景里。用 business person 说一句自己的话。
businessman,KET,2,男商人,n.,日常沟通,This story is about a businessman.,这个故事讲的是一位男商人。,[],结合常用释义整体记忆。先听老师读，再用自己的生活场景解释。,0,,https://www.cambridgeenglish.org/images/506886-a2-key-2020-vocabulary-list.pdf,'biznismæn,常用义教学修订；原词典见 ECDICT-LICENSE.txt,offline-materials,businessman,person,businessman · 单词里的小故事,读书会轮到小乐介绍故事里的一个人物。这个故事讲的是一位男商人。小乐说：“This story is about a businessman.”朋友听懂了，也想起自己遇到过的事。,,This story is about a __________.,businessman,这个故事讲的是一位男商人。,context,2026-09-v2,本地预制课堂素材；原创短句与场景模板,[],想象你也在这个场景里。用 businessman 说一句自己的话。
businesswoman,KET,3,女商人,n.,日常沟通,This story is about a businesswoman.,这个故事讲的是一位女商人。,[],结合常用释义整体记忆。先听老师读，再用自己的生活场景解释。,0,,https://www.cambridgeenglish.org/images/506886-a2-key-2020-vocabulary-list.pdf,'bizniswjmæn,常用义教学修订；原词典见 ECDICT-LICENSE.txt,offline-materials,businesswoman,person,businesswoman · 单词里的小故事,读书会轮到小乐介绍故事里的一个人物。这个故事讲的是一位女商人。小乐说：“This story is about a businesswoman.”朋友听懂了，也想起自己遇到过的事。,,This story is about a __________.,businesswoman,这个故事讲的是一位女商人。,context,2026-09-v2,本地预制课堂素材；原创短句与场景模板,[],想象你也在这个场景里。用 businesswoman 说一句自己的话。
busy,KET,1,忙碌的；热闹的；没空的,adj.,日常沟通,The person in the story is busy.,故事里的那个人是忙碌的。,[],结合常用释义整体记忆。先听老师读，再用自己的生活场景解释。,0,,https://www.cambridgeenglish.org/images/506886-a2-key-2020-vocabulary-list.pdf,'bizi,https://github.com/skywind3000/ECDICT,offline-materials,busy,person-quality,busy · 单词里的小故事,同学们在给故事人物选词卡，小乐找到了合适的一张。故事里的那个人是忙碌的。小乐说：“The person in the story is busy.”朋友听懂了，也想起自己遇到过的事。,,The person in the story is __________.,busy,故事里的那个人是忙碌的。,context,2026-09-v2,本地预制课堂素材；原创短句与场景模板,[],想象你也在这个场景里。用 busy 说一句自己的话。
but,KET,1,除了,conj.,日常沟通,"I am tired, but I am happy.",我很累，但是我很开心。,[],结合常用释义整体记忆。先听老师读，再用自己的生活场景解释。,1,,https://www.cambridgeenglish.org/images/506886-a2-key-2020-vocabulary-list.pdf,bʌt,https://github.com/skywind3000/ECDICT,offline-materials,but,authored,but · 单词里的小故事,"小乐和朋友交换今天的小发现。我很累，但是我很开心。小乐说：“I am tired, but I am happy.”朋友听懂了，也想起自己遇到过的事。",,"I am tired, __________ I am happy.",but,我很累，但是我很开心。,context,2026-09-v2,本地预制课堂素材；原创短句与场景模板,[],想象你也在这个场景里。用 but 说一句自己的话。
buy,KET,1,买；获得,v.,日常沟通,I want to buy a new pen.,我想买一支新笔。,"[{""text"": ""buy"", ""kind"": ""root"", ""meaning"": ""购买""}]",这个词本身可以作为词基，与相关派生词联系起来理解。,0,,https://www.cambridgeenglish.org/images/506886-a2-key-2020-vocabulary-list.pdf,bai,https://github.com/skywind3000/ECDICT,offline-materials,buy,authored,buy · 单词里的小故事,小乐和朋友交换今天的小发现。我想买一支新笔。小乐说：“I want to buy a new pen.”朋友听懂了，也想起自己遇到过的事。,,I want to __________ a new pen.,buy,我想买一支新笔。,context,2026-09-v2,本地预制课堂素材；原创短句与场景模板,[],想象你也在这个场景里。用 buy 说一句自己的话。
by,KET,1,被；经；由,prep.,日常沟通,The house is by the river.,房子在河边。,[],结合常用释义整体记忆。先听老师读，再用自己的生活场景解释。,1,,https://www.cambridgeenglish.org/images/506886-a2-key-2020-vocabulary-list.pdf,bai,https://github.com/skywind3000/ECDICT,offline-materials,by,authored,by · 单词里的小故事,小乐和朋友交换今天的小发现。房子在河边。小乐说：“The house is by the river.”朋友听懂了，也想起自己遇到过的事。,,The house is __________ the river.,by,房子在河边。,context,2026-09-v2,本地预制课堂素材；原创短句与场景模板,[],想象你也在这个场景里。用 by 说一句自己的话。
by accident,KET,3,偶然,prep phr.,日常沟通,I broke the cup by accident.,我不小心打碎了杯子。,[],结合常用释义整体记忆。先听老师读，再用自己的生活场景解释。,0,,https://www.cambridgeenglish.org/images/506886-a2-key-2020-vocabulary-list.pdf,,https://github.com/skywind3000/ECDICT,offline-materials,by accident,authored,by accident · 单词里的小故事,小乐和朋友交换今天的小发现。我不小心打碎了杯子。小乐说：“I broke the cup by accident.”朋友听懂了，也想起自己遇到过的事。,,I broke the cup __________.,by accident,我不小心打碎了杯子。,context,2026-09-v2,本地预制课堂素材；原创短句与场景模板,[],想象你也在这个场景里。用 by accident 说一句自己的话。
by post,KET,3,经邮局；通过邮寄,prep phr.,日常沟通,Please send the letter by post.,请邮寄这封信。,[],结合常用释义整体记忆。先听老师读，再用自己的生活场景解释。,0,,https://www.cambridgeenglish.org/images/506886-a2-key-2020-vocabulary-list.pdf,,https://github.com/skywind3000/ECDICT,offline-materials,by post,authored,by post · 单词里的小故事,小乐和朋友交换今天的小发现。请邮寄这封信。小乐说：“Please send the letter by post.”朋友听懂了，也想起自己遇到过的事。,,Please send the letter __________.,by post,请邮寄这封信。,context,2026-09-v2,本地预制课堂素材；原创短句与场景模板,[],想象你也在这个场景里。用 by post 说一句自己的话。
by the way,KET,3,在途中；顺便,prep phr.,日常沟通,"By the way, where is your bag?",顺便问一下，你的包在哪里？,[],结合常用释义整体记忆。先听老师读，再用自己的生活场景解释。,0,,https://www.cambridgeenglish.org/images/506886-a2-key-2020-vocabulary-list.pdf,,https://github.com/skywind3000/ECDICT,offline-materials,by the way,authored,by the way · 单词里的小故事,"小乐和朋友交换今天的小发现。顺便问一下，你的包在哪里？小乐说：“By the way, where is your bag?”朋友听懂了，也想起自己遇到过的事。",,"__________, where is your bag?",By the way,顺便问一下，你的包在哪里？,context,2026-09-v2,本地预制课堂素材；原创短句与场景模板,[],想象你也在这个场景里。用 by the way 说一句自己的话。
bye,KET,1,再会；回头见,exclam.,日常沟通,Bye! See you tomorrow.,再见！明天见。,[],结合常用释义整体记忆。先听老师读，再用自己的生活场景解释。,1,,https://www.cambridgeenglish.org/images/506886-a2-key-2020-vocabulary-list.pdf,bai,https://github.com/skywind3000/ECDICT,offline-materials,bye,authored,bye · 单词里的小故事,小乐和朋友交换今天的小发现。再见！明天见。小乐说：“Bye! See you tomorrow.”朋友听懂了，也想起自己遇到过的事。,,__________! See you tomorrow.,Bye,再见！明天见。,context,2026-09-v2,本地预制课堂素材；原创短句与场景模板,[],想象你也在这个场景里。用 bye 说一句自己的话。
cabinet,KET,1,储物柜,n.,日常沟通,We need the cabinet today.,我们今天需要储物柜。,[],结合常用释义整体记忆。先听老师读，再用自己的生活场景解释。,0,,https://www.cambridgeenglish.org/images/506886-a2-key-2020-vocabulary-list.pdf,'kæbinit,常用义教学修订；原词典见 ECDICT-LICENSE.txt,offline-materials,cabinet,equipment,cabinet · 单词里的小故事,班级活动开始前，小乐负责核对需要的东西。我们今天需要储物柜。小乐说：“We need the cabinet today.”朋友听懂了，也想起自己遇到过的事。,,We need the __________ today.,cabinet,我们今天需要储物柜。,context,2026-09-v2,本地预制课堂素材；原创短句与场景模板,[],想象你也在这个场景里。用 cabinet 说一句自己的话。
cafeteria,KET,3,自助餐厅,n.,日常沟通,We visited the cafeteria today.,我们今天参观了自助餐厅。,[],结合常用释义整体记忆。先听老师读，再用自己的生活场景解释。,0,,https://www.cambridgeenglish.org/images/506886-a2-key-2020-vocabulary-list.pdf,.kæfi'tiәriә,https://github.com/skywind3000/ECDICT,offline-materials,cafeteria,place,cafeteria · 单词里的小故事,小乐把今天的外出经历记进了日记。我们今天参观了自助餐厅。小乐说：“We visited the cafeteria today.”朋友听懂了，也想起自己遇到过的事。,,We visited the __________ today.,cafeteria,我们今天参观了自助餐厅。,context,2026-09-v2,本地预制课堂素材；原创短句与场景模板,[],想象你也在这个场景里。用 cafeteria 说一句自己的话。
cake,KET,2,蛋糕；块；饼,n.,日常沟通,This cake tastes good.,这份蛋糕味道很好。,[],结合常用释义整体记忆。先听老师读，再用自己的生活场景解释。,0,,https://www.cambridgeenglish.org/images/506886-a2-key-2020-vocabulary-list.pdf,keik,https://github.com/skywind3000/ECDICT,offline-materials,cake,food,cake · 单词里的小故事,小乐第一次给家人当小帮手，端出一份食物。这份蛋糕味道很好。小乐说：“This cake tastes good.”朋友听懂了，也想起自己遇到过的事。,,This __________ tastes good.,cake,这份蛋糕味道很好。,context,2026-09-v2,本地预制课堂素材；原创短句与场景模板,[],想象你也在这个场景里。用 cake 说一句自己的话。
calendar,KET,2,日历；日程表,n.,日常沟通,We talked about the calendar today.,我们今天谈到了日历。,[],结合常用释义整体记忆。先听老师读，再用自己的生活场景解释。,0,,https://www.cambridgeenglish.org/images/506886-a2-key-2020-vocabulary-list.pdf,'kælindә,https://github.com/skywind3000/ECDICT,offline-materials,calendar,discussion,calendar · 单词里的小故事,小乐和朋友聊起今天的一件事。我们今天谈到了日历。小乐说：“We talked about the calendar today.”朋友听懂了，也想起自己遇到过的事。,,We talked about the __________ today.,calendar,我们今天谈到了日历。,context,2026-09-v2,本地预制课堂素材；原创短句与场景模板,[],想象你也在这个场景里。用 calendar 说一句自己的话。
call,KET,1,呼叫；访问；打电话,n; v.,日常沟通,We talked about the call today.,我们今天谈到了呼叫。,[],结合常用释义整体记忆。先听老师读，再用自己的生活场景解释。,0,,https://www.cambridgeenglish.org/images/506886-a2-key-2020-vocabulary-list.pdf,kɒ:l,https://github.com/skywind3000/ECDICT,offline-materials,call,discussion,call · 单词里的小故事,小乐和朋友聊起今天的一件事。我们今天谈到了呼叫。小乐说：“We talked about the call today.”朋友听懂了，也想起自己遇到过的事。,,We talked about the __________ today.,call,我们今天谈到了呼叫。,context,2026-09-v2,本地预制课堂素材；原创短句与场景模板,[],想象你也在这个场景里。用 call 说一句自己的话。
camel,KET,3,骆驼；打捞浮筒,n.,日常沟通,We saw the camel in a picture.,我们在图片里看到了骆驼。,[],结合常用释义整体记忆。先听老师读，再用自己的生活场景解释。,0,,https://www.cambridgeenglish.org/images/506886-a2-key-2020-vocabulary-list.pdf,'kæml,https://github.com/skywind3000/ECDICT,offline-materials,camel,animal,camel · 单词里的小故事,小乐翻开一本动物画册，在其中一页停了下来。我们在图片里看到了骆驼。小乐说：“We saw the camel in a picture.”朋友听懂了，也想起自己遇到过的事。,,We saw the __________ in a picture.,camel,我们在图片里看到了骆驼。,context,2026-09-v2,本地预制课堂素材；原创短句与场景模板,[],想象你也在这个场景里。用 camel 说一句自己的话。
camp,KET,2,露营；扎营,v.,日常沟通,We can camp by the lake.,我们可以在湖边露营。,"[{""text"": ""camp"", ""kind"": ""root"", ""meaning"": ""露营""}]",这个词本身可以作为词基，与相关派生词联系起来理解。,0,,https://www.cambridgeenglish.org/images/506886-a2-key-2020-vocabulary-list.pdf,kæmp,https://github.com/skywind3000/ECDICT,offline-materials,camp,authored,camp · 单词里的小故事,小乐和朋友交换今天的小发现。我们可以在湖边露营。小乐说：“We can camp by the lake.”朋友听懂了，也想起自己遇到过的事。,,We can __________ by the lake.,camp,我们可以在湖边露营。,context,2026-09-v2,本地预制课堂素材；原创短句与场景模板,[],想象你也在这个场景里。用 camp 说一句自己的话。
campsite,KET,3,营地,n.,日常沟通,We visited the campsite today.,我们今天参观了营地。,"[{""text"": ""camp"", ""kind"": ""compound"", ""meaning"": ""露营""}, {""text"": ""site"", ""kind"": ""compound"", ""meaning"": ""地点""}]",两个已有成分组合成一个词。结合它们的意思理解整体词义，但不要把这种现代拆分当作完整的历史词源。,0,,https://www.cambridgeenglish.org/images/506886-a2-key-2020-vocabulary-list.pdf,kæmp'sait,https://github.com/skywind3000/ECDICT,offline-materials,campsite,place,campsite · 单词里的小故事,小乐把今天的外出经历记进了日记。我们今天参观了营地。小乐说：“We visited the campsite today.”朋友听懂了，也想起自己遇到过的事。,,We visited the __________ today.,campsite,我们今天参观了营地。,context,2026-09-v2,本地预制课堂素材；原创短句与场景模板,[],想象你也在这个场景里。用 campsite 说一句自己的话。
can,KET,1,能；可以；罐头,modal v.; n.,日常沟通,I can swim.,我会游泳。,[],结合常用释义整体记忆。先听老师读，再用自己的生活场景解释。,1,,https://www.cambridgeenglish.org/images/506886-a2-key-2020-vocabulary-list.pdf,kæn,常用义教学修订；原词典见 ECDICT-LICENSE.txt,offline-materials,can,authored,can · 单词里的小故事,小乐和朋友交换今天的小发现。我会游泳。小乐说：“I can swim.”朋友听懂了，也想起自己遇到过的事。,,I __________ swim.,can,我会游泳。,context,2026-09-v2,本地预制课堂素材；原创短句与场景模板,[],想象你也在这个场景里。用 can 说一句自己的话。
candy,KET,3,糖果；冰糖,n.,日常沟通,This candy tastes good.,这份糖果味道很好。,[],结合常用释义整体记忆。先听老师读，再用自己的生活场景解释。,0,,https://www.cambridgeenglish.org/images/506886-a2-key-2020-vocabulary-list.pdf,'kændi,https://github.com/skywind3000/ECDICT,offline-materials,candy,food,candy · 单词里的小故事,小乐第一次给家人当小帮手，端出一份食物。这份糖果味道很好。小乐说：“This candy tastes good.”朋友听懂了，也想起自己遇到过的事。,,This __________ tastes good.,candy,这份糖果味道很好。,context,2026-09-v2,本地预制课堂素材；原创短句与场景模板,[],想象你也在这个场景里。用 candy 说一句自己的话。
cannot,KET,1,无法；不能,mv.,日常沟通,I cannot find my bag.,我找不到我的包。,[],结合常用释义整体记忆。先听老师读，再用自己的生活场景解释。,1,,https://www.cambridgeenglish.org/images/506886-a2-key-2020-vocabulary-list.pdf,'kænɒt,https://github.com/skywind3000/ECDICT,offline-materials,cannot,authored,cannot · 单词里的小故事,小乐和朋友交换今天的小发现。我找不到我的包。小乐说：“I cannot find my bag.”朋友听懂了，也想起自己遇到过的事。,,I __________ find my bag.,cannot,我找不到我的包。,context,2026-09-v2,本地预制课堂素材；原创短句与场景模板,[],想象你也在这个场景里。用 cannot 说一句自己的话。
cap,KET,2,盖子；帽子,n.,日常沟通,I like your cap.,我喜欢你的盖子。,[],结合常用释义整体记忆。先听老师读，再用自己的生活场景解释。,0,,https://www.cambridgeenglish.org/images/506886-a2-key-2020-vocabulary-list.pdf,kæp,https://github.com/skywind3000/ECDICT,offline-materials,cap,clothes,cap · 单词里的小故事,出门前，小乐注意到了朋友的穿着。我喜欢你的盖子。小乐说：“I like your cap.”朋友听懂了，也想起自己遇到过的事。,,I like your __________.,cap,我喜欢你的盖子。,context,2026-09-v2,本地预制课堂素材；原创短句与场景模板,[],想象你也在这个场景里。用 cap 说一句自己的话。
car,KET,1,汽车；客车,n.,日常沟通,We visited the car today.,我们今天参观了汽车。,[],结合常用释义整体记忆。先听老师读，再用自己的生活场景解释。,1,,https://www.cambridgeenglish.org/images/506886-a2-key-2020-vocabulary-list.pdf,kɑ:,https://github.com/skywind3000/ECDICT,offline-materials,car,place,car · 单词里的小故事,小乐把今天的外出经历记进了日记。我们今天参观了汽车。小乐说：“We visited the car today.”朋友听懂了，也想起自己遇到过的事。,,We visited the __________ today.,car,我们今天参观了汽车。,context,2026-09-v2,本地预制课堂素材；原创短句与场景模板,[],想象你也在这个场景里。用 car 说一句自己的话。
car park,KET,3,停车场,n.,日常沟通,We visited the car park today.,我们今天参观了停车场。,"[{""text"": ""car"", ""kind"": ""compound"", ""meaning"": ""汽车""}, {""text"": ""park"", ""kind"": ""compound"", ""meaning"": ""停车""}]",两个已有成分组合成一个词。结合它们的意思理解整体词义，但不要把这种现代拆分当作完整的历史词源。,0,,https://www.cambridgeenglish.org/images/506886-a2-key-2020-vocabulary-list.pdf,kɑ: pɑ:k,https://github.com/skywind3000/ECDICT,offline-materials,car park,place,car park · 单词里的小故事,小乐把今天的外出经历记进了日记。我们今天参观了停车场。小乐说：“We visited the car park today.”朋友听懂了，也想起自己遇到过的事。,,We visited the __________ today.,car park,我们今天参观了停车场。,context,2026-09-v2,本地预制课堂素材；原创短句与场景模板,[],想象你也在这个场景里。用 car park 说一句自己的话。
card,KET,1,卡片；纸牌；节目单,n.,日常沟通,We need the card today.,我们今天需要卡片。,[],结合常用释义整体记忆。先听老师读，再用自己的生活场景解释。,0,,https://www.cambridgeenglish.org/images/506886-a2-key-2020-vocabulary-list.pdf,kɑ:d,https://github.com/skywind3000/ECDICT,offline-materials,card,equipment,card · 单词里的小故事,班级活动开始前，小乐负责核对需要的东西。我们今天需要卡片。小乐说：“We need the card today.”朋友听懂了，也想起自己遇到过的事。,,We need the __________ today.,card,我们今天需要卡片。,context,2026-09-v2,本地预制课堂素材；原创短句与场景模板,[],想象你也在这个场景里。用 card 说一句自己的话。
career,KET,1,事业；生涯；成功,n.,日常沟通,We talked about the career today.,我们今天谈到了事业。,[],结合常用释义整体记忆。先听老师读，再用自己的生活场景解释。,0,,https://www.cambridgeenglish.org/images/506886-a2-key-2020-vocabulary-list.pdf,kә'riә,https://github.com/skywind3000/ECDICT,offline-materials,career,discussion,career · 单词里的小故事,小乐和朋友聊起今天的一件事。我们今天谈到了事业。小乐说：“We talked about the career today.”朋友听懂了，也想起自己遇到过的事。,,We talked about the __________ today.,career,我们今天谈到了事业。,context,2026-09-v2,本地预制课堂素材；原创短句与场景模板,[],想象你也在这个场景里。用 career 说一句自己的话。
cartoon,KET,2,卡通画；漫画,n.,日常沟通,We talked about the cartoon today.,我们今天谈到了卡通画。,[],结合常用释义整体记忆。先听老师读，再用自己的生活场景解释。,0,,https://www.cambridgeenglish.org/images/506886-a2-key-2020-vocabulary-list.pdf,kɑ:'tu:n,https://github.com/skywind3000/ECDICT,offline-materials,cartoon,discussion,cartoon · 单词里的小故事,小乐和朋友聊起今天的一件事。我们今天谈到了卡通画。小乐说：“We talked about the cartoon today.”朋友听懂了，也想起自己遇到过的事。,,We talked about the __________ today.,cartoon,我们今天谈到了卡通画。,context,2026-09-v2,本地预制课堂素材；原创短句与场景模板,[],想象你也在这个场景里。用 cartoon 说一句自己的话。
case,KET,1,情况；箱子,n.,日常沟通,We need the case today.,我们今天需要情况。,[],结合常用释义整体记忆。先听老师读，再用自己的生活场景解释。,0,,https://www.cambridgeenglish.org/images/506886-a2-key-2020-vocabulary-list.pdf,keis,常用义教学修订；原词典见 ECDICT-LICENSE.txt,offline-materials,case,equipment,case · 单词里的小故事,班级活动开始前，小乐负责核对需要的东西。我们今天需要情况。小乐说：“We need the case today.”朋友听懂了，也想起自己遇到过的事。,,We need the __________ today.,case,我们今天需要情况。,context,2026-09-v2,本地预制课堂素材；原创短句与场景模板,[],想象你也在这个场景里。用 case 说一句自己的话。
cat,KET,1,猫；恶妇,n.,日常沟通,We saw the cat in a picture.,我们在图片里看到了猫。,[],结合常用释义整体记忆。先听老师读，再用自己的生活场景解释。,1,,https://www.cambridgeenglish.org/images/506886-a2-key-2020-vocabulary-list.pdf,kæt,https://github.com/skywind3000/ECDICT,offline-materials,cat,animal,cat · 单词里的小故事,小乐翻开一本动物画册，在其中一页停了下来。我们在图片里看到了猫。小乐说：“We saw the cat in a picture.”朋友听懂了，也想起自己遇到过的事。,,We saw the __________ in a picture.,cat,我们在图片里看到了猫。,context,2026-09-v2,本地预制课堂素材；原创短句与场景模板,[],想象你也在这个场景里。用 cat 说一句自己的话。
catch,KET,1,捕捉；赶上；感染,v.,日常沟通,Can you catch this ball?,你能接住这个球吗？,[],结合常用释义整体记忆。先听老师读，再用自己的生活场景解释。,0,,https://www.cambridgeenglish.org/images/506886-a2-key-2020-vocabulary-list.pdf,kætʃ,https://github.com/skywind3000/ECDICT,offline-materials,catch,authored,catch · 单词里的小故事,小乐和朋友交换今天的小发现。你能接住这个球吗？小乐说：“Can you catch this ball?”朋友听懂了，也想起自己遇到过的事。,,Can you __________ this ball?,catch,你能接住这个球吗？,context,2026-09-v2,本地预制课堂素材；原创短句与场景模板,[],想象你也在这个场景里。用 catch 说一句自己的话。
cd,KET,3,镭射碟；镭射唱片,n.,日常沟通,We need the CD today.,我们今天需要镭射碟。,[],结合常用释义整体记忆。先听老师读，再用自己的生活场景解释。,0,,https://www.cambridgeenglish.org/images/506886-a2-key-2020-vocabulary-list.pdf,,https://github.com/skywind3000/ECDICT,offline-materials,CD,equipment,CD · 单词里的小故事,班级活动开始前，小乐负责核对需要的东西。我们今天需要镭射碟。小乐说：“We need the CD today.”朋友听懂了，也想起自己遇到过的事。,,We need the __________ today.,CD,我们今天需要镭射碟。,context,2026-09-v2,本地预制课堂素材；原创短句与场景模板,[],想象你也在这个场景里。用 CD 说一句自己的话。
cd player,KET,3,激光唱机；CD播放器,n.,日常沟通,We need the CD player today.,我们今天需要激光唱机。,[],结合常用释义整体记忆。先听老师读，再用自己的生活场景解释。,0,,https://www.cambridgeenglish.org/images/506886-a2-key-2020-vocabulary-list.pdf,,https://github.com/skywind3000/ECDICT,offline-materials,CD player,equipment,CD player · 单词里的小故事,班级活动开始前，小乐负责核对需要的东西。我们今天需要激光唱机。小乐说：“We need the CD player today.”朋友听懂了，也想起自己遇到过的事。,,We need the __________ today.,CD player,我们今天需要激光唱机。,context,2026-09-v2,本地预制课堂素材；原创短句与场景模板,[],想象你也在这个场景里。用 CD player 说一句自己的话。
celebrate,KET,2,庆祝；祝贺；举行,v.,日常沟通,We celebrate her birthday today.,我们今天庆祝她的生日。,[],结合常用释义整体记忆。先听老师读，再用自己的生活场景解释。,0,,https://www.cambridgeenglish.org/images/506886-a2-key-2020-vocabulary-list.pdf,'selibreit,https://github.com/skywind3000/ECDICT,offline-materials,celebrate,authored,celebrate · 单词里的小故事,小乐和朋友交换今天的小发现。我们今天庆祝她的生日。小乐说：“We celebrate her birthday today.”朋友听懂了，也想起自己遇到过的事。,,We __________ her birthday today.,celebrate,我们今天庆祝她的生日。,context,2026-09-v2,本地预制课堂素材；原创短句与场景模板,[],想象你也在这个场景里。用 celebrate 说一句自己的话。
celebrity,KET,2,名声；名人,n.,日常沟通,This story is about a celebrity.,这个故事讲的是一位名声。,[],结合常用释义整体记忆。先听老师读，再用自己的生活场景解释。,0,,https://www.cambridgeenglish.org/images/506886-a2-key-2020-vocabulary-list.pdf,si'lebrti,https://github.com/skywind3000/ECDICT,offline-materials,celebrity,person,celebrity · 单词里的小故事,读书会轮到小乐介绍故事里的一个人物。这个故事讲的是一位名声。小乐说：“This story is about a celebrity.”朋友听懂了，也想起自己遇到过的事。,,This story is about a __________.,celebrity,这个故事讲的是一位名声。,context,2026-09-v2,本地预制课堂素材；原创短句与场景模板,[],想象你也在这个场景里。用 celebrity 说一句自己的话。
cell phone,KET,3,手机,n.,日常沟通,We need the cell phone today.,我们今天需要手机。,[],结合常用释义整体记忆。先听老师读，再用自己的生活场景解释。,0,,https://www.cambridgeenglish.org/images/506886-a2-key-2020-vocabulary-list.pdf,sel fəun,常用义教学修订；原词典见 ECDICT-LICENSE.txt,offline-materials,cell phone,equipment,cell phone · 单词里的小故事,班级活动开始前，小乐负责核对需要的东西。我们今天需要手机。小乐说：“We need the cell phone today.”朋友听懂了，也想起自己遇到过的事。,,We need the __________ today.,cell phone,我们今天需要手机。,context,2026-09-v2,本地预制课堂素材；原创短句与场景模板,[],想象你也在这个场景里。用 cell phone 说一句自己的话。
cent,KET,3,分,n.,日常沟通,We talked about the cent today.,我们今天谈到了分。,[],结合常用释义整体记忆。先听老师读，再用自己的生活场景解释。,0,,https://www.cambridgeenglish.org/images/506886-a2-key-2020-vocabulary-list.pdf,sent,https://github.com/skywind3000/ECDICT,offline-materials,cent,discussion,cent · 单词里的小故事,小乐和朋友聊起今天的一件事。我们今天谈到了分。小乐说：“We talked about the cent today.”朋友听懂了，也想起自己遇到过的事。,,We talked about the __________ today.,cent,我们今天谈到了分。,context,2026-09-v2,本地预制课堂素材；原创短句与场景模板,[],想象你也在这个场景里。用 cent 说一句自己的话。
centimetre,KET,3,厘米；公分,n.,日常沟通,We talked about the centimetre today.,我们今天谈到了厘米。,[],结合常用释义整体记忆。先听老师读，再用自己的生活场景解释。,0,,https://www.cambridgeenglish.org/images/506886-a2-key-2020-vocabulary-list.pdf,"'senti,mi:tә(r)",https://github.com/skywind3000/ECDICT,offline-materials,centimetre,discussion,centimetre · 单词里的小故事,小乐和朋友聊起今天的一件事。我们今天谈到了厘米。小乐说：“We talked about the centimetre today.”朋友听懂了，也想起自己遇到过的事。,,We talked about the __________ today.,centimetre,我们今天谈到了厘米。,context,2026-09-v2,本地预制课堂素材；原创短句与场景模板,[],想象你也在这个场景里。用 centimetre 说一句自己的话。
centre,KET,1,中心；中心点；中锋,n.,日常沟通,We visited the centre today.,我们今天参观了中心。,[],结合常用释义整体记忆。先听老师读，再用自己的生活场景解释。,0,,https://www.cambridgeenglish.org/images/506886-a2-key-2020-vocabulary-list.pdf,'sentә,https://github.com/skywind3000/ECDICT,offline-materials,centre,place,centre · 单词里的小故事,小乐把今天的外出经历记进了日记。我们今天参观了中心。小乐说：“We visited the centre today.”朋友听懂了，也想起自己遇到过的事。,,We visited the __________ today.,centre,我们今天参观了中心。,context,2026-09-v2,本地预制课堂素材；原创短句与场景模板,[],想象你也在这个场景里。用 centre 说一句自己的话。
century,KET,1,世纪；百年,n.,日常沟通,A century is one hundred years.,一个世纪是一百年。,[],结合常用释义整体记忆。先听老师读，再用自己的生活场景解释。,0,,https://www.cambridgeenglish.org/images/506886-a2-key-2020-vocabulary-list.pdf,'sentʃuri,https://github.com/skywind3000/ECDICT,offline-materials,century,authored,century · 单词里的小故事,小乐和朋友交换今天的小发现。一个世纪是一百年。小乐说：“A century is one hundred years.”朋友听懂了，也想起自己遇到过的事。,,A __________ is one hundred years.,century,一个世纪是一百年。,context,2026-09-v2,本地预制课堂素材；原创短句与场景模板,[],想象你也在这个场景里。用 century 说一句自己的话。
certainly,KET,1,当然；肯定,adv.,日常沟通,I will certainly help you.,我一定会帮你。,"[{""text"": ""certain"", ""kind"": ""root"", ""meaning"": ""确定的""}, {""text"": ""-ly"", ""kind"": ""suffix"", ""meaning"": ""以……的方式（构成副词）"", ""story"": ""-ly 在古英语中有表示“像……的”的形容词形式，也有表示“以某种方式”的副词形式。今天同样的结尾仍有不同工作。先问它是在描写一个人或物，还是在说明怎样做事。"", ""source"": ""https://www.merriam-webster.com/dictionary/ly-""}]",先理解词基，再看词缀如何改变含义或词性。,0,,https://www.cambridgeenglish.org/images/506886-a2-key-2020-vocabulary-list.pdf,'sә:tәnli,常用义教学修订；原词典见 ECDICT-LICENSE.txt,offline-materials,certainly,authored,certainly · 单词里的小故事,小乐和朋友交换今天的小发现。我一定会帮你。小乐说：“I will certainly help you.”朋友听懂了，也想起自己遇到过的事。,,I will __________ help you.,certainly,我一定会帮你。,context,2026-09-v2,本地预制课堂素材；原创短句与场景模板,[],想象你也在这个场景里。用 certainly 说一句自己的话。
chain,KET,1,链；枷锁；束缚,n.,日常沟通,We need the chain today.,我们今天需要链。,[],结合常用释义整体记忆。先听老师读，再用自己的生活场景解释。,0,,https://www.cambridgeenglish.org/images/506886-a2-key-2020-vocabulary-list.pdf,tʃein,https://github.com/skywind3000/ECDICT,offline-materials,chain,equipment,chain · 单词里的小故事,班级活动开始前，小乐负责核对需要的东西。我们今天需要链。小乐说：“We need the chain today.”朋友听懂了，也想起自己遇到过的事。,,We need the __________ today.,chain,我们今天需要链。,context,2026-09-v2,本地预制课堂素材；原创短句与场景模板,[],想象你也在这个场景里。用 chain 说一句自己的话。
chair,KET,1,椅子,n.,日常沟通,We need the chair today.,我们今天需要椅子。,[],结合常用释义整体记忆。先听老师读，再用自己的生活场景解释。,1,,https://www.cambridgeenglish.org/images/506886-a2-key-2020-vocabulary-list.pdf,tʃєә,常用义教学修订；原词典见 ECDICT-LICENSE.txt,offline-materials,chair,equipment,chair · 单词里的小故事,班级活动开始前，小乐负责核对需要的东西。我们今天需要椅子。小乐说：“We need the chair today.”朋友听懂了，也想起自己遇到过的事。,,We need the __________ today.,chair,我们今天需要椅子。,context,2026-09-v2,本地预制课堂素材；原创短句与场景模板,[],想象你也在这个场景里。用 chair 说一句自己的话。
change,KET,1,改变；零钱,v; n.,日常沟通,I want to change my answer.,我想修改答案。,[],结合常用释义整体记忆。先听老师读，再用自己的生活场景解释。,0,,https://www.cambridgeenglish.org/images/506886-a2-key-2020-vocabulary-list.pdf,tʃeindʒ,https://github.com/skywind3000/ECDICT,offline-materials,change,authored,change · 单词里的小故事,小乐和朋友交换今天的小发现。我想修改答案。小乐说：“I want to change my answer.”朋友听懂了，也想起自己遇到过的事。,,I want to __________ my answer.,change,我想修改答案。,context,2026-09-v2,本地预制课堂素材；原创短句与场景模板,[],想象你也在这个场景里。用 change 说一句自己的话。
channel,KET,1,频道；海峡,n.,日常沟通,We talked about the channel today.,我们今天谈到了频道。,[],结合常用释义整体记忆。先听老师读，再用自己的生活场景解释。,0,,https://www.cambridgeenglish.org/images/506886-a2-key-2020-vocabulary-list.pdf,'tʃænәl,常用义教学修订；原词典见 ECDICT-LICENSE.txt,offline-materials,channel,discussion,channel · 单词里的小故事,小乐和朋友聊起今天的一件事。我们今天谈到了频道。小乐说：“We talked about the channel today.”朋友听懂了，也想起自己遇到过的事。,,We talked about the __________ today.,channel,我们今天谈到了频道。,context,2026-09-v2,本地预制课堂素材；原创短句与场景模板,[],想象你也在这个场景里。用 channel 说一句自己的话。
character,KET,1,人物；角色；性格,n.,日常沟通,We talked about the character today.,我们今天谈到了人物。,[],结合常用释义整体记忆。先听老师读，再用自己的生活场景解释。,0,,https://www.cambridgeenglish.org/images/506886-a2-key-2020-vocabulary-list.pdf,'kærәktә,常用义教学修订；原词典见 ECDICT-LICENSE.txt,offline-materials,character,discussion,character · 单词里的小故事,小乐和朋友聊起今天的一件事。我们今天谈到了人物。小乐说：“We talked about the character today.”朋友听懂了，也想起自己遇到过的事。,,We talked about the __________ today.,character,我们今天谈到了人物。,context,2026-09-v2,本地预制课堂素材；原创短句与场景模板,[],想象你也在这个场景里。用 character 说一句自己的话。
chat,KET,2,闲谈,n.,日常沟通,We talked about the chat today.,我们今天谈到了闲谈。,[],结合常用释义整体记忆。先听老师读，再用自己的生活场景解释。,0,,https://www.cambridgeenglish.org/images/506886-a2-key-2020-vocabulary-list.pdf,tʃæt,https://github.com/skywind3000/ECDICT,offline-materials,chat,discussion,chat · 单词里的小故事,小乐和朋友聊起今天的一件事。我们今天谈到了闲谈。小乐说：“We talked about the chat today.”朋友听懂了，也想起自己遇到过的事。,,We talked about the __________ today.,chat,我们今天谈到了闲谈。,context,2026-09-v2,本地预制课堂素材；原创短句与场景模板,[],想象你也在这个场景里。用 chat 说一句自己的话。
chatroom,KET,3,（电脑网络上的）聊天室；交谈室,n.,日常沟通,We visited the chatroom today.,我们今天参观了聊天室。,[],结合常用释义整体记忆。先听老师读，再用自己的生活场景解释。,0,,https://www.cambridgeenglish.org/images/506886-a2-key-2020-vocabulary-list.pdf,'tʃætˌru:m,https://github.com/skywind3000/ECDICT,offline-materials,chatroom,place,chatroom · 单词里的小故事,小乐把今天的外出经历记进了日记。我们今天参观了聊天室。小乐说：“We visited the chatroom today.”朋友听懂了，也想起自己遇到过的事。,,We visited the __________ today.,chatroom,我们今天参观了聊天室。,context,2026-09-v2,本地预制课堂素材；原创短句与场景模板,[],想象你也在这个场景里。用 chatroom 说一句自己的话。
check,KET,1,检查；核对,v.,日常沟通,Please check your work.,请检查你的作业。,[],结合常用释义整体记忆。先听老师读，再用自己的生活场景解释。,0,,https://www.cambridgeenglish.org/images/506886-a2-key-2020-vocabulary-list.pdf,tʃek,常用义教学修订；原词典见 ECDICT-LICENSE.txt,offline-materials,check,authored,check · 单词里的小故事,小乐和朋友交换今天的小发现。请检查你的作业。小乐说：“Please check your work.”朋友听懂了，也想起自己遇到过的事。,,Please __________ your work.,check,请检查你的作业。,context,2026-09-v2,本地预制课堂素材；原创短句与场景模板,[],想象你也在这个场景里。用 check 说一句自己的话。
chef,KET,2,厨师,n.,日常沟通,This story is about a chef.,这个故事讲的是一位厨师。,[],结合常用释义整体记忆。先听老师读，再用自己的生活场景解释。,0,,https://www.cambridgeenglish.org/images/506886-a2-key-2020-vocabulary-list.pdf,ʃef,https://github.com/skywind3000/ECDICT,offline-materials,chef,person,chef · 单词里的小故事,读书会轮到小乐介绍故事里的一个人物。这个故事讲的是一位厨师。小乐说：“This story is about a chef.”朋友听懂了，也想起自己遇到过的事。,,This story is about a __________.,chef,这个故事讲的是一位厨师。,context,2026-09-v2,本地预制课堂素材；原创短句与场景模板,[],想象你也在这个场景里。用 chef 说一句自己的话。
chemist,KET,2,药剂师；药店（英式）,n.,日常沟通,This story is about a chemist.,这个故事讲的是一位药剂师。,[],结合常用释义整体记忆。先听老师读，再用自己的生活场景解释。,0,,https://www.cambridgeenglish.org/images/506886-a2-key-2020-vocabulary-list.pdf,'kemist,常用义教学修订；原词典见 ECDICT-LICENSE.txt,offline-materials,chemist,person,chemist · 单词里的小故事,读书会轮到小乐介绍故事里的一个人物。这个故事讲的是一位药剂师。小乐说：“This story is about a chemist.”朋友听懂了，也想起自己遇到过的事。,,This story is about a __________.,chemist,这个故事讲的是一位药剂师。,context,2026-09-v2,本地预制课堂素材；原创短句与场景模板,[],想象你也在这个场景里。用 chemist 说一句自己的话。
chemistry,KET,2,化学；化学过程,n.,日常沟通,We learn about chemistry at school.,我们在学校学习化学。,[],结合常用释义整体记忆。先听老师读，再用自己的生活场景解释。,0,,https://www.cambridgeenglish.org/images/506886-a2-key-2020-vocabulary-list.pdf,'kemistri,https://github.com/skywind3000/ECDICT,offline-materials,chemistry,school,chemistry · 单词里的小故事,小乐把今天在学校学到的内容讲给家人听。我们在学校学习化学。小乐说：“We learn about chemistry at school.”朋友听懂了，也想起自己遇到过的事。,,We learn about __________ at school.,chemistry,我们在学校学习化学。,context,2026-09-v2,本地预制课堂素材；原创短句与场景模板,[],想象你也在这个场景里。用 chemistry 说一句自己的话。
cheque,KET,2,支票,n.,日常沟通,We talked about the cheque today.,我们今天谈到了支票。,[],结合常用释义整体记忆。先听老师读，再用自己的生活场景解释。,0,,https://www.cambridgeenglish.org/images/506886-a2-key-2020-vocabulary-list.pdf,tʃek,https://github.com/skywind3000/ECDICT,offline-materials,cheque,discussion,cheque · 单词里的小故事,小乐和朋友聊起今天的一件事。我们今天谈到了支票。小乐说：“We talked about the cheque today.”朋友听懂了，也想起自己遇到过的事。,,We talked about the __________ today.,cheque,我们今天谈到了支票。,context,2026-09-v2,本地预制课堂素材；原创短句与场景模板,[],想象你也在这个场景里。用 cheque 说一句自己的话。
chess,KET,3,国际象棋,n.,日常沟通,I want to learn more about chess.,我想多了解一些国际象棋。,[],结合常用释义整体记忆。先听老师读，再用自己的生活场景解释。,0,,https://www.cambridgeenglish.org/images/506886-a2-key-2020-vocabulary-list.pdf,tʃes,https://github.com/skywind3000/ECDICT,offline-materials,chess,activity,chess · 单词里的小故事,班级要举办兴趣日，小乐选了自己想了解的活动。我想多了解一些国际象棋。小乐说：“I want to learn more about chess.”朋友听懂了，也想起自己遇到过的事。,,I want to learn more about __________.,chess,我想多了解一些国际象棋。,context,2026-09-v2,本地预制课堂素材；原创短句与场景模板,[],想象你也在这个场景里。用 chess 说一句自己的话。
chicken,KET,2,小鸡；鸡肉,n.,日常沟通,This chicken tastes good.,这份小鸡味道很好。,[],结合常用释义整体记忆。先听老师读，再用自己的生活场景解释。,0,,https://www.cambridgeenglish.org/images/506886-a2-key-2020-vocabulary-list.pdf,'tʃikin,https://github.com/skywind3000/ECDICT,offline-materials,chicken,food,chicken · 单词里的小故事,小乐第一次给家人当小帮手，端出一份食物。这份小鸡味道很好。小乐说：“This chicken tastes good.”朋友听懂了，也想起自己遇到过的事。,,This __________ tastes good.,chicken,这份小鸡味道很好。,context,2026-09-v2,本地预制课堂素材；原创短句与场景模板,[],想象你也在这个场景里。用 chicken 说一句自己的话。
child,KET,1,孩子；产物；追随者,n.,日常沟通,This story is about a child.,这个故事讲的是一位孩子。,[],结合常用释义整体记忆。先听老师读，再用自己的生活场景解释。,1,,https://www.cambridgeenglish.org/images/506886-a2-key-2020-vocabulary-list.pdf,tʃaild,https://github.com/skywind3000/ECDICT,offline-materials,child,person,child · 单词里的小故事,读书会轮到小乐介绍故事里的一个人物。这个故事讲的是一位孩子。小乐说：“This story is about a child.”朋友听懂了，也想起自己遇到过的事。,,This story is about a __________.,child,这个故事讲的是一位孩子。,context,2026-09-v2,本地预制课堂素材；原创短句与场景模板,[],想象你也在这个场景里。用 child 说一句自己的话。
chilli,KET,3,红辣椒,n.,日常沟通,This chilli tastes good.,这份红辣椒味道很好。,[],结合常用释义整体记忆。先听老师读，再用自己的生活场景解释。,0,,https://www.cambridgeenglish.org/images/506886-a2-key-2020-vocabulary-list.pdf,'tʃili,https://github.com/skywind3000/ECDICT,offline-materials,chilli,food,chilli · 单词里的小故事,小乐第一次给家人当小帮手，端出一份食物。这份红辣椒味道很好。小乐说：“This chilli tastes good.”朋友听懂了，也想起自己遇到过的事。,,This __________ tastes good.,chilli,这份红辣椒味道很好。,context,2026-09-v2,本地预制课堂素材；原创短句与场景模板,[],想象你也在这个场景里。用 chilli 说一句自己的话。
chips,KET,3,炸薯条,n pl.,日常沟通,These chips taste good.,这份炸薯条味道很好。,[],结合常用释义整体记忆。先听老师读，再用自己的生活场景解释。,0,,https://www.cambridgeenglish.org/images/506886-a2-key-2020-vocabulary-list.pdf,tʃips,常用义教学修订；原词典见 ECDICT-LICENSE.txt,offline-materials,chips,food,chips · 单词里的小故事,小乐第一次给家人当小帮手，端出一份食物。这份炸薯条味道很好。小乐说：“These chips taste good.”朋友听懂了，也想起自己遇到过的事。,,These __________ taste good.,chips,这份炸薯条味道很好。,context,2026-09-v2,本地预制课堂素材；原创短句与场景模板,[],想象你也在这个场景里。用 chips 说一句自己的话。
circle,KET,1,圆周；社交圈；循环,n.,日常沟通,We talked about the circle today.,我们今天谈到了圆周。,[],结合常用释义整体记忆。先听老师读，再用自己的生活场景解释。,0,,https://www.cambridgeenglish.org/images/506886-a2-key-2020-vocabulary-list.pdf,'sә:kl,https://github.com/skywind3000/ECDICT,offline-materials,circle,discussion,circle · 单词里的小故事,小乐和朋友聊起今天的一件事。我们今天谈到了圆周。小乐说：“We talked about the circle today.”朋友听懂了，也想起自己遇到过的事。,,We talked about the __________ today.,circle,我们今天谈到了圆周。,context,2026-09-v2,本地预制课堂素材；原创短句与场景模板,[],想象你也在这个场景里。用 circle 说一句自己的话。
circus,KET,2,马戏团；马戏；竞技场,n.,日常沟通,We visited the circus today.,我们今天参观了马戏团。,[],结合常用释义整体记忆。先听老师读，再用自己的生活场景解释。,0,,https://www.cambridgeenglish.org/images/506886-a2-key-2020-vocabulary-list.pdf,'sә:kәs,https://github.com/skywind3000/ECDICT,offline-materials,circus,place,circus · 单词里的小故事,小乐把今天的外出经历记进了日记。我们今天参观了马戏团。小乐说：“We visited the circus today.”朋友听懂了，也想起自己遇到过的事。,,We visited the __________ today.,circus,我们今天参观了马戏团。,context,2026-09-v2,本地预制课堂素材；原创短句与场景模板,[],想象你也在这个场景里。用 circus 说一句自己的话。
city,KET,1,城市；市,n.,日常沟通,We visited the city today.,我们今天参观了城市。,[],结合常用释义整体记忆。先听老师读，再用自己的生活场景解释。,0,,https://www.cambridgeenglish.org/images/506886-a2-key-2020-vocabulary-list.pdf,'siti,https://github.com/skywind3000/ECDICT,offline-materials,city,place,city · 单词里的小故事,小乐把今天的外出经历记进了日记。我们今天参观了城市。小乐说：“We visited the city today.”朋友听懂了，也想起自己遇到过的事。,,We visited the __________ today.,city,我们今天参观了城市。,context,2026-09-v2,本地预制课堂素材；原创短句与场景模板,[],想象你也在这个场景里。用 city 说一句自己的话。
city centre,KET,3,市中心；城市商业中心区,n.,日常沟通,We visited the city centre today.,我们今天参观了市中心。,[],结合常用释义整体记忆。先听老师读，再用自己的生活场景解释。,0,,https://www.cambridgeenglish.org/images/506886-a2-key-2020-vocabulary-list.pdf,ˈsiti ˈsentə,https://github.com/skywind3000/ECDICT,offline-materials,city centre,place,city centre · 单词里的小故事,小乐把今天的外出经历记进了日记。我们今天参观了市中心。小乐说：“We visited the city centre today.”朋友听懂了，也想起自己遇到过的事。,,We visited the __________ today.,city centre,我们今天参观了市中心。,context,2026-09-v2,本地预制课堂素材；原创短句与场景模板,[],想象你也在这个场景里。用 city centre 说一句自己的话。
class,KET,1,班级；阶级；种类,n.,日常沟通,We talked about the class today.,我们今天谈到了班级。,[],结合常用释义整体记忆。先听老师读，再用自己的生活场景解释。,1,,https://www.cambridgeenglish.org/images/506886-a2-key-2020-vocabulary-list.pdf,klɑ:s,https://github.com/skywind3000/ECDICT,offline-materials,class,discussion,class · 单词里的小故事,小乐和朋友聊起今天的一件事。我们今天谈到了班级。小乐说：“We talked about the class today.”朋友听懂了，也想起自己遇到过的事。,,We talked about the __________ today.,class,我们今天谈到了班级。,context,2026-09-v2,本地预制课堂素材；原创短句与场景模板,[],想象你也在这个场景里。用 class 说一句自己的话。
classical,KET,2,古典的；正统派的；经典的,adj.,日常沟通,I enjoy classical music.,我喜欢古典音乐。,[],结合常用释义整体记忆。先听老师读，再用自己的生活场景解释。,0,,https://www.cambridgeenglish.org/images/506886-a2-key-2020-vocabulary-list.pdf,'klæsikl,https://github.com/skywind3000/ECDICT,offline-materials,classical,authored,classical · 单词里的小故事,小乐和朋友交换今天的小发现。我喜欢古典音乐。小乐说：“I enjoy classical music.”朋友听懂了，也想起自己遇到过的事。,,I enjoy __________ music.,classical,我喜欢古典音乐。,context,2026-09-v2,本地预制课堂素材；原创短句与场景模板,[],想象你也在这个场景里。用 classical 说一句自己的话。
classmate,KET,3,同班同学,n.,日常沟通,This story is about a classmate.,这个故事讲的是一位同班同学。,"[{""text"": ""class"", ""kind"": ""compound"", ""meaning"": ""班级""}, {""text"": ""mate"", ""kind"": ""compound"", ""meaning"": ""伙伴""}]",两个已有成分组合成一个词。结合它们的意思理解整体词义，但不要把这种现代拆分当作完整的历史词源。,0,,https://www.cambridgeenglish.org/images/506886-a2-key-2020-vocabulary-list.pdf,'klɑ:smeit,https://github.com/skywind3000/ECDICT,offline-materials,classmate,person,classmate · 单词里的小故事,读书会轮到小乐介绍故事里的一个人物。这个故事讲的是一位同班同学。小乐说：“This story is about a classmate.”朋友听懂了，也想起自己遇到过的事。,,This story is about a __________.,classmate,这个故事讲的是一位同班同学。,context,2026-09-v2,本地预制课堂素材；原创短句与场景模板,[],想象你也在这个场景里。用 classmate 说一句自己的话。
clean,KET,1,干净的；打扫,adj; v.,日常沟通,This box is clean.,这个盒子是干净的。,[],结合常用释义整体记忆。先听老师读，再用自己的生活场景解释。,0,,https://www.cambridgeenglish.org/images/506886-a2-key-2020-vocabulary-list.pdf,kli:n,常用义教学修订；原词典见 ECDICT-LICENSE.txt,offline-materials,clean,object-quality,clean · 单词里的小故事,朋友闭上眼睛，让小乐描述面前的盒子。这个盒子是干净的。小乐说：“This box is clean.”朋友听懂了，也想起自己遇到过的事。,,This box is __________.,clean,这个盒子是干净的。,context,2026-09-v2,本地预制课堂素材；原创短句与场景模板,[],想象你也在这个场景里。用 clean 说一句自己的话。
clear,KET,1,清楚的；明确的；澄清的,adj.,日常沟通,Your answer is clear.,你的回答很清楚。,"[{""text"": ""clear"", ""kind"": ""root"", ""meaning"": ""清楚的""}]",这个词本身可以作为词基，与相关派生词联系起来理解。,0,,https://www.cambridgeenglish.org/images/506886-a2-key-2020-vocabulary-list.pdf,kliә,https://github.com/skywind3000/ECDICT,offline-materials,clear,authored,clear · 单词里的小故事,小乐和朋友交换今天的小发现。你的回答很清楚。小乐说：“Your answer is clear.”朋友听懂了，也想起自己遇到过的事。,,Your answer is __________.,clear,你的回答很清楚。,context,2026-09-v2,本地预制课堂素材；原创短句与场景模板,[],想象你也在这个场景里。用 clear 说一句自己的话。
clearly,KET,1,清楚地,adv.,日常沟通,Please speak clearly.,请说清楚。,"[{""text"": ""clear"", ""kind"": ""root"", ""meaning"": ""清楚的""}, {""text"": ""-ly"", ""kind"": ""suffix"", ""meaning"": ""以……的方式（构成副词）"", ""story"": ""-ly 在古英语中有表示“像……的”的形容词形式，也有表示“以某种方式”的副词形式。今天同样的结尾仍有不同工作。先问它是在描写一个人或物，还是在说明怎样做事。"", ""source"": ""https://www.merriam-webster.com/dictionary/ly-""}]",先理解词基，再看词缀如何改变含义或词性。,0,,https://www.cambridgeenglish.org/images/506886-a2-key-2020-vocabulary-list.pdf,'kliәli,https://github.com/skywind3000/ECDICT,offline-materials,clearly,authored,clearly · 单词里的小故事,小乐和朋友交换今天的小发现。请说清楚。小乐说：“Please speak clearly.”朋友听懂了，也想起自己遇到过的事。,,Please speak __________.,clearly,请说清楚。,context,2026-09-v2,本地预制课堂素材；原创短句与场景模板,[],想象你也在这个场景里。用 clearly 说一句自己的话。
click,KET,2,点击；咔哒声,n; v.,日常沟通,We talked about the click today.,我们今天谈到了点击。,[],结合常用释义整体记忆。先听老师读，再用自己的生活场景解释。,0,,https://www.cambridgeenglish.org/images/506886-a2-key-2020-vocabulary-list.pdf,klik,常用义教学修订；原词典见 ECDICT-LICENSE.txt,offline-materials,click,discussion,click · 单词里的小故事,小乐和朋友聊起今天的一件事。我们今天谈到了点击。小乐说：“We talked about the click today.”朋友听懂了，也想起自己遇到过的事。,,We talked about the __________ today.,click,我们今天谈到了点击。,context,2026-09-v2,本地预制课堂素材；原创短句与场景模板,[],想象你也在这个场景里。用 click 说一句自己的话。
climb,KET,1,攀登；上升；爬,v.,日常沟通,Can you climb this hill?,你能爬上这座山吗？,"[{""text"": ""climb"", ""kind"": ""root"", ""meaning"": ""攀登""}]",这个词本身可以作为词基，与相关派生词联系起来理解。,0,,https://www.cambridgeenglish.org/images/506886-a2-key-2020-vocabulary-list.pdf,klaim,https://github.com/skywind3000/ECDICT,offline-materials,climb,authored,climb · 单词里的小故事,小乐和朋友交换今天的小发现。你能爬上这座山吗？小乐说：“Can you climb this hill?”朋友听懂了，也想起自己遇到过的事。,,Can you __________ this hill?,climb,你能爬上这座山吗？,context,2026-09-v2,本地预制课堂素材；原创短句与场景模板,[],想象你也在这个场景里。用 climb 说一句自己的话。
clock,KET,2,时钟,n.,日常沟通,The clock on the wall says five.,墙上的钟指向五点。,[],结合常用释义整体记忆。先听老师读，再用自己的生活场景解释。,0,,https://www.cambridgeenglish.org/images/506886-a2-key-2020-vocabulary-list.pdf,klɒk,常用义教学修订；原词典见 ECDICT-LICENSE.txt,offline-materials,clock,authored,clock · 单词里的小故事,小乐和朋友交换今天的小发现。墙上的钟指向五点。小乐说：“The clock on the wall says five.”朋友听懂了，也想起自己遇到过的事。,,The __________ on the wall says five.,clock,墙上的钟指向五点。,context,2026-09-v2,本地预制课堂素材；原创短句与场景模板,[],想象你也在这个场景里。用 clock 说一句自己的话。
close,KET,1,靠近的；亲近的；亲密的,adj; v.,日常沟通,The school is close to our house.,学校离我们家很近。,"[{""text"": ""close"", ""kind"": ""root"", ""meaning"": ""密切的""}]",这个词本身可以作为词基，与相关派生词联系起来理解。,1,,https://www.cambridgeenglish.org/images/506886-a2-key-2020-vocabulary-list.pdf,klәuz,https://github.com/skywind3000/ECDICT,offline-materials,close,authored,close · 单词里的小故事,小乐和朋友交换今天的小发现。学校离我们家很近。小乐说：“The school is close to our house.”朋友听懂了，也想起自己遇到过的事。,,The school is __________ to our house.,close,学校离我们家很近。,context,2026-09-v2,本地预制课堂素材；原创短句与场景模板,[],想象你也在这个场景里。用 close 说一句自己的话。
close to,KET,3,接近于；靠近于,prep phr.,日常沟通,The school is close to my home.,学校离我家很近。,[],结合常用释义整体记忆。先听老师读，再用自己的生活场景解释。,0,,https://www.cambridgeenglish.org/images/506886-a2-key-2020-vocabulary-list.pdf,,https://github.com/skywind3000/ECDICT,offline-materials,close to,authored,close to · 单词里的小故事,小乐和朋友交换今天的小发现。学校离我家很近。小乐说：“The school is close to my home.”朋友听懂了，也想起自己遇到过的事。,,The school is __________ my home.,close to,学校离我家很近。,context,2026-09-v2,本地预制课堂素材；原创短句与场景模板,[],想象你也在这个场景里。用 close to 说一句自己的话。
closed,KET,2,关闭的；限于少数人的,adj.,日常沟通,This box is closed.,这个盒子是关闭的。,[],结合常用释义整体记忆。先听老师读，再用自己的生活场景解释。,0,,https://www.cambridgeenglish.org/images/506886-a2-key-2020-vocabulary-list.pdf,klәuzd,https://github.com/skywind3000/ECDICT,offline-materials,closed,object-quality,closed · 单词里的小故事,朋友闭上眼睛，让小乐描述面前的盒子。这个盒子是关闭的。小乐说：“This box is closed.”朋友听懂了，也想起自己遇到过的事。,,This box is __________.,closed,这个盒子是关闭的。,context,2026-09-v2,本地预制课堂素材；原创短句与场景模板,[],想象你也在这个场景里。用 closed 说一句自己的话。
closet,KET,3,壁橱；小室,n.,日常沟通,We visited the closet today.,我们今天参观了壁橱。,[],结合常用释义整体记忆。先听老师读，再用自己的生活场景解释。,0,,https://www.cambridgeenglish.org/images/506886-a2-key-2020-vocabulary-list.pdf,'klɒzit,https://github.com/skywind3000/ECDICT,offline-materials,closet,place,closet · 单词里的小故事,小乐把今天的外出经历记进了日记。我们今天参观了壁橱。小乐说：“We visited the closet today.”朋友听懂了，也想起自己遇到过的事。,,We visited the __________ today.,closet,我们今天参观了壁橱。,context,2026-09-v2,本地预制课堂素材；原创短句与场景模板,[],想象你也在这个场景里。用 closet 说一句自己的话。
clothes,KET,1,衣服,n pl.,日常沟通,I like your clothes.,我喜欢你的衣服。,[],结合常用释义整体记忆。先听老师读，再用自己的生活场景解释。,0,,https://www.cambridgeenglish.org/images/506886-a2-key-2020-vocabulary-list.pdf,klәuðz,https://github.com/skywind3000/ECDICT,offline-materials,clothes,clothes,clothes · 单词里的小故事,出门前，小乐注意到了朋友的穿着。我喜欢你的衣服。小乐说：“I like your clothes.”朋友听懂了，也想起自己遇到过的事。,,I like your __________.,clothes,我喜欢你的衣服。,context,2026-09-v2,本地预制课堂素材；原创短句与场景模板,[],想象你也在这个场景里。用 clothes 说一句自己的话。
cloud,KET,2,云；阴暗；烟雾,n.,日常沟通,We talked about the cloud today.,我们今天谈到了云。,[],结合常用释义整体记忆。先听老师读，再用自己的生活场景解释。,0,,https://www.cambridgeenglish.org/images/506886-a2-key-2020-vocabulary-list.pdf,klaud,https://github.com/skywind3000/ECDICT,offline-materials,cloud,nature,cloud · 单词里的小故事,小乐观察完身边的世界，回教室讲了一件事。我们今天谈到了云。小乐说：“We talked about the cloud today.”朋友听懂了，也想起自己遇到过的事。,,We talked about the __________ today.,cloud,我们今天谈到了云。,context,2026-09-v2,本地预制课堂素材；原创短句与场景模板,[],想象你也在这个场景里。用 cloud 说一句自己的话。
clown,KET,3,小丑；乡下人,n.,日常沟通,This story is about a clown.,这个故事讲的是一位小丑。,[],结合常用释义整体记忆。先听老师读，再用自己的生活场景解释。,0,,https://www.cambridgeenglish.org/images/506886-a2-key-2020-vocabulary-list.pdf,klaun,https://github.com/skywind3000/ECDICT,offline-materials,clown,person,clown · 单词里的小故事,读书会轮到小乐介绍故事里的一个人物。这个故事讲的是一位小丑。小乐说：“This story is about a clown.”朋友听懂了，也想起自己遇到过的事。,,This story is about a __________.,clown,这个故事讲的是一位小丑。,context,2026-09-v2,本地预制课堂素材；原创短句与场景模板,[],想象你也在这个场景里。用 clown 说一句自己的话。
club,KET,1,俱乐部,n.,日常沟通,We visited the club today.,我们今天参观了俱乐部。,[],结合常用释义整体记忆。先听老师读，再用自己的生活场景解释。,0,,https://www.cambridgeenglish.org/images/506886-a2-key-2020-vocabulary-list.pdf,klʌb,常用义教学修订；原词典见 ECDICT-LICENSE.txt,offline-materials,club,place,club · 单词里的小故事,小乐把今天的外出经历记进了日记。我们今天参观了俱乐部。小乐说：“We visited the club today.”朋友听懂了，也想起自己遇到过的事。,,We visited the __________ today.,club,我们今天参观了俱乐部。,context,2026-09-v2,本地预制课堂素材；原创短句与场景模板,[],想象你也在这个场景里。用 club 说一句自己的话。
coach,KET,2,教练；长途客车,n.,日常沟通,This story is about a coach.,这个故事讲的是一位教练。,[],结合常用释义整体记忆。先听老师读，再用自己的生活场景解释。,0,,https://www.cambridgeenglish.org/images/506886-a2-key-2020-vocabulary-list.pdf,kәutʃ,常用义教学修订；原词典见 ECDICT-LICENSE.txt,offline-materials,coach,person,coach · 单词里的小故事,读书会轮到小乐介绍故事里的一个人物。这个故事讲的是一位教练。小乐说：“This story is about a coach.”朋友听懂了，也想起自己遇到过的事。,,This story is about a __________.,coach,这个故事讲的是一位教练。,context,2026-09-v2,本地预制课堂素材；原创短句与场景模板,[],想象你也在这个场景里。用 coach 说一句自己的话。
coast,KET,1,海岸；滑坡,n.,日常沟通,We visited the coast today.,我们今天参观了海岸。,[],结合常用释义整体记忆。先听老师读，再用自己的生活场景解释。,0,,https://www.cambridgeenglish.org/images/506886-a2-key-2020-vocabulary-list.pdf,kәust,https://github.com/skywind3000/ECDICT,offline-materials,coast,place,coast · 单词里的小故事,小乐把今天的外出经历记进了日记。我们今天参观了海岸。小乐说：“We visited the coast today.”朋友听懂了，也想起自己遇到过的事。,,We visited the __________ today.,coast,我们今天参观了海岸。,context,2026-09-v2,本地预制课堂素材；原创短句与场景模板,[],想象你也在这个场景里。用 coast 说一句自己的话。
coat,KET,2,外套,n.,日常沟通,I like your coat.,我喜欢你的外套。,[],结合常用释义整体记忆。先听老师读，再用自己的生活场景解释。,0,,https://www.cambridgeenglish.org/images/506886-a2-key-2020-vocabulary-list.pdf,kәut,https://github.com/skywind3000/ECDICT,offline-materials,coat,clothes,coat · 单词里的小故事,出门前，小乐注意到了朋友的穿着。我喜欢你的外套。小乐说：“I like your coat.”朋友听懂了，也想起自己遇到过的事。,,I like your __________.,coat,我喜欢你的外套。,context,2026-09-v2,本地预制课堂素材；原创短句与场景模板,[],想象你也在这个场景里。用 coat 说一句自己的话。
coffee,KET,1,咖啡；咖啡色,n.,日常沟通,This coffee tastes good.,这份咖啡味道很好。,[],结合常用释义整体记忆。先听老师读，再用自己的生活场景解释。,0,,https://www.cambridgeenglish.org/images/506886-a2-key-2020-vocabulary-list.pdf,'kɒfi,https://github.com/skywind3000/ECDICT,offline-materials,coffee,food,coffee · 单词里的小故事,小乐第一次给家人当小帮手，端出一份食物。这份咖啡味道很好。小乐说：“This coffee tastes good.”朋友听懂了，也想起自己遇到过的事。,,This __________ tastes good.,coffee,这份咖啡味道很好。,context,2026-09-v2,本地预制课堂素材；原创短句与场景模板,[],想象你也在这个场景里。用 coffee 说一句自己的话。
cola,KET,3,结肠；冒号；科朗,n.,日常沟通,This cola tastes good.,这份结肠味道很好。,[],结合常用释义整体记忆。先听老师读，再用自己的生活场景解释。,0,,https://www.cambridgeenglish.org/images/506886-a2-key-2020-vocabulary-list.pdf,'kәulә,https://github.com/skywind3000/ECDICT,offline-materials,cola,food,cola · 单词里的小故事,小乐第一次给家人当小帮手，端出一份食物。这份结肠味道很好。小乐说：“This cola tastes good.”朋友听懂了，也想起自己遇到过的事。,,This __________ tastes good.,cola,这份结肠味道很好。,context,2026-09-v2,本地预制课堂素材；原创短句与场景模板,[],想象你也在这个场景里。用 cola 说一句自己的话。
cold,KET,1,寒冷的；冷淡的；冷静的,adj; n.,日常沟通,It is cold today.,今天的天气是寒冷的。,[],结合常用释义整体记忆。先听老师读，再用自己的生活场景解释。,1,,https://www.cambridgeenglish.org/images/506886-a2-key-2020-vocabulary-list.pdf,kәuld,https://github.com/skywind3000/ECDICT,offline-materials,cold,weather-quality,cold · 单词里的小故事,出门前，小乐看了一眼窗外，把天气告诉家人。今天的天气是寒冷的。小乐说：“It is cold today.”朋友听懂了，也想起自己遇到过的事。,,It is __________ today.,cold,今天的天气是寒冷的。,context,2026-09-v2,本地预制课堂素材；原创短句与场景模板,[],想象你也在这个场景里。用 cold 说一句自己的话。
colleague,KET,1,同事；同僚,n.,日常沟通,This story is about a colleague.,这个故事讲的是一位同事。,[],结合常用释义整体记忆。先听老师读，再用自己的生活场景解释。,0,,https://www.cambridgeenglish.org/images/506886-a2-key-2020-vocabulary-list.pdf,'kɒli:g,https://github.com/skywind3000/ECDICT,offline-materials,colleague,person,colleague · 单词里的小故事,读书会轮到小乐介绍故事里的一个人物。这个故事讲的是一位同事。小乐说：“This story is about a colleague.”朋友听懂了，也想起自己遇到过的事。,,This story is about a __________.,colleague,这个故事讲的是一位同事。,context,2026-09-v2,本地预制课堂素材；原创短句与场景模板,[],想象你也在这个场景里。用 colleague 说一句自己的话。
college,KET,1,学院；大学；学会,n.,日常沟通,We visited the college today.,我们今天参观了学院。,[],结合常用释义整体记忆。先听老师读，再用自己的生活场景解释。,0,,https://www.cambridgeenglish.org/images/506886-a2-key-2020-vocabulary-list.pdf,'kɒlidʒ,https://github.com/skywind3000/ECDICT,offline-materials,college,place,college · 单词里的小故事,小乐把今天的外出经历记进了日记。我们今天参观了学院。小乐说：“We visited the college today.”朋友听懂了，也想起自己遇到过的事。,,We visited the __________ today.,college,我们今天参观了学院。,context,2026-09-v2,本地预制课堂素材；原创短句与场景模板,[],想象你也在这个场景里。用 college 说一句自己的话。
colour,KET,1,颜色；给……涂色,n; v.,日常沟通,We talked about the colour today.,我们今天谈到了颜色。,"[{""text"": ""colour"", ""kind"": ""root"", ""meaning"": ""颜色""}]",这个词本身可以作为词基，与相关派生词联系起来理解。,0,,https://www.cambridgeenglish.org/images/506886-a2-key-2020-vocabulary-list.pdf,'kʌlә,常用义教学修订；原词典见 ECDICT-LICENSE.txt,offline-materials,colour,discussion,colour · 单词里的小故事,小乐和朋友聊起今天的一件事。我们今天谈到了颜色。小乐说：“We talked about the colour today.”朋友听懂了，也想起自己遇到过的事。,,We talked about the __________ today.,colour,我们今天谈到了颜色。,context,2026-09-v2,本地预制课堂素材；原创短句与场景模板,[],想象你也在这个场景里。用 colour 说一句自己的话。
comb,KET,3,头梳；鸡冠,n.,日常沟通,We need the comb today.,我们今天需要头梳。,[],结合常用释义整体记忆。先听老师读，再用自己的生活场景解释。,0,,https://www.cambridgeenglish.org/images/506886-a2-key-2020-vocabulary-list.pdf,kәum,https://github.com/skywind3000/ECDICT,offline-materials,comb,equipment,comb · 单词里的小故事,班级活动开始前，小乐负责核对需要的东西。我们今天需要头梳。小乐说：“We need the comb today.”朋友听懂了，也想起自己遇到过的事。,,We need the __________ today.,comb,我们今天需要头梳。,context,2026-09-v2,本地预制课堂素材；原创短句与场景模板,[],想象你也在这个场景里。用 comb 说一句自己的话。
come back,KET,3,回来；在记忆中重现；复辟,v.,日常沟通,Please come back before six.,请在六点前回来。,[],结合常用释义整体记忆。先听老师读，再用自己的生活场景解释。,0,,https://www.cambridgeenglish.org/images/506886-a2-key-2020-vocabulary-list.pdf,,https://github.com/skywind3000/ECDICT,offline-materials,come back,authored,come back · 单词里的小故事,小乐和朋友交换今天的小发现。请在六点前回来。小乐说：“Please come back before six.”朋友听懂了，也想起自己遇到过的事。,,Please __________ before six.,come back,请在六点前回来。,context,2026-09-v2,本地预制课堂素材；原创短句与场景模板,[],想象你也在这个场景里。用 come back 说一句自己的话。
comedy,KET,2,喜剧；有趣的事情,n.,日常沟通,We talked about the comedy today.,我们今天谈到了喜剧。,[],结合常用释义整体记忆。先听老师读，再用自己的生活场景解释。,0,,https://www.cambridgeenglish.org/images/506886-a2-key-2020-vocabulary-list.pdf,'kɒmidi,https://github.com/skywind3000/ECDICT,offline-materials,comedy,discussion,comedy · 单词里的小故事,小乐和朋友聊起今天的一件事。我们今天谈到了喜剧。小乐说：“We talked about the comedy today.”朋友听懂了，也想起自己遇到过的事。,,We talked about the __________ today.,comedy,我们今天谈到了喜剧。,context,2026-09-v2,本地预制课堂素材；原创短句与场景模板,[],想象你也在这个场景里。用 comedy 说一句自己的话。
comic,KET,2,连环漫画；喜剧演员；滑稽的人,n.,日常沟通,We watched a comic play.,我们看了一部喜剧。,[],结合常用释义整体记忆。先听老师读，再用自己的生活场景解释。,0,,https://www.cambridgeenglish.org/images/506886-a2-key-2020-vocabulary-list.pdf,'kɒmik,https://github.com/skywind3000/ECDICT,offline-materials,comic,authored,comic · 单词里的小故事,小乐和朋友交换今天的小发现。我们看了一部喜剧。小乐说：“We watched a comic play.”朋友听懂了，也想起自己遇到过的事。,,We watched a __________ play.,comic,我们看了一部喜剧。,context,2026-09-v2,本地预制课堂素材；原创短句与场景模板,[],想象你也在这个场景里。用 comic 说一句自己的话。
company,KET,1,公司；陪伴,n.,日常沟通,We visited the company today.,我们今天参观了公司。,[],结合常用释义整体记忆。先听老师读，再用自己的生活场景解释。,0,,https://www.cambridgeenglish.org/images/506886-a2-key-2020-vocabulary-list.pdf,'kʌmpәni,常用义教学修订；原词典见 ECDICT-LICENSE.txt,offline-materials,company,place,company · 单词里的小故事,小乐把今天的外出经历记进了日记。我们今天参观了公司。小乐说：“We visited the company today.”朋友听懂了，也想起自己遇到过的事。,,We visited the __________ today.,company,我们今天参观了公司。,context,2026-09-v2,本地预制课堂素材；原创短句与场景模板,[],想象你也在这个场景里。用 company 说一句自己的话。
complete,KET,1,完成；完工；使圆满,v.,日常沟通,Please complete the form.,请填完表格。,"[{""text"": ""complete"", ""kind"": ""root"", ""meaning"": ""完整的""}]",这个词本身可以作为词基，与相关派生词联系起来理解。,0,,https://www.cambridgeenglish.org/images/506886-a2-key-2020-vocabulary-list.pdf,kәm'pli:t,https://github.com/skywind3000/ECDICT,offline-materials,complete,authored,complete · 单词里的小故事,小乐和朋友交换今天的小发现。请填完表格。小乐说：“Please complete the form.”朋友听懂了，也想起自己遇到过的事。,,Please __________ the form.,complete,请填完表格。,context,2026-09-v2,本地预制课堂素材；原创短句与场景模板,[],想象你也在这个场景里。用 complete 说一句自己的话。
contact,KET,1,联系,n; v.,日常沟通,We talked about the contact today.,我们今天谈到了联系。,[],结合常用释义整体记忆。先听老师读，再用自己的生活场景解释。,0,,https://www.cambridgeenglish.org/images/506886-a2-key-2020-vocabulary-list.pdf,'kɒntækt,常用义教学修订；原词典见 ECDICT-LICENSE.txt,offline-materials,contact,discussion,contact · 单词里的小故事,小乐和朋友聊起今天的一件事。我们今天谈到了联系。小乐说：“We talked about the contact today.”朋友听懂了，也想起自己遇到过的事。,,We talked about the __________ today.,contact,我们今天谈到了联系。,context,2026-09-v2,本地预制课堂素材；原创短句与场景模板,[],想象你也在这个场景里。用 contact 说一句自己的话。
continue,KET,1,继续；延续；延长,v.,日常沟通,We will continue the game tomorrow.,我们明天会继续比赛。,[],结合常用释义整体记忆。先听老师读，再用自己的生活场景解释。,0,,https://www.cambridgeenglish.org/images/506886-a2-key-2020-vocabulary-list.pdf,kәn'tinju:,https://github.com/skywind3000/ECDICT,offline-materials,continue,authored,continue · 单词里的小故事,小乐和朋友交换今天的小发现。我们明天会继续比赛。小乐说：“We will continue the game tomorrow.”朋友听懂了，也想起自己遇到过的事。,,We will __________ the game tomorrow.,continue,我们明天会继续比赛。,context,2026-09-v2,本地预制课堂素材；原创短句与场景模板,[],想象你也在这个场景里。用 continue 说一句自己的话。
conversation,KET,1,会话；说话；交谈,n.,日常沟通,We learn about conversation at school.,我们在学校学习会话。,[],结合常用释义整体记忆。先听老师读，再用自己的生活场景解释。,0,,https://www.cambridgeenglish.org/images/506886-a2-key-2020-vocabulary-list.pdf,.kɒnvә'seiʃәn,https://github.com/skywind3000/ECDICT,offline-materials,conversation,school,conversation · 单词里的小故事,小乐把今天在学校学到的内容讲给家人听。我们在学校学习会话。小乐说：“We learn about conversation at school.”朋友听懂了，也想起自己遇到过的事。,,We learn about __________ at school.,conversation,我们在学校学习会话。,context,2026-09-v2,本地预制课堂素材；原创短句与场景模板,"[{""en"": ""We had a short conversation on the bus."", ""zh"": ""我们在公交车上简短地聊了一会儿。""}]",想象你也在这个场景里。用 conversation 说一句自己的话。
cook,KET,2,厨师；做饭,n; v.,日常沟通,This story is about a cook.,这个故事讲的是一位厨师。,"[{""text"": ""cook"", ""kind"": ""root"", ""meaning"": ""烹饪""}]",这个词本身可以作为词基，与相关派生词联系起来理解。,0,,https://www.cambridgeenglish.org/images/506886-a2-key-2020-vocabulary-list.pdf,kuk,常用义教学修订；原词典见 ECDICT-LICENSE.txt,offline-materials,cook,person,cook · 单词里的小故事,读书会轮到小乐介绍故事里的一个人物。这个故事讲的是一位厨师。小乐说：“This story is about a cook.”朋友听懂了，也想起自己遇到过的事。,,This story is about a __________.,cook,这个故事讲的是一位厨师。,context,2026-09-v2,本地预制课堂素材；原创短句与场景模板,[],想象你也在这个场景里。用 cook 说一句自己的话。
cooker,KET,3,炊事用具；炉灶；锅,n.,日常沟通,We need the cooker today.,我们今天需要炊事用具。,"[{""text"": ""cook"", ""kind"": ""root"", ""meaning"": ""烹饪""}, {""text"": ""-er"", ""kind"": ""suffix"", ""meaning"": ""做某事的人或物"", ""story"": ""表示做事者的 -er 有古英语 -ere 等历史来源。它常把动作变成做这个动作的人或工具。先找到动作，再问“谁来做”，就能串起一组词。比较级里的 -er 是另一种用法。"", ""source"": ""https://www.merriam-webster.com/dictionary/-er""}]",先理解词基，再看词缀如何改变含义或词性。,0,,https://www.cambridgeenglish.org/images/506886-a2-key-2020-vocabulary-list.pdf,'kukә,https://github.com/skywind3000/ECDICT,offline-materials,cooker,equipment,cooker · 单词里的小故事,班级活动开始前，小乐负责核对需要的东西。我们今天需要炊事用具。小乐说：“We need the cooker today.”朋友听懂了，也想起自己遇到过的事。,,We need the __________ today.,cooker,我们今天需要炊事用具。,context,2026-09-v2,本地预制课堂素材；原创短句与场景模板,[],想象你也在这个场景里。用 cooker 说一句自己的话。
cookie,KET,3,饼干；小甜点,n.,日常沟通,This cookie tastes good.,这份饼干味道很好。,[],结合常用释义整体记忆。先听老师读，再用自己的生活场景解释。,0,,https://www.cambridgeenglish.org/images/506886-a2-key-2020-vocabulary-list.pdf,'kuki,https://github.com/skywind3000/ECDICT,offline-materials,cookie,food,cookie · 单词里的小故事,小乐第一次给家人当小帮手，端出一份食物。这份饼干味道很好。小乐说：“This cookie tastes good.”朋友听懂了，也想起自己遇到过的事。,,This __________ tastes good.,cookie,这份饼干味道很好。,context,2026-09-v2,本地预制课堂素材；原创短句与场景模板,[],想象你也在这个场景里。用 cookie 说一句自己的话。
cooking,KET,2,烹饪,n.,日常沟通,We talked about the cooking today.,我们今天谈到了烹饪。,"[{""text"": ""cook"", ""kind"": ""root"", ""meaning"": ""烹饪""}, {""text"": ""-ing"", ""kind"": ""suffix"", ""meaning"": ""把动作当作活动或事物来表达"", ""story"": ""把动作变成名词的 -ing，可以追溯到古英语的 -ung、-ing。一个动作加上这样的结尾，就能作为一种活动来谈论。注意句子里的位置：-ing 也会用于进行时和形容词。"", ""source"": ""https://www.merriam-webster.com/dictionary/-ing""}]",先理解词基，再看词缀如何改变含义或词性。,0,,https://www.cambridgeenglish.org/images/506886-a2-key-2020-vocabulary-list.pdf,'kukiŋ,https://github.com/skywind3000/ECDICT,offline-materials,cooking,discussion,cooking · 单词里的小故事,小乐和朋友聊起今天的一件事。我们今天谈到了烹饪。小乐说：“We talked about the cooking today.”朋友听懂了，也想起自己遇到过的事。,,We talked about the __________ today.,cooking,我们今天谈到了烹饪。,context,2026-09-v2,本地预制课堂素材；原创短句与场景模板,[],想象你也在这个场景里。用 cooking 说一句自己的话。
cool,KET,1,凉爽的；冷淡的；冷静的,adj; exclam.,日常沟通,This box is cool.,这个盒子是凉爽的。,[],结合常用释义整体记忆。先听老师读，再用自己的生活场景解释。,1,,https://www.cambridgeenglish.org/images/506886-a2-key-2020-vocabulary-list.pdf,ku:l,https://github.com/skywind3000/ECDICT,offline-materials,cool,object-quality,cool · 单词里的小故事,朋友闭上眼睛，让小乐描述面前的盒子。这个盒子是凉爽的。小乐说：“This box is cool.”朋友听懂了，也想起自己遇到过的事。,,This box is __________.,cool,这个盒子是凉爽的。,context,2026-09-v2,本地预制课堂素材；原创短句与场景模板,[],想象你也在这个场景里。用 cool 说一句自己的话。
copy,KET,1,复制；抄写,v.,日常沟通,Please copy this word.,请抄写这个词。,[],结合常用释义整体记忆。先听老师读，再用自己的生活场景解释。,0,,https://www.cambridgeenglish.org/images/506886-a2-key-2020-vocabulary-list.pdf,'kɒpi,常用义教学修订；原词典见 ECDICT-LICENSE.txt,offline-materials,copy,authored,copy · 单词里的小故事,小乐和朋友交换今天的小发现。请抄写这个词。小乐说：“Please copy this word.”朋友听懂了，也想起自己遇到过的事。,,Please __________ this word.,copy,请抄写这个词。,context,2026-09-v2,本地预制课堂素材；原创短句与场景模板,[],想象你也在这个场景里。用 copy 说一句自己的话。
correct,KET,1,正确的；合适的,adj.,日常沟通,Your answer is correct.,你的答案是正确的。,"[{""text"": ""correct"", ""kind"": ""root"", ""meaning"": ""正确的""}]",这个词本身可以作为词基，与相关派生词联系起来理解。,0,,https://www.cambridgeenglish.org/images/506886-a2-key-2020-vocabulary-list.pdf,kә'rekt,https://github.com/skywind3000/ECDICT,offline-materials,correct,authored,correct · 单词里的小故事,小乐和朋友交换今天的小发现。你的答案是正确的。小乐说：“Your answer is correct.”朋友听懂了，也想起自己遇到过的事。,,Your answer is __________.,correct,你的答案是正确的。,context,2026-09-v2,本地预制课堂素材；原创短句与场景模板,[],想象你也在这个场景里。用 correct 说一句自己的话。
costume,KET,2,装束；服装,n.,日常沟通,I like your costume.,我喜欢你的装束。,[],结合常用释义整体记忆。先听老师读，再用自己的生活场景解释。,0,,https://www.cambridgeenglish.org/images/506886-a2-key-2020-vocabulary-list.pdf,'kɒstju:m,https://github.com/skywind3000/ECDICT,offline-materials,costume,clothes,costume · 单词里的小故事,出门前，小乐注意到了朋友的穿着。我喜欢你的装束。小乐说：“I like your costume.”朋友听懂了，也想起自己遇到过的事。,,I like your __________.,costume,我喜欢你的装束。,context,2026-09-v2,本地预制课堂素材；原创短句与场景模板,[],想象你也在这个场景里。用 costume 说一句自己的话。
could,KET,1,能；可以,mv.,日常沟通,"Could you open the door, please?",请你打开门好吗？,[],结合常用释义整体记忆。先听老师读，再用自己的生活场景解释。,1,,https://www.cambridgeenglish.org/images/506886-a2-key-2020-vocabulary-list.pdf,kud,常用义教学修订；原词典见 ECDICT-LICENSE.txt,offline-materials,could,authored,could · 单词里的小故事,"小乐和朋友交换今天的小发现。请你打开门好吗？小乐说：“Could you open the door, please?”朋友听懂了，也想起自己遇到过的事。",,"__________ you open the door, please?",Could,请你打开门好吗？,context,2026-09-v2,本地预制课堂素材；原创短句与场景模板,[],想象你也在这个场景里。用 could 说一句自己的话。
country,KET,1,国家；乡村,n.,日常沟通,China is a large country.,中国是一个大国。,[],结合常用释义整体记忆。先听老师读，再用自己的生活场景解释。,0,,https://www.cambridgeenglish.org/images/506886-a2-key-2020-vocabulary-list.pdf,'kʌntri,常用义教学修订；原词典见 ECDICT-LICENSE.txt,offline-materials,country,authored,country · 单词里的小故事,小乐和朋友交换今天的小发现。中国是一个大国。小乐说：“China is a large country.”朋友听懂了，也想起自己遇到过的事。,,China is a large __________.,country,中国是一个大国。,context,2026-09-v2,本地预制课堂素材；原创短句与场景模板,[],想象你也在这个场景里。用 country 说一句自己的话。
court,KET,1,球场,n.,日常沟通,We visited the court today.,我们今天参观了球场。,[],结合常用释义整体记忆。先听老师读，再用自己的生活场景解释。,0,,https://www.cambridgeenglish.org/images/506886-a2-key-2020-vocabulary-list.pdf,kɒ:t,常用义教学修订；原词典见 ECDICT-LICENSE.txt,offline-materials,court,place,court · 单词里的小故事,小乐把今天的外出经历记进了日记。我们今天参观了球场。小乐说：“We visited the court today.”朋友听懂了，也想起自己遇到过的事。,,We visited the __________ today.,court,我们今天参观了球场。,context,2026-09-v2,本地预制课堂素材；原创短句与场景模板,[],想象你也在这个场景里。用 court 说一句自己的话。
cover,KET,1,覆盖；封面,v &n.,日常沟通,Cover the food with a plate.,用盘子盖住食物。,[],结合常用释义整体记忆。先听老师读，再用自己的生活场景解释。,0,,https://www.cambridgeenglish.org/images/506886-a2-key-2020-vocabulary-list.pdf,'kʌvә,常用义教学修订；原词典见 ECDICT-LICENSE.txt,offline-materials,cover,authored,cover · 单词里的小故事,小乐和朋友交换今天的小发现。用盘子盖住食物。小乐说：“Cover the food with a plate.”朋友听懂了，也想起自己遇到过的事。,,__________ the food with a plate.,Cover,用盘子盖住食物。,context,2026-09-v2,本地预制课堂素材；原创短句与场景模板,[],想象你也在这个场景里。用 cover 说一句自己的话。
cow,KET,2,母牛；母兽,n.,日常沟通,We saw the cow in a picture.,我们在图片里看到了母牛。,[],结合常用释义整体记忆。先听老师读，再用自己的生活场景解释。,0,,https://www.cambridgeenglish.org/images/506886-a2-key-2020-vocabulary-list.pdf,kau,https://github.com/skywind3000/ECDICT,offline-materials,cow,animal,cow · 单词里的小故事,小乐翻开一本动物画册，在其中一页停了下来。我们在图片里看到了母牛。小乐说：“We saw the cow in a picture.”朋友听懂了，也想起自己遇到过的事。,,We saw the __________ in a picture.,cow,我们在图片里看到了母牛。,context,2026-09-v2,本地预制课堂素材；原创短句与场景模板,[],想象你也在这个场景里。用 cow 说一句自己的话。
cream,KET,2,奶油；面霜；奶油色的,adj; n.,日常沟通,The wall is cream.,墙是奶油色的。,[],结合常用释义整体记忆。先听老师读，再用自己的生活场景解释。,0,,https://www.cambridgeenglish.org/images/506886-a2-key-2020-vocabulary-list.pdf,kri:m,常用义教学修订；原词典见 ECDICT-LICENSE.txt,offline-materials,cream,authored,cream · 单词里的小故事,小乐和朋友交换今天的小发现。墙是奶油色的。小乐说：“The wall is cream.”朋友听懂了，也想起自己遇到过的事。,,The wall is __________.,cream,墙是奶油色的。,context,2026-09-v2,本地预制课堂素材；原创短句与场景模板,[],想象你也在这个场景里。用 cream 说一句自己的话。
credit card,KET,2,信用卡,n.,日常沟通,You can pay by credit card.,你可以用信用卡付款。,[],结合例句和场景整体记忆。,0,,https://www.cambridgeenglish.org/images/506886-a2-key-2020-vocabulary-list.pdf,,原创课堂释义与例句,offline-materials,credit card,authored,credit card · 单词里的小故事,小乐和朋友交换今天的小发现。你可以用信用卡付款。小乐说：“You can pay by credit card.”朋友听懂了，也想起自己遇到过的事。,,You can pay by __________.,credit card,你可以用信用卡付款。,context,2026-09-v2,本地预制课堂素材；原创短句与场景模板,[],想象你也在这个场景里。用 credit card 说一句自己的话。
cricket,KET,2,蟋蟀；板球,n.,日常沟通,I want to learn more about cricket.,我想多了解一些蟋蟀。,[],结合常用释义整体记忆。先听老师读，再用自己的生活场景解释。,0,,https://www.cambridgeenglish.org/images/506886-a2-key-2020-vocabulary-list.pdf,'krikit,https://github.com/skywind3000/ECDICT,offline-materials,cricket,activity,cricket · 单词里的小故事,班级要举办兴趣日，小乐选了自己想了解的活动。我想多了解一些蟋蟀。小乐说：“I want to learn more about cricket.”朋友听懂了，也想起自己遇到过的事。,,I want to learn more about __________.,cricket,我想多了解一些蟋蟀。,context,2026-09-v2,本地预制课堂素材；原创短句与场景模板,[],想象你也在这个场景里。用 cricket 说一句自己的话。
crocodile,KET,3,鳄鱼,n.,日常沟通,We saw the crocodile in a picture.,我们在图片里看到了鳄鱼。,[],结合常用释义整体记忆。先听老师读，再用自己的生活场景解释。,0,,https://www.cambridgeenglish.org/images/506886-a2-key-2020-vocabulary-list.pdf,'krɒkәdail,https://github.com/skywind3000/ECDICT,offline-materials,crocodile,animal,crocodile · 单词里的小故事,小乐翻开一本动物画册，在其中一页停了下来。我们在图片里看到了鳄鱼。小乐说：“We saw the crocodile in a picture.”朋友听懂了，也想起自己遇到过的事。,,We saw the __________ in a picture.,crocodile,我们在图片里看到了鳄鱼。,context,2026-09-v2,本地预制课堂素材；原创短句与场景模板,[],想象你也在这个场景里。用 crocodile 说一句自己的话。
cross,KET,1,穿过；十字形,n; v.,日常沟通,We talked about the cross today.,我们今天谈到了穿过。,[],结合常用释义整体记忆。先听老师读，再用自己的生活场景解释。,0,,https://www.cambridgeenglish.org/images/506886-a2-key-2020-vocabulary-list.pdf,krɒs,常用义教学修订；原词典见 ECDICT-LICENSE.txt,offline-materials,cross,discussion,cross · 单词里的小故事,小乐和朋友聊起今天的一件事。我们今天谈到了穿过。小乐说：“We talked about the cross today.”朋友听懂了，也想起自己遇到过的事。,,We talked about the __________ today.,cross,我们今天谈到了穿过。,context,2026-09-v2,本地预制课堂素材；原创短句与场景模板,[],想象你也在这个场景里。用 cross 说一句自己的话。
crossing,KET,2,人行横道；交叉口,n.,日常沟通,Use the crossing to cross the road.,从人行横道过马路。,[],结合常用释义整体记忆。先听老师读，再用自己的生活场景解释。,0,,https://www.cambridgeenglish.org/images/506886-a2-key-2020-vocabulary-list.pdf,'krɒsiŋ,常用义教学修订；原词典见 ECDICT-LICENSE.txt,offline-materials,crossing,authored,crossing · 单词里的小故事,小乐和朋友交换今天的小发现。从人行横道过马路。小乐说：“Use the crossing to cross the road.”朋友听懂了，也想起自己遇到过的事。,,Use the __________ to cross the road.,crossing,从人行横道过马路。,context,2026-09-v2,本地预制课堂素材；原创短句与场景模板,[],想象你也在这个场景里。用 crossing 说一句自己的话。
crowd,KET,1,群众；一伙人,n.,日常沟通,We talked about the crowd today.,我们今天谈到了群众。,[],结合常用释义整体记忆。先听老师读，再用自己的生活场景解释。,0,,https://www.cambridgeenglish.org/images/506886-a2-key-2020-vocabulary-list.pdf,kraud,https://github.com/skywind3000/ECDICT,offline-materials,crowd,discussion,crowd · 单词里的小故事,小乐和朋友聊起今天的一件事。我们今天谈到了群众。小乐说：“We talked about the crowd today.”朋友听懂了，也想起自己遇到过的事。,,We talked about the __________ today.,crowd,我们今天谈到了群众。,context,2026-09-v2,本地预制课堂素材；原创短句与场景模板,[],想象你也在这个场景里。用 crowd 说一句自己的话。
crowded,KET,2,拥挤的；塞满的,adj.,日常沟通,The bus is crowded.,公交车很拥挤。,"[{""text"": ""crowded"", ""kind"": ""root"", ""meaning"": ""拥挤的""}]",这个词本身可以作为词基，与相关派生词联系起来理解。,0,,https://www.cambridgeenglish.org/images/506886-a2-key-2020-vocabulary-list.pdf,'kraudid,https://github.com/skywind3000/ECDICT,offline-materials,crowded,authored,crowded · 单词里的小故事,小乐和朋友交换今天的小发现。公交车很拥挤。小乐说：“The bus is crowded.”朋友听懂了，也想起自己遇到过的事。,,The bus is __________.,crowded,公交车很拥挤。,context,2026-09-v2,本地预制课堂素材；原创短句与场景模板,[],想象你也在这个场景里。用 crowded 说一句自己的话。
cry,KET,1,哭；叫；喊,v.,日常沟通,The baby may cry.,宝宝可能会哭。,[],结合常用释义整体记忆。先听老师读，再用自己的生活场景解释。,0,,https://www.cambridgeenglish.org/images/506886-a2-key-2020-vocabulary-list.pdf,krai,https://github.com/skywind3000/ECDICT,offline-materials,cry,authored,cry · 单词里的小故事,小乐和朋友交换今天的小发现。宝宝可能会哭。小乐说：“The baby may cry.”朋友听懂了，也想起自己遇到过的事。,,The baby may __________.,cry,宝宝可能会哭。,context,2026-09-v2,本地预制课堂素材；原创短句与场景模板,[],想象你也在这个场景里。用 cry 说一句自己的话。
cup,KET,1,杯子；茶杯；优胜杯,n.,日常沟通,We need the cup today.,我们今天需要杯子。,[],结合常用释义整体记忆。先听老师读，再用自己的生活场景解释。,1,,https://www.cambridgeenglish.org/images/506886-a2-key-2020-vocabulary-list.pdf,kʌp,https://github.com/skywind3000/ECDICT,offline-materials,cup,equipment,cup · 单词里的小故事,班级活动开始前，小乐负责核对需要的东西。我们今天需要杯子。小乐说：“We need the cup today.”朋友听懂了，也想起自己遇到过的事。,,We need the __________ today.,cup,我们今天需要杯子。,context,2026-09-v2,本地预制课堂素材；原创短句与场景模板,[],想象你也在这个场景里。用 cup 说一句自己的话。
cut,KET,1,切；割；减少,v.,日常沟通,Cut the cake into small pieces.,把蛋糕切成小块。,[],结合常用释义整体记忆。先听老师读，再用自己的生活场景解释。,0,,https://www.cambridgeenglish.org/images/506886-a2-key-2020-vocabulary-list.pdf,kʌt,https://github.com/skywind3000/ECDICT,offline-materials,cut,authored,cut · 单词里的小故事,小乐和朋友交换今天的小发现。把蛋糕切成小块。小乐说：“Cut the cake into small pieces.”朋友听懂了，也想起自己遇到过的事。,,__________ the cake into small pieces.,Cut,把蛋糕切成小块。,context,2026-09-v2,本地预制课堂素材；原创短句与场景模板,[],想象你也在这个场景里。用 cut 说一句自己的话。
cycle,KET,2,循环；轮转；骑自行车,v.,日常沟通,We cycle to school.,我们骑自行车上学。,"[{""text"": ""cycle"", ""kind"": ""root"", ""meaning"": ""骑自行车""}]",这个词本身可以作为词基，与相关派生词联系起来理解。,0,,https://www.cambridgeenglish.org/images/506886-a2-key-2020-vocabulary-list.pdf,'saikl,https://github.com/skywind3000/ECDICT,offline-materials,cycle,authored,cycle · 单词里的小故事,小乐和朋友交换今天的小发现。我们骑自行车上学。小乐说：“We cycle to school.”朋友听懂了，也想起自己遇到过的事。,,We __________ to school.,cycle,我们骑自行车上学。,context,2026-09-v2,本地预制课堂素材；原创短句与场景模板,[],想象你也在这个场景里。用 cycle 说一句自己的话。
dad,KET,1,爸爸；爹爹,n.,日常沟通,This story is about a dad.,这个故事讲的是一位爸爸。,[],结合常用释义整体记忆。先听老师读，再用自己的生活场景解释。,1,,https://www.cambridgeenglish.org/images/506886-a2-key-2020-vocabulary-list.pdf,dæd,https://github.com/skywind3000/ECDICT,offline-materials,dad,person,dad · 单词里的小故事,读书会轮到小乐介绍故事里的一个人物。这个故事讲的是一位爸爸。小乐说：“This story is about a dad.”朋友听懂了，也想起自己遇到过的事。,,This story is about a __________.,dad,这个故事讲的是一位爸爸。,context,2026-09-v2,本地预制课堂素材；原创短句与场景模板,[],想象你也在这个场景里。用 dad 说一句自己的话。
daily,KET,1,每日的；日常的,adj; adv.,日常沟通,We have a daily meeting.,我们有每日的会议。,[],结合常用释义整体记忆。先听老师读，再用自己的生活场景解释。,0,,https://www.cambridgeenglish.org/images/506886-a2-key-2020-vocabulary-list.pdf,'deili,https://github.com/skywind3000/ECDICT,offline-materials,daily,repeat,daily · 单词里的小故事,小乐做了一张时间表，不想错过下一次碰面。我们有每日的会议。小乐说：“We have a daily meeting.”朋友听懂了，也想起自己遇到过的事。,,We have a __________ meeting.,daily,我们有每日的会议。,context,2026-09-v2,本地预制课堂素材；原创短句与场景模板,"[{""en"": ""A daily walk helps me feel better."", ""zh"": ""每天散步让我感觉更好。""}]",想象你也在这个场景里。用 daily 说一句自己的话。
dancing,KET,2,舞蹈,n.,日常沟通,We learn about dancing at school.,我们在学校学习舞蹈。,"[{""text"": ""dance"", ""kind"": ""root"", ""meaning"": ""跳舞""}, {""text"": ""-ing"", ""kind"": ""suffix"", ""meaning"": ""把动作当作活动或事物来表达"", ""story"": ""把动作变成名词的 -ing，可以追溯到古英语的 -ung、-ing。一个动作加上这样的结尾，就能作为一种活动来谈论。注意句子里的位置：-ing 也会用于进行时和形容词。"", ""source"": ""https://www.merriam-webster.com/dictionary/-ing""}]",这是词基与派生词的关系。拼写发生了变化，请把本课目标单词完整写对；构词成分不是原词的逐字切片。,0,,https://www.cambridgeenglish.org/images/506886-a2-key-2020-vocabulary-list.pdf,'dænsiŋ,https://github.com/skywind3000/ECDICT,offline-materials,dancing,school,dancing · 单词里的小故事,小乐把今天在学校学到的内容讲给家人听。我们在学校学习舞蹈。小乐说：“We learn about dancing at school.”朋友听懂了，也想起自己遇到过的事。,,We learn about __________ at school.,dancing,我们在学校学习舞蹈。,context,2026-09-v2,本地预制课堂素材；原创短句与场景模板,[],想象你也在这个场景里。用 dancing 说一句自己的话。
danger,KET,1,危险；威胁,n.,日常沟通,We talked about the danger today.,我们今天谈到了危险。,"[{""text"": ""danger"", ""kind"": ""root"", ""meaning"": ""危险""}]",这个词本身可以作为词基，与相关派生词联系起来理解。,0,,https://www.cambridgeenglish.org/images/506886-a2-key-2020-vocabulary-list.pdf,'deindʒә,https://github.com/skywind3000/ECDICT,offline-materials,danger,discussion,danger · 单词里的小故事,小乐和朋友聊起今天的一件事。我们今天谈到了危险。小乐说：“We talked about the danger today.”朋友听懂了，也想起自己遇到过的事。,,We talked about the __________ today.,danger,我们今天谈到了危险。,context,2026-09-v2,本地预制课堂素材；原创短句与场景模板,[],想象你也在这个场景里。用 danger 说一句自己的话。
dark,KET,1,黑暗的；暗的；深色的,adj.,日常沟通,This box is dark.,这个盒子是黑暗的。,"[{""text"": ""dark"", ""kind"": ""root"", ""meaning"": ""黑暗的""}]",这个词本身可以作为词基，与相关派生词联系起来理解。,0,,https://www.cambridgeenglish.org/images/506886-a2-key-2020-vocabulary-list.pdf,dɑ:k,https://github.com/skywind3000/ECDICT,offline-materials,dark,object-quality,dark · 单词里的小故事,朋友闭上眼睛，让小乐描述面前的盒子。这个盒子是黑暗的。小乐说：“This box is dark.”朋友听懂了，也想起自己遇到过的事。,,This box is __________.,dark,这个盒子是黑暗的。,context,2026-09-v2,本地预制课堂素材；原创短句与场景模板,[],想象你也在这个场景里。用 dark 说一句自己的话。
date,KET,1,日期；约会,n.,日常沟通,We talked about the date today.,我们今天谈到了日期。,[],结合常用释义整体记忆。先听老师读，再用自己的生活场景解释。,0,,https://www.cambridgeenglish.org/images/506886-a2-key-2020-vocabulary-list.pdf,deit,常用义教学修订；原词典见 ECDICT-LICENSE.txt,offline-materials,date,discussion,date · 单词里的小故事,小乐和朋友聊起今天的一件事。我们今天谈到了日期。小乐说：“We talked about the date today.”朋友听懂了，也想起自己遇到过的事。,,We talked about the __________ today.,date,我们今天谈到了日期。,context,2026-09-v2,本地预制课堂素材；原创短句与场景模板,[],想象你也在这个场景里。用 date 说一句自己的话。
daughter,KET,1,女儿,n.,日常沟通,This story is about a daughter.,这个故事讲的是一位女儿。,[],结合常用释义整体记忆。先听老师读，再用自己的生活场景解释。,1,,https://www.cambridgeenglish.org/images/506886-a2-key-2020-vocabulary-list.pdf,'dɒ:tә,https://github.com/skywind3000/ECDICT,offline-materials,daughter,person,daughter · 单词里的小故事,读书会轮到小乐介绍故事里的一个人物。这个故事讲的是一位女儿。小乐说：“This story is about a daughter.”朋友听懂了，也想起自己遇到过的事。,,This story is about a __________.,daughter,这个故事讲的是一位女儿。,context,2026-09-v2,本地预制课堂素材；原创短句与场景模板,[],想象你也在这个场景里。用 daughter 说一句自己的话。
day,KET,1,天；日子；白天,n.,日常沟通,We talked about the day today.,我们今天谈到了天。,[],结合常用释义整体记忆。先听老师读，再用自己的生活场景解释。,1,,https://www.cambridgeenglish.org/images/506886-a2-key-2020-vocabulary-list.pdf,dei,https://github.com/skywind3000/ECDICT,offline-materials,day,discussion,day · 单词里的小故事,小乐和朋友聊起今天的一件事。我们今天谈到了天。小乐说：“We talked about the day today.”朋友听懂了，也想起自己遇到过的事。,,We talked about the __________ today.,day,我们今天谈到了天。,context,2026-09-v2,本地预制课堂素材；原创短句与场景模板,[],想象你也在这个场景里。用 day 说一句自己的话。
dead,KET,1,死的；不活泼的；麻木的,adj.,日常沟通,The plant is dead.,这株植物死了。,[],结合常用释义整体记忆。先听老师读，再用自己的生活场景解释。,0,,https://www.cambridgeenglish.org/images/506886-a2-key-2020-vocabulary-list.pdf,ded,https://github.com/skywind3000/ECDICT,offline-materials,dead,authored,dead · 单词里的小故事,小乐和朋友交换今天的小发现。这株植物死了。小乐说：“The plant is dead.”朋友听懂了，也想起自己遇到过的事。,,The plant is __________.,dead,这株植物死了。,context,2026-09-v2,本地预制课堂素材；原创短句与场景模板,[],想象你也在这个场景里。用 dead 说一句自己的话。
dear,KET,2,亲爱的；昂贵的；严重的,adj.,日常沟通,"Dear Mum, thank you for the gift.",亲爱的妈妈，谢谢你的礼物。,[],结合常用释义整体记忆。先听老师读，再用自己的生活场景解释。,0,,https://www.cambridgeenglish.org/images/506886-a2-key-2020-vocabulary-list.pdf,'diә,https://github.com/skywind3000/ECDICT,offline-materials,dear,authored,dear · 单词里的小故事,"小乐和朋友交换今天的小发现。亲爱的妈妈，谢谢你的礼物。小乐说：“Dear Mum, thank you for the gift.”朋友听懂了，也想起自己遇到过的事。",,"__________ Mum, thank you for the gift.",Dear,亲爱的妈妈，谢谢你的礼物。,context,2026-09-v2,本地预制课堂素材；原创短句与场景模板,[],想象你也在这个场景里。用 dear 说一句自己的话。
december,KET,1,十二月,n.,日常沟通,My birthday is in December.,我的生日在十二月。,[],结合常用释义整体记忆。先听老师读，再用自己的生活场景解释。,1,,https://www.cambridgeenglish.org/images/506886-a2-key-2020-vocabulary-list.pdf,di'sembә,https://github.com/skywind3000/ECDICT,offline-materials,December,date,December · 单词里的小故事,小乐在日历上画了一个圈，提醒自己别忘记这个日子。我的生日在十二月。小乐说：“My birthday is in December.”朋友听懂了，也想起自己遇到过的事。,,My birthday is in __________.,December,我的生日在十二月。,context,2026-09-v2,本地预制课堂素材；原创短句与场景模板,[],想象你也在这个场景里。用 December 说一句自己的话。
deep,KET,1,深的,adj.,日常沟通,This box is deep.,这个盒子是深的。,[],结合常用释义整体记忆。先听老师读，再用自己的生活场景解释。,0,,https://www.cambridgeenglish.org/images/506886-a2-key-2020-vocabulary-list.pdf,di:p,https://github.com/skywind3000/ECDICT,offline-materials,deep,object-quality,deep · 单词里的小故事,朋友闭上眼睛，让小乐描述面前的盒子。这个盒子是深的。小乐说：“This box is deep.”朋友听懂了，也想起自己遇到过的事。,,This box is __________.,deep,这个盒子是深的。,context,2026-09-v2,本地预制课堂素材；原创短句与场景模板,[],想象你也在这个场景里。用 deep 说一句自己的话。
degree,KET,1,程度；度；学位,n.,日常沟通,We talked about the degree today.,我们今天谈到了程度。,[],结合常用释义整体记忆。先听老师读，再用自己的生活场景解释。,0,,https://www.cambridgeenglish.org/images/506886-a2-key-2020-vocabulary-list.pdf,di'gri:,常用义教学修订；原词典见 ECDICT-LICENSE.txt,offline-materials,degree,discussion,degree · 单词里的小故事,小乐和朋友聊起今天的一件事。我们今天谈到了程度。小乐说：“We talked about the degree today.”朋友听懂了，也想起自己遇到过的事。,,We talked about the __________ today.,degree,我们今天谈到了程度。,context,2026-09-v2,本地预制课堂素材；原创短句与场景模板,[],想象你也在这个场景里。用 degree 说一句自己的话。
delay,KET,2,耽搁；迟滞,n; v.,日常沟通,We talked about the delay today.,我们今天谈到了耽搁。,[],结合常用释义整体记忆。先听老师读，再用自己的生活场景解释。,0,,https://www.cambridgeenglish.org/images/506886-a2-key-2020-vocabulary-list.pdf,di'lei,https://github.com/skywind3000/ECDICT,offline-materials,delay,discussion,delay · 单词里的小故事,小乐和朋友聊起今天的一件事。我们今天谈到了耽搁。小乐说：“We talked about the delay today.”朋友听懂了，也想起自己遇到过的事。,,We talked about the __________ today.,delay,我们今天谈到了耽搁。,context,2026-09-v2,本地预制课堂素材；原创短句与场景模板,[],想象你也在这个场景里。用 delay 说一句自己的话。
delayed,KET,3,定时的；延时的,adj.,日常沟通,Our train is delayed.,我们的火车晚点了。,[],结合常用释义整体记忆。先听老师读，再用自己的生活场景解释。,0,,https://www.cambridgeenglish.org/images/506886-a2-key-2020-vocabulary-list.pdf,di'leid,https://github.com/skywind3000/ECDICT,offline-materials,delayed,authored,delayed · 单词里的小故事,小乐和朋友交换今天的小发现。我们的火车晚点了。小乐说：“Our train is delayed.”朋友听懂了，也想起自己遇到过的事。,,Our train is __________.,delayed,我们的火车晚点了。,context,2026-09-v2,本地预制课堂素材；原创短句与场景模板,[],想象你也在这个场景里。用 delayed 说一句自己的话。
deliver,KET,1,递送；陈述；释放,v.,日常沟通,They deliver food to our home.,他们把食物送到我们家。,[],结合常用释义整体记忆。先听老师读，再用自己的生活场景解释。,0,,https://www.cambridgeenglish.org/images/506886-a2-key-2020-vocabulary-list.pdf,di'livә,https://github.com/skywind3000/ECDICT,offline-materials,deliver,authored,deliver · 单词里的小故事,小乐和朋友交换今天的小发现。他们把食物送到我们家。小乐说：“They deliver food to our home.”朋友听懂了，也想起自己遇到过的事。,,They __________ food to our home.,deliver,他们把食物送到我们家。,context,2026-09-v2,本地预制课堂素材；原创短句与场景模板,[],想象你也在这个场景里。用 deliver 说一句自己的话。
department,KET,1,部门；系；机关,n.,日常沟通,We visited the department today.,我们今天参观了部门。,[],结合常用释义整体记忆。先听老师读，再用自己的生活场景解释。,0,,https://www.cambridgeenglish.org/images/506886-a2-key-2020-vocabulary-list.pdf,di'pɑ:tmәnt,https://github.com/skywind3000/ECDICT,offline-materials,department,place,department · 单词里的小故事,小乐把今天的外出经历记进了日记。我们今天参观了部门。小乐说：“We visited the department today.”朋友听懂了，也想起自己遇到过的事。,,We visited the __________ today.,department,我们今天参观了部门。,context,2026-09-v2,本地预制课堂素材；原创短句与场景模板,[],想象你也在这个场景里。用 department 说一句自己的话。
department store,KET,3,百货公司,n.,日常沟通,We visited the department store today.,我们今天参观了百货公司。,[],结合常用释义整体记忆。先听老师读，再用自己的生活场景解释。,0,,https://www.cambridgeenglish.org/images/506886-a2-key-2020-vocabulary-list.pdf,,https://github.com/skywind3000/ECDICT,offline-materials,department store,place,department store · 单词里的小故事,小乐把今天的外出经历记进了日记。我们今天参观了百货公司。小乐说：“We visited the department store today.”朋友听懂了，也想起自己遇到过的事。,,We visited the __________ today.,department store,我们今天参观了百货公司。,context,2026-09-v2,本地预制课堂素材；原创短句与场景模板,[],想象你也在这个场景里。用 department store 说一句自己的话。
desert,KET,2,沙漠；应得的赏罚；功劳,n.,日常沟通,We visited the desert today.,我们今天参观了沙漠。,[],结合常用释义整体记忆。先听老师读，再用自己的生活场景解释。,0,,https://www.cambridgeenglish.org/images/506886-a2-key-2020-vocabulary-list.pdf,'dezәt. di'sә:t,https://github.com/skywind3000/ECDICT,offline-materials,desert,place,desert · 单词里的小故事,小乐把今天的外出经历记进了日记。我们今天参观了沙漠。小乐说：“We visited the desert today.”朋友听懂了，也想起自己遇到过的事。,,We visited the __________ today.,desert,我们今天参观了沙漠。,context,2026-09-v2,本地预制课堂素材；原创短句与场景模板,[],想象你也在这个场景里。用 desert 说一句自己的话。
design,KET,1,设计；图样；方案,n.,日常沟通,We talked about the design today.,我们今天谈到了设计。,"[{""text"": ""design"", ""kind"": ""root"", ""meaning"": ""设计""}]",这个词本身可以作为词基，与相关派生词联系起来理解。,0,,https://www.cambridgeenglish.org/images/506886-a2-key-2020-vocabulary-list.pdf,di'zain,https://github.com/skywind3000/ECDICT,offline-materials,design,discussion,design · 单词里的小故事,小乐和朋友聊起今天的一件事。我们今天谈到了设计。小乐说：“We talked about the design today.”朋友听懂了，也想起自己遇到过的事。,,We talked about the __________ today.,design,我们今天谈到了设计。,context,2026-09-v2,本地预制课堂素材；原创短句与场景模板,[],想象你也在这个场景里。用 design 说一句自己的话。
desk,KET,1,书桌；办公桌；工作台,n.,日常沟通,We need the desk today.,我们今天需要书桌。,[],结合常用释义整体记忆。先听老师读，再用自己的生活场景解释。,0,,https://www.cambridgeenglish.org/images/506886-a2-key-2020-vocabulary-list.pdf,desk,https://github.com/skywind3000/ECDICT,offline-materials,desk,equipment,desk · 单词里的小故事,班级活动开始前，小乐负责核对需要的东西。我们今天需要书桌。小乐说：“We need the desk today.”朋友听懂了，也想起自己遇到过的事。,,We need the __________ today.,desk,我们今天需要书桌。,context,2026-09-v2,本地预制课堂素材；原创短句与场景模板,[],想象你也在这个场景里。用 desk 说一句自己的话。
dessert,KET,3,餐后甜点,n.,日常沟通,This dessert tastes good.,这份餐后甜点味道很好。,[],结合常用释义整体记忆。先听老师读，再用自己的生活场景解释。,0,,https://www.cambridgeenglish.org/images/506886-a2-key-2020-vocabulary-list.pdf,di'zә:t,https://github.com/skywind3000/ECDICT,offline-materials,dessert,food,dessert · 单词里的小故事,小乐第一次给家人当小帮手，端出一份食物。这份餐后甜点味道很好。小乐说：“This dessert tastes good.”朋友听懂了，也想起自己遇到过的事。,,This __________ tastes good.,dessert,这份餐后甜点味道很好。,context,2026-09-v2,本地预制课堂素材；原创短句与场景模板,[],想象你也在这个场景里。用 dessert 说一句自己的话。
details,KET,3,详细资料；细节（detail的复数）,n.,日常沟通,We talked about the details today.,我们今天谈到了详细资料。,[],结合常用释义整体记忆。先听老师读，再用自己的生活场景解释。,0,,https://www.cambridgeenglish.org/images/506886-a2-key-2020-vocabulary-list.pdf,,https://github.com/skywind3000/ECDICT,offline-materials,details,discussion,details · 单词里的小故事,小乐和朋友聊起今天的一件事。我们今天谈到了详细资料。小乐说：“We talked about the details today.”朋友听懂了，也想起自己遇到过的事。,,We talked about the __________ today.,details,我们今天谈到了详细资料。,context,2026-09-v2,本地预制课堂素材；原创短句与场景模板,[],想象你也在这个场景里。用 details 说一句自己的话。
diary,KET,2,日记,n.,日常沟通,We need the diary today.,我们今天需要日记。,[],结合常用释义整体记忆。先听老师读，再用自己的生活场景解释。,0,,https://www.cambridgeenglish.org/images/506886-a2-key-2020-vocabulary-list.pdf,'daiәri,https://github.com/skywind3000/ECDICT,offline-materials,diary,equipment,diary · 单词里的小故事,班级活动开始前，小乐负责核对需要的东西。我们今天需要日记。小乐说：“We need the diary today.”朋友听懂了，也想起自己遇到过的事。,,We need the __________ today.,diary,我们今天需要日记。,context,2026-09-v2,本地预制课堂素材；原创短句与场景模板,[],想象你也在这个场景里。用 diary 说一句自己的话。
die,KET,1,死亡；消逝；平息,v.,日常沟通,Plants can die without water.,植物缺水可能会死。,[],结合常用释义整体记忆。先听老师读，再用自己的生活场景解释。,0,,https://www.cambridgeenglish.org/images/506886-a2-key-2020-vocabulary-list.pdf,dai,https://github.com/skywind3000/ECDICT,offline-materials,die,authored,die · 单词里的小故事,小乐和朋友交换今天的小发现。植物缺水可能会死。小乐说：“Plants can die without water.”朋友听懂了，也想起自己遇到过的事。,,Plants can __________ without water.,die,植物缺水可能会死。,context,2026-09-v2,本地预制课堂素材；原创短句与场景模板,[],想象你也在这个场景里。用 die 说一句自己的话。
difference,KET,1,不同；差异,n.,日常沟通,We talked about the difference today.,我们今天谈到了不同。,[],结合常用释义整体记忆。先听老师读，再用自己的生活场景解释。,0,,https://www.cambridgeenglish.org/images/506886-a2-key-2020-vocabulary-list.pdf,'difәrәns,https://github.com/skywind3000/ECDICT,offline-materials,difference,discussion,difference · 单词里的小故事,小乐和朋友聊起今天的一件事。我们今天谈到了不同。小乐说：“We talked about the difference today.”朋友听懂了，也想起自己遇到过的事。,,We talked about the __________ today.,difference,我们今天谈到了不同。,context,2026-09-v2,本地预制课堂素材；原创短句与场景模板,[],想象你也在这个场景里。用 difference 说一句自己的话。
digital,KET,2,数字显示的；数字的,adj.,日常沟通,I have a digital camera.,我有一台数码相机。,[],结合常用释义整体记忆。先听老师读，再用自己的生活场景解释。,0,,https://www.cambridgeenglish.org/images/506886-a2-key-2020-vocabulary-list.pdf,'didʒitәl,https://github.com/skywind3000/ECDICT,offline-materials,digital,authored,digital · 单词里的小故事,小乐和朋友交换今天的小发现。我有一台数码相机。小乐说：“I have a digital camera.”朋友听懂了，也想起自己遇到过的事。,,I have a __________ camera.,digital,我有一台数码相机。,context,2026-09-v2,本地预制课堂素材；原创短句与场景模板,[],想象你也在这个场景里。用 digital 说一句自己的话。
digital camera,KET,3,数码相机,n.,日常沟通,We need the digital camera today.,我们今天需要数码相机。,[],结合常用释义整体记忆。先听老师读，再用自己的生活场景解释。,0,,https://www.cambridgeenglish.org/images/506886-a2-key-2020-vocabulary-list.pdf,ˈdidʒitəl ˈkæmərə,https://github.com/skywind3000/ECDICT,offline-materials,digital camera,equipment,digital camera · 单词里的小故事,班级活动开始前，小乐负责核对需要的东西。我们今天需要数码相机。小乐说：“We need the digital camera today.”朋友听懂了，也想起自己遇到过的事。,,We need the __________ today.,digital camera,我们今天需要数码相机。,context,2026-09-v2,本地预制课堂素材；原创短句与场景模板,[],想象你也在这个场景里。用 digital camera 说一句自己的话。
dinosaur,KET,3,恐龙,n.,日常沟通,We saw the dinosaur in a picture.,我们在图片里看到了恐龙。,[],结合常用释义整体记忆。先听老师读，再用自己的生活场景解释。,0,,https://www.cambridgeenglish.org/images/506886-a2-key-2020-vocabulary-list.pdf,'dainәsɒ:,https://github.com/skywind3000/ECDICT,offline-materials,dinosaur,animal,dinosaur · 单词里的小故事,小乐翻开一本动物画册，在其中一页停了下来。我们在图片里看到了恐龙。小乐说：“We saw the dinosaur in a picture.”朋友听懂了，也想起自己遇到过的事。,,We saw the __________ in a picture.,dinosaur,我们在图片里看到了恐龙。,context,2026-09-v2,本地预制课堂素材；原创短句与场景模板,[],想象你也在这个场景里。用 dinosaur 说一句自己的话。
diploma,KET,2,文凭；毕业证书,n.,日常沟通,We talked about the diploma today.,我们今天谈到了文凭。,[],结合常用释义整体记忆。先听老师读，再用自己的生活场景解释。,0,,https://www.cambridgeenglish.org/images/506886-a2-key-2020-vocabulary-list.pdf,di'plәumә,https://github.com/skywind3000/ECDICT,offline-materials,diploma,discussion,diploma · 单词里的小故事,小乐和朋友聊起今天的一件事。我们今天谈到了文凭。小乐说：“We talked about the diploma today.”朋友听懂了，也想起自己遇到过的事。,,We talked about the __________ today.,diploma,我们今天谈到了文凭。,context,2026-09-v2,本地预制课堂素材；原创短句与场景模板,[],想象你也在这个场景里。用 diploma 说一句自己的话。
directions,KET,3,指示；方向；用法说明书（direction的复数形式）,n.,日常沟通,We talked about the directions today.,我们今天谈到了指示。,[],结合常用释义整体记忆。先听老师读，再用自己的生活场景解释。,0,,https://www.cambridgeenglish.org/images/506886-a2-key-2020-vocabulary-list.pdf,,https://github.com/skywind3000/ECDICT,offline-materials,directions,discussion,directions · 单词里的小故事,小乐和朋友聊起今天的一件事。我们今天谈到了指示。小乐说：“We talked about the directions today.”朋友听懂了，也想起自己遇到过的事。,,We talked about the __________ today.,directions,我们今天谈到了指示。,context,2026-09-v2,本地预制课堂素材；原创短句与场景模板,[],想象你也在这个场景里。用 directions 说一句自己的话。
dirty,KET,2,肮脏的；卑鄙的,adj.,日常沟通,This box is dirty.,这个盒子是肮脏的。,"[{""text"": ""dirt"", ""kind"": ""root"", ""meaning"": ""污垢""}, {""text"": ""-y"", ""kind"": ""suffix"", ""meaning"": ""有……特征的"", ""story"": ""表示特征的 -y 可以追溯到古英语的 -ig。它常帮助我们描述一个事物有什么特点。先看看词基指什么，再想想“有这种特点的”会是什么样子。"", ""source"": ""https://www.merriam-webster.com/dictionary/-y""}]",先理解词基，再看词缀如何改变含义或词性。,0,,https://www.cambridgeenglish.org/images/506886-a2-key-2020-vocabulary-list.pdf,'dә:ti,https://github.com/skywind3000/ECDICT,offline-materials,dirty,object-quality,dirty · 单词里的小故事,朋友闭上眼睛，让小乐描述面前的盒子。这个盒子是肮脏的。小乐说：“This box is dirty.”朋友听懂了，也想起自己遇到过的事。,,This box is __________.,dirty,这个盒子是肮脏的。,context,2026-09-v2,本地预制课堂素材；原创短句与场景模板,"[{""en"": ""Please take off your dirty shoes."", ""zh"": ""请脱下你的脏鞋子。""}]",想象你也在这个场景里。用 dirty 说一句自己的话。
disco,KET,2,夜总会；迪斯科；的士高,n.,日常沟通,We talked about the disco today.,我们今天谈到了夜总会。,[],结合常用释义整体记忆。先听老师读，再用自己的生活场景解释。,0,,https://www.cambridgeenglish.org/images/506886-a2-key-2020-vocabulary-list.pdf,'diskәu,https://github.com/skywind3000/ECDICT,offline-materials,disco,discussion,disco · 单词里的小故事,小乐和朋友聊起今天的一件事。我们今天谈到了夜总会。小乐说：“We talked about the disco today.”朋友听懂了，也想起自己遇到过的事。,,We talked about the __________ today.,disco,我们今天谈到了夜总会。,context,2026-09-v2,本地预制课堂素材；原创短句与场景模板,[],想象你也在这个场景里。用 disco 说一句自己的话。
discount,KET,2,折扣,n.,日常沟通,We talked about the discount today.,我们今天谈到了折扣。,[],结合常用释义整体记忆。先听老师读，再用自己的生活场景解释。,0,,https://www.cambridgeenglish.org/images/506886-a2-key-2020-vocabulary-list.pdf,'diskaunt,常用义教学修订；原词典见 ECDICT-LICENSE.txt,offline-materials,discount,discussion,discount · 单词里的小故事,小乐和朋友聊起今天的一件事。我们今天谈到了折扣。小乐说：“We talked about the discount today.”朋友听懂了，也想起自己遇到过的事。,,We talked about the __________ today.,discount,我们今天谈到了折扣。,context,2026-09-v2,本地预制课堂素材；原创短句与场景模板,[],想象你也在这个场景里。用 discount 说一句自己的话。
discuss,KET,1,讨论；论述,v.,日常沟通,Let's discuss the plan after lunch.,午饭后我们讨论计划吧。,[],结合常用释义整体记忆。先听老师读，再用自己的生活场景解释。,0,,https://www.cambridgeenglish.org/images/506886-a2-key-2020-vocabulary-list.pdf,dis'kʌs,https://github.com/skywind3000/ECDICT,offline-materials,discuss,authored,discuss · 单词里的小故事,小乐和朋友交换今天的小发现。午饭后我们讨论计划吧。小乐说：“Let's discuss the plan after lunch.”朋友听懂了，也想起自己遇到过的事。,,Let's __________ the plan after lunch.,discuss,午饭后我们讨论计划吧。,context,2026-09-v2,本地预制课堂素材；原创短句与场景模板,[],想象你也在这个场景里。用 discuss 说一句自己的话。
dish,KET,2,盘子；一道菜,n.,日常沟通,We talked about the dish today.,我们今天谈到了盘子。,[],结合常用释义整体记忆。先听老师读，再用自己的生活场景解释。,0,,https://www.cambridgeenglish.org/images/506886-a2-key-2020-vocabulary-list.pdf,diʃ,常用义教学修订；原词典见 ECDICT-LICENSE.txt,offline-materials,dish,discussion,dish · 单词里的小故事,小乐和朋友聊起今天的一件事。我们今天谈到了盘子。小乐说：“We talked about the dish today.”朋友听懂了，也想起自己遇到过的事。,,We talked about the __________ today.,dish,我们今天谈到了盘子。,context,2026-09-v2,本地预制课堂素材；原创短句与场景模板,[],想象你也在这个场景里。用 dish 说一句自己的话。
dive,KET,2,跳水；俯冲；猛冲,v.,日常沟通,Can you dive into the pool?,你能跳入泳池吗？,[],结合常用释义整体记忆。先听老师读，再用自己的生活场景解释。,0,,https://www.cambridgeenglish.org/images/506886-a2-key-2020-vocabulary-list.pdf,daiv,https://github.com/skywind3000/ECDICT,offline-materials,dive,authored,dive · 单词里的小故事,小乐和朋友交换今天的小发现。你能跳入泳池吗？小乐说：“Can you dive into the pool?”朋友听懂了，也想起自己遇到过的事。,,Can you __________ into the pool?,dive,你能跳入泳池吗？,context,2026-09-v2,本地预制课堂素材；原创短句与场景模板,[],想象你也在这个场景里。用 dive 说一句自己的话。
diving,KET,3,潜水；跳水,n.; adj.,日常沟通,She likes diving into the pool.,她喜欢跳入泳池。,[],结合常用释义整体记忆。先听老师读，再用自己的生活场景解释。,0,,https://www.cambridgeenglish.org/images/506886-a2-key-2020-vocabulary-list.pdf,'daiviŋ,https://github.com/skywind3000/ECDICT,offline-materials,diving,authored,diving · 单词里的小故事,小乐和朋友交换今天的小发现。她喜欢跳入泳池。小乐说：“She likes diving into the pool.”朋友听懂了，也想起自己遇到过的事。,,She likes __________ into the pool.,diving,她喜欢跳入泳池。,context,2026-09-v2,本地预制课堂素材；原创短句与场景模板,[],想象你也在这个场景里。用 diving 说一句自己的话。
do,KET,1,做；进行；完成,av; v.,日常沟通,What do you do after school?,放学后你做什么？,"[{""text"": ""do"", ""kind"": ""root"", ""meaning"": ""做""}]",这个词本身可以作为词基，与相关派生词联系起来理解。,1,,https://www.cambridgeenglish.org/images/506886-a2-key-2020-vocabulary-list.pdf,du:,https://github.com/skywind3000/ECDICT,offline-materials,do,authored,do · 单词里的小故事,小乐和朋友交换今天的小发现。放学后你做什么？小乐说：“What do you do after school?”朋友听懂了，也想起自己遇到过的事。,,What __________ you do after school?,do,放学后你做什么？,context,2026-09-v2,本地预制课堂素材；原创短句与场景模板,[],想象你也在这个场景里。用 do 说一句自己的话。
document,KET,1,文件；公文；文档,n.,日常沟通,We need the document today.,我们今天需要文件。,[],结合常用释义整体记忆。先听老师读，再用自己的生活场景解释。,0,,https://www.cambridgeenglish.org/images/506886-a2-key-2020-vocabulary-list.pdf,'dɒkjumәnt,https://github.com/skywind3000/ECDICT,offline-materials,document,equipment,document · 单词里的小故事,班级活动开始前，小乐负责核对需要的东西。我们今天需要文件。小乐说：“We need the document today.”朋友听懂了，也想起自己遇到过的事。,,We need the __________ today.,document,我们今天需要文件。,context,2026-09-v2,本地预制课堂素材；原创短句与场景模板,[],想象你也在这个场景里。用 document 说一句自己的话。
dog,KET,1,狗；坏蛋,n.,日常沟通,We saw the dog in a picture.,我们在图片里看到了狗。,[],结合常用释义整体记忆。先听老师读，再用自己的生活场景解释。,1,,https://www.cambridgeenglish.org/images/506886-a2-key-2020-vocabulary-list.pdf,dɒg,https://github.com/skywind3000/ECDICT,offline-materials,dog,animal,dog · 单词里的小故事,小乐翻开一本动物画册，在其中一页停了下来。我们在图片里看到了狗。小乐说：“We saw the dog in a picture.”朋友听懂了，也想起自己遇到过的事。,,We saw the __________ in a picture.,dog,我们在图片里看到了狗。,context,2026-09-v2,本地预制课堂素材；原创短句与场景模板,[],想象你也在这个场景里。用 dog 说一句自己的话。
doll,KET,2,洋娃娃；无头脑的美丽女人,n.,日常沟通,We need the doll today.,我们今天需要洋娃娃。,[],结合常用释义整体记忆。先听老师读，再用自己的生活场景解释。,0,,https://www.cambridgeenglish.org/images/506886-a2-key-2020-vocabulary-list.pdf,dɒl,https://github.com/skywind3000/ECDICT,offline-materials,doll,equipment,doll · 单词里的小故事,班级活动开始前，小乐负责核对需要的东西。我们今天需要洋娃娃。小乐说：“We need the doll today.”朋友听懂了，也想起自己遇到过的事。,,We need the __________ today.,doll,我们今天需要洋娃娃。,context,2026-09-v2,本地预制课堂素材；原创短句与场景模板,[],想象你也在这个场景里。用 doll 说一句自己的话。
dollar,KET,2,美元；元(加、澳等国货币单位),n.,日常沟通,We talked about the dollar today.,我们今天谈到了美元。,[],结合常用释义整体记忆。先听老师读，再用自己的生活场景解释。,0,,https://www.cambridgeenglish.org/images/506886-a2-key-2020-vocabulary-list.pdf,'dɒlә,https://github.com/skywind3000/ECDICT,offline-materials,dollar,discussion,dollar · 单词里的小故事,小乐和朋友聊起今天的一件事。我们今天谈到了美元。小乐说：“We talked about the dollar today.”朋友听懂了，也想起自己遇到过的事。,,We talked about the __________ today.,dollar,我们今天谈到了美元。,context,2026-09-v2,本地预制课堂素材；原创短句与场景模板,[],想象你也在这个场景里。用 dollar 说一句自己的话。
donkey,KET,3,驴子；笨蛋；顽固者,n.,日常沟通,We saw the donkey in a picture.,我们在图片里看到了驴子。,[],结合常用释义整体记忆。先听老师读，再用自己的生活场景解释。,0,,https://www.cambridgeenglish.org/images/506886-a2-key-2020-vocabulary-list.pdf,'dɒŋki,https://github.com/skywind3000/ECDICT,offline-materials,donkey,animal,donkey · 单词里的小故事,小乐翻开一本动物画册，在其中一页停了下来。我们在图片里看到了驴子。小乐说：“We saw the donkey in a picture.”朋友听懂了，也想起自己遇到过的事。,,We saw the __________ in a picture.,donkey,我们在图片里看到了驴子。,context,2026-09-v2,本地预制课堂素材；原创短句与场景模板,[],想象你也在这个场景里。用 donkey 说一句自己的话。
door,KET,1,门,n.,日常沟通,We need the door today.,我们今天需要门。,[],结合常用释义整体记忆。先听老师读，再用自己的生活场景解释。,1,,https://www.cambridgeenglish.org/images/506886-a2-key-2020-vocabulary-list.pdf,dɒ:,https://github.com/skywind3000/ECDICT,offline-materials,door,equipment,door · 单词里的小故事,班级活动开始前，小乐负责核对需要的东西。我们今天需要门。小乐说：“We need the door today.”朋友听懂了，也想起自己遇到过的事。,,We need the __________ today.,door,我们今天需要门。,context,2026-09-v2,本地预制课堂素材；原创短句与场景模板,[],想象你也在这个场景里。用 door 说一句自己的话。
dot,KET,2,点；圆点；小数点,n.,日常沟通,We talked about the dot today.,我们今天谈到了点。,[],结合常用释义整体记忆。先听老师读，再用自己的生活场景解释。,0,,https://www.cambridgeenglish.org/images/506886-a2-key-2020-vocabulary-list.pdf,dɒt,https://github.com/skywind3000/ECDICT,offline-materials,dot,discussion,dot · 单词里的小故事,小乐和朋友聊起今天的一件事。我们今天谈到了点。小乐说：“We talked about the dot today.”朋友听懂了，也想起自己遇到过的事。,,We talked about the __________ today.,dot,我们今天谈到了点。,context,2026-09-v2,本地预制课堂素材；原创短句与场景模板,[],想象你也在这个场景里。用 dot 说一句自己的话。
double,KET,1,两倍的；双重的,adj.,日常沟通,Two is double one.,二是一的两倍。,[],结合常用释义整体记忆。先听老师读，再用自己的生活场景解释。,0,,https://www.cambridgeenglish.org/images/506886-a2-key-2020-vocabulary-list.pdf,'dʌbl,https://github.com/skywind3000/ECDICT,offline-materials,double,authored,double · 单词里的小故事,小乐和朋友交换今天的小发现。二是一的两倍。小乐说：“Two is double one.”朋友听懂了，也想起自己遇到过的事。,,Two is __________ one.,double,二是一的两倍。,context,2026-09-v2,本地预制课堂素材；原创短句与场景模板,[],想象你也在这个场景里。用 double 说一句自己的话。
down,KET,1,下；下去；降下,adv; prep.,日常沟通,Put the bag down.,把包放下。,[],结合常用释义整体记忆。先听老师读，再用自己的生活场景解释。,1,,https://www.cambridgeenglish.org/images/506886-a2-key-2020-vocabulary-list.pdf,daun,https://github.com/skywind3000/ECDICT,offline-materials,down,authored,down · 单词里的小故事,小乐和朋友交换今天的小发现。把包放下。小乐说：“Put the bag down.”朋友听懂了，也想起自己遇到过的事。,,Put the bag __________.,down,把包放下。,context,2026-09-v2,本地预制课堂素材；原创短句与场景模板,[],想象你也在这个场景里。用 down 说一句自己的话。
dr,KET,1,博士；医生,title,日常沟通,Dr Green works at our school.,格林医生在我们学校工作。,[],结合常用释义整体记忆。先听老师读，再用自己的生活场景解释。,1,,https://www.cambridgeenglish.org/images/506886-a2-key-2020-vocabulary-list.pdf,,https://github.com/skywind3000/ECDICT,offline-materials,Dr,authored,Dr · 单词里的小故事,小乐和朋友交换今天的小发现。格林医生在我们学校工作。小乐说：“Dr Green works at our school.”朋友听懂了，也想起自己遇到过的事。,,__________ Green works at our school.,Dr,格林医生在我们学校工作。,context,2026-09-v2,本地预制课堂素材；原创短句与场景模板,[],想象你也在这个场景里。用 Dr 说一句自己的话。
draw,KET,1,拉；拖；拔剑,v.,日常沟通,I can draw a cat.,我会画一只猫。,[],结合常用释义整体记忆。先听老师读，再用自己的生活场景解释。,0,,https://www.cambridgeenglish.org/images/506886-a2-key-2020-vocabulary-list.pdf,drɒ:,https://github.com/skywind3000/ECDICT,offline-materials,draw,authored,draw · 单词里的小故事,小乐和朋友交换今天的小发现。我会画一只猫。小乐说：“I can draw a cat.”朋友听懂了，也想起自己遇到过的事。,,I can __________ a cat.,draw,我会画一只猫。,context,2026-09-v2,本地预制课堂素材；原创短句与场景模板,[],想象你也在这个场景里。用 draw 说一句自己的话。
drawer,KET,2,抽屉；开票人,n.,日常沟通,We need the drawer today.,我们今天需要抽屉。,[],结合常用释义整体记忆。先听老师读，再用自己的生活场景解释。,0,,https://www.cambridgeenglish.org/images/506886-a2-key-2020-vocabulary-list.pdf,'drɒ:ә,https://github.com/skywind3000/ECDICT,offline-materials,drawer,equipment,drawer · 单词里的小故事,班级活动开始前，小乐负责核对需要的东西。我们今天需要抽屉。小乐说：“We need the drawer today.”朋友听懂了，也想起自己遇到过的事。,,We need the __________ today.,drawer,我们今天需要抽屉。,context,2026-09-v2,本地预制课堂素材；原创短句与场景模板,[],想象你也在这个场景里。用 drawer 说一句自己的话。
dream,KET,1,梦；空想；愿望,n; v.,日常沟通,We talked about the dream today.,我们今天谈到了梦。,[],结合常用释义整体记忆。先听老师读，再用自己的生活场景解释。,0,,https://www.cambridgeenglish.org/images/506886-a2-key-2020-vocabulary-list.pdf,dri:m,https://github.com/skywind3000/ECDICT,offline-materials,dream,discussion,dream · 单词里的小故事,小乐和朋友聊起今天的一件事。我们今天谈到了梦。小乐说：“We talked about the dream today.”朋友听懂了，也想起自己遇到过的事。,,We talked about the __________ today.,dream,我们今天谈到了梦。,context,2026-09-v2,本地预制课堂素材；原创短句与场景模板,[],想象你也在这个场景里。用 dream 说一句自己的话。
dress,KET,1,连衣裙；穿衣服,n; v.,日常沟通,I like your dress.,我喜欢你的连衣裙。,"[{""text"": ""dress"", ""kind"": ""root"", ""meaning"": ""穿衣""}]",这个词本身可以作为词基，与相关派生词联系起来理解。,0,,https://www.cambridgeenglish.org/images/506886-a2-key-2020-vocabulary-list.pdf,dres,常用义教学修订；原词典见 ECDICT-LICENSE.txt,offline-materials,dress,clothes,dress · 单词里的小故事,出门前，小乐注意到了朋友的穿着。我喜欢你的连衣裙。小乐说：“I like your dress.”朋友听懂了，也想起自己遇到过的事。,,I like your __________.,dress,我喜欢你的连衣裙。,context,2026-09-v2,本地预制课堂素材；原创短句与场景模板,[],想象你也在这个场景里。用 dress 说一句自己的话。
drink,KET,1,饮料；酒,n; v.,日常沟通,This drink tastes good.,这份饮料味道很好。,[],结合常用释义整体记忆。先听老师读，再用自己的生活场景解释。,1,,https://www.cambridgeenglish.org/images/506886-a2-key-2020-vocabulary-list.pdf,driŋk,https://github.com/skywind3000/ECDICT,offline-materials,drink,food,drink · 单词里的小故事,小乐第一次给家人当小帮手，端出一份食物。这份饮料味道很好。小乐说：“This drink tastes good.”朋友听懂了，也想起自己遇到过的事。,,This __________ tastes good.,drink,这份饮料味道很好。,context,2026-09-v2,本地预制课堂素材；原创短句与场景模板,[],想象你也在这个场景里。用 drink 说一句自己的话。
drive,KET,1,开车；驱使；推动,v.,日常沟通,Can you drive a car?,你会开车吗？,"[{""text"": ""drive"", ""kind"": ""root"", ""meaning"": ""驾驶""}]",这个词本身可以作为词基，与相关派生词联系起来理解。,0,,https://www.cambridgeenglish.org/images/506886-a2-key-2020-vocabulary-list.pdf,draiv,https://github.com/skywind3000/ECDICT,offline-materials,drive,authored,drive · 单词里的小故事,小乐和朋友交换今天的小发现。你会开车吗？小乐说：“Can you drive a car?”朋友听懂了，也想起自己遇到过的事。,,Can you __________ a car?,drive,你会开车吗？,context,2026-09-v2,本地预制课堂素材；原创短句与场景模板,[],想象你也在这个场景里。用 drive 说一句自己的话。
driving,KET,2,赶；操纵；驾驶,n.,日常沟通,We talked about the driving today.,我们今天谈到了赶。,"[{""text"": ""drive"", ""kind"": ""root"", ""meaning"": ""驾驶""}, {""text"": ""-ing"", ""kind"": ""suffix"", ""meaning"": ""把动作当作活动或事物来表达"", ""story"": ""把动作变成名词的 -ing，可以追溯到古英语的 -ung、-ing。一个动作加上这样的结尾，就能作为一种活动来谈论。注意句子里的位置：-ing 也会用于进行时和形容词。"", ""source"": ""https://www.merriam-webster.com/dictionary/-ing""}]",这是词基与派生词的关系。拼写发生了变化，请把本课目标单词完整写对；构词成分不是原词的逐字切片。,0,,https://www.cambridgeenglish.org/images/506886-a2-key-2020-vocabulary-list.pdf,'draiviŋ,https://github.com/skywind3000/ECDICT,offline-materials,driving,discussion,driving · 单词里的小故事,小乐和朋友聊起今天的一件事。我们今天谈到了赶。小乐说：“We talked about the driving today.”朋友听懂了，也想起自己遇到过的事。,,We talked about the __________ today.,driving,我们今天谈到了赶。,context,2026-09-v2,本地预制课堂素材；原创短句与场景模板,[],想象你也在这个场景里。用 driving 说一句自己的话。
drop,KET,1,落下；滴,v.,日常沟通,Do not drop the cup.,不要摔落杯子。,[],结合常用释义整体记忆。先听老师读，再用自己的生活场景解释。,0,,https://www.cambridgeenglish.org/images/506886-a2-key-2020-vocabulary-list.pdf,drɒp,常用义教学修订；原词典见 ECDICT-LICENSE.txt,offline-materials,drop,authored,drop · 单词里的小故事,小乐和朋友交换今天的小发现。不要摔落杯子。小乐说：“Do not drop the cup.”朋友听懂了，也想起自己遇到过的事。,,Do not __________ the cup.,drop,不要摔落杯子。,context,2026-09-v2,本地预制课堂素材；原创短句与场景模板,[],想象你也在这个场景里。用 drop 说一句自己的话。
drugstore,KET,3,药房；杂货店,n.,日常沟通,We visited the drugstore today.,我们今天参观了药房。,[],结合常用释义整体记忆。先听老师读，再用自己的生活场景解释。,0,,https://www.cambridgeenglish.org/images/506886-a2-key-2020-vocabulary-list.pdf,'drʌgstɒ:,https://github.com/skywind3000/ECDICT,offline-materials,drugstore,place,drugstore · 单词里的小故事,小乐把今天的外出经历记进了日记。我们今天参观了药房。小乐说：“We visited the drugstore today.”朋友听懂了，也想起自己遇到过的事。,,We visited the __________ today.,drugstore,我们今天参观了药房。,context,2026-09-v2,本地预制课堂素材；原创短句与场景模板,[],想象你也在这个场景里。用 drugstore 说一句自己的话。
drum,KET,2,鼓；鼓声,n.,日常沟通,We need the drum today.,我们今天需要鼓。,[],结合常用释义整体记忆。先听老师读，再用自己的生活场景解释。,0,,https://www.cambridgeenglish.org/images/506886-a2-key-2020-vocabulary-list.pdf,drʌm,https://github.com/skywind3000/ECDICT,offline-materials,drum,equipment,drum · 单词里的小故事,班级活动开始前，小乐负责核对需要的东西。我们今天需要鼓。小乐说：“We need the drum today.”朋友听懂了，也想起自己遇到过的事。,,We need the __________ today.,drum,我们今天需要鼓。,context,2026-09-v2,本地预制课堂素材；原创短句与场景模板,[],想象你也在这个场景里。用 drum 说一句自己的话。
dry,KET,1,干的；弄干,adj; v.,日常沟通,This box is dry.,这个盒子是干的。,[],结合常用释义整体记忆。先听老师读，再用自己的生活场景解释。,0,,https://www.cambridgeenglish.org/images/506886-a2-key-2020-vocabulary-list.pdf,drai,常用义教学修订；原词典见 ECDICT-LICENSE.txt,offline-materials,dry,object-quality,dry · 单词里的小故事,朋友闭上眼睛，让小乐描述面前的盒子。这个盒子是干的。小乐说：“This box is dry.”朋友听懂了，也想起自己遇到过的事。,,This box is __________.,dry,这个盒子是干的。,context,2026-09-v2,本地预制课堂素材；原创短句与场景模板,[],想象你也在这个场景里。用 dry 说一句自己的话。
duck,KET,2,鸭子,n.,日常沟通,We saw the duck in a picture.,我们在图片里看到了鸭子。,[],结合常用释义整体记忆。先听老师读，再用自己的生活场景解释。,0,,https://www.cambridgeenglish.org/images/506886-a2-key-2020-vocabulary-list.pdf,dʌk,https://github.com/skywind3000/ECDICT,offline-materials,duck,animal,duck · 单词里的小故事,小乐翻开一本动物画册，在其中一页停了下来。我们在图片里看到了鸭子。小乐说：“We saw the duck in a picture.”朋友听懂了，也想起自己遇到过的事。,,We saw the __________ in a picture.,duck,我们在图片里看到了鸭子。,context,2026-09-v2,本地预制课堂素材；原创短句与场景模板,[],想象你也在这个场景里。用 duck 说一句自己的话。
during,KET,1,在...的时候,prep.,日常沟通,We read during the lesson.,我们在课堂上阅读。,[],结合常用释义整体记忆。先听老师读，再用自己的生活场景解释。,0,,https://www.cambridgeenglish.org/images/506886-a2-key-2020-vocabulary-list.pdf,'djuәriŋ,https://github.com/skywind3000/ECDICT,offline-materials,during,authored,during · 单词里的小故事,小乐和朋友交换今天的小发现。我们在课堂上阅读。小乐说：“We read during the lesson.”朋友听懂了，也想起自己遇到过的事。,,We read __________ the lesson.,during,我们在课堂上阅读。,context,2026-09-v2,本地预制课堂素材；原创短句与场景模板,[],想象你也在这个场景里。用 during 说一句自己的话。
dvd,KET,3,数字视频光盘,n.,日常沟通,We need the DVD today.,我们今天需要数字视频光盘。,[],结合常用释义整体记忆。先听老师读，再用自己的生活场景解释。,0,,https://www.cambridgeenglish.org/images/506886-a2-key-2020-vocabulary-list.pdf,,常用义教学修订；原词典见 ECDICT-LICENSE.txt,offline-materials,DVD,equipment,DVD · 单词里的小故事,班级活动开始前，小乐负责核对需要的东西。我们今天需要数字视频光盘。小乐说：“We need the DVD today.”朋友听懂了，也想起自己遇到过的事。,,We need the __________ today.,DVD,我们今天需要数字视频光盘。,context,2026-09-v2,本地预制课堂素材；原创短句与场景模板,[],想象你也在这个场景里。用 DVD 说一句自己的话。
dvd player,KET,2,DVD 播放器,n.,日常沟通,We need the DVD player today.,我们今天需要DVD 播放器。,[],作为一个常用表达整体理解，先跟读再结合场景练习。,0,,https://www.cambridgeenglish.org/images/506886-a2-key-2020-vocabulary-list.pdf,,原创课堂释义,offline-materials,DVD player,equipment,DVD player · 单词里的小故事,班级活动开始前，小乐负责核对需要的东西。我们今天需要DVD 播放器。小乐说：“We need the DVD player today.”朋友听懂了，也想起自己遇到过的事。,,We need the __________ today.,DVD player,我们今天需要DVD 播放器。,context,2026-09-v2,本地预制课堂素材；原创短句与场景模板,[],想象你也在这个场景里。用 DVD player 说一句自己的话。
each,KET,1,每个；每一,det; pron.,日常沟通,Each child gets a book.,每个孩子得到一本书。,[],结合常用释义整体记忆。先听老师读，再用自己的生活场景解释。,1,,https://www.cambridgeenglish.org/images/506886-a2-key-2020-vocabulary-list.pdf,i:tʃ,https://github.com/skywind3000/ECDICT,offline-materials,each,authored,each · 单词里的小故事,小乐和朋友交换今天的小发现。每个孩子得到一本书。小乐说：“Each child gets a book.”朋友听懂了，也想起自己遇到过的事。,,__________ child gets a book.,Each,每个孩子得到一本书。,context,2026-09-v2,本地预制课堂素材；原创短句与场景模板,[],想象你也在这个场景里。用 each 说一句自己的话。
each other,KET,3,彼此,pron.,日常沟通,We help each other at school.,我们在学校互相帮助。,[],结合常用释义整体记忆。先听老师读，再用自己的生活场景解释。,1,,https://www.cambridgeenglish.org/images/506886-a2-key-2020-vocabulary-list.pdf,,https://github.com/skywind3000/ECDICT,offline-materials,each other,authored,each other · 单词里的小故事,小乐和朋友交换今天的小发现。我们在学校互相帮助。小乐说：“We help each other at school.”朋友听懂了，也想起自己遇到过的事。,,We help __________ at school.,each other,我们在学校互相帮助。,context,2026-09-v2,本地预制课堂素材；原创短句与场景模板,[],想象你也在这个场景里。用 each other 说一句自己的话。
eagle,KET,2,鹰；鹰状标饰,n.,日常沟通,We saw the eagle in a picture.,我们在图片里看到了鹰。,[],结合常用释义整体记忆。先听老师读，再用自己的生活场景解释。,0,,https://www.cambridgeenglish.org/images/506886-a2-key-2020-vocabulary-list.pdf,'i:gl,https://github.com/skywind3000/ECDICT,offline-materials,eagle,animal,eagle · 单词里的小故事,小乐翻开一本动物画册，在其中一页停了下来。我们在图片里看到了鹰。小乐说：“We saw the eagle in a picture.”朋友听懂了，也想起自己遇到过的事。,,We saw the __________ in a picture.,eagle,我们在图片里看到了鹰。,context,2026-09-v2,本地预制课堂素材；原创短句与场景模板,[],想象你也在这个场景里。用 eagle 说一句自己的话。
ear,KET,1,耳朵；倾听；听觉,n.,日常沟通,We learn about the ear at school.,我们在学校了解耳朵。,[],结合常用释义整体记忆。先听老师读，再用自己的生活场景解释。,1,,https://www.cambridgeenglish.org/images/506886-a2-key-2020-vocabulary-list.pdf,iә,https://github.com/skywind3000/ECDICT,offline-materials,ear,body,ear · 单词里的小故事,小乐在课堂上做一张认识自己的知识卡。我们在学校了解耳朵。小乐说：“We learn about the ear at school.”朋友听懂了，也想起自己遇到过的事。,,We learn about the __________ at school.,ear,我们在学校了解耳朵。,context,2026-09-v2,本地预制课堂素材；原创短句与场景模板,[],想象你也在这个场景里。用 ear 说一句自己的话。
early,KET,1,早的；早地,adj; adv.,日常沟通,I get up early.,我很早起床。,[],结合常用释义整体记忆。先听老师读，再用自己的生活场景解释。,0,,https://www.cambridgeenglish.org/images/506886-a2-key-2020-vocabulary-list.pdf,'ә:li,常用义教学修订；原词典见 ECDICT-LICENSE.txt,offline-materials,early,authored,early · 单词里的小故事,小乐和朋友交换今天的小发现。我很早起床。小乐说：“I get up early.”朋友听懂了，也想起自己遇到过的事。,,I get up __________.,early,我很早起床。,context,2026-09-v2,本地预制课堂素材；原创短句与场景模板,[],想象你也在这个场景里。用 early 说一句自己的话。
earn,KET,1,赚得；获得；博得,v.,日常沟通,She wants to earn money for a bike.,她想挣钱买一辆自行车。,[],结合常用释义整体记忆。先听老师读，再用自己的生活场景解释。,0,,https://www.cambridgeenglish.org/images/506886-a2-key-2020-vocabulary-list.pdf,ә:n,https://github.com/skywind3000/ECDICT,offline-materials,earn,authored,earn · 单词里的小故事,小乐和朋友交换今天的小发现。她想挣钱买一辆自行车。小乐说：“She wants to earn money for a bike.”朋友听懂了，也想起自己遇到过的事。,,She wants to __________ money for a bike.,earn,她想挣钱买一辆自行车。,context,2026-09-v2,本地预制课堂素材；原创短句与场景模板,[],想象你也在这个场景里。用 earn 说一句自己的话。
earring,KET,3,耳环；耳饰,n.,日常沟通,I like your earring.,我喜欢你的耳环。,"[{""text"": ""ear"", ""kind"": ""compound"", ""meaning"": ""耳朵""}, {""text"": ""ring"", ""kind"": ""compound"", ""meaning"": ""环""}]",两个已有成分组合成一个词。结合它们的意思理解整体词义，但不要把这种现代拆分当作完整的历史词源。,0,,https://www.cambridgeenglish.org/images/506886-a2-key-2020-vocabulary-list.pdf,'iәriŋ,https://github.com/skywind3000/ECDICT,offline-materials,earring,clothes,earring · 单词里的小故事,出门前，小乐注意到了朋友的穿着。我喜欢你的耳环。小乐说：“I like your earring.”朋友听懂了，也想起自己遇到过的事。,,I like your __________.,earring,我喜欢你的耳环。,context,2026-09-v2,本地预制课堂素材；原创短句与场景模板,[],想象你也在这个场景里。用 earring 说一句自己的话。
easily,KET,1,容易地；轻易地；流利地,adv.,日常沟通,She can run five miles easily.,她能轻松跑五英里。,"[{""text"": ""easy"", ""kind"": ""root"", ""meaning"": ""容易的""}, {""text"": ""-ly"", ""kind"": ""suffix"", ""meaning"": ""以……的方式（构成副词）"", ""story"": ""-ly 在古英语中有表示“像……的”的形容词形式，也有表示“以某种方式”的副词形式。今天同样的结尾仍有不同工作。先问它是在描写一个人或物，还是在说明怎样做事。"", ""source"": ""https://www.merriam-webster.com/dictionary/ly-""}]",这是词基与派生词的关系。拼写发生了变化，请把本课目标单词完整写对；构词成分不是原词的逐字切片。,0,,https://www.cambridgeenglish.org/images/506886-a2-key-2020-vocabulary-list.pdf,'i:zili,https://github.com/skywind3000/ECDICT,offline-materials,easily,authored,easily · 单词里的小故事,小乐和朋友交换今天的小发现。她能轻松跑五英里。小乐说：“She can run five miles easily.”朋友听懂了，也想起自己遇到过的事。,,She can run five miles __________.,easily,她能轻松跑五英里。,context,2026-09-v2,本地预制课堂素材；原创短句与场景模板,[],想象你也在这个场景里。用 easily 说一句自己的话。
east,KET,1,东方；东,"n, adj; adv.",日常沟通,The sun rises in the east.,太阳从东方升起。,[],结合常用释义整体记忆。先听老师读，再用自己的生活场景解释。,0,,https://www.cambridgeenglish.org/images/506886-a2-key-2020-vocabulary-list.pdf,i:st,https://github.com/skywind3000/ECDICT,offline-materials,east,authored,east · 单词里的小故事,小乐和朋友交换今天的小发现。太阳从东方升起。小乐说：“The sun rises in the east.”朋友听懂了，也想起自己遇到过的事。,,The sun rises in the __________.,east,太阳从东方升起。,context,2026-09-v2,本地预制课堂素材；原创短句与场景模板,[],想象你也在这个场景里。用 east 说一句自己的话。
easy,KET,1,容易的；缓缓的；舒适的,adj.,日常沟通,It is an easy story.,这是一个容易的故事。,"[{""text"": ""easy"", ""kind"": ""root"", ""meaning"": ""容易的""}]",这个词本身可以作为词基，与相关派生词联系起来理解。,1,,https://www.cambridgeenglish.org/images/506886-a2-key-2020-vocabulary-list.pdf,'i:zi,https://github.com/skywind3000/ECDICT,offline-materials,easy,story-quality,easy · 单词里的小故事,读完一本故事书，小乐想用一句话向朋友介绍它。这是一个容易的故事。小乐说：“It is an easy story.”朋友听懂了，也想起自己遇到过的事。,,It is an __________ story.,easy,这是一个容易的故事。,context,2026-09-v2,本地预制课堂素材；原创短句与场景模板,[],想象你也在这个场景里。用 easy 说一句自己的话。
eat,KET,1,吃；腐蚀,v.,日常沟通,We eat lunch at school.,我们在学校吃午饭。,[],结合常用释义整体记忆。先听老师读，再用自己的生活场景解释。,1,,https://www.cambridgeenglish.org/images/506886-a2-key-2020-vocabulary-list.pdf,i:t,https://github.com/skywind3000/ECDICT,offline-materials,eat,authored,eat · 单词里的小故事,小乐和朋友交换今天的小发现。我们在学校吃午饭。小乐说：“We eat lunch at school.”朋友听懂了，也想起自己遇到过的事。,,We __________ lunch at school.,eat,我们在学校吃午饭。,context,2026-09-v2,本地预制课堂素材；原创短句与场景模板,[],想象你也在这个场景里。用 eat 说一句自己的话。
egg,KET,1,蛋；卵,n.,日常沟通,This egg tastes good.,这份蛋味道很好。,[],结合常用释义整体记忆。先听老师读，再用自己的生活场景解释。,1,,https://www.cambridgeenglish.org/images/506886-a2-key-2020-vocabulary-list.pdf,eg,https://github.com/skywind3000/ECDICT,offline-materials,egg,food,egg · 单词里的小故事,小乐第一次给家人当小帮手，端出一份食物。这份蛋味道很好。小乐说：“This egg tastes good.”朋友听懂了，也想起自己遇到过的事。,,This __________ tastes good.,egg,这份蛋味道很好。,context,2026-09-v2,本地预制课堂素材；原创短句与场景模板,[],想象你也在这个场景里。用 egg 说一句自己的话。
electricity,KET,2,电；电流；电学,n.,日常沟通,We talked about the electricity today.,我们今天谈到了电。,[],结合常用释义整体记忆。先听老师读，再用自己的生活场景解释。,0,,https://www.cambridgeenglish.org/images/506886-a2-key-2020-vocabulary-list.pdf,.ilek'trisiti,https://github.com/skywind3000/ECDICT,offline-materials,electricity,discussion,electricity · 单词里的小故事,小乐和朋友聊起今天的一件事。我们今天谈到了电。小乐说：“We talked about the electricity today.”朋友听懂了，也想起自己遇到过的事。,,We talked about the __________ today.,electricity,我们今天谈到了电。,context,2026-09-v2,本地预制课堂素材；原创短句与场景模板,[],想象你也在这个场景里。用 electricity 说一句自己的话。
elevator,KET,3,电梯；升降机,n.,日常沟通,We talked about the elevator today.,我们今天谈到了电梯。,[],结合常用释义整体记忆。先听老师读，再用自己的生活场景解释。,0,,https://www.cambridgeenglish.org/images/506886-a2-key-2020-vocabulary-list.pdf,'eliveitә,https://github.com/skywind3000/ECDICT,offline-materials,elevator,discussion,elevator · 单词里的小故事,小乐和朋友聊起今天的一件事。我们今天谈到了电梯。小乐说：“We talked about the elevator today.”朋友听懂了，也想起自己遇到过的事。,,We talked about the __________ today.,elevator,我们今天谈到了电梯。,context,2026-09-v2,本地预制课堂素材；原创短句与场景模板,[],想象你也在这个场景里。用 elevator 说一句自己的话。
else,KET,1,另外；否则；不然,adv.,日常沟通,Who else wants to play?,还有谁想玩？,[],结合常用释义整体记忆。先听老师读，再用自己的生活场景解释。,0,,https://www.cambridgeenglish.org/images/506886-a2-key-2020-vocabulary-list.pdf,els,https://github.com/skywind3000/ECDICT,offline-materials,else,authored,else · 单词里的小故事,小乐和朋友交换今天的小发现。还有谁想玩？小乐说：“Who else wants to play?”朋友听懂了，也想起自己遇到过的事。,,Who __________ wants to play?,else,还有谁想玩？,context,2026-09-v2,本地预制课堂素材；原创短句与场景模板,[],想象你也在这个场景里。用 else 说一句自己的话。
email,KET,3,电子信函,n; v.,日常沟通,We talked about the email today.,我们今天谈到了电子信函。,[],结合常用释义整体记忆。先听老师读，再用自己的生活场景解释。,0,,https://www.cambridgeenglish.org/images/506886-a2-key-2020-vocabulary-list.pdf,'i:'meil,https://github.com/skywind3000/ECDICT,offline-materials,email,discussion,email · 单词里的小故事,小乐和朋友聊起今天的一件事。我们今天谈到了电子信函。小乐说：“We talked about the email today.”朋友听懂了，也想起自己遇到过的事。,,We talked about the __________ today.,email,我们今天谈到了电子信函。,context,2026-09-v2,本地预制课堂素材；原创短句与场景模板,[],想象你也在这个场景里。用 email 说一句自己的话。
end,KET,1,结束；终结；终止,v; n.,日常沟通,We will end the game at five.,我们会在五点结束游戏。,"[{""text"": ""end"", ""kind"": ""root"", ""meaning"": ""尽头""}]",这个词本身可以作为词基，与相关派生词联系起来理解。,0,,https://www.cambridgeenglish.org/images/506886-a2-key-2020-vocabulary-list.pdf,end,https://github.com/skywind3000/ECDICT,offline-materials,end,authored,end · 单词里的小故事,小乐和朋友交换今天的小发现。我们会在五点结束游戏。小乐说：“We will end the game at five.”朋友听懂了，也想起自己遇到过的事。,,We will __________ the game at five.,end,我们会在五点结束游戏。,context,2026-09-v2,本地预制课堂素材；原创短句与场景模板,[],想象你也在这个场景里。用 end 说一句自己的话。
engine,KET,1,引擎；发动机；机车,n.,日常沟通,We talked about the engine today.,我们今天谈到了引擎。,[],结合常用释义整体记忆。先听老师读，再用自己的生活场景解释。,0,,https://www.cambridgeenglish.org/images/506886-a2-key-2020-vocabulary-list.pdf,'endʒin,https://github.com/skywind3000/ECDICT,offline-materials,engine,discussion,engine · 单词里的小故事,小乐和朋友聊起今天的一件事。我们今天谈到了引擎。小乐说：“We talked about the engine today.”朋友听懂了，也想起自己遇到过的事。,,We talked about the __________ today.,engine,我们今天谈到了引擎。,context,2026-09-v2,本地预制课堂素材；原创短句与场景模板,[],想象你也在这个场景里。用 engine 说一句自己的话。
enter,KET,1,进入；参加；开始,v.,日常沟通,Please enter the room quietly.,请安静地走进房间。,[],结合常用释义整体记忆。先听老师读，再用自己的生活场景解释。,0,,https://www.cambridgeenglish.org/images/506886-a2-key-2020-vocabulary-list.pdf,'entә,https://github.com/skywind3000/ECDICT,offline-materials,enter,authored,enter · 单词里的小故事,小乐和朋友交换今天的小发现。请安静地走进房间。小乐说：“Please enter the room quietly.”朋友听懂了，也想起自己遇到过的事。,,Please __________ the room quietly.,enter,请安静地走进房间。,context,2026-09-v2,本地预制课堂素材；原创短句与场景模板,[],想象你也在这个场景里。用 enter 说一句自己的话。
envelope,KET,2,信封；封套；封袋,n.,日常沟通,We need the envelope today.,我们今天需要信封。,[],结合常用释义整体记忆。先听老师读，再用自己的生活场景解释。,0,,https://www.cambridgeenglish.org/images/506886-a2-key-2020-vocabulary-list.pdf,'envәlәup,https://github.com/skywind3000/ECDICT,offline-materials,envelope,equipment,envelope · 单词里的小故事,班级活动开始前，小乐负责核对需要的东西。我们今天需要信封。小乐说：“We need the envelope today.”朋友听懂了，也想起自己遇到过的事。,,We need the __________ today.,envelope,我们今天需要信封。,context,2026-09-v2,本地预制课堂素材；原创短句与场景模板,[],想象你也在这个场景里。用 envelope 说一句自己的话。
equipment,KET,1,装备；设备；才能,n.,日常沟通,We talked about the equipment today.,我们今天谈到了装备。,"[{""text"": ""equip"", ""kind"": ""root"", ""meaning"": ""装备""}, {""text"": ""-ment"", ""kind"": ""suffix"", ""meaning"": ""行为、结果或状态（构成名词）"", ""story"": ""-ment 经由法语进入英语，更早来自拉丁语 -mentum。它常给动作、结果或状态取名字。想象一个动作发生了，我们还想谈论这件事本身，这时就可能遇见它。"", ""source"": ""https://www.merriam-webster.com/dictionary/-ment""}]",先理解词基，再看词缀如何改变含义或词性。,0,,https://www.cambridgeenglish.org/images/506886-a2-key-2020-vocabulary-list.pdf,i'kwipmәnt,https://github.com/skywind3000/ECDICT,offline-materials,equipment,discussion,equipment · 单词里的小故事,小乐和朋友聊起今天的一件事。我们今天谈到了装备。小乐说：“We talked about the equipment today.”朋友听懂了，也想起自己遇到过的事。,,We talked about the __________ today.,equipment,我们今天谈到了装备。,context,2026-09-v2,本地预制课堂素材；原创短句与场景模板,[],想象你也在这个场景里。用 equipment 说一句自己的话。
eraser,KET,3,擦子,n.,日常沟通,We need the eraser today.,我们今天需要擦子。,[],结合常用释义整体记忆。先听老师读，再用自己的生活场景解释。,0,,https://www.cambridgeenglish.org/images/506886-a2-key-2020-vocabulary-list.pdf,i'reisә,https://github.com/skywind3000/ECDICT,offline-materials,eraser,equipment,eraser · 单词里的小故事,班级活动开始前，小乐负责核对需要的东西。我们今天需要擦子。小乐说：“We need the eraser today.”朋友听懂了，也想起自己遇到过的事。,,We need the __________ today.,eraser,我们今天需要擦子。,context,2026-09-v2,本地预制课堂素材；原创短句与场景模板,[],想象你也在这个场景里。用 eraser 说一句自己的话。
euro,KET,3,欧元（欧盟的统一货币单位）,n.,日常沟通,We talked about the euro today.,我们今天谈到了欧元。,[],结合常用释义整体记忆。先听老师读，再用自己的生活场景解释。,0,,https://www.cambridgeenglish.org/images/506886-a2-key-2020-vocabulary-list.pdf,'juәrәu,https://github.com/skywind3000/ECDICT,offline-materials,euro,discussion,euro · 单词里的小故事,小乐和朋友聊起今天的一件事。我们今天谈到了欧元。小乐说：“We talked about the euro today.”朋友听懂了，也想起自己遇到过的事。,,We talked about the __________ today.,euro,我们今天谈到了欧元。,context,2026-09-v2,本地预制课堂素材；原创短句与场景模板,[],想象你也在这个场景里。用 euro 说一句自己的话。
even,KET,1,甚至；实际上；完全,adv.,日常沟通,Even my little brother can do it.,连我的小弟弟都会做。,[],结合常用释义整体记忆。先听老师读，再用自己的生活场景解释。,0,,https://www.cambridgeenglish.org/images/506886-a2-key-2020-vocabulary-list.pdf,'i:vәn,https://github.com/skywind3000/ECDICT,offline-materials,even,authored,even · 单词里的小故事,小乐和朋友交换今天的小发现。连我的小弟弟都会做。小乐说：“Even my little brother can do it.”朋友听懂了，也想起自己遇到过的事。,,__________ my little brother can do it.,Even,连我的小弟弟都会做。,context,2026-09-v2,本地预制课堂素材；原创短句与场景模板,[],想象你也在这个场景里。用 even 说一句自己的话。
event,KET,1,事件；活动,n.,日常沟通,We talked about the event today.,我们今天谈到了事件。,[],结合常用释义整体记忆。先听老师读，再用自己的生活场景解释。,0,,https://www.cambridgeenglish.org/images/506886-a2-key-2020-vocabulary-list.pdf,i'vent,常用义教学修订；原词典见 ECDICT-LICENSE.txt,offline-materials,event,discussion,event · 单词里的小故事,小乐和朋友聊起今天的一件事。我们今天谈到了事件。小乐说：“We talked about the event today.”朋友听懂了，也想起自己遇到过的事。,,We talked about the __________ today.,event,我们今天谈到了事件。,context,2026-09-v2,本地预制课堂素材；原创短句与场景模板,[],想象你也在这个场景里。用 event 说一句自己的话。
ever,KET,1,曾经；究竟；永远,adv.,日常沟通,Have you ever seen snow?,你见过雪吗？,[],结合常用释义整体记忆。先听老师读，再用自己的生活场景解释。,0,,https://www.cambridgeenglish.org/images/506886-a2-key-2020-vocabulary-list.pdf,'evә,https://github.com/skywind3000/ECDICT,offline-materials,ever,authored,ever · 单词里的小故事,小乐和朋友交换今天的小发现。你见过雪吗？小乐说：“Have you ever seen snow?”朋友听懂了，也想起自己遇到过的事。,,Have you __________ seen snow?,ever,你见过雪吗？,context,2026-09-v2,本地预制课堂素材；原创短句与场景模板,[],想象你也在这个场景里。用 ever 说一句自己的话。
every,KET,1,每一；所有的,det.,日常沟通,I read every day.,我每天读书。,[],结合常用释义整体记忆。先听老师读，再用自己的生活场景解释。,1,,https://www.cambridgeenglish.org/images/506886-a2-key-2020-vocabulary-list.pdf,'evri,https://github.com/skywind3000/ECDICT,offline-materials,every,authored,every · 单词里的小故事,小乐和朋友交换今天的小发现。我每天读书。小乐说：“I read every day.”朋友听懂了，也想起自己遇到过的事。,,I read __________ day.,every,我每天读书。,context,2026-09-v2,本地预制课堂素材；原创短句与场景模板,[],想象你也在这个场景里。用 every 说一句自己的话。
everybody,KET,1,每个人；人人,pron.,日常沟通,Everybody is ready.,大家都准备好了。,[],结合常用释义整体记忆。先听老师读，再用自己的生活场景解释。,1,,https://www.cambridgeenglish.org/images/506886-a2-key-2020-vocabulary-list.pdf,'evribɒdi,https://github.com/skywind3000/ECDICT,offline-materials,everybody,authored,everybody · 单词里的小故事,小乐和朋友交换今天的小发现。大家都准备好了。小乐说：“Everybody is ready.”朋友听懂了，也想起自己遇到过的事。,,__________ is ready.,Everybody,大家都准备好了。,context,2026-09-v2,本地预制课堂素材；原创短句与场景模板,[],想象你也在这个场景里。用 everybody 说一句自己的话。
everyone,KET,1,每个人；人人,pron.,日常沟通,Everyone likes the new game.,每个人都喜欢这个新游戏。,[],结合常用释义整体记忆。先听老师读，再用自己的生活场景解释。,1,,https://www.cambridgeenglish.org/images/506886-a2-key-2020-vocabulary-list.pdf,'evriwʌn,https://github.com/skywind3000/ECDICT,offline-materials,everyone,authored,everyone · 单词里的小故事,小乐和朋友交换今天的小发现。每个人都喜欢这个新游戏。小乐说：“Everyone likes the new game.”朋友听懂了，也想起自己遇到过的事。,,__________ likes the new game.,Everyone,每个人都喜欢这个新游戏。,context,2026-09-v2,本地预制课堂素材；原创短句与场景模板,[],想象你也在这个场景里。用 everyone 说一句自己的话。
everything,KET,1,每件事物；所有事物,pron.,日常沟通,Everything is in my bag.,所有东西都在我的包里。,[],结合常用释义整体记忆。先听老师读，再用自己的生活场景解释。,1,,https://www.cambridgeenglish.org/images/506886-a2-key-2020-vocabulary-list.pdf,'evriθiŋ,https://github.com/skywind3000/ECDICT,offline-materials,everything,authored,everything · 单词里的小故事,小乐和朋友交换今天的小发现。所有东西都在我的包里。小乐说：“Everything is in my bag.”朋友听懂了，也想起自己遇到过的事。,,__________ is in my bag.,Everything,所有东西都在我的包里。,context,2026-09-v2,本地预制课堂素材；原创短句与场景模板,[],想象你也在这个场景里。用 everything 说一句自己的话。
everywhere,KET,1,各处；到处,adv.,日常沟通,We looked everywhere for the key.,我们到处找钥匙。,[],结合常用释义整体记忆。先听老师读，再用自己的生活场景解释。,1,,https://www.cambridgeenglish.org/images/506886-a2-key-2020-vocabulary-list.pdf,'evrihwєә,https://github.com/skywind3000/ECDICT,offline-materials,everywhere,authored,everywhere · 单词里的小故事,小乐和朋友交换今天的小发现。我们到处找钥匙。小乐说：“We looked everywhere for the key.”朋友听懂了，也想起自己遇到过的事。,,We looked __________ for the key.,everywhere,我们到处找钥匙。,context,2026-09-v2,本地预制课堂素材；原创短句与场景模板,[],想象你也在这个场景里。用 everywhere 说一句自己的话。
exactly,KET,1,确切地；精确地；恰好,adv.,日常沟通,The clock says exactly nine.,时钟显示正好九点。,"[{""text"": ""exact"", ""kind"": ""root"", ""meaning"": ""准确的""}, {""text"": ""-ly"", ""kind"": ""suffix"", ""meaning"": ""以……的方式（构成副词）"", ""story"": ""-ly 在古英语中有表示“像……的”的形容词形式，也有表示“以某种方式”的副词形式。今天同样的结尾仍有不同工作。先问它是在描写一个人或物，还是在说明怎样做事。"", ""source"": ""https://www.merriam-webster.com/dictionary/ly-""}]",先理解词基，再看词缀如何改变含义或词性。,0,,https://www.cambridgeenglish.org/images/506886-a2-key-2020-vocabulary-list.pdf,i^'zæktli,https://github.com/skywind3000/ECDICT,offline-materials,exactly,authored,exactly · 单词里的小故事,小乐和朋友交换今天的小发现。时钟显示正好九点。小乐说：“The clock says exactly nine.”朋友听懂了，也想起自己遇到过的事。,,The clock says __________ nine.,exactly,时钟显示正好九点。,context,2026-09-v2,本地预制课堂素材；原创短句与场景模板,[],想象你也在这个场景里。用 exactly 说一句自己的话。
example,KET,1,例子；样本；实例,n.,日常沟通,We talked about the example today.,我们今天谈到了例子。,[],结合常用释义整体记忆。先听老师读，再用自己的生活场景解释。,0,,https://www.cambridgeenglish.org/images/506886-a2-key-2020-vocabulary-list.pdf,ig'zæmpl,https://github.com/skywind3000/ECDICT,offline-materials,example,discussion,example · 单词里的小故事,小乐和朋友聊起今天的一件事。我们今天谈到了例子。小乐说：“We talked about the example today.”朋友听懂了，也想起自己遇到过的事。,,We talked about the __________ today.,example,我们今天谈到了例子。,context,2026-09-v2,本地预制课堂素材；原创短句与场景模板,[],想象你也在这个场景里。用 example 说一句自己的话。
except,KET,2,除；除外,conj; prep.,日常沟通,Everyone came except Tom.,除了汤姆，大家都来了。,[],结合常用释义整体记忆。先听老师读，再用自己的生活场景解释。,0,,https://www.cambridgeenglish.org/images/506886-a2-key-2020-vocabulary-list.pdf,ik'sept,https://github.com/skywind3000/ECDICT,offline-materials,except,authored,except · 单词里的小故事,小乐和朋友交换今天的小发现。除了汤姆，大家都来了。小乐说：“Everyone came except Tom.”朋友听懂了，也想起自己遇到过的事。,,Everyone came __________ Tom.,except,除了汤姆，大家都来了。,context,2026-09-v2,本地预制课堂素材；原创短句与场景模板,[],想象你也在这个场景里。用 except 说一句自己的话。
excuse,KET,2,原谅；申辩；做为...的托辞,v.,日常沟通,"Excuse me, where is the school?",打扰一下，学校在哪里？,[],结合常用释义整体记忆。先听老师读，再用自己的生活场景解释。,0,,https://www.cambridgeenglish.org/images/506886-a2-key-2020-vocabulary-list.pdf,ik'skju:z,https://github.com/skywind3000/ECDICT,offline-materials,excuse,authored,excuse · 单词里的小故事,"小乐和朋友交换今天的小发现。打扰一下，学校在哪里？小乐说：“Excuse me, where is the school?”朋友听懂了，也想起自己遇到过的事。",,"__________ me, where is the school?",Excuse,打扰一下，学校在哪里？,context,2026-09-v2,本地预制课堂素材；原创短句与场景模板,[],想象你也在这个场景里。用 excuse 说一句自己的话。
exhibition,KET,1,表现；展览会；展览品,n.,日常沟通,We talked about the exhibition today.,我们今天谈到了表现。,[],结合常用释义整体记忆。先听老师读，再用自己的生活场景解释。,0,,https://www.cambridgeenglish.org/images/506886-a2-key-2020-vocabulary-list.pdf,.eksi'biʃәn,https://github.com/skywind3000/ECDICT,offline-materials,exhibition,discussion,exhibition · 单词里的小故事,小乐和朋友聊起今天的一件事。我们今天谈到了表现。小乐说：“We talked about the exhibition today.”朋友听懂了，也想起自己遇到过的事。,,We talked about the __________ today.,exhibition,我们今天谈到了表现。,context,2026-09-v2,本地预制课堂素材；原创短句与场景模板,[],想象你也在这个场景里。用 exhibition 说一句自己的话。
exit,KET,2,出口；退场；离去,n.,日常沟通,We visited the exit today.,我们今天参观了出口。,[],结合常用释义整体记忆。先听老师读，再用自己的生活场景解释。,0,,https://www.cambridgeenglish.org/images/506886-a2-key-2020-vocabulary-list.pdf,'eksit,https://github.com/skywind3000/ECDICT,offline-materials,exit,place,exit · 单词里的小故事,小乐把今天的外出经历记进了日记。我们今天参观了出口。小乐说：“We visited the exit today.”朋友听懂了，也想起自己遇到过的事。,,We visited the __________ today.,exit,我们今天参观了出口。,context,2026-09-v2,本地预制课堂素材；原创短句与场景模板,[],想象你也在这个场景里。用 exit 说一句自己的话。
experience,KET,1,经历；经验；体验,n.,日常沟通,We talked about the experience today.,我们今天谈到了经历。,[],结合常用释义整体记忆。先听老师读，再用自己的生活场景解释。,0,,https://www.cambridgeenglish.org/images/506886-a2-key-2020-vocabulary-list.pdf,ik'spiәriәns,https://github.com/skywind3000/ECDICT,offline-materials,experience,discussion,experience · 单词里的小故事,小乐和朋友聊起今天的一件事。我们今天谈到了经历。小乐说：“We talked about the experience today.”朋友听懂了，也想起自己遇到过的事。,,We talked about the __________ today.,experience,我们今天谈到了经历。,context,2026-09-v2,本地预制课堂素材；原创短句与场景模板,[],想象你也在这个场景里。用 experience 说一句自己的话。
experiment,KET,1,实验；试验；实验仪器,n.,日常沟通,We talked about the experiment today.,我们今天谈到了实验。,[],结合常用释义整体记忆。先听老师读，再用自己的生活场景解释。,0,,https://www.cambridgeenglish.org/images/506886-a2-key-2020-vocabulary-list.pdf,ik'sperimәnt,https://github.com/skywind3000/ECDICT,offline-materials,experiment,discussion,experiment · 单词里的小故事,小乐和朋友聊起今天的一件事。我们今天谈到了实验。小乐说：“We talked about the experiment today.”朋友听懂了，也想起自己遇到过的事。,,We talked about the __________ today.,experiment,我们今天谈到了实验。,context,2026-09-v2,本地预制课堂素材；原创短句与场景模板,[],想象你也在这个场景里。用 experiment 说一句自己的话。
explore,KET,1,探险；探测；探究,v.,日常沟通,Let's explore the town on foot.,我们步行探索这个镇吧。,"[{""text"": ""explore"", ""kind"": ""root"", ""meaning"": ""探索""}]",这个词本身可以作为词基，与相关派生词联系起来理解。,0,,https://www.cambridgeenglish.org/images/506886-a2-key-2020-vocabulary-list.pdf,ik'splɒ:,https://github.com/skywind3000/ECDICT,offline-materials,explore,authored,explore · 单词里的小故事,小乐和朋友交换今天的小发现。我们步行探索这个镇吧。小乐说：“Let's explore the town on foot.”朋友听懂了，也想起自己遇到过的事。,,Let's __________ the town on foot.,explore,我们步行探索这个镇吧。,context,2026-09-v2,本地预制课堂素材；原创短句与场景模板,[],想象你也在这个场景里。用 explore 说一句自己的话。
explorer,KET,3,探险家；探测者；勘探器,n.,日常沟通,This story is about an explorer.,这个故事讲的是一位探险家。,"[{""text"": ""explore"", ""kind"": ""root"", ""meaning"": ""探索""}, {""text"": ""-er"", ""kind"": ""suffix"", ""meaning"": ""做某事的人或物"", ""story"": ""表示做事者的 -er 有古英语 -ere 等历史来源。它常把动作变成做这个动作的人或工具。先找到动作，再问“谁来做”，就能串起一组词。比较级里的 -er 是另一种用法。"", ""source"": ""https://www.merriam-webster.com/dictionary/-er""}]",这是词基与派生词的关系。拼写发生了变化，请把本课目标单词完整写对；构词成分不是原词的逐字切片。,0,,https://www.cambridgeenglish.org/images/506886-a2-key-2020-vocabulary-list.pdf,ik'splɒ:rә,https://github.com/skywind3000/ECDICT,offline-materials,explorer,person,explorer · 单词里的小故事,读书会轮到小乐介绍故事里的一个人物。这个故事讲的是一位探险家。小乐说：“This story is about an explorer.”朋友听懂了，也想起自己遇到过的事。,,This story is about an __________.,explorer,这个故事讲的是一位探险家。,context,2026-09-v2,本地预制课堂素材；原创短句与场景模板,[],想象你也在这个场景里。用 explorer 说一句自己的话。
extinct,KET,3,熄灭的；灭绝的；耗尽的,adj.,日常沟通,These animals are now extinct.,这些动物现在已经灭绝了。,[],结合常用释义整体记忆。先听老师读，再用自己的生活场景解释。,0,,https://www.cambridgeenglish.org/images/506886-a2-key-2020-vocabulary-list.pdf,ik'stiŋkt,https://github.com/skywind3000/ECDICT,offline-materials,extinct,authored,extinct · 单词里的小故事,小乐和朋友交换今天的小发现。这些动物现在已经灭绝了。小乐说：“These animals are now extinct.”朋友听懂了，也想起自己遇到过的事。,,These animals are now __________.,extinct,这些动物现在已经灭绝了。,context,2026-09-v2,本地预制课堂素材；原创短句与场景模板,[],想象你也在这个场景里。用 extinct 说一句自己的话。
extra,KET,1,额外的；特别的,adj.,日常沟通,We need an extra chair.,我们需要多一把椅子。,[],结合常用释义整体记忆。先听老师读，再用自己的生活场景解释。,0,,https://www.cambridgeenglish.org/images/506886-a2-key-2020-vocabulary-list.pdf,'ekstrә,https://github.com/skywind3000/ECDICT,offline-materials,extra,authored,extra · 单词里的小故事,小乐和朋友交换今天的小发现。我们需要多一把椅子。小乐说：“We need an extra chair.”朋友听懂了，也想起自己遇到过的事。,,We need an __________ chair.,extra,我们需要多一把椅子。,context,2026-09-v2,本地预制课堂素材；原创短句与场景模板,[],想象你也在这个场景里。用 extra 说一句自己的话。
eye,KET,1,眼睛；视力；看,n.,日常沟通,We learn about the eye at school.,我们在学校了解眼睛。,[],结合常用释义整体记忆。先听老师读，再用自己的生活场景解释。,1,,https://www.cambridgeenglish.org/images/506886-a2-key-2020-vocabulary-list.pdf,ai,https://github.com/skywind3000/ECDICT,offline-materials,eye,body,eye · 单词里的小故事,小乐在课堂上做一张认识自己的知识卡。我们在学校了解眼睛。小乐说：“We learn about the eye at school.”朋友听懂了，也想起自己遇到过的事。,,We learn about the __________ at school.,eye,我们在学校了解眼睛。,context,2026-09-v2,本地预制课堂素材；原创短句与场景模板,[],想象你也在这个场景里。用 eye 说一句自己的话。
face,KET,1,脸；面容；正面,n.,日常沟通,We learn about the face at school.,我们在学校了解脸。,[],结合常用释义整体记忆。先听老师读，再用自己的生活场景解释。,1,,https://www.cambridgeenglish.org/images/506886-a2-key-2020-vocabulary-list.pdf,feis,https://github.com/skywind3000/ECDICT,offline-materials,face,body,face · 单词里的小故事,小乐在课堂上做一张认识自己的知识卡。我们在学校了解脸。小乐说：“We learn about the face at school.”朋友听懂了，也想起自己遇到过的事。,,We learn about the __________ at school.,face,我们在学校了解脸。,context,2026-09-v2,本地预制课堂素材；原创短句与场景模板,[],想象你也在这个场景里。用 face 说一句自己的话。
fact,KET,1,事实；真实性；真相,n.,日常沟通,We talked about the fact today.,我们今天谈到了事实。,[],结合常用释义整体记忆。先听老师读，再用自己的生活场景解释。,0,,https://www.cambridgeenglish.org/images/506886-a2-key-2020-vocabulary-list.pdf,fækt,https://github.com/skywind3000/ECDICT,offline-materials,fact,discussion,fact · 单词里的小故事,小乐和朋友聊起今天的一件事。我们今天谈到了事实。小乐说：“We talked about the fact today.”朋友听懂了，也想起自己遇到过的事。,,We talked about the __________ today.,fact,我们今天谈到了事实。,context,2026-09-v2,本地预制课堂素材；原创短句与场景模板,[],想象你也在这个场景里。用 fact 说一句自己的话。
factory,KET,1,工厂；产生地；代理店,n.,日常沟通,We visited the factory today.,我们今天参观了工厂。,[],结合常用释义整体记忆。先听老师读，再用自己的生活场景解释。,0,,https://www.cambridgeenglish.org/images/506886-a2-key-2020-vocabulary-list.pdf,'fæktәri,https://github.com/skywind3000/ECDICT,offline-materials,factory,place,factory · 单词里的小故事,小乐把今天的外出经历记进了日记。我们今天参观了工厂。小乐说：“We visited the factory today.”朋友听懂了，也想起自己遇到过的事。,,We visited the __________ today.,factory,我们今天参观了工厂。,context,2026-09-v2,本地预制课堂素材；原创短句与场景模板,[],想象你也在这个场景里。用 factory 说一句自己的话。
fail,KET,1,失败；缺乏；中断,v.,日常沟通,Do not worry if you fail the first time.,如果第一次失败了，不要担心。,[],结合常用释义整体记忆。先听老师读，再用自己的生活场景解释。,0,,https://www.cambridgeenglish.org/images/506886-a2-key-2020-vocabulary-list.pdf,feil,https://github.com/skywind3000/ECDICT,offline-materials,fail,authored,fail · 单词里的小故事,小乐和朋友交换今天的小发现。如果第一次失败了，不要担心。小乐说：“Do not worry if you fail the first time.”朋友听懂了，也想起自己遇到过的事。,,Do not worry if you __________ the first time.,fail,如果第一次失败了，不要担心。,context,2026-09-v2,本地预制课堂素材；原创短句与场景模板,[],想象你也在这个场景里。用 fail 说一句自己的话。
fair,KET,1,公平的；浅色的,adj.,日常沟通,The rules are fair.,这些规则是公平的。,"[{""text"": ""fair"", ""kind"": ""root"", ""meaning"": ""公平的""}]",这个词本身可以作为词基，与相关派生词联系起来理解。,0,,https://www.cambridgeenglish.org/images/506886-a2-key-2020-vocabulary-list.pdf,fєә,常用义教学修订；原词典见 ECDICT-LICENSE.txt,offline-materials,fair,authored,fair · 单词里的小故事,小乐和朋友交换今天的小发现。这些规则是公平的。小乐说：“The rules are fair.”朋友听懂了，也想起自己遇到过的事。,,The rules are __________.,fair,这些规则是公平的。,context,2026-09-v2,本地预制课堂素材；原创短句与场景模板,[],想象你也在这个场景里。用 fair 说一句自己的话。
fall,KET,1,落下；秋天（美式英语）,n; v.,日常沟通,We talked about the fall today.,我们今天谈到了落下。,[],结合常用释义整体记忆。先听老师读，再用自己的生活场景解释。,0,,https://www.cambridgeenglish.org/images/506886-a2-key-2020-vocabulary-list.pdf,fɒ:l,常用义教学修订；原词典见 ECDICT-LICENSE.txt,offline-materials,fall,discussion,fall · 单词里的小故事,小乐和朋友聊起今天的一件事。我们今天谈到了落下。小乐说：“We talked about the fall today.”朋友听懂了，也想起自己遇到过的事。,,We talked about the __________ today.,fall,我们今天谈到了落下。,context,2026-09-v2,本地预制课堂素材；原创短句与场景模板,[],想象你也在这个场景里。用 fall 说一句自己的话。
fall over,KET,3,被…绊倒；意外地从…上跌落；落在…之外,phr v.,日常沟通,"Be careful, or you may fall over.",小心，不然你可能摔倒。,[],结合常用释义整体记忆。先听老师读，再用自己的生活场景解释。,0,,https://www.cambridgeenglish.org/images/506886-a2-key-2020-vocabulary-list.pdf,fɔ:l ˈəuvə,https://github.com/skywind3000/ECDICT,offline-materials,fall over,authored,fall over · 单词里的小故事,"小乐和朋友交换今天的小发现。小心，不然你可能摔倒。小乐说：“Be careful, or you may fall over.”朋友听懂了，也想起自己遇到过的事。",,"Be careful, or you may __________.",fall over,小心，不然你可能摔倒。,context,2026-09-v2,本地预制课堂素材；原创短句与场景模板,[],想象你也在这个场景里。用 fall over 说一句自己的话。
fan,KET,1,风扇；爱好者,n.,日常沟通,We talked about the fan today.,我们今天谈到了风扇。,[],结合常用释义整体记忆。先听老师读，再用自己的生活场景解释。,0,,https://www.cambridgeenglish.org/images/506886-a2-key-2020-vocabulary-list.pdf,fæn,常用义教学修订；原词典见 ECDICT-LICENSE.txt,offline-materials,fan,discussion,fan · 单词里的小故事,小乐和朋友聊起今天的一件事。我们今天谈到了风扇。小乐说：“We talked about the fan today.”朋友听懂了，也想起自己遇到过的事。,,We talked about the __________ today.,fan,我们今天谈到了风扇。,context,2026-09-v2,本地预制课堂素材；原创短句与场景模板,[],想象你也在这个场景里。用 fan 说一句自己的话。
fantastic,KET,2,奇妙的；稀奇的；空想的,adj.,日常沟通,It is a fantastic story.,这是一个奇妙的故事。,[],结合常用释义整体记忆。先听老师读，再用自己的生活场景解释。,0,,https://www.cambridgeenglish.org/images/506886-a2-key-2020-vocabulary-list.pdf,fæn'tæstik,https://github.com/skywind3000/ECDICT,offline-materials,fantastic,story-quality,fantastic · 单词里的小故事,读完一本故事书，小乐想用一句话向朋友介绍它。这是一个奇妙的故事。小乐说：“It is a fantastic story.”朋友听懂了，也想起自己遇到过的事。,,It is a __________ story.,fantastic,这是一个奇妙的故事。,context,2026-09-v2,本地预制课堂素材；原创短句与场景模板,[],想象你也在这个场景里。用 fantastic 说一句自己的话。
far,KET,1,甚远地；很；到很深的程度,adv.,日常沟通,How far is the school?,学校有多远？,[],结合常用释义整体记忆。先听老师读，再用自己的生活场景解释。,1,,https://www.cambridgeenglish.org/images/506886-a2-key-2020-vocabulary-list.pdf,fɑ:,https://github.com/skywind3000/ECDICT,offline-materials,far,authored,far · 单词里的小故事,小乐和朋友交换今天的小发现。学校有多远？小乐说：“How far is the school?”朋友听懂了，也想起自己遇到过的事。,,How __________ is the school?,far,学校有多远？,context,2026-09-v2,本地预制课堂素材；原创短句与场景模板,[],想象你也在这个场景里。用 far 说一句自己的话。
farm,KET,1,农场；农田,n.,日常沟通,We visited the farm today.,我们今天参观了农场。,[],结合常用释义整体记忆。先听老师读，再用自己的生活场景解释。,0,,https://www.cambridgeenglish.org/images/506886-a2-key-2020-vocabulary-list.pdf,fɑ:m,https://github.com/skywind3000/ECDICT,offline-materials,farm,place,farm · 单词里的小故事,小乐把今天的外出经历记进了日记。我们今天参观了农场。小乐说：“We visited the farm today.”朋友听懂了，也想起自己遇到过的事。,,We visited the __________ today.,farm,我们今天参观了农场。,context,2026-09-v2,本地预制课堂素材；原创短句与场景模板,[],想象你也在这个场景里。用 farm 说一句自己的话。
fast,KET,1,快的；快速地,adj; adv.,日常沟通,The train is very fast.,这列火车很快。,[],结合常用释义整体记忆。先听老师读，再用自己的生活场景解释。,0,,https://www.cambridgeenglish.org/images/506886-a2-key-2020-vocabulary-list.pdf,fɑ:st,常用义教学修订；原词典见 ECDICT-LICENSE.txt,offline-materials,fast,authored,fast · 单词里的小故事,小乐和朋友交换今天的小发现。这列火车很快。小乐说：“The train is very fast.”朋友听懂了，也想起自己遇到过的事。,,The train is very __________.,fast,这列火车很快。,context,2026-09-v2,本地预制课堂素材；原创短句与场景模板,[],想象你也在这个场景里。用 fast 说一句自己的话。
fast food,KET,3,速食；快餐,n.,日常沟通,This fast food tastes good.,这份速食味道很好。,[],结合常用释义整体记忆。先听老师读，再用自己的生活场景解释。,0,,https://www.cambridgeenglish.org/images/506886-a2-key-2020-vocabulary-list.pdf,fɑ:st fu:d,https://github.com/skywind3000/ECDICT,offline-materials,fast food,food,fast food · 单词里的小故事,小乐第一次给家人当小帮手，端出一份食物。这份速食味道很好。小乐说：“This fast food tastes good.”朋友听懂了，也想起自己遇到过的事。,,This __________ tastes good.,fast food,这份速食味道很好。,context,2026-09-v2,本地预制课堂素材；原创短句与场景模板,[],想象你也在这个场景里。用 fast food 说一句自己的话。
fat,KET,2,肥的；胖的；油腻的,adj.,日常沟通,The cat is very fat.,这只猫很胖。,[],结合常用释义整体记忆。先听老师读，再用自己的生活场景解释。,0,,https://www.cambridgeenglish.org/images/506886-a2-key-2020-vocabulary-list.pdf,fæt,https://github.com/skywind3000/ECDICT,offline-materials,fat,authored,fat · 单词里的小故事,小乐和朋友交换今天的小发现。这只猫很胖。小乐说：“The cat is very fat.”朋友听懂了，也想起自己遇到过的事。,,The cat is very __________.,fat,这只猫很胖。,context,2026-09-v2,本地预制课堂素材；原创短句与场景模板,[],想象你也在这个场景里。用 fat 说一句自己的话。
father,KET,1,父亲,n.,日常沟通,This story is about a father.,这个故事讲的是一位父亲。,[],结合常用释义整体记忆。先听老师读，再用自己的生活场景解释。,1,,https://www.cambridgeenglish.org/images/506886-a2-key-2020-vocabulary-list.pdf,'fɑ:ðә,常用义教学修订；原词典见 ECDICT-LICENSE.txt,offline-materials,father,person,father · 单词里的小故事,读书会轮到小乐介绍故事里的一个人物。这个故事讲的是一位父亲。小乐说：“This story is about a father.”朋友听懂了，也想起自己遇到过的事。,,This story is about a __________.,father,这个故事讲的是一位父亲。,context,2026-09-v2,本地预制课堂素材；原创短句与场景模板,[],想象你也在这个场景里。用 father 说一句自己的话。
favourite,KET,2,喜爱的；宠爱的,adj.,日常沟通,This is my favourite book.,这是我最喜欢的书。,[],结合常用释义整体记忆。先听老师读，再用自己的生活场景解释。,0,,https://www.cambridgeenglish.org/images/506886-a2-key-2020-vocabulary-list.pdf,'feivәrit,https://github.com/skywind3000/ECDICT,offline-materials,favourite,authored,favourite · 单词里的小故事,小乐和朋友交换今天的小发现。这是我最喜欢的书。小乐说：“This is my favourite book.”朋友听懂了，也想起自己遇到过的事。,,This is my __________ book.,favourite,这是我最喜欢的书。,context,2026-09-v2,本地预制课堂素材；原创短句与场景模板,[],想象你也在这个场景里。用 favourite 说一句自己的话。
february,KET,1,二月,n.,日常沟通,My birthday is in February.,我的生日在二月。,[],结合常用释义整体记忆。先听老师读，再用自己的生活场景解释。,1,,https://www.cambridgeenglish.org/images/506886-a2-key-2020-vocabulary-list.pdf,'februәri,https://github.com/skywind3000/ECDICT,offline-materials,February,date,February · 单词里的小故事,小乐在日历上画了一个圈，提醒自己别忘记这个日子。我的生日在二月。小乐说：“My birthday is in February.”朋友听懂了，也想起自己遇到过的事。,,My birthday is in __________.,February,我的生日在二月。,context,2026-09-v2,本地预制课堂素材；原创短句与场景模板,[],想象你也在这个场景里。用 February 说一句自己的话。
few,KET,1,很少的；不多的；少数的,det; adj.,日常沟通,There are few chairs in the room.,房间里的椅子很少。,[],结合常用释义整体记忆。先听老师读，再用自己的生活场景解释。,1,,https://www.cambridgeenglish.org/images/506886-a2-key-2020-vocabulary-list.pdf,fju:,https://github.com/skywind3000/ECDICT,offline-materials,few,authored,few · 单词里的小故事,小乐和朋友交换今天的小发现。房间里的椅子很少。小乐说：“There are few chairs in the room.”朋友听懂了，也想起自己遇到过的事。,,There are __________ chairs in the room.,few,房间里的椅子很少。,context,2026-09-v2,本地预制课堂素材；原创短句与场景模板,[],想象你也在这个场景里。用 few 说一句自己的话。
file,KET,1,档案；公文箱；文件夹,n.,日常沟通,We need the file today.,我们今天需要档案。,[],结合常用释义整体记忆。先听老师读，再用自己的生活场景解释。,0,,https://www.cambridgeenglish.org/images/506886-a2-key-2020-vocabulary-list.pdf,fail,https://github.com/skywind3000/ECDICT,offline-materials,file,equipment,file · 单词里的小故事,班级活动开始前，小乐负责核对需要的东西。我们今天需要档案。小乐说：“We need the file today.”朋友听懂了，也想起自己遇到过的事。,,We need the __________ today.,file,我们今天需要档案。,context,2026-09-v2,本地预制课堂素材；原创短句与场景模板,[],想象你也在这个场景里。用 file 说一句自己的话。
fill,KET,1,装满；填充；弥漫,v.,日常沟通,Fill the bottle with water.,把瓶子装满水。,"[{""text"": ""fill"", ""kind"": ""root"", ""meaning"": ""装满""}]",这个词本身可以作为词基，与相关派生词联系起来理解。,0,,https://www.cambridgeenglish.org/images/506886-a2-key-2020-vocabulary-list.pdf,fil,https://github.com/skywind3000/ECDICT,offline-materials,fill,authored,fill · 单词里的小故事,小乐和朋友交换今天的小发现。把瓶子装满水。小乐说：“Fill the bottle with water.”朋友听懂了，也想起自己遇到过的事。,,__________ the bottle with water.,Fill,把瓶子装满水。,context,2026-09-v2,本地预制课堂素材；原创短句与场景模板,[],想象你也在这个场景里。用 fill 说一句自己的话。
fill in,KET,3,填充；填写；填满,phr v.,日常沟通,Please fill in your name here.,请在这里填写名字。,[],结合常用释义整体记忆。先听老师读，再用自己的生活场景解释。,0,,https://www.cambridgeenglish.org/images/506886-a2-key-2020-vocabulary-list.pdf,,https://github.com/skywind3000/ECDICT,offline-materials,fill in,authored,fill in · 单词里的小故事,小乐和朋友交换今天的小发现。请在这里填写名字。小乐说：“Please fill in your name here.”朋友听懂了，也想起自己遇到过的事。,,Please __________ your name here.,fill in,请在这里填写名字。,context,2026-09-v2,本地预制课堂素材；原创短句与场景模板,[],想象你也在这个场景里。用 fill in 说一句自己的话。
film,KET,1,电影；拍摄电影,n; v.,日常沟通,This story is about a film.,这个故事讲的是一位电影。,[],结合常用释义整体记忆。先听老师读，再用自己的生活场景解释。,0,,https://www.cambridgeenglish.org/images/506886-a2-key-2020-vocabulary-list.pdf,film,常用义教学修订；原词典见 ECDICT-LICENSE.txt,offline-materials,film,person,film · 单词里的小故事,读书会轮到小乐介绍故事里的一个人物。这个故事讲的是一位电影。小乐说：“This story is about a film.”朋友听懂了，也想起自己遇到过的事。,,This story is about a __________.,film,这个故事讲的是一位电影。,context,2026-09-v2,本地预制课堂素材；原创短句与场景模板,[],想象你也在这个场景里。用 film 说一句自己的话。
final,KET,1,最后的；终极的；决定性的,adj.,日常沟通,This is the final question.,这是最后一个问题。,"[{""text"": ""final"", ""kind"": ""root"", ""meaning"": ""最后的""}]",这个词本身可以作为词基，与相关派生词联系起来理解。,0,,https://www.cambridgeenglish.org/images/506886-a2-key-2020-vocabulary-list.pdf,'fainl,https://github.com/skywind3000/ECDICT,offline-materials,final,authored,final · 单词里的小故事,小乐和朋友交换今天的小发现。这是最后一个问题。小乐说：“This is the final question.”朋友听懂了，也想起自己遇到过的事。,,This is the __________ question.,final,这是最后一个问题。,context,2026-09-v2,本地预制课堂素材；原创短句与场景模板,[],想象你也在这个场景里。用 final 说一句自己的话。
finally,KET,1,最后；终于,adv.,日常沟通,We finally found the house.,我们终于找到了那座房子。,"[{""text"": ""final"", ""kind"": ""root"", ""meaning"": ""最后的""}, {""text"": ""-ly"", ""kind"": ""suffix"", ""meaning"": ""以……的方式（构成副词）"", ""story"": ""-ly 在古英语中有表示“像……的”的形容词形式，也有表示“以某种方式”的副词形式。今天同样的结尾仍有不同工作。先问它是在描写一个人或物，还是在说明怎样做事。"", ""source"": ""https://www.merriam-webster.com/dictionary/ly-""}]",先理解词基，再看词缀如何改变含义或词性。,0,,https://www.cambridgeenglish.org/images/506886-a2-key-2020-vocabulary-list.pdf,'fainәli,https://github.com/skywind3000/ECDICT,offline-materials,finally,authored,finally · 单词里的小故事,小乐和朋友交换今天的小发现。我们终于找到了那座房子。小乐说：“We finally found the house.”朋友听懂了，也想起自己遇到过的事。,,We __________ found the house.,finally,我们终于找到了那座房子。,context,2026-09-v2,本地预制课堂素材；原创短句与场景模板,[],想象你也在这个场景里。用 finally 说一句自己的话。
find,KET,1,发现；感到；找到,v.,日常沟通,Can you find my red pen?,你能找到我的红笔吗？,[],结合常用释义整体记忆。先听老师读，再用自己的生活场景解释。,0,,https://www.cambridgeenglish.org/images/506886-a2-key-2020-vocabulary-list.pdf,faind,https://github.com/skywind3000/ECDICT,offline-materials,find,authored,find · 单词里的小故事,小乐和朋友交换今天的小发现。你能找到我的红笔吗？小乐说：“Can you find my red pen?”朋友听懂了，也想起自己遇到过的事。,,Can you __________ my red pen?,find,你能找到我的红笔吗？,context,2026-09-v2,本地预制课堂素材；原创短句与场景模板,[],想象你也在这个场景里。用 find 说一句自己的话。
find out,KET,3,找出；发现；想出,phr v.,日常沟通,Let's find out the answer.,我们找出答案吧。,[],结合常用释义整体记忆。先听老师读，再用自己的生活场景解释。,0,,https://www.cambridgeenglish.org/images/506886-a2-key-2020-vocabulary-list.pdf,,https://github.com/skywind3000/ECDICT,offline-materials,find out,authored,find out · 单词里的小故事,小乐和朋友交换今天的小发现。我们找出答案吧。小乐说：“Let's find out the answer.”朋友听懂了，也想起自己遇到过的事。,,Let's __________ the answer.,find out,我们找出答案吧。,context,2026-09-v2,本地预制课堂素材；原创短句与场景模板,[],想象你也在这个场景里。用 find out 说一句自己的话。
fine,KET,1,好的；晴朗的,adj.,日常沟通,It is fine today.,今天的天气是好的。,[],结合常用释义整体记忆。先听老师读，再用自己的生活场景解释。,1,,https://www.cambridgeenglish.org/images/506886-a2-key-2020-vocabulary-list.pdf,fain,常用义教学修订；原词典见 ECDICT-LICENSE.txt,offline-materials,fine,weather-quality,fine · 单词里的小故事,出门前，小乐看了一眼窗外，把天气告诉家人。今天的天气是好的。小乐说：“It is fine today.”朋友听懂了，也想起自己遇到过的事。,,It is __________ today.,fine,今天的天气是好的。,context,2026-09-v2,本地预制课堂素材；原创短句与场景模板,[],想象你也在这个场景里。用 fine 说一句自己的话。
fire,KET,1,火；炉火；电炉,n.,日常沟通,We talked about the fire today.,我们今天谈到了火。,[],结合常用释义整体记忆。先听老师读，再用自己的生活场景解释。,0,,https://www.cambridgeenglish.org/images/506886-a2-key-2020-vocabulary-list.pdf,'faiә,https://github.com/skywind3000/ECDICT,offline-materials,fire,nature,fire · 单词里的小故事,小乐观察完身边的世界，回教室讲了一件事。我们今天谈到了火。小乐说：“We talked about the fire today.”朋友听懂了，也想起自己遇到过的事。,,We talked about the __________ today.,fire,我们今天谈到了火。,context,2026-09-v2,本地预制课堂素材；原创短句与场景模板,[],想象你也在这个场景里。用 fire 说一句自己的话。
first,KET,1,首先；第一；优先,adv; adj.,日常沟通,Please read the first page.,请读第一页。,[],结合常用释义整体记忆。先听老师读，再用自己的生活场景解释。,1,,https://www.cambridgeenglish.org/images/506886-a2-key-2020-vocabulary-list.pdf,fә:st,https://github.com/skywind3000/ECDICT,offline-materials,first,authored,first · 单词里的小故事,小乐和朋友交换今天的小发现。请读第一页。小乐说：“Please read the first page.”朋友听懂了，也想起自己遇到过的事。,,Please read the __________ page.,first,请读第一页。,context,2026-09-v2,本地预制课堂素材；原创短句与场景模板,[],想象你也在这个场景里。用 first 说一句自己的话。
first name,KET,3,名,n.,日常沟通,We talked about the first name today.,我们今天谈到了名。,[],结合常用释义整体记忆。先听老师读，再用自己的生活场景解释。,0,,https://www.cambridgeenglish.org/images/506886-a2-key-2020-vocabulary-list.pdf,,https://github.com/skywind3000/ECDICT,offline-materials,first name,discussion,first name · 单词里的小故事,小乐和朋友聊起今天的一件事。我们今天谈到了名。小乐说：“We talked about the first name today.”朋友听懂了，也想起自己遇到过的事。,,We talked about the __________ today.,first name,我们今天谈到了名。,context,2026-09-v2,本地预制课堂素材；原创短句与场景模板,[],想象你也在这个场景里。用 first name 说一句自己的话。
first of all,KET,3,首先,adv.,日常沟通,"First of all, write your name.",首先，写下名字。,[],结合常用释义整体记忆。先听老师读，再用自己的生活场景解释。,0,,https://www.cambridgeenglish.org/images/506886-a2-key-2020-vocabulary-list.pdf,,https://github.com/skywind3000/ECDICT,offline-materials,first of all,authored,first of all · 单词里的小故事,"小乐和朋友交换今天的小发现。首先，写下名字。小乐说：“First of all, write your name.”朋友听懂了，也想起自己遇到过的事。",,"__________, write your name.",First of all,首先，写下名字。,context,2026-09-v2,本地预制课堂素材；原创短句与场景模板,[],想象你也在这个场景里。用 first of all 说一句自己的话。
fish,KET,1,鱼；鱼肉；鱼类,n; v.,日常沟通,This fish tastes good.,这份鱼味道很好。,[],结合常用释义整体记忆。先听老师读，再用自己的生活场景解释。,1,,https://www.cambridgeenglish.org/images/506886-a2-key-2020-vocabulary-list.pdf,fiʃ,https://github.com/skywind3000/ECDICT,offline-materials,fish,food,fish · 单词里的小故事,小乐第一次给家人当小帮手，端出一份食物。这份鱼味道很好。小乐说：“This fish tastes good.”朋友听懂了，也想起自己遇到过的事。,,This __________ tastes good.,fish,这份鱼味道很好。,context,2026-09-v2,本地预制课堂素材；原创短句与场景模板,[],想象你也在这个场景里。用 fish 说一句自己的话。
fit,KET,1,健康的；适合,adj.,日常沟通,Swimming can help you keep fit.,游泳能帮助你保持健康。,"[{""text"": ""fit"", ""kind"": ""root"", ""meaning"": ""健康的""}]",这个词本身可以作为词基，与相关派生词联系起来理解。,0,,https://www.cambridgeenglish.org/images/506886-a2-key-2020-vocabulary-list.pdf,fit,常用义教学修订；原词典见 ECDICT-LICENSE.txt,offline-materials,fit,authored,fit · 单词里的小故事,小乐和朋友交换今天的小发现。游泳能帮助你保持健康。小乐说：“Swimming can help you keep fit.”朋友听懂了，也想起自己遇到过的事。,,Swimming can help you keep __________.,fit,游泳能帮助你保持健康。,context,2026-09-v2,本地预制课堂素材；原创短句与场景模板,[],想象你也在这个场景里。用 fit 说一句自己的话。
fix,KET,1,使固定；修理；准备,v.,日常沟通,Can you fix my bike?,你能修好我的自行车吗？,[],结合常用释义整体记忆。先听老师读，再用自己的生活场景解释。,0,,https://www.cambridgeenglish.org/images/506886-a2-key-2020-vocabulary-list.pdf,fiks,https://github.com/skywind3000/ECDICT,offline-materials,fix,authored,fix · 单词里的小故事,小乐和朋友交换今天的小发现。你能修好我的自行车吗？小乐说：“Can you fix my bike?”朋友听懂了，也想起自己遇到过的事。,,Can you __________ my bike?,fix,你能修好我的自行车吗？,context,2026-09-v2,本地预制课堂素材；原创短句与场景模板,[],想象你也在这个场景里。用 fix 说一句自己的话。
flat,KET,1,公寓；平坦的,n.,日常沟通,We talked about the flat today.,我们今天谈到了公寓。,[],结合常用释义整体记忆。先听老师读，再用自己的生活场景解释。,0,,https://www.cambridgeenglish.org/images/506886-a2-key-2020-vocabulary-list.pdf,flæt,常用义教学修订；原词典见 ECDICT-LICENSE.txt,offline-materials,flat,discussion,flat · 单词里的小故事,小乐和朋友聊起今天的一件事。我们今天谈到了公寓。小乐说：“We talked about the flat today.”朋友听懂了，也想起自己遇到过的事。,,We talked about the __________ today.,flat,我们今天谈到了公寓。,context,2026-09-v2,本地预制课堂素材；原创短句与场景模板,[],想象你也在这个场景里。用 flat 说一句自己的话。
flight,KET,1,飞行；射程；逃走,n.,日常沟通,We talked about the flight today.,我们今天谈到了飞行。,[],结合常用释义整体记忆。先听老师读，再用自己的生活场景解释。,0,,https://www.cambridgeenglish.org/images/506886-a2-key-2020-vocabulary-list.pdf,flait,https://github.com/skywind3000/ECDICT,offline-materials,flight,discussion,flight · 单词里的小故事,小乐和朋友聊起今天的一件事。我们今天谈到了飞行。小乐说：“We talked about the flight today.”朋友听懂了，也想起自己遇到过的事。,,We talked about the __________ today.,flight,我们今天谈到了飞行。,context,2026-09-v2,本地预制课堂素材；原创短句与场景模板,[],想象你也在这个场景里。用 flight 说一句自己的话。
floor,KET,1,地板；楼层；底部,n.,日常沟通,We talked about the floor today.,我们今天谈到了地板。,[],结合常用释义整体记忆。先听老师读，再用自己的生活场景解释。,1,,https://www.cambridgeenglish.org/images/506886-a2-key-2020-vocabulary-list.pdf,flɒ:,https://github.com/skywind3000/ECDICT,offline-materials,floor,discussion,floor · 单词里的小故事,小乐和朋友聊起今天的一件事。我们今天谈到了地板。小乐说：“We talked about the floor today.”朋友听懂了，也想起自己遇到过的事。,,We talked about the __________ today.,floor,我们今天谈到了地板。,context,2026-09-v2,本地预制课堂素材；原创短句与场景模板,[],想象你也在这个场景里。用 floor 说一句自己的话。
fly,KET,1,苍蝇；飞,v.,日常沟通,Birds can fly.,鸟会飞。,[],结合常用释义整体记忆。先听老师读，再用自己的生活场景解释。,0,,https://www.cambridgeenglish.org/images/506886-a2-key-2020-vocabulary-list.pdf,flai,常用义教学修订；原词典见 ECDICT-LICENSE.txt,offline-materials,fly,authored,fly · 单词里的小故事,小乐和朋友交换今天的小发现。鸟会飞。小乐说：“Birds can fly.”朋友听懂了，也想起自己遇到过的事。,,Birds can __________.,fly,鸟会飞。,context,2026-09-v2,本地预制课堂素材；原创短句与场景模板,[],想象你也在这个场景里。用 fly 说一句自己的话。
fog,KET,2,雾；迷惑；(割后的)最生草,n.,日常沟通,We talked about the fog today.,我们今天谈到了雾。,[],结合常用释义整体记忆。先听老师读，再用自己的生活场景解释。,0,,https://www.cambridgeenglish.org/images/506886-a2-key-2020-vocabulary-list.pdf,fɒg,https://github.com/skywind3000/ECDICT,offline-materials,fog,nature,fog · 单词里的小故事,小乐观察完身边的世界，回教室讲了一件事。我们今天谈到了雾。小乐说：“We talked about the fog today.”朋友听懂了，也想起自己遇到过的事。,,We talked about the __________ today.,fog,我们今天谈到了雾。,context,2026-09-v2,本地预制课堂素材；原创短句与场景模板,[],想象你也在这个场景里。用 fog 说一句自己的话。
folder,KET,3,文件夹；折纸机；折叠式书本,n.,日常沟通,We need the folder today.,我们今天需要文件夹。,[],结合常用释义整体记忆。先听老师读，再用自己的生活场景解释。,0,,https://www.cambridgeenglish.org/images/506886-a2-key-2020-vocabulary-list.pdf,'fәuldә,https://github.com/skywind3000/ECDICT,offline-materials,folder,equipment,folder · 单词里的小故事,班级活动开始前，小乐负责核对需要的东西。我们今天需要文件夹。小乐说：“We need the folder today.”朋友听懂了，也想起自己遇到过的事。,,We need the __________ today.,folder,我们今天需要文件夹。,context,2026-09-v2,本地预制课堂素材；原创短句与场景模板,[],想象你也在这个场景里。用 folder 说一句自己的话。
follow,KET,1,跟随；沿行；遵循,v.,日常沟通,Follow me to the classroom.,跟我去教室。,[],结合常用释义整体记忆。先听老师读，再用自己的生活场景解释。,0,,https://www.cambridgeenglish.org/images/506886-a2-key-2020-vocabulary-list.pdf,'fɒlәu,https://github.com/skywind3000/ECDICT,offline-materials,follow,authored,follow · 单词里的小故事,小乐和朋友交换今天的小发现。跟我去教室。小乐说：“Follow me to the classroom.”朋友听懂了，也想起自己遇到过的事。,,__________ me to the classroom.,Follow,跟我去教室。,context,2026-09-v2,本地预制课堂素材；原创短句与场景模板,[],想象你也在这个场景里。用 follow 说一句自己的话。
foot,KET,1,脚；步调；英尺,n.,日常沟通,We learn about the foot at school.,我们在学校了解脚。,[],结合常用释义整体记忆。先听老师读，再用自己的生活场景解释。,1,,https://www.cambridgeenglish.org/images/506886-a2-key-2020-vocabulary-list.pdf,fut,https://github.com/skywind3000/ECDICT,offline-materials,foot,body,foot · 单词里的小故事,小乐在课堂上做一张认识自己的知识卡。我们在学校了解脚。小乐说：“We learn about the foot at school.”朋友听懂了，也想起自己遇到过的事。,,We learn about the __________ at school.,foot,我们在学校了解脚。,context,2026-09-v2,本地预制课堂素材；原创短句与场景模板,[],想象你也在这个场景里。用 foot 说一句自己的话。
football player,KET,3,足球运动员,n.,日常沟通,This story is about a football player.,这个故事讲的是一位足球运动员。,[],结合常用释义整体记忆。先听老师读，再用自己的生活场景解释。,0,,https://www.cambridgeenglish.org/images/506886-a2-key-2020-vocabulary-list.pdf,ˈfutbɔ:l ˈpleɪə,https://github.com/skywind3000/ECDICT,offline-materials,football player,person,football player · 单词里的小故事,读书会轮到小乐介绍故事里的一个人物。这个故事讲的是一位足球运动员。小乐说：“This story is about a football player.”朋友听懂了，也想起自己遇到过的事。,,This story is about a __________.,football player,这个故事讲的是一位足球运动员。,context,2026-09-v2,本地预制课堂素材；原创短句与场景模板,[],想象你也在这个场景里。用 football player 说一句自己的话。
footballer,KET,3,足球员；足球选手,n.,日常沟通,This story is about a footballer.,这个故事讲的是一位足球员。,[],结合常用释义整体记忆。先听老师读，再用自己的生活场景解释。,0,,https://www.cambridgeenglish.org/images/506886-a2-key-2020-vocabulary-list.pdf,'futbɒ:lә,https://github.com/skywind3000/ECDICT,offline-materials,footballer,person,footballer · 单词里的小故事,读书会轮到小乐介绍故事里的一个人物。这个故事讲的是一位足球员。小乐说：“This story is about a footballer.”朋友听懂了，也想起自己遇到过的事。,,This story is about a __________.,footballer,这个故事讲的是一位足球员。,context,2026-09-v2,本地预制课堂素材；原创短句与场景模板,[],想象你也在这个场景里。用 footballer 说一句自己的话。
for,KET,1,为；因为；至于,prep.,日常沟通,This gift is for you.,这份礼物是给你的。,[],结合常用释义整体记忆。先听老师读，再用自己的生活场景解释。,1,,https://www.cambridgeenglish.org/images/506886-a2-key-2020-vocabulary-list.pdf,fɒ:,https://github.com/skywind3000/ECDICT,offline-materials,for,authored,for · 单词里的小故事,小乐和朋友交换今天的小发现。这份礼物是给你的。小乐说：“This gift is for you.”朋友听懂了，也想起自己遇到过的事。,,This gift is __________ you.,for,这份礼物是给你的。,context,2026-09-v2,本地预制课堂素材；原创短句与场景模板,[],想象你也在这个场景里。用 for 说一句自己的话。
for sale,KET,3,待售,prep. phr.,日常沟通,This bike is for sale.,这辆自行车正在出售。,[],结合常用释义整体记忆。先听老师读，再用自己的生活场景解释。,0,,https://www.cambridgeenglish.org/images/506886-a2-key-2020-vocabulary-list.pdf,,常用义教学修订；原词典见 ECDICT-LICENSE.txt,offline-materials,for sale,authored,for sale · 单词里的小故事,小乐和朋友交换今天的小发现。这辆自行车正在出售。小乐说：“This bike is for sale.”朋友听懂了，也想起自己遇到过的事。,,This bike is __________.,for sale,这辆自行车正在出售。,context,2026-09-v2,本地预制课堂素材；原创短句与场景模板,[],想象你也在这个场景里。用 for sale 说一句自己的话。
foreign,KET,1,外国的；外交的；外省的,adj.,日常沟通,I want to learn a foreign language.,我想学一门外语。,[],结合常用释义整体记忆。先听老师读，再用自己的生活场景解释。,0,,https://www.cambridgeenglish.org/images/506886-a2-key-2020-vocabulary-list.pdf,'fɒ:rin,https://github.com/skywind3000/ECDICT,offline-materials,foreign,authored,foreign · 单词里的小故事,小乐和朋友交换今天的小发现。我想学一门外语。小乐说：“I want to learn a foreign language.”朋友听懂了，也想起自己遇到过的事。,,I want to learn a __________ language.,foreign,我想学一门外语。,context,2026-09-v2,本地预制课堂素材；原创短句与场景模板,[],想象你也在这个场景里。用 foreign 说一句自己的话。
form,KET,1,表格；形式,n.,日常沟通,We talked about the form today.,我们今天谈到了表格。,[],结合常用释义整体记忆。先听老师读，再用自己的生活场景解释。,0,,https://www.cambridgeenglish.org/images/506886-a2-key-2020-vocabulary-list.pdf,fɒ:m,常用义教学修订；原词典见 ECDICT-LICENSE.txt,offline-materials,form,discussion,form · 单词里的小故事,小乐和朋友聊起今天的一件事。我们今天谈到了表格。小乐说：“We talked about the form today.”朋友听懂了，也想起自己遇到过的事。,,We talked about the __________ today.,form,我们今天谈到了表格。,context,2026-09-v2,本地预制课堂素材；原创短句与场景模板,[],想象你也在这个场景里。用 form 说一句自己的话。
free,KET,1,免费的；自由的,adj; adv.,日常沟通,The books are free.,这些书是免费的。,[],结合常用释义整体记忆。先听老师读，再用自己的生活场景解释。,0,,https://www.cambridgeenglish.org/images/506886-a2-key-2020-vocabulary-list.pdf,fri:,常用义教学修订；原词典见 ECDICT-LICENSE.txt,offline-materials,free,authored,free · 单词里的小故事,小乐和朋友交换今天的小发现。这些书是免费的。小乐说：“The books are free.”朋友听懂了，也想起自己遇到过的事。,,The books are __________.,free,这些书是免费的。,context,2026-09-v2,本地预制课堂素材；原创短句与场景模板,[],想象你也在这个场景里。用 free 说一句自己的话。
french fries,KET,3,炸薯条,n.,日常沟通,These french fries taste good.,这份炸薯条味道很好。,[],结合常用释义整体记忆。先听老师读，再用自己的生活场景解释。,0,,https://www.cambridgeenglish.org/images/506886-a2-key-2020-vocabulary-list.pdf,frentʃ fraɪz,https://github.com/skywind3000/ECDICT,offline-materials,french fries,food,french fries · 单词里的小故事,小乐第一次给家人当小帮手，端出一份食物。这份炸薯条味道很好。小乐说：“These french fries taste good.”朋友听懂了，也想起自己遇到过的事。,,These __________ taste good.,french fries,这份炸薯条味道很好。,context,2026-09-v2,本地预制课堂素材；原创短句与场景模板,[],想象你也在这个场景里。用 french fries 说一句自己的话。
friday,KET,1,星期五,n.,日常沟通,Our class meets on Friday.,我们班在星期五上课。,[],结合常用释义整体记忆。先听老师读，再用自己的生活场景解释。,1,,https://www.cambridgeenglish.org/images/506886-a2-key-2020-vocabulary-list.pdf,'fraidi,https://github.com/skywind3000/ECDICT,offline-materials,Friday,date,Friday · 单词里的小故事,小乐在日历上画了一个圈，提醒自己别忘记这个日子。我们班在星期五上课。小乐说：“Our class meets on Friday.”朋友听懂了，也想起自己遇到过的事。,,Our class meets on __________.,Friday,我们班在星期五上课。,context,2026-09-v2,本地预制课堂素材；原创短句与场景模板,[],想象你也在这个场景里。用 Friday 说一句自己的话。
fridge,KET,2,电冰箱,n.,日常沟通,We need the fridge today.,我们今天需要电冰箱。,[],结合常用释义整体记忆。先听老师读，再用自己的生活场景解释。,0,,https://www.cambridgeenglish.org/images/506886-a2-key-2020-vocabulary-list.pdf,fridʒ,https://github.com/skywind3000/ECDICT,offline-materials,fridge,equipment,fridge · 单词里的小故事,班级活动开始前，小乐负责核对需要的东西。我们今天需要电冰箱。小乐说：“We need the fridge today.”朋友听懂了，也想起自己遇到过的事。,,We need the __________ today.,fridge,我们今天需要电冰箱。,context,2026-09-v2,本地预制课堂素材；原创短句与场景模板,[],想象你也在这个场景里。用 fridge 说一句自己的话。
fried,KET,3,油炸的,adj.,日常沟通,I would like a fried egg.,我想要一个煎鸡蛋。,[],结合常用释义整体记忆。先听老师读，再用自己的生活场景解释。,0,,https://www.cambridgeenglish.org/images/506886-a2-key-2020-vocabulary-list.pdf,fraid,https://github.com/skywind3000/ECDICT,offline-materials,fried,authored,fried · 单词里的小故事,小乐和朋友交换今天的小发现。我想要一个煎鸡蛋。小乐说：“I would like a fried egg.”朋友听懂了，也想起自己遇到过的事。,,I would like a __________ egg.,fried,我想要一个煎鸡蛋。,context,2026-09-v2,本地预制课堂素材；原创短句与场景模板,[],想象你也在这个场景里。用 fried 说一句自己的话。
frightened,KET,2,害怕的；受惊吓的,adj.,日常沟通,I feel frightened today.,我今天感到害怕的。,[],结合常用释义整体记忆。先听老师读，再用自己的生活场景解释。,0,,https://www.cambridgeenglish.org/images/506886-a2-key-2020-vocabulary-list.pdf,'frait(ә)nd,常用义教学修订；原词典见 ECDICT-LICENSE.txt,offline-materials,frightened,feeling,frightened · 单词里的小故事,老师请大家用一个词说说今天的感受，小乐先举了手。我今天感到害怕的。小乐说：“I feel frightened today.”朋友听懂了，也想起自己遇到过的事。,,I feel __________ today.,frightened,我今天感到害怕的。,context,2026-09-v2,本地预制课堂素材；原创短句与场景模板,[],想象你也在这个场景里。用 frightened 说一句自己的话。
frog,KET,2,青蛙,n.,日常沟通,We saw the frog in a picture.,我们在图片里看到了青蛙。,[],结合常用释义整体记忆。先听老师读，再用自己的生活场景解释。,0,,https://www.cambridgeenglish.org/images/506886-a2-key-2020-vocabulary-list.pdf,frɒg,https://github.com/skywind3000/ECDICT,offline-materials,frog,animal,frog · 单词里的小故事,小乐翻开一本动物画册，在其中一页停了下来。我们在图片里看到了青蛙。小乐说：“We saw the frog in a picture.”朋友听懂了，也想起自己遇到过的事。,,We saw the __________ in a picture.,frog,我们在图片里看到了青蛙。,context,2026-09-v2,本地预制课堂素材；原创短句与场景模板,[],想象你也在这个场景里。用 frog 说一句自己的话。
from,KET,1,从；来自；根据,prep.,日常沟通,I am from China.,我来自中国。,[],结合常用释义整体记忆。先听老师读，再用自己的生活场景解释。,1,,https://www.cambridgeenglish.org/images/506886-a2-key-2020-vocabulary-list.pdf,frɒm,https://github.com/skywind3000/ECDICT,offline-materials,from,authored,from · 单词里的小故事,小乐和朋友交换今天的小发现。我来自中国。小乐说：“I am from China.”朋友听懂了，也想起自己遇到过的事。,,I am __________ China.,from,我来自中国。,context,2026-09-v2,本地预制课堂素材；原创短句与场景模板,[],想象你也在这个场景里。用 from 说一句自己的话。
front,KET,1,前面；开头；前线,n.,日常沟通,We talked about the front today.,我们今天谈到了前面。,[],结合常用释义整体记忆。先听老师读，再用自己的生活场景解释。,0,,https://www.cambridgeenglish.org/images/506886-a2-key-2020-vocabulary-list.pdf,frʌnt,https://github.com/skywind3000/ECDICT,offline-materials,front,discussion,front · 单词里的小故事,小乐和朋友聊起今天的一件事。我们今天谈到了前面。小乐说：“We talked about the front today.”朋友听懂了，也想起自己遇到过的事。,,We talked about the __________ today.,front,我们今天谈到了前面。,context,2026-09-v2,本地预制课堂素材；原创短句与场景模板,[],想象你也在这个场景里。用 front 说一句自己的话。
fruit,KET,1,水果；果类；结果,n.,日常沟通,This fruit tastes good.,这份水果味道很好。,[],结合常用释义整体记忆。先听老师读，再用自己的生活场景解释。,0,,https://www.cambridgeenglish.org/images/506886-a2-key-2020-vocabulary-list.pdf,fru:t,https://github.com/skywind3000/ECDICT,offline-materials,fruit,food,fruit · 单词里的小故事,小乐第一次给家人当小帮手，端出一份食物。这份水果味道很好。小乐说：“This fruit tastes good.”朋友听懂了，也想起自己遇到过的事。,,This __________ tastes good.,fruit,这份水果味道很好。,context,2026-09-v2,本地预制课堂素材；原创短句与场景模板,[],想象你也在这个场景里。用 fruit 说一句自己的话。
fun,KET,2,乐趣；有趣的,adj; n.,日常沟通,It is a fun story.,这是一个乐趣故事。,[],结合常用释义整体记忆。先听老师读，再用自己的生活场景解释。,0,,https://www.cambridgeenglish.org/images/506886-a2-key-2020-vocabulary-list.pdf,fʌn,常用义教学修订；原词典见 ECDICT-LICENSE.txt,offline-materials,fun,story-quality,fun · 单词里的小故事,读完一本故事书，小乐想用一句话向朋友介绍它。这是一个乐趣故事。小乐说：“It is a fun story.”朋友听懂了，也想起自己遇到过的事。,,It is a __________ story.,fun,这是一个乐趣故事。,context,2026-09-v2,本地预制课堂素材；原创短句与场景模板,[],想象你也在这个场景里。用 fun 说一句自己的话。
funny,KET,1,好笑的；有趣的；滑稽的,adj.,日常沟通,It is a funny story.,这是一个好笑的故事。,[],结合常用释义整体记忆。先听老师读，再用自己的生活场景解释。,0,,https://www.cambridgeenglish.org/images/506886-a2-key-2020-vocabulary-list.pdf,'fʌni,https://github.com/skywind3000/ECDICT,offline-materials,funny,story-quality,funny · 单词里的小故事,读完一本故事书，小乐想用一句话向朋友介绍它。这是一个好笑的故事。小乐说：“It is a funny story.”朋友听懂了，也想起自己遇到过的事。,,It is a __________ story.,funny,这是一个好笑的故事。,context,2026-09-v2,本地预制课堂素材；原创短句与场景模板,[],想象你也在这个场景里。用 funny 说一句自己的话。
fur,KET,2,毛皮,n.,日常沟通,I like your fur.,我喜欢你的毛皮。,[],结合常用释义整体记忆。先听老师读，再用自己的生活场景解释。,0,,https://www.cambridgeenglish.org/images/506886-a2-key-2020-vocabulary-list.pdf,fә:,https://github.com/skywind3000/ECDICT,offline-materials,fur,clothes,fur · 单词里的小故事,出门前，小乐注意到了朋友的穿着。我喜欢你的毛皮。小乐说：“I like your fur.”朋友听懂了，也想起自己遇到过的事。,,I like your __________.,fur,我喜欢你的毛皮。,context,2026-09-v2,本地预制课堂素材；原创短句与场景模板,[],想象你也在这个场景里。用 fur 说一句自己的话。
further,KET,1,更远的；此外的；更多的,adj.,日常沟通,We need to walk a little further.,我们需要再走远一点。,[],结合常用释义整体记忆。先听老师读，再用自己的生活场景解释。,0,,https://www.cambridgeenglish.org/images/506886-a2-key-2020-vocabulary-list.pdf,'fә:ðә,https://github.com/skywind3000/ECDICT,offline-materials,further,authored,further · 单词里的小故事,小乐和朋友交换今天的小发现。我们需要再走远一点。小乐说：“We need to walk a little further.”朋友听懂了，也想起自己遇到过的事。,,We need to walk a little __________.,further,我们需要再走远一点。,context,2026-09-v2,本地预制课堂素材；原创短句与场景模板,[],想象你也在这个场景里。用 further 说一句自己的话。
future,KET,1,未来；将来,n.,日常沟通,We talked about our future plans.,我们谈论了未来的计划。,[],结合常用释义整体记忆。先听老师读，再用自己的生活场景解释。,0,,https://www.cambridgeenglish.org/images/506886-a2-key-2020-vocabulary-list.pdf,'fju:tʃә,https://github.com/skywind3000/ECDICT,offline-materials,future,authored,future · 单词里的小故事,小乐和朋友交换今天的小发现。我们谈论了未来的计划。小乐说：“We talked about our future plans.”朋友听懂了，也想起自己遇到过的事。,,We talked about our __________ plans.,future,我们谈论了未来的计划。,context,2026-09-v2,本地预制课堂素材；原创短句与场景模板,[],想象你也在这个场景里。用 future 说一句自己的话。
gallery,KET,1,美术馆；画廊,n.,日常沟通,We saw pictures in the gallery.,我们在美术馆看了画。,[],结合常用释义整体记忆。先听老师读，再用自己的生活场景解释。,0,,https://www.cambridgeenglish.org/images/506886-a2-key-2020-vocabulary-list.pdf,'gælәri,常用义教学修订；原词典见 ECDICT-LICENSE.txt,offline-materials,gallery,authored,gallery · 单词里的小故事,小乐和朋友交换今天的小发现。我们在美术馆看了画。小乐说：“We saw pictures in the gallery.”朋友听懂了，也想起自己遇到过的事。,,We saw pictures in the __________.,gallery,我们在美术馆看了画。,context,2026-09-v2,本地预制课堂素材；原创短句与场景模板,[],想象你也在这个场景里。用 gallery 说一句自己的话。
game,KET,1,游戏；比赛,n.,日常沟通,We talked about the game today.,我们今天谈到了游戏。,[],结合常用释义整体记忆。先听老师读，再用自己的生活场景解释。,0,,https://www.cambridgeenglish.org/images/506886-a2-key-2020-vocabulary-list.pdf,geim,常用义教学修订；原词典见 ECDICT-LICENSE.txt,offline-materials,game,discussion,game · 单词里的小故事,小乐和朋友聊起今天的一件事。我们今天谈到了游戏。小乐说：“We talked about the game today.”朋友听懂了，也想起自己遇到过的事。,,We talked about the __________ today.,game,我们今天谈到了游戏。,context,2026-09-v2,本地预制课堂素材；原创短句与场景模板,[],想象你也在这个场景里。用 game 说一句自己的话。
garage,KET,2,车库；汽车修理厂；机库,n.,日常沟通,We visited the garage today.,我们今天参观了车库。,[],结合常用释义整体记忆。先听老师读，再用自己的生活场景解释。,0,,https://www.cambridgeenglish.org/images/506886-a2-key-2020-vocabulary-list.pdf,gә'rɑ:ʒ. 'gærɑ:ʒ,https://github.com/skywind3000/ECDICT,offline-materials,garage,place,garage · 单词里的小故事,小乐把今天的外出经历记进了日记。我们今天参观了车库。小乐说：“We visited the garage today.”朋友听懂了，也想起自己遇到过的事。,,We visited the __________ today.,garage,我们今天参观了车库。,context,2026-09-v2,本地预制课堂素材；原创短句与场景模板,[],想象你也在这个场景里。用 garage 说一句自己的话。
garden,KET,1,花园；果园；菜园,n.,日常沟通,We visited the garden today.,我们今天参观了花园。,[],结合常用释义整体记忆。先听老师读，再用自己的生活场景解释。,0,,https://www.cambridgeenglish.org/images/506886-a2-key-2020-vocabulary-list.pdf,'gɑ:dn,https://github.com/skywind3000/ECDICT,offline-materials,garden,place,garden · 单词里的小故事,小乐把今天的外出经历记进了日记。我们今天参观了花园。小乐说：“We visited the garden today.”朋友听懂了，也想起自己遇到过的事。,,We visited the __________ today.,garden,我们今天参观了花园。,context,2026-09-v2,本地预制课堂素材；原创短句与场景模板,[],想象你也在这个场景里。用 garden 说一句自己的话。
garlic,KET,2,大蒜,n.,日常沟通,This garlic tastes good.,这份大蒜味道很好。,[],结合常用释义整体记忆。先听老师读，再用自己的生活场景解释。,0,,https://www.cambridgeenglish.org/images/506886-a2-key-2020-vocabulary-list.pdf,'gɑ:lik,https://github.com/skywind3000/ECDICT,offline-materials,garlic,food,garlic · 单词里的小故事,小乐第一次给家人当小帮手，端出一份食物。这份大蒜味道很好。小乐说：“This garlic tastes good.”朋友听懂了，也想起自己遇到过的事。,,This __________ tastes good.,garlic,这份大蒜味道很好。,context,2026-09-v2,本地预制课堂素材；原创短句与场景模板,[],想象你也在这个场景里。用 garlic 说一句自己的话。
gas,KET,1,气体；汽油；瓦斯,n.,日常沟通,We visited the gas today.,我们今天参观了气体。,[],结合常用释义整体记忆。先听老师读，再用自己的生活场景解释。,0,,https://www.cambridgeenglish.org/images/506886-a2-key-2020-vocabulary-list.pdf,gæs,https://github.com/skywind3000/ECDICT,offline-materials,gas,place,gas · 单词里的小故事,小乐把今天的外出经历记进了日记。我们今天参观了气体。小乐说：“We visited the gas today.”朋友听懂了，也想起自己遇到过的事。,,We visited the __________ today.,gas,我们今天参观了气体。,context,2026-09-v2,本地预制课堂素材；原创短句与场景模板,[],想象你也在这个场景里。用 gas 说一句自己的话。
gas station,KET,3,加油站,n.,日常沟通,We visited the gas station today.,我们今天参观了加油站。,[],结合常用释义整体记忆。先听老师读，再用自己的生活场景解释。,0,,https://www.cambridgeenglish.org/images/506886-a2-key-2020-vocabulary-list.pdf,,https://github.com/skywind3000/ECDICT,offline-materials,gas station,place,gas station · 单词里的小故事,小乐把今天的外出经历记进了日记。我们今天参观了加油站。小乐说：“We visited the gas station today.”朋友听懂了，也想起自己遇到过的事。,,We visited the __________ today.,gas station,我们今天参观了加油站。,context,2026-09-v2,本地预制课堂素材；原创短句与场景模板,[],想象你也在这个场景里。用 gas station 说一句自己的话。
gate,KET,1,门；牌楼；大门,n.,日常沟通,We talked about the gate today.,我们今天谈到了门。,[],结合常用释义整体记忆。先听老师读，再用自己的生活场景解释。,0,,https://www.cambridgeenglish.org/images/506886-a2-key-2020-vocabulary-list.pdf,geit,https://github.com/skywind3000/ECDICT,offline-materials,gate,discussion,gate · 单词里的小故事,小乐和朋友聊起今天的一件事。我们今天谈到了门。小乐说：“We talked about the gate today.”朋友听懂了，也想起自己遇到过的事。,,We talked about the __________ today.,gate,我们今天谈到了门。,context,2026-09-v2,本地预制课堂素材；原创短句与场景模板,[],想象你也在这个场景里。用 gate 说一句自己的话。
geography,KET,2,地理学；地理,n.,日常沟通,We learn about geography at school.,我们在学校学习地理学。,[],结合常用释义整体记忆。先听老师读，再用自己的生活场景解释。,0,,https://www.cambridgeenglish.org/images/506886-a2-key-2020-vocabulary-list.pdf,dʒi'ɒgrәfi,https://github.com/skywind3000/ECDICT,offline-materials,geography,school,geography · 单词里的小故事,小乐把今天在学校学到的内容讲给家人听。我们在学校学习地理学。小乐说：“We learn about geography at school.”朋友听懂了，也想起自己遇到过的事。,,We learn about __________ at school.,geography,我们在学校学习地理学。,context,2026-09-v2,本地预制课堂素材；原创短句与场景模板,[],想象你也在这个场景里。用 geography 说一句自己的话。
get back,KET,3,回来；恢复；送回,v.,日常沟通,What time will you get back?,你几点会回来？,[],结合常用释义整体记忆。先听老师读，再用自己的生活场景解释。,0,,https://www.cambridgeenglish.org/images/506886-a2-key-2020-vocabulary-list.pdf,,https://github.com/skywind3000/ECDICT,offline-materials,get back,authored,get back · 单词里的小故事,小乐和朋友交换今天的小发现。你几点会回来？小乐说：“What time will you get back?”朋友听懂了，也想起自己遇到过的事。,,What time will you __________?,get back,你几点会回来？,context,2026-09-v2,本地预制课堂素材；原创短句与场景模板,[],想象你也在这个场景里。用 get back 说一句自己的话。
get dressed,KET,3,穿衣服,v.,日常沟通,I get dressed before breakfast.,我在早饭前穿好衣服。,[],结合常用释义整体记忆。先听老师读，再用自己的生活场景解释。,0,,https://www.cambridgeenglish.org/images/506886-a2-key-2020-vocabulary-list.pdf,ɡet drest,https://github.com/skywind3000/ECDICT,offline-materials,get dressed,authored,get dressed · 单词里的小故事,小乐和朋友交换今天的小发现。我在早饭前穿好衣服。小乐说：“I get dressed before breakfast.”朋友听懂了，也想起自己遇到过的事。,,I __________ before breakfast.,get dressed,我在早饭前穿好衣服。,context,2026-09-v2,本地预制课堂素材；原创短句与场景模板,[],想象你也在这个场景里。用 get dressed 说一句自己的话。
get fit,KET,2,锻炼以保持健康,v.,日常沟通,I run every day to get fit.,我每天跑步来强健身体。,[],作为一个常用表达整体理解，先跟读再结合场景练习。,0,,https://www.cambridgeenglish.org/images/506886-a2-key-2020-vocabulary-list.pdf,,原创课堂释义,offline-materials,get fit,authored,get fit · 单词里的小故事,小乐和朋友交换今天的小发现。我每天跑步来强健身体。小乐说：“I run every day to get fit.”朋友听懂了，也想起自己遇到过的事。,,I run every day to __________.,get fit,我每天跑步来强健身体。,context,2026-09-v2,本地预制课堂素材；原创短句与场景模板,[],想象你也在这个场景里。用 get fit 说一句自己的话。
get married,KET,3,结婚；结亲；成家立室,v.,日常沟通,They plan to get married next year.,他们计划明年结婚。,[],结合常用释义整体记忆。先听老师读，再用自己的生活场景解释。,0,,https://www.cambridgeenglish.org/images/506886-a2-key-2020-vocabulary-list.pdf,ɡet ˈmærid,https://github.com/skywind3000/ECDICT,offline-materials,get married,authored,get married · 单词里的小故事,小乐和朋友交换今天的小发现。他们计划明年结婚。小乐说：“They plan to get married next year.”朋友听懂了，也想起自己遇到过的事。,,They plan to __________ next year.,get married,他们计划明年结婚。,context,2026-09-v2,本地预制课堂素材；原创短句与场景模板,[],想象你也在这个场景里。用 get married 说一句自己的话。
get off,KET,3,下来；脱下；出发,phr v.,日常沟通,We get off the bus here.,我们在这里下公交车。,[],结合常用释义整体记忆。先听老师读，再用自己的生活场景解释。,0,,https://www.cambridgeenglish.org/images/506886-a2-key-2020-vocabulary-list.pdf,,https://github.com/skywind3000/ECDICT,offline-materials,get off,authored,get off · 单词里的小故事,小乐和朋友交换今天的小发现。我们在这里下公交车。小乐说：“We get off the bus here.”朋友听懂了，也想起自己遇到过的事。,,We __________ the bus here.,get off,我们在这里下公交车。,context,2026-09-v2,本地预制课堂素材；原创短句与场景模板,[],想象你也在这个场景里。用 get off 说一句自己的话。
get on,KET,3,生活；融洽相处；进展,phr v.,日常沟通,Let's get on the bus.,我们上公交车吧。,[],结合常用释义整体记忆。先听老师读，再用自己的生活场景解释。,0,,https://www.cambridgeenglish.org/images/506886-a2-key-2020-vocabulary-list.pdf,,https://github.com/skywind3000/ECDICT,offline-materials,get on,authored,get on · 单词里的小故事,小乐和朋友交换今天的小发现。我们上公交车吧。小乐说：“Let's get on the bus.”朋友听懂了，也想起自己遇到过的事。,,Let's __________ the bus.,get on,我们上公交车吧。,context,2026-09-v2,本地预制课堂素材；原创短句与场景模板,[],想象你也在这个场景里。用 get on 说一句自己的话。
get up,KET,3,起床；起身,phr v.,日常沟通,I get up at seven.,我七点起床。,[],结合常用释义整体记忆。先听老师读，再用自己的生活场景解释。,0,,https://www.cambridgeenglish.org/images/506886-a2-key-2020-vocabulary-list.pdf,,常用义教学修订；原词典见 ECDICT-LICENSE.txt,offline-materials,get up,authored,get up · 单词里的小故事,小乐和朋友交换今天的小发现。我七点起床。小乐说：“I get up at seven.”朋友听懂了，也想起自己遇到过的事。,,I __________ at seven.,get up,我七点起床。,context,2026-09-v2,本地预制课堂素材；原创短句与场景模板,[],想象你也在这个场景里。用 get up 说一句自己的话。
gift,KET,1,礼物；赠予；天才,n.,日常沟通,We need the gift today.,我们今天需要礼物。,[],结合常用释义整体记忆。先听老师读，再用自己的生活场景解释。,0,,https://www.cambridgeenglish.org/images/506886-a2-key-2020-vocabulary-list.pdf,gift,https://github.com/skywind3000/ECDICT,offline-materials,gift,equipment,gift · 单词里的小故事,班级活动开始前，小乐负责核对需要的东西。我们今天需要礼物。小乐说：“We need the gift today.”朋友听懂了，也想起自己遇到过的事。,,We need the __________ today.,gift,我们今天需要礼物。,context,2026-09-v2,本地预制课堂素材；原创短句与场景模板,[],想象你也在这个场景里。用 gift 说一句自己的话。
girl,KET,1,女孩；少女；女佣,n.,日常沟通,This story is about a girl.,这个故事讲的是一位女孩。,[],结合常用释义整体记忆。先听老师读，再用自己的生活场景解释。,1,,https://www.cambridgeenglish.org/images/506886-a2-key-2020-vocabulary-list.pdf,gә:l,https://github.com/skywind3000/ECDICT,offline-materials,girl,person,girl · 单词里的小故事,读书会轮到小乐介绍故事里的一个人物。这个故事讲的是一位女孩。小乐说：“This story is about a girl.”朋友听懂了，也想起自己遇到过的事。,,This story is about a __________.,girl,这个故事讲的是一位女孩。,context,2026-09-v2,本地预制课堂素材；原创短句与场景模板,[],想象你也在这个场景里。用 girl 说一句自己的话。
give,KET,1,给；授予；供给,v.,日常沟通,Please give me the book.,请把书给我。,[],结合常用释义整体记忆。先听老师读，再用自己的生活场景解释。,1,,https://www.cambridgeenglish.org/images/506886-a2-key-2020-vocabulary-list.pdf,giv,https://github.com/skywind3000/ECDICT,offline-materials,give,authored,give · 单词里的小故事,小乐和朋友交换今天的小发现。请把书给我。小乐说：“Please give me the book.”朋友听懂了，也想起自己遇到过的事。,,Please __________ me the book.,give,请把书给我。,context,2026-09-v2,本地预制课堂素材；原创短句与场景模板,[],想象你也在这个场景里。用 give 说一句自己的话。
give back,KET,3,归还；恢复；后退,v.,日常沟通,Please give back my pen.,请把笔还给我。,[],结合常用释义整体记忆。先听老师读，再用自己的生活场景解释。,0,,https://www.cambridgeenglish.org/images/506886-a2-key-2020-vocabulary-list.pdf,,https://github.com/skywind3000/ECDICT,offline-materials,give back,authored,give back · 单词里的小故事,小乐和朋友交换今天的小发现。请把笔还给我。小乐说：“Please give back my pen.”朋友听懂了，也想起自己遇到过的事。,,Please __________ my pen.,give back,请把笔还给我。,context,2026-09-v2,本地预制课堂素材；原创短句与场景模板,[],想象你也在这个场景里。用 give back 说一句自己的话。
glass,KET,1,玻璃；玻璃杯；透镜,n; adj.,日常沟通,We need the glass today.,我们今天需要玻璃。,[],结合常用释义整体记忆。先听老师读，再用自己的生活场景解释。,1,,https://www.cambridgeenglish.org/images/506886-a2-key-2020-vocabulary-list.pdf,glɑ:s,https://github.com/skywind3000/ECDICT,offline-materials,glass,equipment,glass · 单词里的小故事,班级活动开始前，小乐负责核对需要的东西。我们今天需要玻璃。小乐说：“We need the glass today.”朋友听懂了，也想起自己遇到过的事。,,We need the __________ today.,glass,我们今天需要玻璃。,context,2026-09-v2,本地预制课堂素材；原创短句与场景模板,[],想象你也在这个场景里。用 glass 说一句自己的话。
glasses,KET,3,眼镜,n pl.,日常沟通,I like your glasses.,我喜欢你的眼镜。,[],结合常用释义整体记忆。先听老师读，再用自己的生活场景解释。,0,,https://www.cambridgeenglish.org/images/506886-a2-key-2020-vocabulary-list.pdf,'glɑ:siz,常用义教学修订；原词典见 ECDICT-LICENSE.txt,offline-materials,glasses,clothes,glasses · 单词里的小故事,出门前，小乐注意到了朋友的穿着。我喜欢你的眼镜。小乐说：“I like your glasses.”朋友听懂了，也想起自己遇到过的事。,,I like your __________.,glasses,我喜欢你的眼镜。,context,2026-09-v2,本地预制课堂素材；原创短句与场景模板,[],想象你也在这个场景里。用 glasses 说一句自己的话。
go out,KET,3,出去；熄灭；过时,phr v.,日常沟通,We can go out after lunch.,我们午饭后可以出去。,[],结合常用释义整体记忆。先听老师读，再用自己的生活场景解释。,0,,https://www.cambridgeenglish.org/images/506886-a2-key-2020-vocabulary-list.pdf,,https://github.com/skywind3000/ECDICT,offline-materials,go out,authored,go out · 单词里的小故事,小乐和朋友交换今天的小发现。我们午饭后可以出去。小乐说：“We can go out after lunch.”朋友听懂了，也想起自己遇到过的事。,,We can __________ after lunch.,go out,我们午饭后可以出去。,context,2026-09-v2,本地预制课堂素材；原创短句与场景模板,[],想象你也在这个场景里。用 go out 说一句自己的话。
goal,KET,1,目标；终点；得分,n.,日常沟通,We talked about the goal today.,我们今天谈到了目标。,[],结合常用释义整体记忆。先听老师读，再用自己的生活场景解释。,0,,https://www.cambridgeenglish.org/images/506886-a2-key-2020-vocabulary-list.pdf,gәul,https://github.com/skywind3000/ECDICT,offline-materials,goal,discussion,goal · 单词里的小故事,小乐和朋友聊起今天的一件事。我们今天谈到了目标。小乐说：“We talked about the goal today.”朋友听懂了，也想起自己遇到过的事。,,We talked about the __________ today.,goal,我们今天谈到了目标。,context,2026-09-v2,本地预制课堂素材；原创短句与场景模板,[],想象你也在这个场景里。用 goal 说一句自己的话。
goat,KET,2,山羊；替罪羊；色鬼,n.,日常沟通,We saw the goat in a picture.,我们在图片里看到了山羊。,[],结合常用释义整体记忆。先听老师读，再用自己的生活场景解释。,0,,https://www.cambridgeenglish.org/images/506886-a2-key-2020-vocabulary-list.pdf,gәut,https://github.com/skywind3000/ECDICT,offline-materials,goat,animal,goat · 单词里的小故事,小乐翻开一本动物画册，在其中一页停了下来。我们在图片里看到了山羊。小乐说：“We saw the goat in a picture.”朋友听懂了，也想起自己遇到过的事。,,We saw the __________ in a picture.,goat,我们在图片里看到了山羊。,context,2026-09-v2,本地预制课堂素材；原创短句与场景模板,[],想象你也在这个场景里。用 goat 说一句自己的话。
gold,KET,1,黄金；金色的,n; adj.,日常沟通,We talked about the gold today.,我们今天谈到了黄金。,[],结合常用释义整体记忆。先听老师读，再用自己的生活场景解释。,0,,https://www.cambridgeenglish.org/images/506886-a2-key-2020-vocabulary-list.pdf,gәuld,常用义教学修订；原词典见 ECDICT-LICENSE.txt,offline-materials,gold,discussion,gold · 单词里的小故事,小乐和朋友聊起今天的一件事。我们今天谈到了黄金。小乐说：“We talked about the gold today.”朋友听懂了，也想起自己遇到过的事。,,We talked about the __________ today.,gold,我们今天谈到了黄金。,context,2026-09-v2,本地预制课堂素材；原创短句与场景模板,[],想象你也在这个场景里。用 gold 说一句自己的话。
golden,KET,2,金的；含金的；金色的,adj.,日常沟通,This box is golden.,这个盒子是金的。,[],结合常用释义整体记忆。先听老师读，再用自己的生活场景解释。,0,,https://www.cambridgeenglish.org/images/506886-a2-key-2020-vocabulary-list.pdf,'gәuldn,https://github.com/skywind3000/ECDICT,offline-materials,golden,object-quality,golden · 单词里的小故事,朋友闭上眼睛，让小乐描述面前的盒子。这个盒子是金的。小乐说：“This box is golden.”朋友听懂了，也想起自己遇到过的事。,,This box is __________.,golden,这个盒子是金的。,context,2026-09-v2,本地预制课堂素材；原创短句与场景模板,[],想象你也在这个场景里。用 golden 说一句自己的话。
golf,KET,2,高尔夫球,n.,日常沟通,I want to learn more about golf.,我想多了解一些高尔夫球。,[],结合常用释义整体记忆。先听老师读，再用自己的生活场景解释。,0,,https://www.cambridgeenglish.org/images/506886-a2-key-2020-vocabulary-list.pdf,gɒlf,https://github.com/skywind3000/ECDICT,offline-materials,golf,activity,golf · 单词里的小故事,班级要举办兴趣日，小乐选了自己想了解的活动。我想多了解一些高尔夫球。小乐说：“I want to learn more about golf.”朋友听懂了，也想起自己遇到过的事。,,I want to learn more about __________.,golf,我想多了解一些高尔夫球。,context,2026-09-v2,本地预制课堂素材；原创短句与场景模板,[],想象你也在这个场景里。用 golf 说一句自己的话。
good afternoon,KET,3,下午好,exclam.,日常沟通,"Good afternoon, children.",下午好，孩子们。,[],结合常用释义整体记忆。先听老师读，再用自己的生活场景解释。,0,,https://www.cambridgeenglish.org/images/506886-a2-key-2020-vocabulary-list.pdf,,https://github.com/skywind3000/ECDICT,offline-materials,good afternoon,authored,good afternoon · 单词里的小故事,"小乐和朋友交换今天的小发现。下午好，孩子们。小乐说：“Good afternoon, children.”朋友听懂了，也想起自己遇到过的事。",,"__________, children.",Good afternoon,下午好，孩子们。,context,2026-09-v2,本地预制课堂素材；原创短句与场景模板,[],想象你也在这个场景里。用 good afternoon 说一句自己的话。
good evening,KET,3,晚上好,exclam.,日常沟通,Good evening! Please come in.,晚上好！请进。,[],结合常用释义整体记忆。先听老师读，再用自己的生活场景解释。,0,,https://www.cambridgeenglish.org/images/506886-a2-key-2020-vocabulary-list.pdf,,https://github.com/skywind3000/ECDICT,offline-materials,good evening,authored,good evening · 单词里的小故事,小乐和朋友交换今天的小发现。晚上好！请进。小乐说：“Good evening! Please come in.”朋友听懂了，也想起自己遇到过的事。,,__________! Please come in.,Good evening,晚上好！请进。,context,2026-09-v2,本地预制课堂素材；原创短句与场景模板,[],想象你也在这个场景里。用 good evening 说一句自己的话。
good morning,KET,3,早上好,exclam.,日常沟通,"Good morning, teacher.",老师早上好。,[],结合常用释义整体记忆。先听老师读，再用自己的生活场景解释。,0,,https://www.cambridgeenglish.org/images/506886-a2-key-2020-vocabulary-list.pdf,,https://github.com/skywind3000/ECDICT,offline-materials,good morning,authored,good morning · 单词里的小故事,"小乐和朋友交换今天的小发现。老师早上好。小乐说：“Good morning, teacher.”朋友听懂了，也想起自己遇到过的事。",,"__________, teacher.",Good morning,老师早上好。,context,2026-09-v2,本地预制课堂素材；原创短句与场景模板,[],想象你也在这个场景里。用 good morning 说一句自己的话。
good night,KET,3,晚安；再见,exclam.,日常沟通,Good night! Sleep well.,晚安！睡个好觉。,[],结合常用释义整体记忆。先听老师读，再用自己的生活场景解释。,0,,https://www.cambridgeenglish.org/images/506886-a2-key-2020-vocabulary-list.pdf,,https://github.com/skywind3000/ECDICT,offline-materials,good night,authored,good night · 单词里的小故事,小乐和朋友交换今天的小发现。晚安！睡个好觉。小乐说：“Good night! Sleep well.”朋友听懂了，也想起自己遇到过的事。,,__________! Sleep well.,Good night,晚安！睡个好觉。,context,2026-09-v2,本地预制课堂素材；原创短句与场景模板,[],想象你也在这个场景里。用 good night 说一句自己的话。
good-looking,KET,3,相貌好看的；吸引人的,adj.,日常沟通,The man in the story is good-looking.,故事里的那个男人长得好看。,[],结合常用释义整体记忆。先听老师读，再用自己的生活场景解释。,0,,https://www.cambridgeenglish.org/images/506886-a2-key-2020-vocabulary-list.pdf,,https://github.com/skywind3000/ECDICT,offline-materials,good-looking,authored,good-looking · 单词里的小故事,小乐和朋友交换今天的小发现。故事里的那个男人长得好看。小乐说：“The man in the story is good-looking.”朋友听懂了，也想起自己遇到过的事。,,The man in the story is __________.,good-looking,故事里的那个男人长得好看。,context,2026-09-v2,本地预制课堂素材；原创短句与场景模板,[],想象你也在这个场景里。用 good-looking 说一句自己的话。
goodbye,KET,1,再见,exclam.,日常沟通,Goodbye! Have a nice day.,再见！祝你今天愉快。,[],结合常用释义整体记忆。先听老师读，再用自己的生活场景解释。,1,,https://www.cambridgeenglish.org/images/506886-a2-key-2020-vocabulary-list.pdf,gud'bai,https://github.com/skywind3000/ECDICT,offline-materials,goodbye,authored,goodbye · 单词里的小故事,小乐和朋友交换今天的小发现。再见！祝你今天愉快。小乐说：“Goodbye! Have a nice day.”朋友听懂了，也想起自己遇到过的事。,,__________! Have a nice day.,Goodbye,再见！祝你今天愉快。,context,2026-09-v2,本地预制课堂素材；原创短句与场景模板,[],想象你也在这个场景里。用 goodbye 说一句自己的话。
grade,KET,2,等级；年级；阶段,n.,日常沟通,We talked about the grade today.,我们今天谈到了等级。,[],结合常用释义整体记忆。先听老师读，再用自己的生活场景解释。,0,,https://www.cambridgeenglish.org/images/506886-a2-key-2020-vocabulary-list.pdf,greid,https://github.com/skywind3000/ECDICT,offline-materials,grade,discussion,grade · 单词里的小故事,小乐和朋友聊起今天的一件事。我们今天谈到了等级。小乐说：“We talked about the grade today.”朋友听懂了，也想起自己遇到过的事。,,We talked about the __________ today.,grade,我们今天谈到了等级。,context,2026-09-v2,本地预制课堂素材；原创短句与场景模板,[],想象你也在这个场景里。用 grade 说一句自己的话。
gram,KET,3,克；绿豆；鹰嘴豆,n.,日常沟通,We talked about the gram today.,我们今天谈到了克。,[],结合常用释义整体记忆。先听老师读，再用自己的生活场景解释。,0,,https://www.cambridgeenglish.org/images/506886-a2-key-2020-vocabulary-list.pdf,græm,https://github.com/skywind3000/ECDICT,offline-materials,gram,discussion,gram · 单词里的小故事,小乐和朋友聊起今天的一件事。我们今天谈到了克。小乐说：“We talked about the gram today.”朋友听懂了，也想起自己遇到过的事。,,We talked about the __________ today.,gram,我们今天谈到了克。,context,2026-09-v2,本地预制课堂素材；原创短句与场景模板,[],想象你也在这个场景里。用 gram 说一句自己的话。
grandad,KET,3,爷爷；外公,n.,日常沟通,This story is about a grandad.,这个故事讲的是一位爷爷。,[],结合常用释义整体记忆。先听老师读，再用自己的生活场景解释。,0,,https://www.cambridgeenglish.org/images/506886-a2-key-2020-vocabulary-list.pdf,'^rændæd,常用义教学修订；原词典见 ECDICT-LICENSE.txt,offline-materials,grandad,person,grandad · 单词里的小故事,读书会轮到小乐介绍故事里的一个人物。这个故事讲的是一位爷爷。小乐说：“This story is about a grandad.”朋友听懂了，也想起自己遇到过的事。,,This story is about a __________.,grandad,这个故事讲的是一位爷爷。,context,2026-09-v2,本地预制课堂素材；原创短句与场景模板,[],想象你也在这个场景里。用 grandad 说一句自己的话。
granddaughter,KET,3,孙女；外孙女,n.,日常沟通,This story is about a granddaughter.,这个故事讲的是一位孙女。,[],结合常用释义整体记忆。先听老师读，再用自己的生活场景解释。,0,,https://www.cambridgeenglish.org/images/506886-a2-key-2020-vocabulary-list.pdf,'^rændɔ:tә(r),https://github.com/skywind3000/ECDICT,offline-materials,granddaughter,person,granddaughter · 单词里的小故事,读书会轮到小乐介绍故事里的一个人物。这个故事讲的是一位孙女。小乐说：“This story is about a granddaughter.”朋友听懂了，也想起自己遇到过的事。,,This story is about a __________.,granddaughter,这个故事讲的是一位孙女。,context,2026-09-v2,本地预制课堂素材；原创短句与场景模板,[],想象你也在这个场景里。用 granddaughter 说一句自己的话。
grandma,KET,3,奶奶；外婆,n.,日常沟通,This story is about a grandma.,这个故事讲的是一位奶奶。,[],结合常用释义整体记忆。先听老师读，再用自己的生活场景解释。,0,,https://www.cambridgeenglish.org/images/506886-a2-key-2020-vocabulary-list.pdf,'grændmɑ:,常用义教学修订；原词典见 ECDICT-LICENSE.txt,offline-materials,grandma,person,grandma · 单词里的小故事,读书会轮到小乐介绍故事里的一个人物。这个故事讲的是一位奶奶。小乐说：“This story is about a grandma.”朋友听懂了，也想起自己遇到过的事。,,This story is about a __________.,grandma,这个故事讲的是一位奶奶。,context,2026-09-v2,本地预制课堂素材；原创短句与场景模板,[],想象你也在这个场景里。用 grandma 说一句自己的话。
grandpa,KET,3,爷爷；外公,n.,日常沟通,This story is about a grandpa.,这个故事讲的是一位爷爷。,[],结合常用释义整体记忆。先听老师读，再用自己的生活场景解释。,0,,https://www.cambridgeenglish.org/images/506886-a2-key-2020-vocabulary-list.pdf,"'^rænpɑ:, '^rændpɑ:",常用义教学修订；原词典见 ECDICT-LICENSE.txt,offline-materials,grandpa,person,grandpa · 单词里的小故事,读书会轮到小乐介绍故事里的一个人物。这个故事讲的是一位爷爷。小乐说：“This story is about a grandpa.”朋友听懂了，也想起自己遇到过的事。,,This story is about a __________.,grandpa,这个故事讲的是一位爷爷。,context,2026-09-v2,本地预制课堂素材；原创短句与场景模板,[],想象你也在这个场景里。用 grandpa 说一句自己的话。
grandson,KET,2,孙子；外孙,n.,日常沟通,This story is about a grandson.,这个故事讲的是一位孙子。,[],结合常用释义整体记忆。先听老师读，再用自己的生活场景解释。,0,,https://www.cambridgeenglish.org/images/506886-a2-key-2020-vocabulary-list.pdf,'grændsʌn,https://github.com/skywind3000/ECDICT,offline-materials,grandson,person,grandson · 单词里的小故事,读书会轮到小乐介绍故事里的一个人物。这个故事讲的是一位孙子。小乐说：“This story is about a grandson.”朋友听懂了，也想起自己遇到过的事。,,This story is about a __________.,grandson,这个故事讲的是一位孙子。,context,2026-09-v2,本地预制课堂素材；原创短句与场景模板,[],想象你也在这个场景里。用 grandson 说一句自己的话。
granny,KET,3,奶奶；外婆,n.,日常沟通,This story is about a granny.,这个故事讲的是一位奶奶。,[],结合常用释义整体记忆。先听老师读，再用自己的生活场景解释。,0,,https://www.cambridgeenglish.org/images/506886-a2-key-2020-vocabulary-list.pdf,'^ræni,常用义教学修订；原词典见 ECDICT-LICENSE.txt,offline-materials,granny,person,granny · 单词里的小故事,读书会轮到小乐介绍故事里的一个人物。这个故事讲的是一位奶奶。小乐说：“This story is about a granny.”朋友听懂了，也想起自己遇到过的事。,,This story is about a __________.,granny,这个故事讲的是一位奶奶。,context,2026-09-v2,本地预制课堂素材；原创短句与场景模板,[],想象你也在这个场景里。用 granny 说一句自己的话。
great,KET,1,很棒的；伟大的,adj.,日常沟通,You did a great job.,你做得很棒。,[],结合常用释义整体记忆。先听老师读，再用自己的生活场景解释。,1,,https://www.cambridgeenglish.org/images/506886-a2-key-2020-vocabulary-list.pdf,greit,常用义教学修订；原词典见 ECDICT-LICENSE.txt,offline-materials,great,authored,great · 单词里的小故事,小乐和朋友交换今天的小发现。你做得很棒。小乐说：“You did a great job.”朋友听懂了，也想起自己遇到过的事。,,You did a __________ job.,great,你做得很棒。,context,2026-09-v2,本地预制课堂素材；原创短句与场景模板,[],想象你也在这个场景里。用 great 说一句自己的话。
green,KET,1,绿色的；未成熟的；新鲜的,adj.,日常沟通,This box is green.,这个盒子是绿色的。,[],结合常用释义整体记忆。先听老师读，再用自己的生活场景解释。,1,,https://www.cambridgeenglish.org/images/506886-a2-key-2020-vocabulary-list.pdf,gri:n,https://github.com/skywind3000/ECDICT,offline-materials,green,object-quality,green · 单词里的小故事,朋友闭上眼睛，让小乐描述面前的盒子。这个盒子是绿色的。小乐说：“This box is green.”朋友听懂了，也想起自己遇到过的事。,,This box is __________.,green,这个盒子是绿色的。,context,2026-09-v2,本地预制课堂素材；原创短句与场景模板,[],想象你也在这个场景里。用 green 说一句自己的话。
grey,KET,1,灰色的；阴沉的,adj; n.,日常沟通,This box is grey.,这个盒子是灰色的。,[],结合常用释义整体记忆。先听老师读，再用自己的生活场景解释。,1,,https://www.cambridgeenglish.org/images/506886-a2-key-2020-vocabulary-list.pdf,grei,https://github.com/skywind3000/ECDICT,offline-materials,grey,object-quality,grey · 单词里的小故事,朋友闭上眼睛，让小乐描述面前的盒子。这个盒子是灰色的。小乐说：“This box is grey.”朋友听懂了，也想起自己遇到过的事。,,This box is __________.,grey,这个盒子是灰色的。,context,2026-09-v2,本地预制课堂素材；原创短句与场景模板,[],想象你也在这个场景里。用 grey 说一句自己的话。
grilled,KET,3,烤的；炙过的；有格子的,adj.,日常沟通,We had grilled fish for lunch.,我们午饭吃了烤鱼。,[],结合常用释义整体记忆。先听老师读，再用自己的生活场景解释。,0,,https://www.cambridgeenglish.org/images/506886-a2-key-2020-vocabulary-list.pdf,grild,https://github.com/skywind3000/ECDICT,offline-materials,grilled,authored,grilled · 单词里的小故事,小乐和朋友交换今天的小发现。我们午饭吃了烤鱼。小乐说：“We had grilled fish for lunch.”朋友听懂了，也想起自己遇到过的事。,,We had __________ fish for lunch.,grilled,我们午饭吃了烤鱼。,context,2026-09-v2,本地预制课堂素材；原创短句与场景模板,[],想象你也在这个场景里。用 grilled 说一句自己的话。
grocery store,KET,2,食品杂货店,n.,日常沟通,We buy fruit at the grocery store.,我们在食品杂货店买水果。,[],结合例句和场景整体记忆。,0,,https://www.cambridgeenglish.org/images/506886-a2-key-2020-vocabulary-list.pdf,,原创课堂释义与例句,offline-materials,grocery store,authored,grocery store · 单词里的小故事,小乐和朋友交换今天的小发现。我们在食品杂货店买水果。小乐说：“We buy fruit at the grocery store.”朋友听懂了，也想起自己遇到过的事。,,We buy fruit at the __________.,grocery store,我们在食品杂货店买水果。,context,2026-09-v2,本地预制课堂素材；原创短句与场景模板,[],想象你也在这个场景里。用 grocery store 说一句自己的话。
ground,KET,1,地面,n.,日常沟通,We talked about the ground today.,我们今天谈到了地面。,[],结合常用释义整体记忆。先听老师读，再用自己的生活场景解释。,0,,https://www.cambridgeenglish.org/images/506886-a2-key-2020-vocabulary-list.pdf,graund,常用义教学修订；原词典见 ECDICT-LICENSE.txt,offline-materials,ground,discussion,ground · 单词里的小故事,小乐和朋友聊起今天的一件事。我们今天谈到了地面。小乐说：“We talked about the ground today.”朋友听懂了，也想起自己遇到过的事。,,We talked about the __________ today.,ground,我们今天谈到了地面。,context,2026-09-v2,本地预制课堂素材；原创短句与场景模板,[],想象你也在这个场景里。用 ground 说一句自己的话。
group,KET,1,团体；组；团,n.,日常沟通,We talked about the group today.,我们今天谈到了团体。,[],结合常用释义整体记忆。先听老师读，再用自己的生活场景解释。,0,,https://www.cambridgeenglish.org/images/506886-a2-key-2020-vocabulary-list.pdf,gru:p,https://github.com/skywind3000/ECDICT,offline-materials,group,discussion,group · 单词里的小故事,小乐和朋友聊起今天的一件事。我们今天谈到了团体。小乐说：“We talked about the group today.”朋友听懂了，也想起自己遇到过的事。,,We talked about the __________ today.,group,我们今天谈到了团体。,context,2026-09-v2,本地预制课堂素材；原创短句与场景模板,[],想象你也在这个场景里。用 group 说一句自己的话。
grow,KET,1,种植；使长满,v.,日常沟通,Plants need water to grow.,植物需要水才能生长。,[],结合常用释义整体记忆。先听老师读，再用自己的生活场景解释。,0,,https://www.cambridgeenglish.org/images/506886-a2-key-2020-vocabulary-list.pdf,grәu,https://github.com/skywind3000/ECDICT,offline-materials,grow,authored,grow · 单词里的小故事,小乐和朋友交换今天的小发现。植物需要水才能生长。小乐说：“Plants need water to grow.”朋友听懂了，也想起自己遇到过的事。,,Plants need water to __________.,grow,植物需要水才能生长。,context,2026-09-v2,本地预制课堂素材；原创短句与场景模板,[],想象你也在这个场景里。用 grow 说一句自己的话。
grow up,KET,3,成熟；成年；发展,phr v.,日常沟通,I want to be a teacher when I grow up.,我长大后想当老师。,[],结合常用释义整体记忆。先听老师读，再用自己的生活场景解释。,0,,https://www.cambridgeenglish.org/images/506886-a2-key-2020-vocabulary-list.pdf,,https://github.com/skywind3000/ECDICT,offline-materials,grow up,authored,grow up · 单词里的小故事,小乐和朋友交换今天的小发现。我长大后想当老师。小乐说：“I want to be a teacher when I grow up.”朋友听懂了，也想起自己遇到过的事。,,I want to be a teacher when I __________.,grow up,我长大后想当老师。,context,2026-09-v2,本地预制课堂素材；原创短句与场景模板,[],想象你也在这个场景里。用 grow up 说一句自己的话。
guess,KET,2,猜测；臆测,v.,日常沟通,Can you guess the answer?,你能猜出答案吗？,[],结合常用释义整体记忆。先听老师读，再用自己的生活场景解释。,0,,https://www.cambridgeenglish.org/images/506886-a2-key-2020-vocabulary-list.pdf,ges,https://github.com/skywind3000/ECDICT,offline-materials,guess,authored,guess · 单词里的小故事,小乐和朋友交换今天的小发现。你能猜出答案吗？小乐说：“Can you guess the answer?”朋友听懂了，也想起自己遇到过的事。,,Can you __________ the answer?,guess,你能猜出答案吗？,context,2026-09-v2,本地预制课堂素材；原创短句与场景模板,[],想象你也在这个场景里。用 guess 说一句自己的话。
guest-house,KET,3,高级寄宿舍；宾馆；招待所,n.,日常沟通,We talked about the guest-house today.,我们今天谈到了高级寄宿舍。,[],结合常用释义整体记忆。先听老师读，再用自己的生活场景解释。,0,,https://www.cambridgeenglish.org/images/506886-a2-key-2020-vocabulary-list.pdf,ɡest haus,https://github.com/skywind3000/ECDICT,offline-materials,guest-house,discussion,guest-house · 单词里的小故事,小乐和朋友聊起今天的一件事。我们今天谈到了高级寄宿舍。小乐说：“We talked about the guest-house today.”朋友听懂了，也想起自己遇到过的事。,,We talked about the __________ today.,guest-house,我们今天谈到了高级寄宿舍。,context,2026-09-v2,本地预制课堂素材；原创短句与场景模板,[],想象你也在这个场景里。用 guest-house 说一句自己的话。
guide,KET,1,导游；指南；引导,n.,日常沟通,This story is about a guide.,这个故事讲的是一位导游。,[],结合常用释义整体记忆。先听老师读，再用自己的生活场景解释。,0,,https://www.cambridgeenglish.org/images/506886-a2-key-2020-vocabulary-list.pdf,gaid,常用义教学修订；原词典见 ECDICT-LICENSE.txt,offline-materials,guide,person,guide · 单词里的小故事,读书会轮到小乐介绍故事里的一个人物。这个故事讲的是一位导游。小乐说：“This story is about a guide.”朋友听懂了，也想起自己遇到过的事。,,This story is about a __________.,guide,这个故事讲的是一位导游。,context,2026-09-v2,本地预制课堂素材；原创短句与场景模板,[],想象你也在这个场景里。用 guide 说一句自己的话。
guidebook,KET,3,指南；手册；要览,n.,日常沟通,We talked about the guidebook today.,我们今天谈到了指南。,[],结合常用释义整体记忆。先听老师读，再用自己的生活场景解释。,0,,https://www.cambridgeenglish.org/images/506886-a2-key-2020-vocabulary-list.pdf,'gaidbuk,https://github.com/skywind3000/ECDICT,offline-materials,guidebook,discussion,guidebook · 单词里的小故事,小乐和朋友聊起今天的一件事。我们今天谈到了指南。小乐说：“We talked about the guidebook today.”朋友听懂了，也想起自己遇到过的事。,,We talked about the __________ today.,guidebook,我们今天谈到了指南。,context,2026-09-v2,本地预制课堂素材；原创短句与场景模板,[],想象你也在这个场景里。用 guidebook 说一句自己的话。
guy,KET,2,家伙；支索,n.,日常沟通,This story is about a guy.,这个故事讲的是一位家伙。,[],结合常用释义整体记忆。先听老师读，再用自己的生活场景解释。,0,,https://www.cambridgeenglish.org/images/506886-a2-key-2020-vocabulary-list.pdf,gai,https://github.com/skywind3000/ECDICT,offline-materials,guy,person,guy · 单词里的小故事,读书会轮到小乐介绍故事里的一个人物。这个故事讲的是一位家伙。小乐说：“This story is about a guy.”朋友听懂了，也想起自己遇到过的事。,,This story is about a __________.,guy,这个故事讲的是一位家伙。,context,2026-09-v2,本地预制课堂素材；原创短句与场景模板,[],想象你也在这个场景里。用 guy 说一句自己的话。
gym,KET,3,+体育馆；体育训练；体育课,n.,日常沟通,We talked about the gym today.,我们今天谈到了+体育馆。,[],结合常用释义整体记忆。先听老师读，再用自己的生活场景解释。,0,,https://www.cambridgeenglish.org/images/506886-a2-key-2020-vocabulary-list.pdf,dʒim,https://github.com/skywind3000/ECDICT,offline-materials,gym,discussion,gym · 单词里的小故事,小乐和朋友聊起今天的一件事。我们今天谈到了+体育馆。小乐说：“We talked about the gym today.”朋友听懂了，也想起自己遇到过的事。,,We talked about the __________ today.,gym,我们今天谈到了+体育馆。,context,2026-09-v2,本地预制课堂素材；原创短句与场景模板,[],想象你也在这个场景里。用 gym 说一句自己的话。
hair,KET,1,头发；毛发；些微,n.,日常沟通,We learn about the hair at school.,我们在学校了解头发。,"[{""text"": ""hair"", ""kind"": ""root"", ""meaning"": ""毛发""}]",这个词本身可以作为词基，与相关派生词联系起来理解。,1,,https://www.cambridgeenglish.org/images/506886-a2-key-2020-vocabulary-list.pdf,hєә,https://github.com/skywind3000/ECDICT,offline-materials,hair,body,hair · 单词里的小故事,小乐在课堂上做一张认识自己的知识卡。我们在学校了解头发。小乐说：“We learn about the hair at school.”朋友听懂了，也想起自己遇到过的事。,,We learn about the __________ at school.,hair,我们在学校了解头发。,context,2026-09-v2,本地预制课堂素材；原创短句与场景模板,[],想象你也在这个场景里。用 hair 说一句自己的话。
half,KET,1,一半；半场；不完全,"det, n; pron.",日常沟通,Please give me half the cake.,请给我一半蛋糕。,[],结合常用释义整体记忆。先听老师读，再用自己的生活场景解释。,0,,https://www.cambridgeenglish.org/images/506886-a2-key-2020-vocabulary-list.pdf,hɑ:f,https://github.com/skywind3000/ECDICT,offline-materials,half,authored,half · 单词里的小故事,小乐和朋友交换今天的小发现。请给我一半蛋糕。小乐说：“Please give me half the cake.”朋友听懂了，也想起自己遇到过的事。,,Please give me __________ the cake.,half,请给我一半蛋糕。,context,2026-09-v2,本地预制课堂素材；原创短句与场景模板,[],想象你也在这个场景里。用 half 说一句自己的话。
half-price,KET,3,半价,adj.,日常沟通,This book is half-price today.,这本书今天半价。,[],结合常用释义整体记忆。先听老师读，再用自己的生活场景解释。,0,,https://www.cambridgeenglish.org/images/506886-a2-key-2020-vocabulary-list.pdf,'hɑ:f'prais,https://github.com/skywind3000/ECDICT,offline-materials,half-price,authored,half-price · 单词里的小故事,小乐和朋友交换今天的小发现。这本书今天半价。小乐说：“This book is half-price today.”朋友听懂了，也想起自己遇到过的事。,,This book is __________ today.,half-price,这本书今天半价。,context,2026-09-v2,本地预制课堂素材；原创短句与场景模板,[],想象你也在这个场景里。用 half-price 说一句自己的话。
hall,KET,1,门厅；走廊；会堂,n.,日常沟通,We visited the hall today.,我们今天参观了门厅。,[],结合常用释义整体记忆。先听老师读，再用自己的生活场景解释。,0,,https://www.cambridgeenglish.org/images/506886-a2-key-2020-vocabulary-list.pdf,hɒ:l,https://github.com/skywind3000/ECDICT,offline-materials,hall,place,hall · 单词里的小故事,小乐把今天的外出经历记进了日记。我们今天参观了门厅。小乐说：“We visited the hall today.”朋友听懂了，也想起自己遇到过的事。,,We visited the __________ today.,hall,我们今天参观了门厅。,context,2026-09-v2,本地预制课堂素材；原创短句与场景模板,[],想象你也在这个场景里。用 hall 说一句自己的话。
hand,KET,1,手；指针,n.,日常沟通,We learn about the hand at school.,我们在学校了解手。,[],结合常用释义整体记忆。先听老师读，再用自己的生活场景解释。,1,,https://www.cambridgeenglish.org/images/506886-a2-key-2020-vocabulary-list.pdf,hænd,常用义教学修订；原词典见 ECDICT-LICENSE.txt,offline-materials,hand,body,hand · 单词里的小故事,小乐在课堂上做一张认识自己的知识卡。我们在学校了解手。小乐说：“We learn about the hand at school.”朋友听懂了，也想起自己遇到过的事。,,We learn about the __________ at school.,hand,我们在学校了解手。,context,2026-09-v2,本地预制课堂素材；原创短句与场景模板,[],想象你也在这个场景里。用 hand 说一句自己的话。
harbour,KET,2,港；避难所,n.,日常沟通,We visited the harbour today.,我们今天参观了港。,[],结合常用释义整体记忆。先听老师读，再用自己的生活场景解释。,0,,https://www.cambridgeenglish.org/images/506886-a2-key-2020-vocabulary-list.pdf,'hɑ:bә,https://github.com/skywind3000/ECDICT,offline-materials,harbour,place,harbour · 单词里的小故事,小乐把今天的外出经历记进了日记。我们今天参观了港。小乐说：“We visited the harbour today.”朋友听懂了，也想起自己遇到过的事。,,We visited the __________ today.,harbour,我们今天参观了港。,context,2026-09-v2,本地预制课堂素材；原创短句与场景模板,[],想象你也在这个场景里。用 harbour 说一句自己的话。
hat,KET,2,帽子,n.,日常沟通,I like your hat.,我喜欢你的帽子。,[],结合常用释义整体记忆。先听老师读，再用自己的生活场景解释。,0,,https://www.cambridgeenglish.org/images/506886-a2-key-2020-vocabulary-list.pdf,hæt,https://github.com/skywind3000/ECDICT,offline-materials,hat,clothes,hat · 单词里的小故事,出门前，小乐注意到了朋友的穿着。我喜欢你的帽子。小乐说：“I like your hat.”朋友听懂了，也想起自己遇到过的事。,,I like your __________.,hat,我喜欢你的帽子。,context,2026-09-v2,本地预制课堂素材；原创短句与场景模板,[],想象你也在这个场景里。用 hat 说一句自己的话。
hate,KET,1,憎恨；憎恶,v.,日常沟通,I hate waiting in the rain.,我讨厌在雨里等候。,[],结合常用释义整体记忆。先听老师读，再用自己的生活场景解释。,0,,https://www.cambridgeenglish.org/images/506886-a2-key-2020-vocabulary-list.pdf,heit,https://github.com/skywind3000/ECDICT,offline-materials,hate,authored,hate · 单词里的小故事,小乐和朋友交换今天的小发现。我讨厌在雨里等候。小乐说：“I hate waiting in the rain.”朋友听懂了，也想起自己遇到过的事。,,I __________ waiting in the rain.,hate,我讨厌在雨里等候。,context,2026-09-v2,本地预制课堂素材；原创短句与场景模板,[],想象你也在这个场景里。用 hate 说一句自己的话。
have,KET,1,有；怀有；拿,av; v.,日常沟通,I have a new bike.,我有一辆新自行车。,[],结合常用释义整体记忆。先听老师读，再用自己的生活场景解释。,1,,https://www.cambridgeenglish.org/images/506886-a2-key-2020-vocabulary-list.pdf,hæv,https://github.com/skywind3000/ECDICT,offline-materials,have,authored,have · 单词里的小故事,小乐和朋友交换今天的小发现。我有一辆新自行车。小乐说：“I have a new bike.”朋友听懂了，也想起自己遇到过的事。,,I __________ a new bike.,have,我有一辆新自行车。,context,2026-09-v2,本地预制课堂素材；原创短句与场景模板,[],想象你也在这个场景里。用 have 说一句自己的话。
have got to,KET,3,必须；不得不；非得,mv.,日常沟通,I have got to go home now.,我现在必须回家。,[],结合常用释义整体记忆。先听老师读，再用自己的生活场景解释。,1,,https://www.cambridgeenglish.org/images/506886-a2-key-2020-vocabulary-list.pdf,hæv gɔt tu:,https://github.com/skywind3000/ECDICT,offline-materials,have got to,authored,have got to · 单词里的小故事,小乐和朋友交换今天的小发现。我现在必须回家。小乐说：“I have got to go home now.”朋友听懂了，也想起自己遇到过的事。,,I __________ go home now.,have got to,我现在必须回家。,context,2026-09-v2,本地预制课堂素材；原创短句与场景模板,[],想象你也在这个场景里。用 have got to 说一句自己的话。
have to,KET,3,不得不；只好；只得,mv.,日常沟通,We have to wear shoes here.,我们在这里必须穿鞋。,[],结合常用释义整体记忆。先听老师读，再用自己的生活场景解释。,1,,https://www.cambridgeenglish.org/images/506886-a2-key-2020-vocabulary-list.pdf,ˈhæv tə,https://github.com/skywind3000/ECDICT,offline-materials,have to,authored,have to · 单词里的小故事,小乐和朋友交换今天的小发现。我们在这里必须穿鞋。小乐说：“We have to wear shoes here.”朋友听懂了，也想起自己遇到过的事。,,We __________ wear shoes here.,have to,我们在这里必须穿鞋。,context,2026-09-v2,本地预制课堂素材；原创短句与场景模板,[],想象你也在这个场景里。用 have to 说一句自己的话。
he,KET,1,他,pron.,日常沟通,He is my friend.,他是我的朋友。,[],结合常用释义整体记忆。先听老师读，再用自己的生活场景解释。,1,,https://www.cambridgeenglish.org/images/506886-a2-key-2020-vocabulary-list.pdf,hi:,https://github.com/skywind3000/ECDICT,offline-materials,he,authored,he · 单词里的小故事,小乐和朋友交换今天的小发现。他是我的朋友。小乐说：“He is my friend.”朋友听懂了，也想起自己遇到过的事。,,__________ is my friend.,He,他是我的朋友。,context,2026-09-v2,本地预制课堂素材；原创短句与场景模板,[],想象你也在这个场景里。用 he 说一句自己的话。
head,KET,1,头；头脑；领袖,n.,日常沟通,We learn about the head at school.,我们在学校了解头。,[],结合常用释义整体记忆。先听老师读，再用自己的生活场景解释。,1,,https://www.cambridgeenglish.org/images/506886-a2-key-2020-vocabulary-list.pdf,hed,https://github.com/skywind3000/ECDICT,offline-materials,head,body,head · 单词里的小故事,小乐在课堂上做一张认识自己的知识卡。我们在学校了解头。小乐说：“We learn about the head at school.”朋友听懂了，也想起自己遇到过的事。,,We learn about the __________ at school.,head,我们在学校了解头。,context,2026-09-v2,本地预制课堂素材；原创短句与场景模板,[],想象你也在这个场景里。用 head 说一句自己的话。
headphones,KET,3,头戴式耳机,n.,日常沟通,We need the headphones today.,我们今天需要头戴式耳机。,"[{""text"": ""head"", ""kind"": ""compound"", ""meaning"": ""头""}, {""text"": ""phones"", ""kind"": ""compound"", ""meaning"": ""传声器""}]",两个已有成分组合成一个词。结合它们的意思理解整体词义，但不要把这种现代拆分当作完整的历史词源。,0,,https://www.cambridgeenglish.org/images/506886-a2-key-2020-vocabulary-list.pdf,,常用义教学修订；原词典见 ECDICT-LICENSE.txt,offline-materials,headphones,equipment,headphones · 单词里的小故事,班级活动开始前，小乐负责核对需要的东西。我们今天需要头戴式耳机。小乐说：“We need the headphones today.”朋友听懂了，也想起自己遇到过的事。,,We need the __________ today.,headphones,我们今天需要头戴式耳机。,context,2026-09-v2,本地预制课堂素材；原创短句与场景模板,[],想象你也在这个场景里。用 headphones 说一句自己的话。
headteacher,KET,3,中小学的校长,n.,日常沟通,This story is about a headteacher.,这个故事讲的是一位中小学的校长。,[],结合常用释义整体记忆。先听老师读，再用自己的生活场景解释。,0,,https://www.cambridgeenglish.org/images/506886-a2-key-2020-vocabulary-list.pdf,hed'ti:tʃər,https://github.com/skywind3000/ECDICT,offline-materials,headteacher,person,headteacher · 单词里的小故事,读书会轮到小乐介绍故事里的一个人物。这个故事讲的是一位中小学的校长。小乐说：“This story is about a headteacher.”朋友听懂了，也想起自己遇到过的事。,,This story is about a __________.,headteacher,这个故事讲的是一位中小学的校长。,context,2026-09-v2,本地预制课堂素材；原创短句与场景模板,[],想象你也在这个场景里。用 headteacher 说一句自己的话。
health,KET,1,健康；卫生；蓬勃,n.,日常沟通,We learn about the health at school.,我们在学校了解健康。,[],结合常用释义整体记忆。先听老师读，再用自己的生活场景解释。,0,,https://www.cambridgeenglish.org/images/506886-a2-key-2020-vocabulary-list.pdf,'helθ,https://github.com/skywind3000/ECDICT,offline-materials,health,body,health · 单词里的小故事,小乐在课堂上做一张认识自己的知识卡。我们在学校了解健康。小乐说：“We learn about the health at school.”朋友听懂了，也想起自己遇到过的事。,,We learn about the __________ at school.,health,我们在学校了解健康。,context,2026-09-v2,本地预制课堂素材；原创短句与场景模板,[],想象你也在这个场景里。用 health 说一句自己的话。
hear,KET,1,听到；倾听；听说,v.,日常沟通,Can you hear the birds?,你能听到鸟叫吗？,[],结合常用释义整体记忆。先听老师读，再用自己的生活场景解释。,0,,https://www.cambridgeenglish.org/images/506886-a2-key-2020-vocabulary-list.pdf,hiә,https://github.com/skywind3000/ECDICT,offline-materials,hear,authored,hear · 单词里的小故事,小乐和朋友交换今天的小发现。你能听到鸟叫吗？小乐说：“Can you hear the birds?”朋友听懂了，也想起自己遇到过的事。,,Can you __________ the birds?,hear,你能听到鸟叫吗？,context,2026-09-v2,本地预制课堂素材；原创短句与场景模板,[],想象你也在这个场景里。用 hear 说一句自己的话。
heart,KET,1,心；心脏；中心,n.,日常沟通,We learn about the heart at school.,我们在学校了解心。,[],结合常用释义整体记忆。先听老师读，再用自己的生活场景解释。,0,,https://www.cambridgeenglish.org/images/506886-a2-key-2020-vocabulary-list.pdf,hɑ:t,https://github.com/skywind3000/ECDICT,offline-materials,heart,body,heart · 单词里的小故事,小乐在课堂上做一张认识自己的知识卡。我们在学校了解心。小乐说：“We learn about the heart at school.”朋友听懂了，也想起自己遇到过的事。,,We learn about the __________ at school.,heart,我们在学校了解心。,context,2026-09-v2,本地预制课堂素材；原创短句与场景模板,[],想象你也在这个场景里。用 heart 说一句自己的话。
heating,KET,2,加热；供热；暖气设备,n.,日常沟通,We need the heating today.,我们今天需要加热。,"[{""text"": ""heat"", ""kind"": ""root"", ""meaning"": ""加热""}, {""text"": ""-ing"", ""kind"": ""suffix"", ""meaning"": ""把动作当作活动或事物来表达"", ""story"": ""把动作变成名词的 -ing，可以追溯到古英语的 -ung、-ing。一个动作加上这样的结尾，就能作为一种活动来谈论。注意句子里的位置：-ing 也会用于进行时和形容词。"", ""source"": ""https://www.merriam-webster.com/dictionary/-ing""}]",先理解词基，再看词缀如何改变含义或词性。,0,,https://www.cambridgeenglish.org/images/506886-a2-key-2020-vocabulary-list.pdf,'hi:tiŋ,https://github.com/skywind3000/ECDICT,offline-materials,heating,equipment,heating · 单词里的小故事,班级活动开始前，小乐负责核对需要的东西。我们今天需要加热。小乐说：“We need the heating today.”朋友听懂了，也想起自己遇到过的事。,,We need the __________ today.,heating,我们今天需要加热。,context,2026-09-v2,本地预制课堂素材；原创短句与场景模板,[],想象你也在这个场景里。用 heating 说一句自己的话。
helicopter,KET,2,直升机,n.,日常沟通,Look at the helicopter in this picture.,看看这张图片中的直升机。,[],结合常用释义整体记忆。先听老师读，再用自己的生活场景解释。,0,,https://www.cambridgeenglish.org/images/506886-a2-key-2020-vocabulary-list.pdf,'helikɒptә,https://github.com/skywind3000/ECDICT,offline-materials,helicopter,transport,helicopter · 单词里的小故事,小乐和朋友观察一张出行图片，轮流指出里面的东西。看看这张图片中的直升机。小乐说：“Look at the helicopter in this picture.”朋友听懂了，也想起自己遇到过的事。,,Look at the __________ in this picture.,helicopter,看看这张图片中的直升机。,context,2026-09-v2,本地预制课堂素材；原创短句与场景模板,[],想象你也在这个场景里。用 helicopter 说一句自己的话。
hello,KET,1,喂；嘿,exclam.,日常沟通,Hello! What is your name?,你好！你叫什么名字？,[],结合常用释义整体记忆。先听老师读，再用自己的生活场景解释。,1,,https://www.cambridgeenglish.org/images/506886-a2-key-2020-vocabulary-list.pdf,hә'lәu,https://github.com/skywind3000/ECDICT,offline-materials,hello,authored,hello · 单词里的小故事,小乐和朋友交换今天的小发现。你好！你叫什么名字？小乐说：“Hello! What is your name?”朋友听懂了，也想起自己遇到过的事。,,__________! What is your name?,Hello,你好！你叫什么名字？,context,2026-09-v2,本地预制课堂素材；原创短句与场景模板,[],想象你也在这个场景里。用 hello 说一句自己的话。
help,KET,1,帮助；帮忙；接济,v; n.,日常沟通,Please help me with this box.,请帮我搬这个箱子。,[],结合常用释义整体记忆。先听老师读，再用自己的生活场景解释。,1,,https://www.cambridgeenglish.org/images/506886-a2-key-2020-vocabulary-list.pdf,help,https://github.com/skywind3000/ECDICT,offline-materials,help,authored,help · 单词里的小故事,小乐和朋友交换今天的小发现。请帮我搬这个箱子。小乐说：“Please help me with this box.”朋友听懂了，也想起自己遇到过的事。,,Please __________ me with this box.,help,请帮我搬这个箱子。,context,2026-09-v2,本地预制课堂素材；原创短句与场景模板,[],想象你也在这个场景里。用 help 说一句自己的话。
her,KET,1,她的；她,det; pron.,日常沟通,I can see her in the garden.,我能看到她在花园里。,[],结合常用释义整体记忆。先听老师读，再用自己的生活场景解释。,1,,https://www.cambridgeenglish.org/images/506886-a2-key-2020-vocabulary-list.pdf,hә:,https://github.com/skywind3000/ECDICT,offline-materials,her,authored,her · 单词里的小故事,小乐和朋友交换今天的小发现。我能看到她在花园里。小乐说：“I can see her in the garden.”朋友听懂了，也想起自己遇到过的事。,,I can see __________ in the garden.,her,我能看到她在花园里。,context,2026-09-v2,本地预制课堂素材；原创短句与场景模板,[],想象你也在这个场景里。用 her 说一句自己的话。
here,KET,1,在这里；此时；这里,adv.,日常沟通,Please sit here.,请坐这里。,[],结合常用释义整体记忆。先听老师读，再用自己的生活场景解释。,1,,https://www.cambridgeenglish.org/images/506886-a2-key-2020-vocabulary-list.pdf,hiә,https://github.com/skywind3000/ECDICT,offline-materials,here,authored,here · 单词里的小故事,小乐和朋友交换今天的小发现。请坐这里。小乐说：“Please sit here.”朋友听懂了，也想起自己遇到过的事。,,Please sit __________.,here,请坐这里。,context,2026-09-v2,本地预制课堂素材；原创短句与场景模板,[],想象你也在这个场景里。用 here 说一句自己的话。
hers,KET,1,她的,pron.,日常沟通,This red bag is hers.,这个红包是她的。,[],结合常用释义整体记忆。先听老师读，再用自己的生活场景解释。,1,,https://www.cambridgeenglish.org/images/506886-a2-key-2020-vocabulary-list.pdf,hә:z,https://github.com/skywind3000/ECDICT,offline-materials,hers,authored,hers · 单词里的小故事,小乐和朋友交换今天的小发现。这个红包是她的。小乐说：“This red bag is hers.”朋友听懂了，也想起自己遇到过的事。,,This red bag is __________.,hers,这个红包是她的。,context,2026-09-v2,本地预制课堂素材；原创短句与场景模板,[],想象你也在这个场景里。用 hers 说一句自己的话。
herself,KET,1,她自己；她亲自,pron.,日常沟通,She made the cake herself.,她自己做了蛋糕。,[],结合常用释义整体记忆。先听老师读，再用自己的生活场景解释。,1,,https://www.cambridgeenglish.org/images/506886-a2-key-2020-vocabulary-list.pdf,hә:'self,https://github.com/skywind3000/ECDICT,offline-materials,herself,authored,herself · 单词里的小故事,小乐和朋友交换今天的小发现。她自己做了蛋糕。小乐说：“She made the cake herself.”朋友听懂了，也想起自己遇到过的事。,,She made the cake __________.,herself,她自己做了蛋糕。,context,2026-09-v2,本地预制课堂素材；原创短句与场景模板,[],想象你也在这个场景里。用 herself 说一句自己的话。
hey,KET,1,嗨,exclam.,日常沟通,Hey! Look at this picture.,嘿！看看这幅画。,[],结合常用释义整体记忆。先听老师读，再用自己的生活场景解释。,1,,https://www.cambridgeenglish.org/images/506886-a2-key-2020-vocabulary-list.pdf,hei,https://github.com/skywind3000/ECDICT,offline-materials,hey,authored,hey · 单词里的小故事,小乐和朋友交换今天的小发现。嘿！看看这幅画。小乐说：“Hey! Look at this picture.”朋友听懂了，也想起自己遇到过的事。,,__________! Look at this picture.,Hey,嘿！看看这幅画。,context,2026-09-v2,本地预制课堂素材；原创短句与场景模板,[],想象你也在这个场景里。用 hey 说一句自己的话。
hi,KET,1,喂,exclam.,日常沟通,Hi! How are you?,你好！你好吗？,[],结合常用释义整体记忆。先听老师读，再用自己的生活场景解释。,1,,https://www.cambridgeenglish.org/images/506886-a2-key-2020-vocabulary-list.pdf,hai,https://github.com/skywind3000/ECDICT,offline-materials,hi,authored,hi · 单词里的小故事,小乐和朋友交换今天的小发现。你好！你好吗？小乐说：“Hi! How are you?”朋友听懂了，也想起自己遇到过的事。,,__________! How are you?,Hi,你好！你好吗？,context,2026-09-v2,本地预制课堂素材；原创短句与场景模板,[],想象你也在这个场景里。用 hi 说一句自己的话。
high,KET,1,高的；高级的；主要的,adj.,日常沟通,The wall is high.,这堵墙很高。,[],结合常用释义整体记忆。先听老师读，再用自己的生活场景解释。,1,,https://www.cambridgeenglish.org/images/506886-a2-key-2020-vocabulary-list.pdf,hai,https://github.com/skywind3000/ECDICT,offline-materials,high,authored,high · 单词里的小故事,小乐和朋友交换今天的小发现。这堵墙很高。小乐说：“The wall is high.”朋友听懂了，也想起自己遇到过的事。,,The wall is __________.,high,这堵墙很高。,context,2026-09-v2,本地预制课堂素材；原创短句与场景模板,[],想象你也在这个场景里。用 high 说一句自己的话。
hill,KET,1,小山；丘陵；小土堆,n.,日常沟通,We visited the hill today.,我们今天参观了小山。,[],结合常用释义整体记忆。先听老师读，再用自己的生活场景解释。,0,,https://www.cambridgeenglish.org/images/506886-a2-key-2020-vocabulary-list.pdf,hil,https://github.com/skywind3000/ECDICT,offline-materials,hill,place,hill · 单词里的小故事,小乐把今天的外出经历记进了日记。我们今天参观了小山。小乐说：“We visited the hill today.”朋友听懂了，也想起自己遇到过的事。,,We visited the __________ today.,hill,我们今天参观了小山。,context,2026-09-v2,本地预制课堂素材；原创短句与场景模板,[],想象你也在这个场景里。用 hill 说一句自己的话。
him,KET,1,他,pron.,日常沟通,Please give the book to him.,请把书给他。,[],结合常用释义整体记忆。先听老师读，再用自己的生活场景解释。,1,,https://www.cambridgeenglish.org/images/506886-a2-key-2020-vocabulary-list.pdf,him,https://github.com/skywind3000/ECDICT,offline-materials,him,authored,him · 单词里的小故事,小乐和朋友交换今天的小发现。请把书给他。小乐说：“Please give the book to him.”朋友听懂了，也想起自己遇到过的事。,,Please give the book to __________.,him,请把书给他。,context,2026-09-v2,本地预制课堂素材；原创短句与场景模板,[],想象你也在这个场景里。用 him 说一句自己的话。
himself,KET,1,他自己；他亲自,pron.,日常沟通,He washed the car himself.,他自己洗了汽车。,[],结合常用释义整体记忆。先听老师读，再用自己的生活场景解释。,1,,https://www.cambridgeenglish.org/images/506886-a2-key-2020-vocabulary-list.pdf,him'self,https://github.com/skywind3000/ECDICT,offline-materials,himself,authored,himself · 单词里的小故事,小乐和朋友交换今天的小发现。他自己洗了汽车。小乐说：“He washed the car himself.”朋友听懂了，也想起自己遇到过的事。,,He washed the car __________.,himself,他自己洗了汽车。,context,2026-09-v2,本地预制课堂素材；原创短句与场景模板,[],想象你也在这个场景里。用 himself 说一句自己的话。
hip hop,KET,3,希普霍普,n.,日常沟通,I want to learn more about hip hop.,我想多了解一些希普霍普。,[],结合常用释义整体记忆。先听老师读，再用自己的生活场景解释。,0,,https://www.cambridgeenglish.org/images/506886-a2-key-2020-vocabulary-list.pdf,hip hɔp,https://github.com/skywind3000/ECDICT,offline-materials,hip hop,activity,hip hop · 单词里的小故事,班级要举办兴趣日，小乐选了自己想了解的活动。我想多了解一些希普霍普。小乐说：“I want to learn more about hip hop.”朋友听懂了，也想起自己遇到过的事。,,I want to learn more about __________.,hip hop,我想多了解一些希普霍普。,context,2026-09-v2,本地预制课堂素材；原创短句与场景模板,[],想象你也在这个场景里。用 hip hop 说一句自己的话。
hippo,KET,3,河马,n.,日常沟通,We saw the hippo in a picture.,我们在图片里看到了河马。,[],结合常用释义整体记忆。先听老师读，再用自己的生活场景解释。,0,,https://www.cambridgeenglish.org/images/506886-a2-key-2020-vocabulary-list.pdf,'hipәu,https://github.com/skywind3000/ECDICT,offline-materials,hippo,animal,hippo · 单词里的小故事,小乐翻开一本动物画册，在其中一页停了下来。我们在图片里看到了河马。小乐说：“We saw the hippo in a picture.”朋友听懂了，也想起自己遇到过的事。,,We saw the __________ in a picture.,hippo,我们在图片里看到了河马。,context,2026-09-v2,本地预制课堂素材；原创短句与场景模板,[],想象你也在这个场景里。用 hippo 说一句自己的话。
his,KET,1,他的,det; pron.,日常沟通,This is his book.,这是他的书。,[],结合常用释义整体记忆。先听老师读，再用自己的生活场景解释。,1,,https://www.cambridgeenglish.org/images/506886-a2-key-2020-vocabulary-list.pdf,hiz,https://github.com/skywind3000/ECDICT,offline-materials,his,authored,his · 单词里的小故事,小乐和朋友交换今天的小发现。这是他的书。小乐说：“This is his book.”朋友听懂了，也想起自己遇到过的事。,,This is __________ book.,his,这是他的书。,context,2026-09-v2,本地预制课堂素材；原创短句与场景模板,[],想象你也在这个场景里。用 his 说一句自己的话。
history,KET,1,历史；过去；经历,n.,日常沟通,We learn about history at school.,我们在学校学习历史。,[],结合常用释义整体记忆。先听老师读，再用自己的生活场景解释。,0,,https://www.cambridgeenglish.org/images/506886-a2-key-2020-vocabulary-list.pdf,'histәri,https://github.com/skywind3000/ECDICT,offline-materials,history,school,history · 单词里的小故事,小乐把今天在学校学到的内容讲给家人听。我们在学校学习历史。小乐说：“We learn about history at school.”朋友听懂了，也想起自己遇到过的事。,,We learn about __________ at school.,history,我们在学校学习历史。,context,2026-09-v2,本地预制课堂素材；原创短句与场景模板,[],想象你也在这个场景里。用 history 说一句自己的话。
hit,KET,1,打；击中；受欢迎的作品,v.,日常沟通,Do not hit the ball too hard.,不要太用力击球。,[],结合常用释义整体记忆。先听老师读，再用自己的生活场景解释。,0,,https://www.cambridgeenglish.org/images/506886-a2-key-2020-vocabulary-list.pdf,hit,常用义教学修订；原词典见 ECDICT-LICENSE.txt,offline-materials,hit,authored,hit · 单词里的小故事,小乐和朋友交换今天的小发现。不要太用力击球。小乐说：“Do not hit the ball too hard.”朋友听懂了，也想起自己遇到过的事。,,Do not __________ the ball too hard.,hit,不要太用力击球。,context,2026-09-v2,本地预制课堂素材；原创短句与场景模板,[],想象你也在这个场景里。用 hit 说一句自己的话。
hockey,KET,3,冰球；曲棍球,n.,日常沟通,I want to learn more about hockey.,我想多了解一些冰球。,[],结合常用释义整体记忆。先听老师读，再用自己的生活场景解释。,0,,https://www.cambridgeenglish.org/images/506886-a2-key-2020-vocabulary-list.pdf,'hɒki,https://github.com/skywind3000/ECDICT,offline-materials,hockey,activity,hockey · 单词里的小故事,班级要举办兴趣日，小乐选了自己想了解的活动。我想多了解一些冰球。小乐说：“I want to learn more about hockey.”朋友听懂了，也想起自己遇到过的事。,,I want to learn more about __________.,hockey,我想多了解一些冰球。,context,2026-09-v2,本地预制课堂素材；原创短句与场景模板,[],想象你也在这个场景里。用 hockey 说一句自己的话。
hold,KET,1,保存；握住；拿住,v.,日常沟通,Please hold my bag for a minute.,请帮我拿一下包。,[],结合常用释义整体记忆。先听老师读，再用自己的生活场景解释。,0,,https://www.cambridgeenglish.org/images/506886-a2-key-2020-vocabulary-list.pdf,hәuld,https://github.com/skywind3000/ECDICT,offline-materials,hold,authored,hold · 单词里的小故事,小乐和朋友交换今天的小发现。请帮我拿一下包。小乐说：“Please hold my bag for a minute.”朋友听懂了，也想起自己遇到过的事。,,Please __________ my bag for a minute.,hold,请帮我拿一下包。,context,2026-09-v2,本地预制课堂素材；原创短句与场景模板,[],想象你也在这个场景里。用 hold 说一句自己的话。
home,KET,1,家；避难所；故乡,n; adv.,日常沟通,Let's go home.,我们回家吧。,"[{""text"": ""home"", ""kind"": ""root"", ""meaning"": ""家""}]",这个词本身可以作为词基，与相关派生词联系起来理解。,1,,https://www.cambridgeenglish.org/images/506886-a2-key-2020-vocabulary-list.pdf,hәum,https://github.com/skywind3000/ECDICT,offline-materials,home,authored,home · 单词里的小故事,小乐和朋友交换今天的小发现。我们回家吧。小乐说：“Let's go home.”朋友听懂了，也想起自己遇到过的事。,,Let's go __________.,home,我们回家吧。,context,2026-09-v2,本地预制课堂素材；原创短句与场景模板,[],想象你也在这个场景里。用 home 说一句自己的话。
hoodie,KET,3,有冠乌鸦,n.,日常沟通,I like your hoodie.,我喜欢你的有冠乌鸦。,[],结合常用释义整体记忆。先听老师读，再用自己的生活场景解释。,0,,https://www.cambridgeenglish.org/images/506886-a2-key-2020-vocabulary-list.pdf,'hjdi,https://github.com/skywind3000/ECDICT,offline-materials,hoodie,clothes,hoodie · 单词里的小故事,出门前，小乐注意到了朋友的穿着。我喜欢你的有冠乌鸦。小乐说：“I like your hoodie.”朋友听懂了，也想起自己遇到过的事。,,I like your __________.,hoodie,我喜欢你的有冠乌鸦。,context,2026-09-v2,本地预制课堂素材；原创短句与场景模板,[],想象你也在这个场景里。用 hoodie 说一句自己的话。
horrible,KET,2,可怕的；遭透的；极讨厌的,adj.,日常沟通,It is horrible today.,今天的天气是可怕的。,[],结合常用释义整体记忆。先听老师读，再用自己的生活场景解释。,0,,https://www.cambridgeenglish.org/images/506886-a2-key-2020-vocabulary-list.pdf,'hɒrәbl,https://github.com/skywind3000/ECDICT,offline-materials,horrible,weather-quality,horrible · 单词里的小故事,出门前，小乐看了一眼窗外，把天气告诉家人。今天的天气是可怕的。小乐说：“It is horrible today.”朋友听懂了，也想起自己遇到过的事。,,It is __________ today.,horrible,今天的天气是可怕的。,context,2026-09-v2,本地预制课堂素材；原创短句与场景模板,[],想象你也在这个场景里。用 horrible 说一句自己的话。
horror,KET,2,惊骇；恐怖；惨状,adj.,日常沟通,I do not like horror films.,我不喜欢恐怖电影。,[],结合常用释义整体记忆。先听老师读，再用自己的生活场景解释。,0,,https://www.cambridgeenglish.org/images/506886-a2-key-2020-vocabulary-list.pdf,'hɒrә,https://github.com/skywind3000/ECDICT,offline-materials,horror,authored,horror · 单词里的小故事,小乐和朋友交换今天的小发现。我不喜欢恐怖电影。小乐说：“I do not like horror films.”朋友听懂了，也想起自己遇到过的事。,,I do not like __________ films.,horror,我不喜欢恐怖电影。,context,2026-09-v2,本地预制课堂素材；原创短句与场景模板,[],想象你也在这个场景里。用 horror 说一句自己的话。
hot,KET,1,热的；热心的；辣的,adj.,日常沟通,It is hot today.,今天的天气是热的。,[],结合常用释义整体记忆。先听老师读，再用自己的生活场景解释。,1,,https://www.cambridgeenglish.org/images/506886-a2-key-2020-vocabulary-list.pdf,hɒt,https://github.com/skywind3000/ECDICT,offline-materials,hot,weather-quality,hot · 单词里的小故事,出门前，小乐看了一眼窗外，把天气告诉家人。今天的天气是热的。小乐说：“It is hot today.”朋友听懂了，也想起自己遇到过的事。,,It is __________ today.,hot,今天的天气是热的。,context,2026-09-v2,本地预制课堂素材；原创短句与场景模板,[],想象你也在这个场景里。用 hot 说一句自己的话。
hour,KET,1,小时；钟头；时间,n.,日常沟通,We talked about the hour today.,我们今天谈到了小时。,[],结合常用释义整体记忆。先听老师读，再用自己的生活场景解释。,1,,https://www.cambridgeenglish.org/images/506886-a2-key-2020-vocabulary-list.pdf,auә,https://github.com/skywind3000/ECDICT,offline-materials,hour,discussion,hour · 单词里的小故事,小乐和朋友聊起今天的一件事。我们今天谈到了小时。小乐说：“We talked about the hour today.”朋友听懂了，也想起自己遇到过的事。,,We talked about the __________ today.,hour,我们今天谈到了小时。,context,2026-09-v2,本地预制课堂素材；原创短句与场景模板,[],想象你也在这个场景里。用 hour 说一句自己的话。
house,KET,1,房子；住宅；机构,n.,日常沟通,We visited the house today.,我们今天参观了房子。,[],结合常用释义整体记忆。先听老师读，再用自己的生活场景解释。,1,,https://www.cambridgeenglish.org/images/506886-a2-key-2020-vocabulary-list.pdf,haus,https://github.com/skywind3000/ECDICT,offline-materials,house,place,house · 单词里的小故事,小乐把今天的外出经历记进了日记。我们今天参观了房子。小乐说：“We visited the house today.”朋友听懂了，也想起自己遇到过的事。,,We visited the __________ today.,house,我们今天参观了房子。,context,2026-09-v2,本地预制课堂素材；原创短句与场景模板,[],想象你也在这个场景里。用 house 说一句自己的话。
how,KET,1,如何；怎样；多少,adv.,日常沟通,How do you go to school?,你怎么去学校？,[],结合常用释义整体记忆。先听老师读，再用自己的生活场景解释。,1,,https://www.cambridgeenglish.org/images/506886-a2-key-2020-vocabulary-list.pdf,hau,https://github.com/skywind3000/ECDICT,offline-materials,how,authored,how · 单词里的小故事,小乐和朋友交换今天的小发现。你怎么去学校？小乐说：“How do you go to school?”朋友听懂了，也想起自己遇到过的事。,,__________ do you go to school?,How,你怎么去学校？,context,2026-09-v2,本地预制课堂素材；原创短句与场景模板,[],想象你也在这个场景里。用 how 说一句自己的话。
however,KET,1,然而；无论如何；究竟怎样,adv.,日常沟通,"I was tired. However, I finished the work.",我很累。不过，我完成了工作。,[],结合常用释义整体记忆。先听老师读，再用自己的生活场景解释。,0,,https://www.cambridgeenglish.org/images/506886-a2-key-2020-vocabulary-list.pdf,hau'evә,https://github.com/skywind3000/ECDICT,offline-materials,however,authored,however · 单词里的小故事,"小乐和朋友交换今天的小发现。我很累。不过，我完成了工作。小乐说：“I was tired. However, I finished the work.”朋友听懂了，也想起自己遇到过的事。",,"I was tired. __________, I finished the work.",However,我很累。不过，我完成了工作。,context,2026-09-v2,本地预制课堂素材；原创短句与场景模板,[],想象你也在这个场景里。用 however 说一句自己的话。
huge,KET,1,极大的；巨大的；无限的,adj.,日常沟通,This box is huge.,这个盒子是极大的。,[],结合常用释义整体记忆。先听老师读，再用自己的生活场景解释。,0,,https://www.cambridgeenglish.org/images/506886-a2-key-2020-vocabulary-list.pdf,hju:dʒ,https://github.com/skywind3000/ECDICT,offline-materials,huge,object-quality,huge · 单词里的小故事,朋友闭上眼睛，让小乐描述面前的盒子。这个盒子是极大的。小乐说：“This box is huge.”朋友听懂了，也想起自己遇到过的事。,,This box is __________.,huge,这个盒子是极大的。,context,2026-09-v2,本地预制课堂素材；原创短句与场景模板,[],想象你也在这个场景里。用 huge 说一句自己的话。
hurry,KET,2,急派；催促,v.,日常沟通,Please hurry. The bus is here.,请快一点。公交车到了。,[],结合常用释义整体记忆。先听老师读，再用自己的生活场景解释。,0,,https://www.cambridgeenglish.org/images/506886-a2-key-2020-vocabulary-list.pdf,'hʌri,https://github.com/skywind3000/ECDICT,offline-materials,hurry,authored,hurry · 单词里的小故事,小乐和朋友交换今天的小发现。请快一点。公交车到了。小乐说：“Please hurry. The bus is here.”朋友听懂了，也想起自己遇到过的事。,,Please __________. The bus is here.,hurry,请快一点。公交车到了。,context,2026-09-v2,本地预制课堂素材；原创短句与场景模板,[],想象你也在这个场景里。用 hurry 说一句自己的话。
i,KET,2,我,pron.,日常沟通,I like reading.,我喜欢阅读。,[],结合常用释义整体记忆。先听老师读，再用自己的生活场景解释。,1,,https://www.cambridgeenglish.org/images/506886-a2-key-2020-vocabulary-list.pdf,ai,https://github.com/skywind3000/ECDICT,offline-materials,I,authored,I · 单词里的小故事,小乐和朋友交换今天的小发现。我喜欢阅读。小乐说：“I like reading.”朋友听懂了，也想起自己遇到过的事。,,__________ like reading.,I,我喜欢阅读。,context,2026-09-v2,本地预制课堂素材；原创短句与场景模板,[],想象你也在这个场景里。用 I 说一句自己的话。
ice,KET,2,冰,n.,日常沟通,This ice tastes good.,这份冰味道很好。,"[{""text"": ""ice"", ""kind"": ""root"", ""meaning"": ""冰""}]",这个词本身可以作为词基，与相关派生词联系起来理解。,0,,https://www.cambridgeenglish.org/images/506886-a2-key-2020-vocabulary-list.pdf,ais,常用义教学修订；原词典见 ECDICT-LICENSE.txt,offline-materials,ice,food,ice · 单词里的小故事,小乐第一次给家人当小帮手，端出一份食物。这份冰味道很好。小乐说：“This ice tastes good.”朋友听懂了，也想起自己遇到过的事。,,This __________ tastes good.,ice,这份冰味道很好。,context,2026-09-v2,本地预制课堂素材；原创短句与场景模板,[],想象你也在这个场景里。用 ice 说一句自己的话。
ice cream,KET,3,冰淇淋,n.,日常沟通,This ice cream tastes good.,这份冰淇淋味道很好。,"[{""text"": ""ice"", ""kind"": ""compound"", ""meaning"": ""冰""}, {""text"": ""cream"", ""kind"": ""compound"", ""meaning"": ""奶油""}]",两个已有成分组合成一个词。结合它们的意思理解整体词义，但不要把这种现代拆分当作完整的历史词源。,0,,https://www.cambridgeenglish.org/images/506886-a2-key-2020-vocabulary-list.pdf,,https://github.com/skywind3000/ECDICT,offline-materials,ice cream,food,ice cream · 单词里的小故事,小乐第一次给家人当小帮手，端出一份食物。这份冰淇淋味道很好。小乐说：“This ice cream tastes good.”朋友听懂了，也想起自己遇到过的事。,,This __________ tastes good.,ice cream,这份冰淇淋味道很好。,context,2026-09-v2,本地预制课堂素材；原创短句与场景模板,[],想象你也在这个场景里。用 ice cream 说一句自己的话。
ice skating,KET,3,滑冰,n.,日常沟通,I want to learn more about ice skating.,我想多了解一些滑冰。,"[{""text"": ""ice"", ""kind"": ""compound"", ""meaning"": ""冰""}, {""text"": ""skating"", ""kind"": ""compound"", ""meaning"": ""滑行""}]",两个已有成分组合成一个词。结合它们的意思理解整体词义，但不要把这种现代拆分当作完整的历史词源。,0,,https://www.cambridgeenglish.org/images/506886-a2-key-2020-vocabulary-list.pdf,ais ˈskeɪtɪŋ,https://github.com/skywind3000/ECDICT,offline-materials,ice skating,activity,ice skating · 单词里的小故事,班级要举办兴趣日，小乐选了自己想了解的活动。我想多了解一些滑冰。小乐说：“I want to learn more about ice skating.”朋友听懂了，也想起自己遇到过的事。,,I want to learn more about __________.,ice skating,我想多了解一些滑冰。,context,2026-09-v2,本地预制课堂素材；原创短句与场景模板,[],想象你也在这个场景里。用 ice skating 说一句自己的话。
id,KET,3,身份证明,n.,日常沟通,We need the ID today.,我们今天需要身份证明。,[],结合常用释义整体记忆。先听老师读，再用自己的生活场景解释。,0,,https://www.cambridgeenglish.org/images/506886-a2-key-2020-vocabulary-list.pdf,id,常用义教学修订；原词典见 ECDICT-LICENSE.txt,offline-materials,ID,equipment,ID · 单词里的小故事,班级活动开始前，小乐负责核对需要的东西。我们今天需要身份证明。小乐说：“We need the ID today.”朋友听懂了，也想起自己遇到过的事。,,We need the __________ today.,ID,我们今天需要身份证明。,context,2026-09-v2,本地预制课堂素材；原创短句与场景模板,[],想象你也在这个场景里。用 ID 说一句自己的话。
id card,KET,3,身份证,n.,日常沟通,We need the id card today.,我们今天需要身份证。,[],结合常用释义整体记忆。先听老师读，再用自己的生活场景解释。,0,,https://www.cambridgeenglish.org/images/506886-a2-key-2020-vocabulary-list.pdf,,https://github.com/skywind3000/ECDICT,offline-materials,id card,equipment,id card · 单词里的小故事,班级活动开始前，小乐负责核对需要的东西。我们今天需要身份证。小乐说：“We need the id card today.”朋友听懂了，也想起自己遇到过的事。,,We need the __________ today.,id card,我们今天需要身份证。,context,2026-09-v2,本地预制课堂素材；原创短句与场景模板,[],想象你也在这个场景里。用 id card 说一句自己的话。
idea,KET,1,主意；办法；理想,n.,日常沟通,We talked about the idea today.,我们今天谈到了主意。,[],结合常用释义整体记忆。先听老师读，再用自己的生活场景解释。,0,,https://www.cambridgeenglish.org/images/506886-a2-key-2020-vocabulary-list.pdf,ai'diә,https://github.com/skywind3000/ECDICT,offline-materials,idea,discussion,idea · 单词里的小故事,小乐和朋友聊起今天的一件事。我们今天谈到了主意。小乐说：“We talked about the idea today.”朋友听懂了，也想起自己遇到过的事。,,We talked about the __________ today.,idea,我们今天谈到了主意。,context,2026-09-v2,本地预制课堂素材；原创短句与场景模板,[],想象你也在这个场景里。用 idea 说一句自己的话。
identification,KET,2,识别；身份证明；认同,n.,日常沟通,We talked about the identification today.,我们今天谈到了识别。,[],结合常用释义整体记忆。先听老师读，再用自己的生活场景解释。,0,,https://www.cambridgeenglish.org/images/506886-a2-key-2020-vocabulary-list.pdf,ai.dentifi'keiʃәn,https://github.com/skywind3000/ECDICT,offline-materials,identification,discussion,identification · 单词里的小故事,小乐和朋友聊起今天的一件事。我们今天谈到了识别。小乐说：“We talked about the identification today.”朋友听懂了，也想起自己遇到过的事。,,We talked about the __________ today.,identification,我们今天谈到了识别。,context,2026-09-v2,本地预制课堂素材；原创短句与场景模板,[],想象你也在这个场景里。用 identification 说一句自己的话。
if,KET,1,如果；是否；无论何时,conj.,日常沟通,We can play outside if it is sunny.,如果天晴，我们可以在外面玩。,[],结合常用释义整体记忆。先听老师读，再用自己的生活场景解释。,1,,https://www.cambridgeenglish.org/images/506886-a2-key-2020-vocabulary-list.pdf,if,https://github.com/skywind3000/ECDICT,offline-materials,if,authored,if · 单词里的小故事,小乐和朋友交换今天的小发现。如果天晴，我们可以在外面玩。小乐说：“We can play outside if it is sunny.”朋友听懂了，也想起自己遇到过的事。,,We can play outside __________ it is sunny.,if,如果天晴，我们可以在外面玩。,context,2026-09-v2,本地预制课堂素材；原创短句与场景模板,[],想象你也在这个场景里。用 if 说一句自己的话。
immediately,KET,1,直接地；立刻；立即,adv.,日常沟通,Please come here immediately.,请立刻来这里。,"[{""text"": ""immediate"", ""kind"": ""root"", ""meaning"": ""立即的""}, {""text"": ""-ly"", ""kind"": ""suffix"", ""meaning"": ""以……的方式（构成副词）"", ""story"": ""-ly 在古英语中有表示“像……的”的形容词形式，也有表示“以某种方式”的副词形式。今天同样的结尾仍有不同工作。先问它是在描写一个人或物，还是在说明怎样做事。"", ""source"": ""https://www.merriam-webster.com/dictionary/ly-""}]",先理解词基，再看词缀如何改变含义或词性。,0,,https://www.cambridgeenglish.org/images/506886-a2-key-2020-vocabulary-list.pdf,i'mi:diәtli,https://github.com/skywind3000/ECDICT,offline-materials,immediately,authored,immediately · 单词里的小故事,小乐和朋友交换今天的小发现。请立刻来这里。小乐说：“Please come here immediately.”朋友听懂了，也想起自己遇到过的事。,,Please come here __________.,immediately,请立刻来这里。,context,2026-09-v2,本地预制课堂素材；原创短句与场景模板,[],想象你也在这个场景里。用 immediately 说一句自己的话。
in,KET,1,进入；朝里；在里面,adv; prep.,日常沟通,The key is in the bag.,钥匙在包里。,[],结合常用释义整体记忆。先听老师读，再用自己的生活场景解释。,1,,https://www.cambridgeenglish.org/images/506886-a2-key-2020-vocabulary-list.pdf,in,https://github.com/skywind3000/ECDICT,offline-materials,in,authored,in · 单词里的小故事,小乐和朋友交换今天的小发现。钥匙在包里。小乐说：“The key is in the bag.”朋友听懂了，也想起自己遇到过的事。,,The key is __________ the bag.,in,钥匙在包里。,context,2026-09-v2,本地预制课堂素材；原创短句与场景模板,[],想象你也在这个场景里。用 in 说一句自己的话。
in front of,KET,3,在...前面,prep phr.,日常沟通,The car is in front of the house.,车在房子前面。,[],结合常用释义整体记忆。先听老师读，再用自己的生活场景解释。,0,,https://www.cambridgeenglish.org/images/506886-a2-key-2020-vocabulary-list.pdf,,https://github.com/skywind3000/ECDICT,offline-materials,in front of,authored,in front of · 单词里的小故事,小乐和朋友交换今天的小发现。车在房子前面。小乐说：“The car is in front of the house.”朋友听懂了，也想起自己遇到过的事。,,The car is __________ the house.,in front of,车在房子前面。,context,2026-09-v2,本地预制课堂素材；原创短句与场景模板,[],想象你也在这个场景里。用 in front of 说一句自己的话。
include,KET,1,包括；把...算入；包住,v.,日常沟通,Please include your name in the email.,请在邮件中写上你的名字。,[],结合常用释义整体记忆。先听老师读，再用自己的生活场景解释。,0,,https://www.cambridgeenglish.org/images/506886-a2-key-2020-vocabulary-list.pdf,in'klu:d,https://github.com/skywind3000/ECDICT,offline-materials,include,authored,include · 单词里的小故事,小乐和朋友交换今天的小发现。请在邮件中写上你的名字。小乐说：“Please include your name in the email.”朋友听懂了，也想起自己遇到过的事。,,Please __________ your name in the email.,include,请在邮件中写上你的名字。,context,2026-09-v2,本地预制课堂素材；原创短句与场景模板,[],想象你也在这个场景里。用 include 说一句自己的话。
including,KET,1,包含；包括,prep.,日常沟通,"There are six of us, including me.",算上我，我们有六个人。,[],结合常用释义整体记忆。先听老师读，再用自己的生活场景解释。,0,,https://www.cambridgeenglish.org/images/506886-a2-key-2020-vocabulary-list.pdf,,https://github.com/skywind3000/ECDICT,offline-materials,including,authored,including · 单词里的小故事,"小乐和朋友交换今天的小发现。算上我，我们有六个人。小乐说：“There are six of us, including me.”朋友听懂了，也想起自己遇到过的事。",,"There are six of us, __________ me.",including,算上我，我们有六个人。,context,2026-09-v2,本地预制课堂素材；原创短句与场景模板,[],想象你也在这个场景里。用 including 说一句自己的话。
indoor,KET,2,户内的；室内的,adj.,日常沟通,This is an indoor swimming pool.,这是一个室内游泳池。,[],结合常用释义整体记忆。先听老师读，再用自己的生活场景解释。,0,,https://www.cambridgeenglish.org/images/506886-a2-key-2020-vocabulary-list.pdf,'indɒ:,https://github.com/skywind3000/ECDICT,offline-materials,indoor,authored,indoor · 单词里的小故事,小乐和朋友交换今天的小发现。这是一个室内游泳池。小乐说：“This is an indoor swimming pool.”朋友听懂了，也想起自己遇到过的事。,,This is an __________ swimming pool.,indoor,这是一个室内游泳池。,context,2026-09-v2,本地预制课堂素材；原创短句与场景模板,[],想象你也在这个场景里。用 indoor 说一句自己的话。
indoors,KET,3,在户内,adv.,日常沟通,We stayed indoors because of the rain.,因为下雨，我们待在室内。,[],结合常用释义整体记忆。先听老师读，再用自己的生活场景解释。,0,,https://www.cambridgeenglish.org/images/506886-a2-key-2020-vocabulary-list.pdf,'in'dɒ:z,https://github.com/skywind3000/ECDICT,offline-materials,indoors,authored,indoors · 单词里的小故事,小乐和朋友交换今天的小发现。因为下雨，我们待在室内。小乐说：“We stayed indoors because of the rain.”朋友听懂了，也想起自己遇到过的事。,,We stayed __________ because of the rain.,indoors,因为下雨，我们待在室内。,context,2026-09-v2,本地预制课堂素材；原创短句与场景模板,[],想象你也在这个场景里。用 indoors 说一句自己的话。
ingredient,KET,2,原料；配料,n.,日常沟通,Milk is an ingredient in this cake.,牛奶是这个蛋糕的一种原料。,[],结合常用释义整体记忆。先听老师读，再用自己的生活场景解释。,0,,https://www.cambridgeenglish.org/images/506886-a2-key-2020-vocabulary-list.pdf,in'gri:diәnt,常用义教学修订；原词典见 ECDICT-LICENSE.txt,offline-materials,ingredient,authored,ingredient · 单词里的小故事,小乐和朋友交换今天的小发现。牛奶是这个蛋糕的一种原料。小乐说：“Milk is an ingredient in this cake.”朋友听懂了，也想起自己遇到过的事。,,Milk is an __________ in this cake.,ingredient,牛奶是这个蛋糕的一种原料。,context,2026-09-v2,本地预制课堂素材；原创短句与场景模板,[],想象你也在这个场景里。用 ingredient 说一句自己的话。
inside,KET,1,在里面,adv; prep.,日常沟通,Look inside the box.,看看箱子里面。,[],结合常用释义整体记忆。先听老师读，再用自己的生活场景解释。,1,,https://www.cambridgeenglish.org/images/506886-a2-key-2020-vocabulary-list.pdf,'in'said,https://github.com/skywind3000/ECDICT,offline-materials,inside,authored,inside · 单词里的小故事,小乐和朋友交换今天的小发现。看看箱子里面。小乐说：“Look inside the box.”朋友听懂了，也想起自己遇到过的事。,,Look __________ the box.,inside,看看箱子里面。,context,2026-09-v2,本地预制课堂素材；原创短句与场景模板,[],想象你也在这个场景里。用 inside 说一句自己的话。
instead,KET,1,作为替代；反而,adv.,日常沟通,There is no milk. Have some water instead.,没有牛奶了。喝些水吧。,[],结合常用释义整体记忆。先听老师读，再用自己的生活场景解释。,0,,https://www.cambridgeenglish.org/images/506886-a2-key-2020-vocabulary-list.pdf,in'sted,https://github.com/skywind3000/ECDICT,offline-materials,instead,authored,instead · 单词里的小故事,小乐和朋友交换今天的小发现。没有牛奶了。喝些水吧。小乐说：“There is no milk. Have some water instead.”朋友听懂了，也想起自己遇到过的事。,,There is no milk. Have some water __________.,instead,没有牛奶了。喝些水吧。,context,2026-09-v2,本地预制课堂素材；原创短句与场景模板,[],想象你也在这个场景里。用 instead 说一句自己的话。
instead of,KET,3,代替,prep.,日常沟通,I want water instead of tea.,我想要水，不要茶。,[],结合常用释义整体记忆。先听老师读，再用自己的生活场景解释。,0,,https://www.cambridgeenglish.org/images/506886-a2-key-2020-vocabulary-list.pdf,,https://github.com/skywind3000/ECDICT,offline-materials,instead of,authored,instead of · 单词里的小故事,小乐和朋友交换今天的小发现。我想要水，不要茶。小乐说：“I want water instead of tea.”朋友听懂了，也想起自己遇到过的事。,,I want water __________ tea.,instead of,我想要水，不要茶。,context,2026-09-v2,本地预制课堂素材；原创短句与场景模板,[],想象你也在这个场景里。用 instead of 说一句自己的话。
instrument,KET,1,工具；手段；仪器,n.,日常沟通,We need the instrument today.,我们今天需要工具。,[],结合常用释义整体记忆。先听老师读，再用自己的生活场景解释。,0,,https://www.cambridgeenglish.org/images/506886-a2-key-2020-vocabulary-list.pdf,'instrumәnt,https://github.com/skywind3000/ECDICT,offline-materials,instrument,equipment,instrument · 单词里的小故事,班级活动开始前，小乐负责核对需要的东西。我们今天需要工具。小乐说：“We need the instrument today.”朋友听懂了，也想起自己遇到过的事。,,We need the __________ today.,instrument,我们今天需要工具。,context,2026-09-v2,本地预制课堂素材；原创短句与场景模板,[],想象你也在这个场景里。用 instrument 说一句自己的话。
international,KET,1,国际的,adj.,日常沟通,This is an international school.,这是一所国际学校。,"[{""text"": ""inter-"", ""kind"": ""prefix"", ""meaning"": ""相互；在……之间"", ""story"": ""inter- 来自拉丁语中表示“在……之间”的 inter。可以把它想成连接两边的一座桥。读到本课例词时，找一找：它连接的是哪些人、地方或事物？"", ""source"": ""https://www.merriam-webster.com/dictionary/inter-""}, {""text"": ""national"", ""kind"": ""root"", ""meaning"": ""国家的""}]",先理解词基，再看词缀如何改变含义或词性。,0,,https://www.cambridgeenglish.org/images/506886-a2-key-2020-vocabulary-list.pdf,.intә'næʃәnәl,https://github.com/skywind3000/ECDICT,offline-materials,international,authored,international · 单词里的小故事,小乐和朋友交换今天的小发现。这是一所国际学校。小乐说：“This is an international school.”朋友听懂了，也想起自己遇到过的事。,,This is an __________ school.,international,这是一所国际学校。,context,2026-09-v2,本地预制课堂素材；原创短句与场景模板,"[{""en"": ""This international school has children from many countries."", ""zh"": ""这所国际学校里有来自许多国家的孩子。""}]",想象你也在这个场景里。用 international 说一句自己的话。
internet,KET,2,互联网,n.,日常沟通,We find the timetable on the internet.,我们在互联网上找到时刻表。,[],结合例句和场景整体记忆。,0,,https://www.cambridgeenglish.org/images/506886-a2-key-2020-vocabulary-list.pdf,,原创课堂释义与例句,offline-materials,internet,authored,internet · 单词里的小故事,小乐和朋友交换今天的小发现。我们在互联网上找到时刻表。小乐说：“We find the timetable on the internet.”朋友听懂了，也想起自己遇到过的事。,,We find the timetable on the __________.,internet,我们在互联网上找到时刻表。,context,2026-09-v2,本地预制课堂素材；原创短句与场景模板,[],想象你也在这个场景里。用 internet 说一句自己的话。
into,KET,1,进入...之内；朝...；深入...之中,prep.,日常沟通,Put the books into the bag.,把书放进包里。,[],结合常用释义整体记忆。先听老师读，再用自己的生活场景解释。,1,,https://www.cambridgeenglish.org/images/506886-a2-key-2020-vocabulary-list.pdf,'intu:,https://github.com/skywind3000/ECDICT,offline-materials,into,authored,into · 单词里的小故事,小乐和朋友交换今天的小发现。把书放进包里。小乐说：“Put the books into the bag.”朋友听懂了，也想起自己遇到过的事。,,Put the books __________ the bag.,into,把书放进包里。,context,2026-09-v2,本地预制课堂素材；原创短句与场景模板,[],想象你也在这个场景里。用 into 说一句自己的话。
invent,KET,2,发明；创作；虚构,v.,日常沟通,I want to invent a new game.,我想发明一个新游戏。,"[{""text"": ""invent"", ""kind"": ""root"", ""meaning"": ""发明""}]",这个词本身可以作为词基，与相关派生词联系起来理解。,0,,https://www.cambridgeenglish.org/images/506886-a2-key-2020-vocabulary-list.pdf,in'vent,https://github.com/skywind3000/ECDICT,offline-materials,invent,authored,invent · 单词里的小故事,小乐和朋友交换今天的小发现。我想发明一个新游戏。小乐说：“I want to invent a new game.”朋友听懂了，也想起自己遇到过的事。,,I want to __________ a new game.,invent,我想发明一个新游戏。,context,2026-09-v2,本地预制课堂素材；原创短句与场景模板,[],想象你也在这个场景里。用 invent 说一句自己的话。
invention,KET,2,发明；创作能力；虚构的故事,n.,日常沟通,We talked about the invention today.,我们今天谈到了发明。,"[{""text"": ""invent"", ""kind"": ""root"", ""meaning"": ""发明""}, {""text"": ""-ion"", ""kind"": ""suffix"", ""meaning"": ""动作或结果（构成名词）"", ""story"": ""-ion 经由法语进入英语，更早来自拉丁语。它常把一个动作、过程或状态当作一件可以谈论的事。词基像动作的起点，结尾则帮助我们给它取一个名字。"", ""source"": ""https://www.merriam-webster.com/dictionary/-ion""}]",先理解词基，再看词缀如何改变含义或词性。,0,,https://www.cambridgeenglish.org/images/506886-a2-key-2020-vocabulary-list.pdf,in'venʃәn,https://github.com/skywind3000/ECDICT,offline-materials,invention,discussion,invention · 单词里的小故事,小乐和朋友聊起今天的一件事。我们今天谈到了发明。小乐说：“We talked about the invention today.”朋友听懂了，也想起自己遇到过的事。,,We talked about the __________ today.,invention,我们今天谈到了发明。,context,2026-09-v2,本地预制课堂素材；原创短句与场景模板,[],想象你也在这个场景里。用 invention 说一句自己的话。
it,KET,1,它；信息技术（IT）,pron.; n.,日常沟通,It is a small dog.,它是一只小狗。,[],结合常用释义整体记忆。先听老师读，再用自己的生活场景解释。,1,,https://www.cambridgeenglish.org/images/506886-a2-key-2020-vocabulary-list.pdf,it,常用义教学修订；原词典见 ECDICT-LICENSE.txt,offline-materials,it / IT,authored,it / IT · 单词里的小故事,小乐和朋友交换今天的小发现。它是一只小狗。小乐说：“It is a small dog.”朋友听懂了，也想起自己遇到过的事。,,__________ is a small dog.,It,它是一只小狗。,context,2026-09-v2,本地预制课堂素材；原创短句与场景模板,[],想象你也在这个场景里。用 it / IT 说一句自己的话。
its,KET,1,它的,det.,日常沟通,The cat is eating its food.,猫正在吃它的食物。,[],结合常用释义整体记忆。先听老师读，再用自己的生活场景解释。,1,,https://www.cambridgeenglish.org/images/506886-a2-key-2020-vocabulary-list.pdf,its,https://github.com/skywind3000/ECDICT,offline-materials,its,authored,its · 单词里的小故事,小乐和朋友交换今天的小发现。猫正在吃它的食物。小乐说：“The cat is eating its food.”朋友听懂了，也想起自己遇到过的事。,,The cat is eating __________ food.,its,猫正在吃它的食物。,context,2026-09-v2,本地预制课堂素材；原创短句与场景模板,[],想象你也在这个场景里。用 its 说一句自己的话。
itself,KET,1,它本身；它自己,pron.,日常沟通,The door closed by itself.,门自己关上了。,[],结合常用释义整体记忆。先听老师读，再用自己的生活场景解释。,1,,https://www.cambridgeenglish.org/images/506886-a2-key-2020-vocabulary-list.pdf,it'self,https://github.com/skywind3000/ECDICT,offline-materials,itself,authored,itself · 单词里的小故事,小乐和朋友交换今天的小发现。门自己关上了。小乐说：“The door closed by itself.”朋友听懂了，也想起自己遇到过的事。,,The door closed by __________.,itself,门自己关上了。,context,2026-09-v2,本地预制课堂素材；原创短句与场景模板,[],想象你也在这个场景里。用 itself 说一句自己的话。
jam,KET,2,果酱；堵塞,n.,日常沟通,This jam tastes good.,这份果酱味道很好。,[],结合常用释义整体记忆。先听老师读，再用自己的生活场景解释。,0,,https://www.cambridgeenglish.org/images/506886-a2-key-2020-vocabulary-list.pdf,dʒæm,常用义教学修订；原词典见 ECDICT-LICENSE.txt,offline-materials,jam,food,jam · 单词里的小故事,小乐第一次给家人当小帮手，端出一份食物。这份果酱味道很好。小乐说：“This jam tastes good.”朋友听懂了，也想起自己遇到过的事。,,This __________ tastes good.,jam,这份果酱味道很好。,context,2026-09-v2,本地预制课堂素材；原创短句与场景模板,[],想象你也在这个场景里。用 jam 说一句自己的话。
january,KET,1,一月,n.,日常沟通,My birthday is in January.,我的生日在一月。,[],结合常用释义整体记忆。先听老师读，再用自己的生活场景解释。,1,,https://www.cambridgeenglish.org/images/506886-a2-key-2020-vocabulary-list.pdf,'dʒænjuәri,https://github.com/skywind3000/ECDICT,offline-materials,January,date,January · 单词里的小故事,小乐在日历上画了一个圈，提醒自己别忘记这个日子。我的生日在一月。小乐说：“My birthday is in January.”朋友听懂了，也想起自己遇到过的事。,,My birthday is in __________.,January,我的生日在一月。,context,2026-09-v2,本地预制课堂素材；原创短句与场景模板,[],想象你也在这个场景里。用 January 说一句自己的话。
jazz,KET,2,爵士乐；喧闹,n.,日常沟通,I want to learn more about jazz.,我想多了解一些爵士乐。,[],结合常用释义整体记忆。先听老师读，再用自己的生活场景解释。,0,,https://www.cambridgeenglish.org/images/506886-a2-key-2020-vocabulary-list.pdf,dʒæz,https://github.com/skywind3000/ECDICT,offline-materials,jazz,activity,jazz · 单词里的小故事,班级要举办兴趣日，小乐选了自己想了解的活动。我想多了解一些爵士乐。小乐说：“I want to learn more about jazz.”朋友听懂了，也想起自己遇到过的事。,,I want to learn more about __________.,jazz,我想多了解一些爵士乐。,context,2026-09-v2,本地预制课堂素材；原创短句与场景模板,[],想象你也在这个场景里。用 jazz 说一句自己的话。
jellyfish,KET,3,水母；海蜇；意志薄弱的人,n.,日常沟通,We saw the jellyfish in a picture.,我们在图片里看到了水母。,[],结合常用释义整体记忆。先听老师读，再用自己的生活场景解释。,0,,https://www.cambridgeenglish.org/images/506886-a2-key-2020-vocabulary-list.pdf,'dʒelifiʃ,https://github.com/skywind3000/ECDICT,offline-materials,jellyfish,animal,jellyfish · 单词里的小故事,小乐翻开一本动物画册，在其中一页停了下来。我们在图片里看到了水母。小乐说：“We saw the jellyfish in a picture.”朋友听懂了，也想起自己遇到过的事。,,We saw the __________ in a picture.,jellyfish,我们在图片里看到了水母。,context,2026-09-v2,本地预制课堂素材；原创短句与场景模板,[],想象你也在这个场景里。用 jellyfish 说一句自己的话。
jewellery,KET,2,宝石；贵重饰物；珠宝,n.,日常沟通,I like your jewellery.,我喜欢你的宝石。,[],结合常用释义整体记忆。先听老师读，再用自己的生活场景解释。,0,,https://www.cambridgeenglish.org/images/506886-a2-key-2020-vocabulary-list.pdf,'dʒu:әlri,https://github.com/skywind3000/ECDICT,offline-materials,jewellery,clothes,jewellery · 单词里的小故事,出门前，小乐注意到了朋友的穿着。我喜欢你的宝石。小乐说：“I like your jewellery.”朋友听懂了，也想起自己遇到过的事。,,I like your __________.,jewellery,我喜欢你的宝石。,context,2026-09-v2,本地预制课堂素材；原创短句与场景模板,[],想象你也在这个场景里。用 jewellery 说一句自己的话。
join,KET,1,参加；结合；加入,v.,日常沟通,Would you like to join our game?,你想加入我们的游戏吗？,[],结合常用释义整体记忆。先听老师读，再用自己的生活场景解释。,0,,https://www.cambridgeenglish.org/images/506886-a2-key-2020-vocabulary-list.pdf,dʒɒin,https://github.com/skywind3000/ECDICT,offline-materials,join,authored,join · 单词里的小故事,小乐和朋友交换今天的小发现。你想加入我们的游戏吗？小乐说：“Would you like to join our game?”朋友听懂了，也想起自己遇到过的事。,,Would you like to __________ our game?,join,你想加入我们的游戏吗？,context,2026-09-v2,本地预制课堂素材；原创短句与场景模板,[],想象你也在这个场景里。用 join 说一句自己的话。
journalist,KET,2,新闻记者；从事新闻杂志业的人,n.,日常沟通,We talked about the journalist today.,我们今天谈到了新闻记者。,"[{""text"": ""journal"", ""kind"": ""root"", ""meaning"": ""期刊；报刊""}, {""text"": ""-ist"", ""kind"": ""suffix"", ""meaning"": ""从事某种活动的人"", ""story"": ""-ist 经过法语和拉丁语，能追溯到古希腊语。它常出现在某种活动的参与者、乐器演奏者或专业人士的名字里。这个小小的结尾，好像在介绍一个人的本领。"", ""source"": ""https://www.merriam-webster.com/dictionary/-ist""}]",先理解词基，再看词缀如何改变含义或词性。,0,,https://www.cambridgeenglish.org/images/506886-a2-key-2020-vocabulary-list.pdf,'dʒә:nәlist,https://github.com/skywind3000/ECDICT,offline-materials,journalist,discussion,journalist · 单词里的小故事,小乐和朋友聊起今天的一件事。我们今天谈到了新闻记者。小乐说：“We talked about the journalist today.”朋友听懂了，也想起自己遇到过的事。,,We talked about the __________ today.,journalist,我们今天谈到了新闻记者。,context,2026-09-v2,本地预制课堂素材；原创短句与场景模板,[],想象你也在这个场景里。用 journalist 说一句自己的话。
juice,KET,2,汁；活力；体液,n.,日常沟通,This juice tastes good.,这份汁味道很好。,[],结合常用释义整体记忆。先听老师读，再用自己的生活场景解释。,0,,https://www.cambridgeenglish.org/images/506886-a2-key-2020-vocabulary-list.pdf,dʒu:s,https://github.com/skywind3000/ECDICT,offline-materials,juice,food,juice · 单词里的小故事,小乐第一次给家人当小帮手，端出一份食物。这份汁味道很好。小乐说：“This juice tastes good.”朋友听懂了，也想起自己遇到过的事。,,This __________ tastes good.,juice,这份汁味道很好。,context,2026-09-v2,本地预制课堂素材；原创短句与场景模板,[],想象你也在这个场景里。用 juice 说一句自己的话。
july,KET,1,七月,n.,日常沟通,My birthday is in July.,我的生日在七月。,[],结合常用释义整体记忆。先听老师读，再用自己的生活场景解释。,1,,https://www.cambridgeenglish.org/images/506886-a2-key-2020-vocabulary-list.pdf,dʒu:'lai,https://github.com/skywind3000/ECDICT,offline-materials,July,date,July · 单词里的小故事,小乐在日历上画了一个圈，提醒自己别忘记这个日子。我的生日在七月。小乐说：“My birthday is in July.”朋友听懂了，也想起自己遇到过的事。,,My birthday is in __________.,July,我的生日在七月。,context,2026-09-v2,本地预制课堂素材；原创短句与场景模板,[],想象你也在这个场景里。用 July 说一句自己的话。
jump,KET,1,跳跃；跃过；突升,v.,日常沟通,Can you jump over the box?,你能跳过这个箱子吗？,[],结合常用释义整体记忆。先听老师读，再用自己的生活场景解释。,0,,https://www.cambridgeenglish.org/images/506886-a2-key-2020-vocabulary-list.pdf,dʒʌmp,https://github.com/skywind3000/ECDICT,offline-materials,jump,authored,jump · 单词里的小故事,小乐和朋友交换今天的小发现。你能跳过这个箱子吗？小乐说：“Can you jump over the box?”朋友听懂了，也想起自己遇到过的事。,,Can you __________ over the box?,jump,你能跳过这个箱子吗？,context,2026-09-v2,本地预制课堂素材；原创短句与场景模板,[],想象你也在这个场景里。用 jump 说一句自己的话。
jumper,KET,3,跳跃者；工作服,n.,日常沟通,I like your jumper.,我喜欢你的跳跃者。,[],结合常用释义整体记忆。先听老师读，再用自己的生活场景解释。,0,,https://www.cambridgeenglish.org/images/506886-a2-key-2020-vocabulary-list.pdf,'dʒʌmpә,https://github.com/skywind3000/ECDICT,offline-materials,jumper,clothes,jumper · 单词里的小故事,出门前，小乐注意到了朋友的穿着。我喜欢你的跳跃者。小乐说：“I like your jumper.”朋友听懂了，也想起自己遇到过的事。,,I like your __________.,jumper,我喜欢你的跳跃者。,context,2026-09-v2,本地预制课堂素材；原创短句与场景模板,[],想象你也在这个场景里。用 jumper 说一句自己的话。
june,KET,1,六月,n.,日常沟通,My birthday is in June.,我的生日在六月。,[],结合常用释义整体记忆。先听老师读，再用自己的生活场景解释。,1,,https://www.cambridgeenglish.org/images/506886-a2-key-2020-vocabulary-list.pdf,dʒu:n,https://github.com/skywind3000/ECDICT,offline-materials,June,date,June · 单词里的小故事,小乐在日历上画了一个圈，提醒自己别忘记这个日子。我的生日在六月。小乐说：“My birthday is in June.”朋友听懂了，也想起自己遇到过的事。,,My birthday is in __________.,June,我的生日在六月。,context,2026-09-v2,本地预制课堂素材；原创短句与场景模板,[],想象你也在这个场景里。用 June 说一句自己的话。
just,KET,1,刚刚；正好；仅仅,adv.,日常沟通,I have just finished my lunch.,我刚吃完午饭。,[],结合常用释义整体记忆。先听老师读，再用自己的生活场景解释。,1,,https://www.cambridgeenglish.org/images/506886-a2-key-2020-vocabulary-list.pdf,dʒʌst,https://github.com/skywind3000/ECDICT,offline-materials,just,authored,just · 单词里的小故事,小乐和朋友交换今天的小发现。我刚吃完午饭。小乐说：“I have just finished my lunch.”朋友听懂了，也想起自己遇到过的事。,,I have __________ finished my lunch.,just,我刚吃完午饭。,context,2026-09-v2,本地预制课堂素材；原创短句与场景模板,[],想象你也在这个场景里。用 just 说一句自己的话。
kangaroo,KET,3,袋鼠,n.,日常沟通,We saw the kangaroo in a picture.,我们在图片里看到了袋鼠。,[],结合常用释义整体记忆。先听老师读，再用自己的生活场景解释。,0,,https://www.cambridgeenglish.org/images/506886-a2-key-2020-vocabulary-list.pdf,.kæŋgә'ru:,https://github.com/skywind3000/ECDICT,offline-materials,kangaroo,animal,kangaroo · 单词里的小故事,小乐翻开一本动物画册，在其中一页停了下来。我们在图片里看到了袋鼠。小乐说：“We saw the kangaroo in a picture.”朋友听懂了，也想起自己遇到过的事。,,We saw the __________ in a picture.,kangaroo,我们在图片里看到了袋鼠。,context,2026-09-v2,本地预制课堂素材；原创短句与场景模板,[],想象你也在这个场景里。用 kangaroo 说一句自己的话。
keep,KET,1,保持；保存；遵守,v.,日常沟通,You can keep this picture.,你可以留着这幅画。,[],结合常用释义整体记忆。先听老师读，再用自己的生活场景解释。,0,,https://www.cambridgeenglish.org/images/506886-a2-key-2020-vocabulary-list.pdf,ki:p,https://github.com/skywind3000/ECDICT,offline-materials,keep,authored,keep · 单词里的小故事,小乐和朋友交换今天的小发现。你可以留着这幅画。小乐说：“You can keep this picture.”朋友听懂了，也想起自己遇到过的事。,,You can __________ this picture.,keep,你可以留着这幅画。,context,2026-09-v2,本地预制课堂素材；原创短句与场景模板,[],想象你也在这个场景里。用 keep 说一句自己的话。
kick,KET,2,踢,n; v.,日常沟通,We talked about the kick today.,我们今天谈到了踢。,[],结合常用释义整体记忆。先听老师读，再用自己的生活场景解释。,0,,https://www.cambridgeenglish.org/images/506886-a2-key-2020-vocabulary-list.pdf,kik,常用义教学修订；原词典见 ECDICT-LICENSE.txt,offline-materials,kick,discussion,kick · 单词里的小故事,小乐和朋友聊起今天的一件事。我们今天谈到了踢。小乐说：“We talked about the kick today.”朋友听懂了，也想起自己遇到过的事。,,We talked about the __________ today.,kick,我们今天谈到了踢。,context,2026-09-v2,本地预制课堂素材；原创短句与场景模板,[],想象你也在这个场景里。用 kick 说一句自己的话。
kid,KET,1,孩子,n.,日常沟通,This story is about a kid.,这个故事讲的是一位孩子。,[],结合常用释义整体记忆。先听老师读，再用自己的生活场景解释。,0,,https://www.cambridgeenglish.org/images/506886-a2-key-2020-vocabulary-list.pdf,kid,常用义教学修订；原词典见 ECDICT-LICENSE.txt,offline-materials,kid,person,kid · 单词里的小故事,读书会轮到小乐介绍故事里的一个人物。这个故事讲的是一位孩子。小乐说：“This story is about a kid.”朋友听懂了，也想起自己遇到过的事。,,This story is about a __________.,kid,这个故事讲的是一位孩子。,context,2026-09-v2,本地预制课堂素材；原创短句与场景模板,[],想象你也在这个场景里。用 kid 说一句自己的话。
kilogramme,KET,3,公斤；千克,n.,日常沟通,We talked about the kilogramme today.,我们今天谈到了公斤。,[],结合常用释义整体记忆。先听老师读，再用自己的生活场景解释。,0,,https://www.cambridgeenglish.org/images/506886-a2-key-2020-vocabulary-list.pdf,'kilәj^ræm,https://github.com/skywind3000/ECDICT,offline-materials,kilogramme,discussion,kilogramme · 单词里的小故事,小乐和朋友聊起今天的一件事。我们今天谈到了公斤。小乐说：“We talked about the kilogramme today.”朋友听懂了，也想起自己遇到过的事。,,We talked about the __________ today.,kilogramme,我们今天谈到了公斤。,context,2026-09-v2,本地预制课堂素材；原创短句与场景模板,[],想象你也在这个场景里。用 kilogramme 说一句自己的话。
kilometre,KET,2,公里；千米,n.,日常沟通,We talked about the kilometre today.,我们今天谈到了公里。,[],结合常用释义整体记忆。先听老师读，再用自己的生活场景解释。,0,,https://www.cambridgeenglish.org/images/506886-a2-key-2020-vocabulary-list.pdf,'kilәjmi:tә(r),https://github.com/skywind3000/ECDICT,offline-materials,kilometre,discussion,kilometre · 单词里的小故事,小乐和朋友聊起今天的一件事。我们今天谈到了公里。小乐说：“We talked about the kilometre today.”朋友听懂了，也想起自己遇到过的事。,,We talked about the __________ today.,kilometre,我们今天谈到了公里。,context,2026-09-v2,本地预制课堂素材；原创短句与场景模板,[],想象你也在这个场景里。用 kilometre 说一句自己的话。
king,KET,1,国王；君主,n.,日常沟通,This story is about a king.,这个故事讲的是一位国王。,[],结合常用释义整体记忆。先听老师读，再用自己的生活场景解释。,0,,https://www.cambridgeenglish.org/images/506886-a2-key-2020-vocabulary-list.pdf,kiŋ,https://github.com/skywind3000/ECDICT,offline-materials,king,person,king · 单词里的小故事,读书会轮到小乐介绍故事里的一个人物。这个故事讲的是一位国王。小乐说：“This story is about a king.”朋友听懂了，也想起自己遇到过的事。,,This story is about a __________.,king,这个故事讲的是一位国王。,context,2026-09-v2,本地预制课堂素材；原创短句与场景模板,[],想象你也在这个场景里。用 king 说一句自己的话。
kiss,KET,2,吻,n; v.,日常沟通,We talked about the kiss today.,我们今天谈到了吻。,[],结合常用释义整体记忆。先听老师读，再用自己的生活场景解释。,0,,https://www.cambridgeenglish.org/images/506886-a2-key-2020-vocabulary-list.pdf,kis,https://github.com/skywind3000/ECDICT,offline-materials,kiss,discussion,kiss · 单词里的小故事,小乐和朋友聊起今天的一件事。我们今天谈到了吻。小乐说：“We talked about the kiss today.”朋友听懂了，也想起自己遇到过的事。,,We talked about the __________ today.,kiss,我们今天谈到了吻。,context,2026-09-v2,本地预制课堂素材；原创短句与场景模板,[],想象你也在这个场景里。用 kiss 说一句自己的话。
kit,KET,2,成套工具,n.,日常沟通,We need the kit today.,我们今天需要成套工具。,[],结合常用释义整体记忆。先听老师读，再用自己的生活场景解释。,0,,https://www.cambridgeenglish.org/images/506886-a2-key-2020-vocabulary-list.pdf,kit,常用义教学修订；原词典见 ECDICT-LICENSE.txt,offline-materials,kit,equipment,kit · 单词里的小故事,班级活动开始前，小乐负责核对需要的东西。我们今天需要成套工具。小乐说：“We need the kit today.”朋友听懂了，也想起自己遇到过的事。,,We need the __________ today.,kit,我们今天需要成套工具。,context,2026-09-v2,本地预制课堂素材；原创短句与场景模板,[],想象你也在这个场景里。用 kit 说一句自己的话。
kite,KET,2,风筝,n.,日常沟通,We talked about the kite today.,我们今天谈到了风筝。,[],结合常用释义整体记忆。先听老师读，再用自己的生活场景解释。,0,,https://www.cambridgeenglish.org/images/506886-a2-key-2020-vocabulary-list.pdf,kait,常用义教学修订；原词典见 ECDICT-LICENSE.txt,offline-materials,kite,discussion,kite · 单词里的小故事,小乐和朋友聊起今天的一件事。我们今天谈到了风筝。小乐说：“We talked about the kite today.”朋友听懂了，也想起自己遇到过的事。,,We talked about the __________ today.,kite,我们今天谈到了风筝。,context,2026-09-v2,本地预制课堂素材；原创短句与场景模板,[],想象你也在这个场景里。用 kite 说一句自己的话。
kitten,KET,3,小猫；淘气姑娘,n.,日常沟通,We saw the kitten in a picture.,我们在图片里看到了小猫。,[],结合常用释义整体记忆。先听老师读，再用自己的生活场景解释。,0,,https://www.cambridgeenglish.org/images/506886-a2-key-2020-vocabulary-list.pdf,'kitn,https://github.com/skywind3000/ECDICT,offline-materials,kitten,animal,kitten · 单词里的小故事,小乐翻开一本动物画册，在其中一页停了下来。我们在图片里看到了小猫。小乐说：“We saw the kitten in a picture.”朋友听懂了，也想起自己遇到过的事。,,We saw the __________ in a picture.,kitten,我们在图片里看到了小猫。,context,2026-09-v2,本地预制课堂素材；原创短句与场景模板,[],想象你也在这个场景里。用 kitten 说一句自己的话。
know,KET,1,知道；了解；认识,v.,日常沟通,Do you know her name?,你知道她的名字吗？,[],结合常用释义整体记忆。先听老师读，再用自己的生活场景解释。,0,,https://www.cambridgeenglish.org/images/506886-a2-key-2020-vocabulary-list.pdf,nәu,https://github.com/skywind3000/ECDICT,offline-materials,know,authored,know · 单词里的小故事,小乐和朋友交换今天的小发现。你知道她的名字吗？小乐说：“Do you know her name?”朋友听懂了，也想起自己遇到过的事。,,Do you __________ her name?,know,你知道她的名字吗？,context,2026-09-v2,本地预制课堂素材；原创短句与场景模板,[],想象你也在这个场景里。用 know 说一句自己的话。
lamp,KET,2,灯,n.,日常沟通,We need the lamp today.,我们今天需要灯。,[],结合常用释义整体记忆。先听老师读，再用自己的生活场景解释。,0,,https://www.cambridgeenglish.org/images/506886-a2-key-2020-vocabulary-list.pdf,læmp,https://github.com/skywind3000/ECDICT,offline-materials,lamp,equipment,lamp · 单词里的小故事,班级活动开始前，小乐负责核对需要的东西。我们今天需要灯。小乐说：“We need the lamp today.”朋友听懂了，也想起自己遇到过的事。,,We need the __________ today.,lamp,我们今天需要灯。,context,2026-09-v2,本地预制课堂素材；原创短句与场景模板,[],想象你也在这个场景里。用 lamp 说一句自己的话。
laptop,KET,2,笔记本电脑,n.,日常沟通,I put my laptop on the desk.,我把笔记本电脑放在桌上。,[],结合例句和场景整体记忆。,0,,https://www.cambridgeenglish.org/images/506886-a2-key-2020-vocabulary-list.pdf,,原创课堂释义与例句,offline-materials,laptop,authored,laptop · 单词里的小故事,小乐和朋友交换今天的小发现。我把笔记本电脑放在桌上。小乐说：“I put my laptop on the desk.”朋友听懂了，也想起自己遇到过的事。,,I put my __________ on the desk.,laptop,我把笔记本电脑放在桌上。,context,2026-09-v2,本地预制课堂素材；原创短句与场景模板,[],想象你也在这个场景里。用 laptop 说一句自己的话。
large,KET,1,大的；大量的；宽大的,adj.,日常沟通,This box is large.,这个盒子是大的。,[],结合常用释义整体记忆。先听老师读，再用自己的生活场景解释。,0,,https://www.cambridgeenglish.org/images/506886-a2-key-2020-vocabulary-list.pdf,lɑ:dʒ,https://github.com/skywind3000/ECDICT,offline-materials,large,object-quality,large · 单词里的小故事,朋友闭上眼睛，让小乐描述面前的盒子。这个盒子是大的。小乐说：“This box is large.”朋友听懂了，也想起自己遇到过的事。,,This box is __________.,large,这个盒子是大的。,context,2026-09-v2,本地预制课堂素材；原创短句与场景模板,[],想象你也在这个场景里。用 large 说一句自己的话。
last,KET,1,最后的；末尾的；最近的,adj; det.,日常沟通,This is the last page.,这是最后一页。,[],结合常用释义整体记忆。先听老师读，再用自己的生活场景解释。,1,,https://www.cambridgeenglish.org/images/506886-a2-key-2020-vocabulary-list.pdf,lɑ:st,https://github.com/skywind3000/ECDICT,offline-materials,last,authored,last · 单词里的小故事,小乐和朋友交换今天的小发现。这是最后一页。小乐说：“This is the last page.”朋友听懂了，也想起自己遇到过的事。,,This is the __________ page.,last,这是最后一页。,context,2026-09-v2,本地预制课堂素材；原创短句与场景模板,[],想象你也在这个场景里。用 last 说一句自己的话。
late,KET,1,很晚；很迟；晚,adv; adj.,日常沟通,Please do not be late.,请不要迟到。,[],结合常用释义整体记忆。先听老师读，再用自己的生活场景解释。,0,,https://www.cambridgeenglish.org/images/506886-a2-key-2020-vocabulary-list.pdf,leit,https://github.com/skywind3000/ECDICT,offline-materials,late,authored,late · 单词里的小故事,小乐和朋友交换今天的小发现。请不要迟到。小乐说：“Please do not be late.”朋友听懂了，也想起自己遇到过的事。,,Please do not be __________.,late,请不要迟到。,context,2026-09-v2,本地预制课堂素材；原创短句与场景模板,[],想象你也在这个场景里。用 late 说一句自己的话。
latest,KET,3,最近的,adj.,日常沟通,Have you heard the latest news?,你听到最新消息了吗？,[],结合常用释义整体记忆。先听老师读，再用自己的生活场景解释。,0,,https://www.cambridgeenglish.org/images/506886-a2-key-2020-vocabulary-list.pdf,'leitist,https://github.com/skywind3000/ECDICT,offline-materials,latest,authored,latest · 单词里的小故事,小乐和朋友交换今天的小发现。你听到最新消息了吗？小乐说：“Have you heard the latest news?”朋友听懂了，也想起自己遇到过的事。,,Have you heard the __________ news?,latest,你听到最新消息了吗？,context,2026-09-v2,本地预制课堂素材；原创短句与场景模板,[],想象你也在这个场景里。用 latest 说一句自己的话。
laugh,KET,1,笑；大笑,v.,日常沟通,The funny story made us laugh.,这个有趣的故事逗得我们大笑。,[],结合常用释义整体记忆。先听老师读，再用自己的生活场景解释。,0,,https://www.cambridgeenglish.org/images/506886-a2-key-2020-vocabulary-list.pdf,lɑ:f,https://github.com/skywind3000/ECDICT,offline-materials,laugh,authored,laugh · 单词里的小故事,小乐和朋友交换今天的小发现。这个有趣的故事逗得我们大笑。小乐说：“The funny story made us laugh.”朋友听懂了，也想起自己遇到过的事。,,The funny story made us __________.,laugh,这个有趣的故事逗得我们大笑。,context,2026-09-v2,本地预制课堂素材；原创短句与场景模板,[],想象你也在这个场景里。用 laugh 说一句自己的话。
least,KET,2,最小；最少,adv.,日常沟通,This is the least expensive book.,这是最便宜的书。,[],结合常用释义整体记忆。先听老师读，再用自己的生活场景解释。,0,,https://www.cambridgeenglish.org/images/506886-a2-key-2020-vocabulary-list.pdf,li:st,https://github.com/skywind3000/ECDICT,offline-materials,least,authored,least · 单词里的小故事,小乐和朋友交换今天的小发现。这是最便宜的书。小乐说：“This is the least expensive book.”朋友听懂了，也想起自己遇到过的事。,,This is the __________ expensive book.,least,这是最便宜的书。,context,2026-09-v2,本地预制课堂素材；原创短句与场景模板,[],想象你也在这个场景里。用 least 说一句自己的话。
leather,KET,2,皮革,n; adj.,日常沟通,We talked about the leather today.,我们今天谈到了皮革。,[],结合常用释义整体记忆。先听老师读，再用自己的生活场景解释。,0,,https://www.cambridgeenglish.org/images/506886-a2-key-2020-vocabulary-list.pdf,'leðә,常用义教学修订；原词典见 ECDICT-LICENSE.txt,offline-materials,leather,discussion,leather · 单词里的小故事,小乐和朋友聊起今天的一件事。我们今天谈到了皮革。小乐说：“We talked about the leather today.”朋友听懂了，也想起自己遇到过的事。,,We talked about the __________ today.,leather,我们今天谈到了皮革。,context,2026-09-v2,本地预制课堂素材；原创短句与场景模板,[],想象你也在这个场景里。用 leather 说一句自己的话。
left,KET,1,左边；左边的,"adj, adv; n.",日常沟通,Turn left at the shop.,在商店处左转。,[],结合常用释义整体记忆。先听老师读，再用自己的生活场景解释。,0,,https://www.cambridgeenglish.org/images/506886-a2-key-2020-vocabulary-list.pdf,left,常用义教学修订；原词典见 ECDICT-LICENSE.txt,offline-materials,left,authored,left · 单词里的小故事,小乐和朋友交换今天的小发现。在商店处左转。小乐说：“Turn left at the shop.”朋友听懂了，也想起自己遇到过的事。,,Turn __________ at the shop.,left,在商店处左转。,context,2026-09-v2,本地预制课堂素材；原创短句与场景模板,[],想象你也在这个场景里。用 left 说一句自己的话。
left-hand,KET,3,左侧的；左手的,adj.,日常沟通,Please use the left-hand door.,请走左边的门。,[],结合常用释义整体记忆。先听老师读，再用自己的生活场景解释。,0,,https://www.cambridgeenglish.org/images/506886-a2-key-2020-vocabulary-list.pdf,,https://github.com/skywind3000/ECDICT,offline-materials,left-hand,authored,left-hand · 单词里的小故事,小乐和朋友交换今天的小发现。请走左边的门。小乐说：“Please use the left-hand door.”朋友听懂了，也想起自己遇到过的事。,,Please use the __________ door.,left-hand,请走左边的门。,context,2026-09-v2,本地预制课堂素材；原创短句与场景模板,[],想象你也在这个场景里。用 left-hand 说一句自己的话。
leg,KET,1,腿；假腿；路程,n.,日常沟通,We learn about the leg at school.,我们在学校了解腿。,[],结合常用释义整体记忆。先听老师读，再用自己的生活场景解释。,1,,https://www.cambridgeenglish.org/images/506886-a2-key-2020-vocabulary-list.pdf,leg,https://github.com/skywind3000/ECDICT,offline-materials,leg,body,leg · 单词里的小故事,小乐在课堂上做一张认识自己的知识卡。我们在学校了解腿。小乐说：“We learn about the leg at school.”朋友听懂了，也想起自己遇到过的事。,,We learn about the __________ at school.,leg,我们在学校了解腿。,context,2026-09-v2,本地预制课堂素材；原创短句与场景模板,[],想象你也在这个场景里。用 leg 说一句自己的话。
lemonade,KET,3,柠檬水,n.,日常沟通,This lemonade tastes good.,这份柠檬水味道很好。,[],结合常用释义整体记忆。先听老师读，再用自己的生活场景解释。,0,,https://www.cambridgeenglish.org/images/506886-a2-key-2020-vocabulary-list.pdf,.lemә'neid,https://github.com/skywind3000/ECDICT,offline-materials,lemonade,food,lemonade · 单词里的小故事,小乐第一次给家人当小帮手，端出一份食物。这份柠檬水味道很好。小乐说：“This lemonade tastes good.”朋友听懂了，也想起自己遇到过的事。,,This __________ tastes good.,lemonade,这份柠檬水味道很好。,context,2026-09-v2,本地预制课堂素材；原创短句与场景模板,[],想象你也在这个场景里。用 lemonade 说一句自己的话。
length,KET,1,长度；长；期间,n.,日常沟通,We talked about the length today.,我们今天谈到了长度。,[],结合常用释义整体记忆。先听老师读，再用自己的生活场景解释。,0,,https://www.cambridgeenglish.org/images/506886-a2-key-2020-vocabulary-list.pdf,leŋθ,https://github.com/skywind3000/ECDICT,offline-materials,length,discussion,length · 单词里的小故事,小乐和朋友聊起今天的一件事。我们今天谈到了长度。小乐说：“We talked about the length today.”朋友听懂了，也想起自己遇到过的事。,,We talked about the __________ today.,length,我们今天谈到了长度。,context,2026-09-v2,本地预制课堂素材；原创短句与场景模板,[],想象你也在这个场景里。用 length 说一句自己的话。
less,KET,1,较少；较小,"adj, det; pron.",日常沟通,I have less time today.,我今天的时间更少。,[],结合常用释义整体记忆。先听老师读，再用自己的生活场景解释。,0,,https://www.cambridgeenglish.org/images/506886-a2-key-2020-vocabulary-list.pdf,les,https://github.com/skywind3000/ECDICT,offline-materials,less,authored,less · 单词里的小故事,小乐和朋友交换今天的小发现。我今天的时间更少。小乐说：“I have less time today.”朋友听懂了，也想起自己遇到过的事。,,I have __________ time today.,less,我今天的时间更少。,context,2026-09-v2,本地预制课堂素材；原创短句与场景模板,[],想象你也在这个场景里。用 less 说一句自己的话。
let,KET,1,让；假设；出租,v.,日常沟通,Let me help you.,让我帮你。,[],结合常用释义整体记忆。先听老师读，再用自己的生活场景解释。,0,,https://www.cambridgeenglish.org/images/506886-a2-key-2020-vocabulary-list.pdf,let,https://github.com/skywind3000/ECDICT,offline-materials,let,authored,let · 单词里的小故事,小乐和朋友交换今天的小发现。让我帮你。小乐说：“Let me help you.”朋友听懂了，也想起自己遇到过的事。,,__________ me help you.,Let,让我帮你。,context,2026-09-v2,本地预制课堂素材；原创短句与场景模板,[],想象你也在这个场景里。用 let 说一句自己的话。
letter,KET,1,信；字母；证书,n.,日常沟通,We need the letter today.,我们今天需要信。,[],结合常用释义整体记忆。先听老师读，再用自己的生活场景解释。,0,,https://www.cambridgeenglish.org/images/506886-a2-key-2020-vocabulary-list.pdf,'letә,https://github.com/skywind3000/ECDICT,offline-materials,letter,equipment,letter · 单词里的小故事,班级活动开始前，小乐负责核对需要的东西。我们今天需要信。小乐说：“We need the letter today.”朋友听懂了，也想起自己遇到过的事。,,We need the __________ today.,letter,我们今天需要信。,context,2026-09-v2,本地预制课堂素材；原创短句与场景模板,[],想象你也在这个场景里。用 letter 说一句自己的话。
level,KET,1,水平；等级,n.,日常沟通,We talked about the level today.,我们今天谈到了水平。,[],结合常用释义整体记忆。先听老师读，再用自己的生活场景解释。,0,,https://www.cambridgeenglish.org/images/506886-a2-key-2020-vocabulary-list.pdf,'levl,常用义教学修订；原词典见 ECDICT-LICENSE.txt,offline-materials,level,discussion,level · 单词里的小故事,小乐和朋友聊起今天的一件事。我们今天谈到了水平。小乐说：“We talked about the level today.”朋友听懂了，也想起自己遇到过的事。,,We talked about the __________ today.,level,我们今天谈到了水平。,context,2026-09-v2,本地预制课堂素材；原创短句与场景模板,[],想象你也在这个场景里。用 level 说一句自己的话。
licence,KET,2,执照；许可证；特许,n.,日常沟通,We talked about the licence today.,我们今天谈到了执照。,[],结合常用释义整体记忆。先听老师读，再用自己的生活场景解释。,0,,https://www.cambridgeenglish.org/images/506886-a2-key-2020-vocabulary-list.pdf,'laisns,https://github.com/skywind3000/ECDICT,offline-materials,licence,discussion,licence · 单词里的小故事,小乐和朋友聊起今天的一件事。我们今天谈到了执照。小乐说：“We talked about the licence today.”朋友听懂了，也想起自己遇到过的事。,,We talked about the __________ today.,licence,我们今天谈到了执照。,context,2026-09-v2,本地预制课堂素材；原创短句与场景模板,[],想象你也在这个场景里。用 licence 说一句自己的话。
lie down,KET,3,躺下,phr v.,日常沟通,You should lie down and rest.,你应该躺下休息。,[],结合常用释义整体记忆。先听老师读，再用自己的生活场景解释。,0,,https://www.cambridgeenglish.org/images/506886-a2-key-2020-vocabulary-list.pdf,,https://github.com/skywind3000/ECDICT,offline-materials,lie down,authored,lie down · 单词里的小故事,小乐和朋友交换今天的小发现。你应该躺下休息。小乐说：“You should lie down and rest.”朋友听懂了，也想起自己遇到过的事。,,You should __________ and rest.,lie down,你应该躺下休息。,context,2026-09-v2,本地预制课堂素材；原创短句与场景模板,[],想象你也在这个场景里。用 lie down 说一句自己的话。
life,KET,1,生活；生命；人生,n.,日常沟通,We talked about the life today.,我们今天谈到了生活。,[],结合常用释义整体记忆。先听老师读，再用自己的生活场景解释。,0,,https://www.cambridgeenglish.org/images/506886-a2-key-2020-vocabulary-list.pdf,laif,https://github.com/skywind3000/ECDICT,offline-materials,life,discussion,life · 单词里的小故事,小乐和朋友聊起今天的一件事。我们今天谈到了生活。小乐说：“We talked about the life today.”朋友听懂了，也想起自己遇到过的事。,,We talked about the __________ today.,life,我们今天谈到了生活。,context,2026-09-v2,本地预制课堂素材；原创短句与场景模板,[],想象你也在这个场景里。用 life 说一句自己的话。
lift,KET,1,电梯；举起,n.,日常沟通,We talked about the lift today.,我们今天谈到了电梯。,[],结合常用释义整体记忆。先听老师读，再用自己的生活场景解释。,0,,https://www.cambridgeenglish.org/images/506886-a2-key-2020-vocabulary-list.pdf,lift,常用义教学修订；原词典见 ECDICT-LICENSE.txt,offline-materials,lift,discussion,lift · 单词里的小故事,小乐和朋友聊起今天的一件事。我们今天谈到了电梯。小乐说：“We talked about the lift today.”朋友听懂了，也想起自己遇到过的事。,,We talked about the __________ today.,lift,我们今天谈到了电梯。,context,2026-09-v2,本地预制课堂素材；原创短句与场景模板,[],想象你也在这个场景里。用 lift 说一句自己的话。
like,KET,1,相似的；同样的,"adv, prep; v.",日常沟通,She looks like her mother.,她看起来像她的妈妈。,"[{""text"": ""like"", ""kind"": ""root"", ""meaning"": ""像""}]",这个词本身可以作为词基，与相关派生词联系起来理解。,1,,https://www.cambridgeenglish.org/images/506886-a2-key-2020-vocabulary-list.pdf,laik,https://github.com/skywind3000/ECDICT,offline-materials,like,authored,like · 单词里的小故事,小乐和朋友交换今天的小发现。她看起来像她的妈妈。小乐说：“She looks like her mother.”朋友听懂了，也想起自己遇到过的事。,,She looks __________ her mother.,like,她看起来像她的妈妈。,context,2026-09-v2,本地预制课堂素材；原创短句与场景模板,[],想象你也在这个场景里。用 like 说一句自己的话。
line,KET,1,列；线；绳,n.,日常沟通,We talked about the line today.,我们今天谈到了列。,[],结合常用释义整体记忆。先听老师读，再用自己的生活场景解释。,0,,https://www.cambridgeenglish.org/images/506886-a2-key-2020-vocabulary-list.pdf,lain,https://github.com/skywind3000/ECDICT,offline-materials,line,discussion,line · 单词里的小故事,小乐和朋友聊起今天的一件事。我们今天谈到了列。小乐说：“We talked about the line today.”朋友听懂了，也想起自己遇到过的事。,,We talked about the __________ today.,line,我们今天谈到了列。,context,2026-09-v2,本地预制课堂素材；原创短句与场景模板,[],想象你也在这个场景里。用 line 说一句自己的话。
link,KET,1,环；连结物；链接,n.,日常沟通,We talked about the link today.,我们今天谈到了环。,[],结合常用释义整体记忆。先听老师读，再用自己的生活场景解释。,0,,https://www.cambridgeenglish.org/images/506886-a2-key-2020-vocabulary-list.pdf,liŋk,https://github.com/skywind3000/ECDICT,offline-materials,link,discussion,link · 单词里的小故事,小乐和朋友聊起今天的一件事。我们今天谈到了环。小乐说：“We talked about the link today.”朋友听懂了，也想起自己遇到过的事。,,We talked about the __________ today.,link,我们今天谈到了环。,context,2026-09-v2,本地预制课堂素材；原创短句与场景模板,[],想象你也在这个场景里。用 link 说一句自己的话。
list,KET,1,目录；名单；明细表,n.,日常沟通,We need the list today.,我们今天需要目录。,[],结合常用释义整体记忆。先听老师读，再用自己的生活场景解释。,0,,https://www.cambridgeenglish.org/images/506886-a2-key-2020-vocabulary-list.pdf,list,https://github.com/skywind3000/ECDICT,offline-materials,list,equipment,list · 单词里的小故事,班级活动开始前，小乐负责核对需要的东西。我们今天需要目录。小乐说：“We need the list today.”朋友听懂了，也想起自己遇到过的事。,,We need the __________ today.,list,我们今天需要目录。,context,2026-09-v2,本地预制课堂素材；原创短句与场景模板,[],想象你也在这个场景里。用 list 说一句自己的话。
listen,KET,1,听；倾听；听从,v.,日常沟通,"Listen to the teacher, please.",请听老师说。,"[{""text"": ""listen"", ""kind"": ""root"", ""meaning"": ""听""}]",这个词本身可以作为词基，与相关派生词联系起来理解。,0,,https://www.cambridgeenglish.org/images/506886-a2-key-2020-vocabulary-list.pdf,'lisn,https://github.com/skywind3000/ECDICT,offline-materials,listen,authored,listen · 单词里的小故事,"小乐和朋友交换今天的小发现。请听老师说。小乐说：“Listen to the teacher, please.”朋友听懂了，也想起自己遇到过的事。",,"__________ to the teacher, please.",Listen,请听老师说。,context,2026-09-v2,本地预制课堂素材；原创短句与场景模板,[],想象你也在这个场景里。用 listen 说一句自己的话。
litre,KET,2,升；公升,n.,日常沟通,We talked about the litre today.,我们今天谈到了升。,[],结合常用释义整体记忆。先听老师读，再用自己的生活场景解释。,0,,https://www.cambridgeenglish.org/images/506886-a2-key-2020-vocabulary-list.pdf,li:tә(r),https://github.com/skywind3000/ECDICT,offline-materials,litre,discussion,litre · 单词里的小故事,小乐和朋友聊起今天的一件事。我们今天谈到了升。小乐说：“We talked about the litre today.”朋友听懂了，也想起自己遇到过的事。,,We talked about the __________ today.,litre,我们今天谈到了升。,context,2026-09-v2,本地预制课堂素材；原创短句与场景模板,[],想象你也在这个场景里。用 litre 说一句自己的话。
little,KET,1,小的；很少的；幼小的,adj.,日常沟通,We have little time left.,我们剩的时间不多了。,[],结合常用释义整体记忆。先听老师读，再用自己的生活场景解释。,1,,https://www.cambridgeenglish.org/images/506886-a2-key-2020-vocabulary-list.pdf,'litl,https://github.com/skywind3000/ECDICT,offline-materials,little,authored,little · 单词里的小故事,小乐和朋友交换今天的小发现。我们剩的时间不多了。小乐说：“We have little time left.”朋友听懂了，也想起自己遇到过的事。,,We have __________ time left.,little,我们剩的时间不多了。,context,2026-09-v2,本地预制课堂素材；原创短句与场景模板,[],想象你也在这个场景里。用 little 说一句自己的话。
live,KET,1,活；生存；居住,v.,日常沟通,We watched a live show.,我们看了一场现场表演。,[],结合常用释义整体记忆。先听老师读，再用自己的生活场景解释。,1,,https://www.cambridgeenglish.org/images/506886-a2-key-2020-vocabulary-list.pdf,liv.laiv,https://github.com/skywind3000/ECDICT,offline-materials,live,authored,live · 单词里的小故事,小乐和朋友交换今天的小发现。我们看了一场现场表演。小乐说：“We watched a live show.”朋友听懂了，也想起自己遇到过的事。,,We watched a __________ show.,live,我们看了一场现场表演。,context,2026-09-v2,本地预制课堂素材；原创短句与场景模板,[],想象你也在这个场景里。用 live 说一句自己的话。
lizard,KET,3,蜥蜴,n.,日常沟通,We saw the lizard in a picture.,我们在图片里看到了蜥蜴。,[],结合常用释义整体记忆。先听老师读，再用自己的生活场景解释。,0,,https://www.cambridgeenglish.org/images/506886-a2-key-2020-vocabulary-list.pdf,'lizәd,https://github.com/skywind3000/ECDICT,offline-materials,lizard,animal,lizard · 单词里的小故事,小乐翻开一本动物画册，在其中一页停了下来。我们在图片里看到了蜥蜴。小乐说：“We saw the lizard in a picture.”朋友听懂了，也想起自己遇到过的事。,,We saw the __________ in a picture.,lizard,我们在图片里看到了蜥蜴。,context,2026-09-v2,本地预制课堂素材；原创短句与场景模板,[],想象你也在这个场景里。用 lizard 说一句自己的话。
local,KET,1,地方性的；当地的；局部的,adj.,日常沟通,We buy food at the local shop.,我们在当地商店买食物。,[],结合常用释义整体记忆。先听老师读，再用自己的生活场景解释。,0,,https://www.cambridgeenglish.org/images/506886-a2-key-2020-vocabulary-list.pdf,'lәukәl,https://github.com/skywind3000/ECDICT,offline-materials,local,authored,local · 单词里的小故事,小乐和朋友交换今天的小发现。我们在当地商店买食物。小乐说：“We buy food at the local shop.”朋友听懂了，也想起自己遇到过的事。,,We buy food at the __________ shop.,local,我们在当地商店买食物。,context,2026-09-v2,本地预制课堂素材；原创短句与场景模板,[],想象你也在这个场景里。用 local 说一句自己的话。
long,KET,1,长的；长久的；冗长的,adj.,日常沟通,This is a long road.,这是一条长路。,[],结合常用释义整体记忆。先听老师读，再用自己的生活场景解释。,1,,https://www.cambridgeenglish.org/images/506886-a2-key-2020-vocabulary-list.pdf,lɒŋ,https://github.com/skywind3000/ECDICT,offline-materials,long,authored,long · 单词里的小故事,小乐和朋友交换今天的小发现。这是一条长路。小乐说：“This is a long road.”朋友听懂了，也想起自己遇到过的事。,,This is a __________ road.,long,这是一条长路。,context,2026-09-v2,本地预制课堂素材；原创短句与场景模板,[],想象你也在这个场景里。用 long 说一句自己的话。
look,KET,1,看；注意；朝着,v.,日常沟通,Look at my new shoes.,看看我的新鞋。,[],结合常用释义整体记忆。先听老师读，再用自己的生活场景解释。,1,,https://www.cambridgeenglish.org/images/506886-a2-key-2020-vocabulary-list.pdf,luk,https://github.com/skywind3000/ECDICT,offline-materials,look,authored,look · 单词里的小故事,小乐和朋友交换今天的小发现。看看我的新鞋。小乐说：“Look at my new shoes.”朋友听懂了，也想起自己遇到过的事。,,__________ at my new shoes.,Look,看看我的新鞋。,context,2026-09-v2,本地预制课堂素材；原创短句与场景模板,[],想象你也在这个场景里。用 look 说一句自己的话。
look after,KET,3,目送；照顾；关心,phr v.,日常沟通,I look after my little brother.,我照顾我的小弟弟。,[],结合常用释义整体记忆。先听老师读，再用自己的生活场景解释。,0,,https://www.cambridgeenglish.org/images/506886-a2-key-2020-vocabulary-list.pdf,,https://github.com/skywind3000/ECDICT,offline-materials,look after,authored,look after · 单词里的小故事,小乐和朋友交换今天的小发现。我照顾我的小弟弟。小乐说：“I look after my little brother.”朋友听懂了，也想起自己遇到过的事。,,I __________ my little brother.,look after,我照顾我的小弟弟。,context,2026-09-v2,本地预制课堂素材；原创短句与场景模板,[],想象你也在这个场景里。用 look after 说一句自己的话。
look at,KET,3,看；考虑；着眼于,phr v.,日常沟通,Look at the bird in the tree.,看树上的那只鸟。,[],结合常用释义整体记忆。先听老师读，再用自己的生活场景解释。,0,,https://www.cambridgeenglish.org/images/506886-a2-key-2020-vocabulary-list.pdf,,https://github.com/skywind3000/ECDICT,offline-materials,look at,authored,look at · 单词里的小故事,小乐和朋友交换今天的小发现。看树上的那只鸟。小乐说：“Look at the bird in the tree.”朋友听懂了，也想起自己遇到过的事。,,__________ the bird in the tree.,Look at,看树上的那只鸟。,context,2026-09-v2,本地预制课堂素材；原创短句与场景模板,[],想象你也在这个场景里。用 look at 说一句自己的话。
look for,KET,3,寻找；期待,phr v.,日常沟通,Let's look for your bag.,我们找找你的包吧。,[],结合常用释义整体记忆。先听老师读，再用自己的生活场景解释。,0,,https://www.cambridgeenglish.org/images/506886-a2-key-2020-vocabulary-list.pdf,,https://github.com/skywind3000/ECDICT,offline-materials,look for,authored,look for · 单词里的小故事,小乐和朋友交换今天的小发现。我们找找你的包吧。小乐说：“Let's look for your bag.”朋友听懂了，也想起自己遇到过的事。,,Let's __________ your bag.,look for,我们找找你的包吧。,context,2026-09-v2,本地预制课堂素材；原创短句与场景模板,[],想象你也在这个场景里。用 look for 说一句自己的话。
look out,KET,3,面朝；留神；找出,phr v.,日常沟通,Look out! A car is coming.,小心！一辆车过来了。,[],结合常用释义整体记忆。先听老师读，再用自己的生活场景解释。,0,,https://www.cambridgeenglish.org/images/506886-a2-key-2020-vocabulary-list.pdf,,https://github.com/skywind3000/ECDICT,offline-materials,look out,authored,look out · 单词里的小故事,小乐和朋友交换今天的小发现。小心！一辆车过来了。小乐说：“Look out! A car is coming.”朋友听懂了，也想起自己遇到过的事。,,__________! A car is coming.,Look out,小心！一辆车过来了。,context,2026-09-v2,本地预制课堂素材；原创短句与场景模板,[],想象你也在这个场景里。用 look out 说一句自己的话。
lorry,KET,2,卡车；货车,n.,日常沟通,Look at the lorry in this picture.,看看这张图片中的卡车。,[],结合常用释义整体记忆。先听老师读，再用自己的生活场景解释。,0,,https://www.cambridgeenglish.org/images/506886-a2-key-2020-vocabulary-list.pdf,'lɒri,https://github.com/skywind3000/ECDICT,offline-materials,lorry,transport,lorry · 单词里的小故事,小乐和朋友观察一张出行图片，轮流指出里面的东西。看看这张图片中的卡车。小乐说：“Look at the lorry in this picture.”朋友听懂了，也想起自己遇到过的事。,,Look at the __________ in this picture.,lorry,看看这张图片中的卡车。,context,2026-09-v2,本地预制课堂素材；原创短句与场景模板,[],想象你也在这个场景里。用 lorry 说一句自己的话。
lose,KET,1,遗失；损失；丢失,v.,日常沟通,Be careful not to lose your key.,小心别丢了钥匙。,[],结合常用释义整体记忆。先听老师读，再用自己的生活场景解释。,0,,https://www.cambridgeenglish.org/images/506886-a2-key-2020-vocabulary-list.pdf,lu:z,https://github.com/skywind3000/ECDICT,offline-materials,lose,authored,lose · 单词里的小故事,小乐和朋友交换今天的小发现。小心别丢了钥匙。小乐说：“Be careful not to lose your key.”朋友听懂了，也想起自己遇到过的事。,,Be careful not to __________ your key.,lose,小心别丢了钥匙。,context,2026-09-v2,本地预制课堂素材；原创短句与场景模板,[],想象你也在这个场景里。用 lose 说一句自己的话。
lost,KET,2,失去的；遗失的；迷惑的,adj.,日常沟通,I am lost. Where is the station?,我迷路了。车站在哪里？,[],结合常用释义整体记忆。先听老师读，再用自己的生活场景解释。,0,,https://www.cambridgeenglish.org/images/506886-a2-key-2020-vocabulary-list.pdf,lɒst,https://github.com/skywind3000/ECDICT,offline-materials,lost,authored,lost · 单词里的小故事,小乐和朋友交换今天的小发现。我迷路了。车站在哪里？小乐说：“I am lost. Where is the station?”朋友听懂了，也想起自己遇到过的事。,,I am __________. Where is the station?,lost,我迷路了。车站在哪里？,context,2026-09-v2,本地预制课堂素材；原创短句与场景模板,[],想象你也在这个场景里。用 lost 说一句自己的话。
lots,KET,1,大量；许多；一堆,n.,日常沟通,We have lots of apples.,我们有很多苹果。,[],结合常用释义整体记忆。先听老师读，再用自己的生活场景解释。,1,,https://www.cambridgeenglish.org/images/506886-a2-key-2020-vocabulary-list.pdf,lɔts,https://github.com/skywind3000/ECDICT,offline-materials,lots,authored,lots · 单词里的小故事,小乐和朋友交换今天的小发现。我们有很多苹果。小乐说：“We have lots of apples.”朋友听懂了，也想起自己遇到过的事。,,We have __________ of apples.,lots,我们有很多苹果。,context,2026-09-v2,本地预制课堂素材；原创短句与场景模板,[],想象你也在这个场景里。用 lots 说一句自己的话。
loud,KET,2,大声的；不断的；喧吵的,adj.,日常沟通,The music is loud.,音乐声很大。,[],结合常用释义整体记忆。先听老师读，再用自己的生活场景解释。,0,,https://www.cambridgeenglish.org/images/506886-a2-key-2020-vocabulary-list.pdf,laud,https://github.com/skywind3000/ECDICT,offline-materials,loud,authored,loud · 单词里的小故事,小乐和朋友交换今天的小发现。音乐声很大。小乐说：“The music is loud.”朋友听懂了，也想起自己遇到过的事。,,The music is __________.,loud,音乐声很大。,context,2026-09-v2,本地预制课堂素材；原创短句与场景模板,[],想象你也在这个场景里。用 loud 说一句自己的话。
love,KET,1,爱；恋爱；爱情,n; v.,日常沟通,We talked about the love today.,我们今天谈到了爱。,[],结合常用释义整体记忆。先听老师读，再用自己的生活场景解释。,1,,https://www.cambridgeenglish.org/images/506886-a2-key-2020-vocabulary-list.pdf,lʌv,https://github.com/skywind3000/ECDICT,offline-materials,love,discussion,love · 单词里的小故事,小乐和朋友聊起今天的一件事。我们今天谈到了爱。小乐说：“We talked about the love today.”朋友听懂了，也想起自己遇到过的事。,,We talked about the __________ today.,love,我们今天谈到了爱。,context,2026-09-v2,本地预制课堂素材；原创短句与场景模板,[],想象你也在这个场景里。用 love 说一句自己的话。
lovely,KET,1,可爱的；有趣的,adj.,日常沟通,It is lovely today.,今天的天气是可爱的。,[],结合常用释义整体记忆。先听老师读，再用自己的生活场景解释。,0,,https://www.cambridgeenglish.org/images/506886-a2-key-2020-vocabulary-list.pdf,'lʌvli,https://github.com/skywind3000/ECDICT,offline-materials,lovely,weather-quality,lovely · 单词里的小故事,出门前，小乐看了一眼窗外，把天气告诉家人。今天的天气是可爱的。小乐说：“It is lovely today.”朋友听懂了，也想起自己遇到过的事。,,It is __________ today.,lovely,今天的天气是可爱的。,context,2026-09-v2,本地预制课堂素材；原创短句与场景模板,"[{""en"": ""We found a lovely place to sit."", ""zh"": ""我们找到一个很好的地方坐下。""}]",想象你也在这个场景里。用 lovely 说一句自己的话。
low,KET,1,低的；消沉的；低等的,adj.,日常沟通,The table is low.,这张桌子很低。,[],结合常用释义整体记忆。先听老师读，再用自己的生活场景解释。,1,,https://www.cambridgeenglish.org/images/506886-a2-key-2020-vocabulary-list.pdf,lәu,https://github.com/skywind3000/ECDICT,offline-materials,low,authored,low · 单词里的小故事,小乐和朋友交换今天的小发现。这张桌子很低。小乐说：“The table is low.”朋友听懂了，也想起自己遇到过的事。,,The table is __________.,low,这张桌子很低。,context,2026-09-v2,本地预制课堂素材；原创短句与场景模板,[],想象你也在这个场景里。用 low 说一句自己的话。
luck,KET,2,运气；幸运；好运,n.,日常沟通,We talked about the luck today.,我们今天谈到了运气。,[],结合常用释义整体记忆。先听老师读，再用自己的生活场景解释。,0,,https://www.cambridgeenglish.org/images/506886-a2-key-2020-vocabulary-list.pdf,lʌk,https://github.com/skywind3000/ECDICT,offline-materials,luck,discussion,luck · 单词里的小故事,小乐和朋友聊起今天的一件事。我们今天谈到了运气。小乐说：“We talked about the luck today.”朋友听懂了，也想起自己遇到过的事。,,We talked about the __________ today.,luck,我们今天谈到了运气。,context,2026-09-v2,本地预制课堂素材；原创短句与场景模板,[],想象你也在这个场景里。用 luck 说一句自己的话。
luckily,KET,2,幸运地；幸亏；侥幸,adv.,日常沟通,"Luckily, the shop was still open.",幸好商店还开着。,"[{""text"": ""lucky"", ""kind"": ""root"", ""meaning"": ""幸运的""}, {""text"": ""-ly"", ""kind"": ""suffix"", ""meaning"": ""以……的方式（构成副词）"", ""story"": ""-ly 在古英语中有表示“像……的”的形容词形式，也有表示“以某种方式”的副词形式。今天同样的结尾仍有不同工作。先问它是在描写一个人或物，还是在说明怎样做事。"", ""source"": ""https://www.merriam-webster.com/dictionary/ly-""}]",这是词基与派生词的关系。拼写发生了变化，请把本课目标单词完整写对；构词成分不是原词的逐字切片。,0,,https://www.cambridgeenglish.org/images/506886-a2-key-2020-vocabulary-list.pdf,'lʌkili,https://github.com/skywind3000/ECDICT,offline-materials,luckily,authored,luckily · 单词里的小故事,"小乐和朋友交换今天的小发现。幸好商店还开着。小乐说：“Luckily, the shop was still open.”朋友听懂了，也想起自己遇到过的事。",,"__________, the shop was still open.",Luckily,幸好商店还开着。,context,2026-09-v2,本地预制课堂素材；原创短句与场景模板,[],想象你也在这个场景里。用 luckily 说一句自己的话。
lunchtime,KET,2,午餐时间,n.,日常沟通,We talked about the lunchtime today.,我们今天谈到了午餐时间。,[],结合常用释义整体记忆。先听老师读，再用自己的生活场景解释。,0,,https://www.cambridgeenglish.org/images/506886-a2-key-2020-vocabulary-list.pdf,'lʌntʃtaim,https://github.com/skywind3000/ECDICT,offline-materials,lunchtime,discussion,lunchtime · 单词里的小故事,小乐和朋友聊起今天的一件事。我们今天谈到了午餐时间。小乐说：“We talked about the lunchtime today.”朋友听懂了，也想起自己遇到过的事。,,We talked about the __________ today.,lunchtime,我们今天谈到了午餐时间。,context,2026-09-v2,本地预制课堂素材；原创短句与场景模板,[],想象你也在这个场景里。用 lunchtime 说一句自己的话。
mad,KET,2,疯狂的；发疯的；生气的,adj.,日常沟通,He was mad about the broken window.,他因窗户被打破而生气。,[],结合常用释义整体记忆。先听老师读，再用自己的生活场景解释。,0,,https://www.cambridgeenglish.org/images/506886-a2-key-2020-vocabulary-list.pdf,mæd,https://github.com/skywind3000/ECDICT,offline-materials,mad,authored,mad · 单词里的小故事,小乐和朋友交换今天的小发现。他因窗户被打破而生气。小乐说：“He was mad about the broken window.”朋友听懂了，也想起自己遇到过的事。,,He was __________ about the broken window.,mad,他因窗户被打破而生气。,context,2026-09-v2,本地预制课堂素材；原创短句与场景模板,[],想象你也在这个场景里。用 mad 说一句自己的话。
mail,KET,2,邮件；邮政；邮递,n.,日常沟通,We talked about the mail today.,我们今天谈到了邮件。,[],结合常用释义整体记忆。先听老师读，再用自己的生活场景解释。,0,,https://www.cambridgeenglish.org/images/506886-a2-key-2020-vocabulary-list.pdf,meil,https://github.com/skywind3000/ECDICT,offline-materials,mail,discussion,mail · 单词里的小故事,小乐和朋友聊起今天的一件事。我们今天谈到了邮件。小乐说：“We talked about the mail today.”朋友听懂了，也想起自己遇到过的事。,,We talked about the __________ today.,mail,我们今天谈到了邮件。,context,2026-09-v2,本地预制课堂素材；原创短句与场景模板,[],想象你也在这个场景里。用 mail 说一句自己的话。
make,KET,1,制造；安排；创造,v.,日常沟通,Let's make a cake.,我们做蛋糕吧。,"[{""text"": ""make"", ""kind"": ""root"", ""meaning"": ""制作""}]",这个词本身可以作为词基，与相关派生词联系起来理解。,1,,https://www.cambridgeenglish.org/images/506886-a2-key-2020-vocabulary-list.pdf,meik,https://github.com/skywind3000/ECDICT,offline-materials,make,authored,make · 单词里的小故事,小乐和朋友交换今天的小发现。我们做蛋糕吧。小乐说：“Let's make a cake.”朋友听懂了，也想起自己遇到过的事。,,Let's __________ a cake.,make,我们做蛋糕吧。,context,2026-09-v2,本地预制课堂素材；原创短句与场景模板,[],想象你也在这个场景里。用 make 说一句自己的话。
make sure,KET,3,确定,v.,日常沟通,Make sure the door is closed.,确认门关好了。,[],结合常用释义整体记忆。先听老师读，再用自己的生活场景解释。,0,,https://www.cambridgeenglish.org/images/506886-a2-key-2020-vocabulary-list.pdf,,https://github.com/skywind3000/ECDICT,offline-materials,make sure,authored,make sure · 单词里的小故事,小乐和朋友交换今天的小发现。确认门关好了。小乐说：“Make sure the door is closed.”朋友听懂了，也想起自己遇到过的事。,,__________ the door is closed.,Make sure,确认门关好了。,context,2026-09-v2,本地预制课堂素材；原创短句与场景模板,[],想象你也在这个场景里。用 make sure 说一句自己的话。
make-up,KET,3,捏造,n.,日常沟通,I like your make-up.,我喜欢你的捏造。,[],结合常用释义整体记忆。先听老师读，再用自己的生活场景解释。,0,,https://www.cambridgeenglish.org/images/506886-a2-key-2020-vocabulary-list.pdf,'meikʌp,https://github.com/skywind3000/ECDICT,offline-materials,make-up,clothes,make-up · 单词里的小故事,出门前，小乐注意到了朋友的穿着。我喜欢你的捏造。小乐说：“I like your make-up.”朋友听懂了，也想起自己遇到过的事。,,I like your __________.,make-up,我喜欢你的捏造。,context,2026-09-v2,本地预制课堂素材；原创短句与场景模板,[],想象你也在这个场景里。用 make-up 说一句自己的话。
man,KET,1,男人；人类；人,n.,日常沟通,This story is about a man.,这个故事讲的是一位男人。,[],结合常用释义整体记忆。先听老师读，再用自己的生活场景解释。,1,,https://www.cambridgeenglish.org/images/506886-a2-key-2020-vocabulary-list.pdf,mæn,https://github.com/skywind3000/ECDICT,offline-materials,man,person,man · 单词里的小故事,读书会轮到小乐介绍故事里的一个人物。这个故事讲的是一位男人。小乐说：“This story is about a man.”朋友听懂了，也想起自己遇到过的事。,,This story is about a __________.,man,这个故事讲的是一位男人。,context,2026-09-v2,本地预制课堂素材；原创短句与场景模板,[],想象你也在这个场景里。用 man 说一句自己的话。
mango,KET,3,芒果,n.,日常沟通,This mango tastes good.,这份芒果味道很好。,[],结合常用释义整体记忆。先听老师读，再用自己的生活场景解释。,0,,https://www.cambridgeenglish.org/images/506886-a2-key-2020-vocabulary-list.pdf,'mæŋgәu,https://github.com/skywind3000/ECDICT,offline-materials,mango,food,mango · 单词里的小故事,小乐第一次给家人当小帮手，端出一份食物。这份芒果味道很好。小乐说：“This mango tastes good.”朋友听懂了，也想起自己遇到过的事。,,This __________ tastes good.,mango,这份芒果味道很好。,context,2026-09-v2,本地预制课堂素材；原创短句与场景模板,[],想象你也在这个场景里。用 mango 说一句自己的话。
map,KET,1,地图；天体图；映像,n.,日常沟通,We need the map today.,我们今天需要地图。,[],结合常用释义整体记忆。先听老师读，再用自己的生活场景解释。,0,,https://www.cambridgeenglish.org/images/506886-a2-key-2020-vocabulary-list.pdf,mæp,https://github.com/skywind3000/ECDICT,offline-materials,map,equipment,map · 单词里的小故事,班级活动开始前，小乐负责核对需要的东西。我们今天需要地图。小乐说：“We need the map today.”朋友听懂了，也想起自己遇到过的事。,,We need the __________ today.,map,我们今天需要地图。,context,2026-09-v2,本地预制课堂素材；原创短句与场景模板,[],想象你也在这个场景里。用 map 说一句自己的话。
march,KET,1,三月；进行；行军,n.,日常沟通,My birthday is in March.,我的生日在三月。,[],结合常用释义整体记忆。先听老师读，再用自己的生活场景解释。,1,,https://www.cambridgeenglish.org/images/506886-a2-key-2020-vocabulary-list.pdf,mɑ:tʃ,https://github.com/skywind3000/ECDICT,offline-materials,March,date,March · 单词里的小故事,小乐在日历上画了一个圈，提醒自己别忘记这个日子。我的生日在三月。小乐说：“My birthday is in March.”朋友听懂了，也想起自己遇到过的事。,,My birthday is in __________.,March,我的生日在三月。,context,2026-09-v2,本地预制课堂素材；原创短句与场景模板,[],想象你也在这个场景里。用 March 说一句自己的话。
mark,KET,1,标志；分数；马克,n.,日常沟通,We talked about the mark today.,我们今天谈到了标志。,[],结合常用释义整体记忆。先听老师读，再用自己的生活场景解释。,0,,https://www.cambridgeenglish.org/images/506886-a2-key-2020-vocabulary-list.pdf,mɑ:k,https://github.com/skywind3000/ECDICT,offline-materials,mark,discussion,mark · 单词里的小故事,小乐和朋友聊起今天的一件事。我们今天谈到了标志。小乐说：“We talked about the mark today.”朋友听懂了，也想起自己遇到过的事。,,We talked about the __________ today.,mark,我们今天谈到了标志。,context,2026-09-v2,本地预制课堂素材；原创短句与场景模板,[],想象你也在这个场景里。用 mark 说一句自己的话。
market,KET,1,市场；交易；集市,n.,日常沟通,We visited the market today.,我们今天参观了市场。,[],结合常用释义整体记忆。先听老师读，再用自己的生活场景解释。,0,,https://www.cambridgeenglish.org/images/506886-a2-key-2020-vocabulary-list.pdf,'mɑ:kit,https://github.com/skywind3000/ECDICT,offline-materials,market,place,market · 单词里的小故事,小乐把今天的外出经历记进了日记。我们今天参观了市场。小乐说：“We visited the market today.”朋友听懂了，也想起自己遇到过的事。,,We visited the __________ today.,market,我们今天参观了市场。,context,2026-09-v2,本地预制课堂素材；原创短句与场景模板,[],想象你也在这个场景里。用 market 说一句自己的话。
married,KET,1,已婚的；婚姻的,adj.,日常沟通,My aunt is married.,我的阿姨结婚了。,[],结合常用释义整体记忆。先听老师读，再用自己的生活场景解释。,0,,https://www.cambridgeenglish.org/images/506886-a2-key-2020-vocabulary-list.pdf,'mærid,https://github.com/skywind3000/ECDICT,offline-materials,married,authored,married · 单词里的小故事,小乐和朋友交换今天的小发现。我的阿姨结婚了。小乐说：“My aunt is married.”朋友听懂了，也想起自己遇到过的事。,,My aunt is __________.,married,我的阿姨结婚了。,context,2026-09-v2,本地预制课堂素材；原创短句与场景模板,[],想象你也在这个场景里。用 married 说一句自己的话。
maths,KET,2,数学,n.,日常沟通,We learn about maths at school.,我们在学校学习数学。,[],结合常用释义整体记忆。先听老师读，再用自己的生活场景解释。,0,,https://www.cambridgeenglish.org/images/506886-a2-key-2020-vocabulary-list.pdf,mæθs,https://github.com/skywind3000/ECDICT,offline-materials,maths,school,maths · 单词里的小故事,小乐把今天在学校学到的内容讲给家人听。我们在学校学习数学。小乐说：“We learn about maths at school.”朋友听懂了，也想起自己遇到过的事。,,We learn about __________ at school.,maths,我们在学校学习数学。,context,2026-09-v2,本地预制课堂素材；原创短句与场景模板,[],想象你也在这个场景里。用 maths 说一句自己的话。
matter,KET,1,事情；有关系；要紧,n; v.,日常沟通,We talked about the matter today.,我们今天谈到了事情。,[],结合常用释义整体记忆。先听老师读，再用自己的生活场景解释。,0,,https://www.cambridgeenglish.org/images/506886-a2-key-2020-vocabulary-list.pdf,'mætә,常用义教学修订；原词典见 ECDICT-LICENSE.txt,offline-materials,matter,discussion,matter · 单词里的小故事,小乐和朋友聊起今天的一件事。我们今天谈到了事情。小乐说：“We talked about the matter today.”朋友听懂了，也想起自己遇到过的事。,,We talked about the __________ today.,matter,我们今天谈到了事情。,context,2026-09-v2,本地预制课堂素材；原创短句与场景模板,[],想象你也在这个场景里。用 matter 说一句自己的话。
may,KET,1,可以；可能；五月,modal v.; n.,日常沟通,You may sit here.,你可以坐在这里。,[],结合常用释义整体记忆。先听老师读，再用自己的生活场景解释。,1,,https://www.cambridgeenglish.org/images/506886-a2-key-2020-vocabulary-list.pdf,mei,常用义教学修订；原词典见 ECDICT-LICENSE.txt,offline-materials,May,authored,May · 单词里的小故事,小乐和朋友交换今天的小发现。你可以坐在这里。小乐说：“You may sit here.”朋友听懂了，也想起自己遇到过的事。,,You __________ sit here.,may,你可以坐在这里。,context,2026-09-v2,本地预制课堂素材；原创短句与场景模板,[],想象你也在这个场景里。用 May 说一句自己的话。
maybe,KET,1,也许；大概,adv.,日常沟通,Maybe she is at home.,也许她在家。,[],结合常用释义整体记忆。先听老师读，再用自己的生活场景解释。,0,,https://www.cambridgeenglish.org/images/506886-a2-key-2020-vocabulary-list.pdf,'meibi:,https://github.com/skywind3000/ECDICT,offline-materials,maybe,authored,maybe · 单词里的小故事,小乐和朋友交换今天的小发现。也许她在家。小乐说：“Maybe she is at home.”朋友听懂了，也想起自己遇到过的事。,,__________ she is at home.,Maybe,也许她在家。,context,2026-09-v2,本地预制课堂素材；原创短句与场景模板,[],想象你也在这个场景里。用 maybe 说一句自己的话。
me,KET,1,我,pron.,日常沟通,Please look at me.,请看着我。,[],结合常用释义整体记忆。先听老师读，再用自己的生活场景解释。,1,,https://www.cambridgeenglish.org/images/506886-a2-key-2020-vocabulary-list.pdf,mi:,https://github.com/skywind3000/ECDICT,offline-materials,me,authored,me · 单词里的小故事,小乐和朋友交换今天的小发现。请看着我。小乐说：“Please look at me.”朋友听懂了，也想起自己遇到过的事。,,Please look at __________.,me,请看着我。,context,2026-09-v2,本地预制课堂素材；原创短句与场景模板,[],想象你也在这个场景里。用 me 说一句自己的话。
meal,KET,1,一餐；膳食；粗粉,n.,日常沟通,This meal tastes good.,这份一餐味道很好。,[],结合常用释义整体记忆。先听老师读，再用自己的生活场景解释。,0,,https://www.cambridgeenglish.org/images/506886-a2-key-2020-vocabulary-list.pdf,mi:l,https://github.com/skywind3000/ECDICT,offline-materials,meal,food,meal · 单词里的小故事,小乐第一次给家人当小帮手，端出一份食物。这份一餐味道很好。小乐说：“This meal tastes good.”朋友听懂了，也想起自己遇到过的事。,,This __________ tastes good.,meal,这份一餐味道很好。,context,2026-09-v2,本地预制课堂素材；原创短句与场景模板,[],想象你也在这个场景里。用 meal 说一句自己的话。
mean,KET,1,意思是,v.,日常沟通,What does this word mean?,这个词是什么意思？,[],结合常用释义整体记忆。先听老师读，再用自己的生活场景解释。,0,,https://www.cambridgeenglish.org/images/506886-a2-key-2020-vocabulary-list.pdf,mi:n,常用义教学修订；原词典见 ECDICT-LICENSE.txt,offline-materials,mean,authored,mean · 单词里的小故事,小乐和朋友交换今天的小发现。这个词是什么意思？小乐说：“What does this word mean?”朋友听懂了，也想起自己遇到过的事。,,What does this word __________?,mean,这个词是什么意思？,context,2026-09-v2,本地预制课堂素材；原创短句与场景模板,[],想象你也在这个场景里。用 mean 说一句自己的话。
meet,KET,1,遇见；引见；认识,v.,日常沟通,Let's meet at the school gate.,我们在校门口见吧。,"[{""text"": ""meet"", ""kind"": ""root"", ""meaning"": ""见面""}]",这个词本身可以作为词基，与相关派生词联系起来理解。,0,,https://www.cambridgeenglish.org/images/506886-a2-key-2020-vocabulary-list.pdf,mi:t,https://github.com/skywind3000/ECDICT,offline-materials,meet,authored,meet · 单词里的小故事,小乐和朋友交换今天的小发现。我们在校门口见吧。小乐说：“Let's meet at the school gate.”朋友听懂了，也想起自己遇到过的事。,,Let's __________ at the school gate.,meet,我们在校门口见吧。,context,2026-09-v2,本地预制课堂素材；原创短句与场景模板,[],想象你也在这个场景里。用 meet 说一句自己的话。
meeting,KET,1,会议；会面,n.,日常沟通,We talked about the meeting today.,我们今天谈到了会议。,"[{""text"": ""meet"", ""kind"": ""root"", ""meaning"": ""见面""}, {""text"": ""-ing"", ""kind"": ""suffix"", ""meaning"": ""把动作当作活动或事物来表达"", ""story"": ""把动作变成名词的 -ing，可以追溯到古英语的 -ung、-ing。一个动作加上这样的结尾，就能作为一种活动来谈论。注意句子里的位置：-ing 也会用于进行时和形容词。"", ""source"": ""https://www.merriam-webster.com/dictionary/-ing""}]",先理解词基，再看词缀如何改变含义或词性。,0,,https://www.cambridgeenglish.org/images/506886-a2-key-2020-vocabulary-list.pdf,'mi:tiŋ,https://github.com/skywind3000/ECDICT,offline-materials,meeting,discussion,meeting · 单词里的小故事,小乐和朋友聊起今天的一件事。我们今天谈到了会议。小乐说：“We talked about the meeting today.”朋友听懂了，也想起自己遇到过的事。,,We talked about the __________ today.,meeting,我们今天谈到了会议。,context,2026-09-v2,本地预制课堂素材；原创短句与场景模板,"[{""en"": ""The meeting starts after lunch."", ""zh"": ""会议在午饭后开始。""}]",想象你也在这个场景里。用 meeting 说一句自己的话。
melon,KET,3,瓜；甜瓜；红利,n.,日常沟通,This melon tastes good.,这份瓜味道很好。,[],结合常用释义整体记忆。先听老师读，再用自己的生活场景解释。,0,,https://www.cambridgeenglish.org/images/506886-a2-key-2020-vocabulary-list.pdf,'melәn,https://github.com/skywind3000/ECDICT,offline-materials,melon,food,melon · 单词里的小故事,小乐第一次给家人当小帮手，端出一份食物。这份瓜味道很好。小乐说：“This melon tastes good.”朋友听懂了，也想起自己遇到过的事。,,This __________ tastes good.,melon,这份瓜味道很好。,context,2026-09-v2,本地预制课堂素材；原创短句与场景模板,[],想象你也在这个场景里。用 melon 说一句自己的话。
memory,KET,1,记忆；记忆力；回忆,n.,日常沟通,We talked about the memory today.,我们今天谈到了记忆。,[],结合常用释义整体记忆。先听老师读，再用自己的生活场景解释。,0,,https://www.cambridgeenglish.org/images/506886-a2-key-2020-vocabulary-list.pdf,'memәri,https://github.com/skywind3000/ECDICT,offline-materials,memory,discussion,memory · 单词里的小故事,小乐和朋友聊起今天的一件事。我们今天谈到了记忆。小乐说：“We talked about the memory today.”朋友听懂了，也想起自己遇到过的事。,,We talked about the __________ today.,memory,我们今天谈到了记忆。,context,2026-09-v2,本地预制课堂素材；原创短句与场景模板,[],想象你也在这个场景里。用 memory 说一句自己的话。
metal,KET,1,金属,n; adj.,日常沟通,We talked about the metal today.,我们今天谈到了金属。,[],结合常用释义整体记忆。先听老师读，再用自己的生活场景解释。,0,,https://www.cambridgeenglish.org/images/506886-a2-key-2020-vocabulary-list.pdf,'metәl,常用义教学修订；原词典见 ECDICT-LICENSE.txt,offline-materials,metal,discussion,metal · 单词里的小故事,小乐和朋友聊起今天的一件事。我们今天谈到了金属。小乐说：“We talked about the metal today.”朋友听懂了，也想起自己遇到过的事。,,We talked about the __________ today.,metal,我们今天谈到了金属。,context,2026-09-v2,本地预制课堂素材；原创短句与场景模板,[],想象你也在这个场景里。用 metal 说一句自己的话。
metre,KET,2,公尺；格律；韵律,n.,日常沟通,We talked about the metre today.,我们今天谈到了公尺。,[],结合常用释义整体记忆。先听老师读，再用自己的生活场景解释。,0,,https://www.cambridgeenglish.org/images/506886-a2-key-2020-vocabulary-list.pdf,'mi:tә,https://github.com/skywind3000/ECDICT,offline-materials,metre,discussion,metre · 单词里的小故事,小乐和朋友聊起今天的一件事。我们今天谈到了公尺。小乐说：“We talked about the metre today.”朋友听懂了，也想起自己遇到过的事。,,We talked about the __________ today.,metre,我们今天谈到了公尺。,context,2026-09-v2,本地预制课堂素材；原创短句与场景模板,[],想象你也在这个场景里。用 metre 说一句自己的话。
microphone,KET,2,扩音器；麦克风,n.,日常沟通,We need the microphone today.,我们今天需要扩音器。,[],结合常用释义整体记忆。先听老师读，再用自己的生活场景解释。,0,,https://www.cambridgeenglish.org/images/506886-a2-key-2020-vocabulary-list.pdf,'maikrәfәun,https://github.com/skywind3000/ECDICT,offline-materials,microphone,equipment,microphone · 单词里的小故事,班级活动开始前，小乐负责核对需要的东西。我们今天需要扩音器。小乐说：“We need the microphone today.”朋友听懂了，也想起自己遇到过的事。,,We need the __________ today.,microphone,我们今天需要扩音器。,context,2026-09-v2,本地预制课堂素材；原创短句与场景模板,[],想象你也在这个场景里。用 microphone 说一句自己的话。
midday,KET,3,正午；中午,n.,日常沟通,We talked about the midday today.,我们今天谈到了正午。,[],结合常用释义整体记忆。先听老师读，再用自己的生活场景解释。,0,,https://www.cambridgeenglish.org/images/506886-a2-key-2020-vocabulary-list.pdf,'middei,https://github.com/skywind3000/ECDICT,offline-materials,midday,discussion,midday · 单词里的小故事,小乐和朋友聊起今天的一件事。我们今天谈到了正午。小乐说：“We talked about the midday today.”朋友听懂了，也想起自己遇到过的事。,,We talked about the __________ today.,midday,我们今天谈到了正午。,context,2026-09-v2,本地预制课堂素材；原创短句与场景模板,[],想象你也在这个场景里。用 midday 说一句自己的话。
middle,KET,1,中央；中间；腰部,n.,日常沟通,We talked about the middle today.,我们今天谈到了中央。,[],结合常用释义整体记忆。先听老师读，再用自己的生活场景解释。,0,,https://www.cambridgeenglish.org/images/506886-a2-key-2020-vocabulary-list.pdf,'midl,https://github.com/skywind3000/ECDICT,offline-materials,middle,discussion,middle · 单词里的小故事,小乐和朋友聊起今天的一件事。我们今天谈到了中央。小乐说：“We talked about the middle today.”朋友听懂了，也想起自己遇到过的事。,,We talked about the __________ today.,middle,我们今天谈到了中央。,context,2026-09-v2,本地预制课堂素材；原创短句与场景模板,[],想象你也在这个场景里。用 middle 说一句自己的话。
might,KET,1,可能；也许,mv.,日常沟通,It might rain today.,今天可能会下雨。,[],结合常用释义整体记忆。先听老师读，再用自己的生活场景解释。,1,,https://www.cambridgeenglish.org/images/506886-a2-key-2020-vocabulary-list.pdf,mait,常用义教学修订；原词典见 ECDICT-LICENSE.txt,offline-materials,might,authored,might · 单词里的小故事,小乐和朋友交换今天的小发现。今天可能会下雨。小乐说：“It might rain today.”朋友听懂了，也想起自己遇到过的事。,,It __________ rain today.,might,今天可能会下雨。,context,2026-09-v2,本地预制课堂素材；原创短句与场景模板,[],想象你也在这个场景里。用 might 说一句自己的话。
mile,KET,1,英里,n.,日常沟通,We talked about the mile today.,我们今天谈到了英里。,[],结合常用释义整体记忆。先听老师读，再用自己的生活场景解释。,0,,https://www.cambridgeenglish.org/images/506886-a2-key-2020-vocabulary-list.pdf,mail,常用义教学修订；原词典见 ECDICT-LICENSE.txt,offline-materials,mile,discussion,mile · 单词里的小故事,小乐和朋友聊起今天的一件事。我们今天谈到了英里。小乐说：“We talked about the mile today.”朋友听懂了，也想起自己遇到过的事。,,We talked about the __________ today.,mile,我们今天谈到了英里。,context,2026-09-v2,本地预制课堂素材；原创短句与场景模板,[],想象你也在这个场景里。用 mile 说一句自己的话。
milk,KET,1,奶；乳状物,n.,日常沟通,This milk tastes good.,这份奶味道很好。,[],结合常用释义整体记忆。先听老师读，再用自己的生活场景解释。,1,,https://www.cambridgeenglish.org/images/506886-a2-key-2020-vocabulary-list.pdf,milk,https://github.com/skywind3000/ECDICT,offline-materials,milk,food,milk · 单词里的小故事,小乐第一次给家人当小帮手，端出一份食物。这份奶味道很好。小乐说：“This milk tastes good.”朋友听懂了，也想起自己遇到过的事。,,This __________ tastes good.,milk,这份奶味道很好。,context,2026-09-v2,本地预制课堂素材；原创短句与场景模板,[],想象你也在这个场景里。用 milk 说一句自己的话。
million,KET,1,百万；无数,n.,日常沟通,A million is a very big number.,一百万是一个很大的数。,[],结合常用释义整体记忆。先听老师读，再用自己的生活场景解释。,0,,https://www.cambridgeenglish.org/images/506886-a2-key-2020-vocabulary-list.pdf,'miljәn,https://github.com/skywind3000/ECDICT,offline-materials,million,authored,million · 单词里的小故事,小乐和朋友交换今天的小发现。一百万是一个很大的数。小乐说：“A million is a very big number.”朋友听懂了，也想起自己遇到过的事。,,A __________ is a very big number.,million,一百万是一个很大的数。,context,2026-09-v2,本地预制课堂素材；原创短句与场景模板,[],想象你也在这个场景里。用 million 说一句自己的话。
mind,KET,1,介意；注意；留心,v.,日常沟通,Do you mind if I sit here?,你介意我坐这里吗？,[],结合常用释义整体记忆。先听老师读，再用自己的生活场景解释。,0,,https://www.cambridgeenglish.org/images/506886-a2-key-2020-vocabulary-list.pdf,maind,https://github.com/skywind3000/ECDICT,offline-materials,mind,authored,mind · 单词里的小故事,小乐和朋友交换今天的小发现。你介意我坐这里吗？小乐说：“Do you mind if I sit here?”朋友听懂了，也想起自己遇到过的事。,,Do you __________ if I sit here?,mind,你介意我坐这里吗？,context,2026-09-v2,本地预制课堂素材；原创短句与场景模板,[],想象你也在这个场景里。用 mind 说一句自己的话。
mine,KET,1,矿；矿藏；地雷,pron.,日常沟通,The blue pen is mine.,蓝色的笔是我的。,[],结合常用释义整体记忆。先听老师读，再用自己的生活场景解释。,1,,https://www.cambridgeenglish.org/images/506886-a2-key-2020-vocabulary-list.pdf,main,https://github.com/skywind3000/ECDICT,offline-materials,mine,authored,mine · 单词里的小故事,小乐和朋友交换今天的小发现。蓝色的笔是我的。小乐说：“The blue pen is mine.”朋友听懂了，也想起自己遇到过的事。,,The blue pen is __________.,mine,蓝色的笔是我的。,context,2026-09-v2,本地预制课堂素材；原创短句与场景模板,[],想象你也在这个场景里。用 mine 说一句自己的话。
mineral water,KET,3,矿泉水；矿质水,n.,日常沟通,This mineral water tastes good.,这份矿泉水味道很好。,[],结合常用释义整体记忆。先听老师读，再用自己的生活场景解释。,0,,https://www.cambridgeenglish.org/images/506886-a2-key-2020-vocabulary-list.pdf,ˈminərəl ˈwɔ:tə,https://github.com/skywind3000/ECDICT,offline-materials,mineral water,food,mineral water · 单词里的小故事,小乐第一次给家人当小帮手，端出一份食物。这份矿泉水味道很好。小乐说：“This mineral water tastes good.”朋友听懂了，也想起自己遇到过的事。,,This __________ tastes good.,mineral water,这份矿泉水味道很好。,context,2026-09-v2,本地预制课堂素材；原创短句与场景模板,[],想象你也在这个场景里。用 mineral water 说一句自己的话。
minus,KET,2,负号；不足,prep.,日常沟通,Five minus two is three.,五减二等于三。,[],结合常用释义整体记忆。先听老师读，再用自己的生活场景解释。,0,,https://www.cambridgeenglish.org/images/506886-a2-key-2020-vocabulary-list.pdf,'mainәs,https://github.com/skywind3000/ECDICT,offline-materials,minus,authored,minus · 单词里的小故事,小乐和朋友交换今天的小发现。五减二等于三。小乐说：“Five minus two is three.”朋友听懂了，也想起自己遇到过的事。,,Five __________ two is three.,minus,五减二等于三。,context,2026-09-v2,本地预制课堂素材；原创短句与场景模板,[],想象你也在这个场景里。用 minus 说一句自己的话。
minute,KET,1,分；分钟；片刻,n.,日常沟通,We talked about the minute today.,我们今天谈到了分。,[],结合常用释义整体记忆。先听老师读，再用自己的生活场景解释。,1,,https://www.cambridgeenglish.org/images/506886-a2-key-2020-vocabulary-list.pdf,'minit. mai'nju:t,https://github.com/skywind3000/ECDICT,offline-materials,minute,discussion,minute · 单词里的小故事,小乐和朋友聊起今天的一件事。我们今天谈到了分。小乐说：“We talked about the minute today.”朋友听懂了，也想起自己遇到过的事。,,We talked about the __________ today.,minute,我们今天谈到了分。,context,2026-09-v2,本地预制课堂素材；原创短句与场景模板,[],想象你也在这个场景里。用 minute 说一句自己的话。
miss,KET,1,未赶上；错过；想念,v.,日常沟通,I miss my friend.,我想念我的朋友。,[],结合常用释义整体记忆。先听老师读，再用自己的生活场景解释。,1,,https://www.cambridgeenglish.org/images/506886-a2-key-2020-vocabulary-list.pdf,mis,https://github.com/skywind3000/ECDICT,offline-materials,miss,authored,miss · 单词里的小故事,小乐和朋友交换今天的小发现。我想念我的朋友。小乐说：“I miss my friend.”朋友听懂了，也想起自己遇到过的事。,,I __________ my friend.,miss,我想念我的朋友。,context,2026-09-v2,本地预制课堂素材；原创短句与场景模板,[],想象你也在这个场景里。用 miss 说一句自己的话。
missing,KET,2,不见的；缺少的,adj.,日常沟通,One page is missing.,少了一页。,[],结合常用释义整体记忆。先听老师读，再用自己的生活场景解释。,0,,https://www.cambridgeenglish.org/images/506886-a2-key-2020-vocabulary-list.pdf,'misiŋ,https://github.com/skywind3000/ECDICT,offline-materials,missing,authored,missing · 单词里的小故事,小乐和朋友交换今天的小发现。少了一页。小乐说：“One page is missing.”朋友听懂了，也想起自己遇到过的事。,,One page is __________.,missing,少了一页。,context,2026-09-v2,本地预制课堂素材；原创短句与场景模板,[],想象你也在这个场景里。用 missing 说一句自己的话。
mix,KET,2,使混合；弄混；使结合,v.,日常沟通,Mix the milk and eggs.,把牛奶和鸡蛋混合。,[],结合常用释义整体记忆。先听老师读，再用自己的生活场景解释。,0,,https://www.cambridgeenglish.org/images/506886-a2-key-2020-vocabulary-list.pdf,miks,https://github.com/skywind3000/ECDICT,offline-materials,mix,authored,mix · 单词里的小故事,小乐和朋友交换今天的小发现。把牛奶和鸡蛋混合。小乐说：“Mix the milk and eggs.”朋友听懂了，也想起自己遇到过的事。,,__________ the milk and eggs.,Mix,把牛奶和鸡蛋混合。,context,2026-09-v2,本地预制课堂素材；原创短句与场景模板,[],想象你也在这个场景里。用 mix 说一句自己的话。
model,KET,1,模型；模特,n.,日常沟通,We talked about the model today.,我们今天谈到了模型。,[],结合常用释义整体记忆。先听老师读，再用自己的生活场景解释。,0,,https://www.cambridgeenglish.org/images/506886-a2-key-2020-vocabulary-list.pdf,'mɒdәl,常用义教学修订；原词典见 ECDICT-LICENSE.txt,offline-materials,model,discussion,model · 单词里的小故事,小乐和朋友聊起今天的一件事。我们今天谈到了模型。小乐说：“We talked about the model today.”朋友听懂了，也想起自己遇到过的事。,,We talked about the __________ today.,model,我们今天谈到了模型。,context,2026-09-v2,本地预制课堂素材；原创短句与场景模板,[],想象你也在这个场景里。用 model 说一句自己的话。
modern,KET,1,现代的；时髦的,adj.,日常沟通,This is a modern building.,这是一座现代建筑。,[],结合常用释义整体记忆。先听老师读，再用自己的生活场景解释。,0,,https://www.cambridgeenglish.org/images/506886-a2-key-2020-vocabulary-list.pdf,'mɒdәn,https://github.com/skywind3000/ECDICT,offline-materials,modern,authored,modern · 单词里的小故事,小乐和朋友交换今天的小发现。这是一座现代建筑。小乐说：“This is a modern building.”朋友听懂了，也想起自己遇到过的事。,,This is a __________ building.,modern,这是一座现代建筑。,context,2026-09-v2,本地预制课堂素材；原创短句与场景模板,[],想象你也在这个场景里。用 modern 说一句自己的话。
mom,KET,1,妈妈,n.,日常沟通,This story is about a mom.,这个故事讲的是一位妈妈。,[],结合常用释义整体记忆。先听老师读，再用自己的生活场景解释。,1,,https://www.cambridgeenglish.org/images/506886-a2-key-2020-vocabulary-list.pdf,mʌm,https://github.com/skywind3000/ECDICT,offline-materials,mom,person,mom · 单词里的小故事,读书会轮到小乐介绍故事里的一个人物。这个故事讲的是一位妈妈。小乐说：“This story is about a mom.”朋友听懂了，也想起自己遇到过的事。,,This story is about a __________.,mom,这个故事讲的是一位妈妈。,context,2026-09-v2,本地预制课堂素材；原创短句与场景模板,[],想象你也在这个场景里。用 mom 说一句自己的话。
moment,KET,1,片刻；瞬间；重要,n.,日常沟通,We talked about the moment today.,我们今天谈到了片刻。,[],结合常用释义整体记忆。先听老师读，再用自己的生活场景解释。,0,,https://www.cambridgeenglish.org/images/506886-a2-key-2020-vocabulary-list.pdf,'mәumәnt,https://github.com/skywind3000/ECDICT,offline-materials,moment,discussion,moment · 单词里的小故事,小乐和朋友聊起今天的一件事。我们今天谈到了片刻。小乐说：“We talked about the moment today.”朋友听懂了，也想起自己遇到过的事。,,We talked about the __________ today.,moment,我们今天谈到了片刻。,context,2026-09-v2,本地预制课堂素材；原创短句与场景模板,[],想象你也在这个场景里。用 moment 说一句自己的话。
monday,KET,1,星期一,n.,日常沟通,Our class meets on Monday.,我们班在星期一上课。,[],结合常用释义整体记忆。先听老师读，再用自己的生活场景解释。,1,,https://www.cambridgeenglish.org/images/506886-a2-key-2020-vocabulary-list.pdf,'mʌndi,https://github.com/skywind3000/ECDICT,offline-materials,Monday,date,Monday · 单词里的小故事,小乐在日历上画了一个圈，提醒自己别忘记这个日子。我们班在星期一上课。小乐说：“Our class meets on Monday.”朋友听懂了，也想起自己遇到过的事。,,Our class meets on __________.,Monday,我们班在星期一上课。,context,2026-09-v2,本地预制课堂素材；原创短句与场景模板,[],想象你也在这个场景里。用 Monday 说一句自己的话。
money,KET,1,金钱；一笔款；财富,n.,日常沟通,We talked about the money today.,我们今天谈到了金钱。,[],结合常用释义整体记忆。先听老师读，再用自己的生活场景解释。,0,,https://www.cambridgeenglish.org/images/506886-a2-key-2020-vocabulary-list.pdf,'mʌni,https://github.com/skywind3000/ECDICT,offline-materials,money,discussion,money · 单词里的小故事,小乐和朋友聊起今天的一件事。我们今天谈到了金钱。小乐说：“We talked about the money today.”朋友听懂了，也想起自己遇到过的事。,,We talked about the __________ today.,money,我们今天谈到了金钱。,context,2026-09-v2,本地预制课堂素材；原创短句与场景模板,[],想象你也在这个场景里。用 money 说一句自己的话。
month,KET,1,月,n.,日常沟通,We talked about the month today.,我们今天谈到了月。,[],结合常用释义整体记忆。先听老师读，再用自己的生活场景解释。,1,,https://www.cambridgeenglish.org/images/506886-a2-key-2020-vocabulary-list.pdf,mʌnθ,https://github.com/skywind3000/ECDICT,offline-materials,month,discussion,month · 单词里的小故事,小乐和朋友聊起今天的一件事。我们今天谈到了月。小乐说：“We talked about the month today.”朋友听懂了，也想起自己遇到过的事。,,We talked about the __________ today.,month,我们今天谈到了月。,context,2026-09-v2,本地预制课堂素材；原创短句与场景模板,[],想象你也在这个场景里。用 month 说一句自己的话。
monthly,KET,2,每月的；每月一次的,adj; adv.,日常沟通,We have a monthly meeting.,我们有每月的会议。,[],结合常用释义整体记忆。先听老师读，再用自己的生活场景解释。,0,,https://www.cambridgeenglish.org/images/506886-a2-key-2020-vocabulary-list.pdf,'mʌnθli,https://github.com/skywind3000/ECDICT,offline-materials,monthly,repeat,monthly · 单词里的小故事,小乐做了一张时间表，不想错过下一次碰面。我们有每月的会议。小乐说：“We have a monthly meeting.”朋友听懂了，也想起自己遇到过的事。,,We have a __________ meeting.,monthly,我们有每月的会议。,context,2026-09-v2,本地预制课堂素材；原创短句与场景模板,[],想象你也在这个场景里。用 monthly 说一句自己的话。
moon,KET,2,月亮；月球；月光,n.,日常沟通,We talked about the moon today.,我们今天谈到了月亮。,[],结合常用释义整体记忆。先听老师读，再用自己的生活场景解释。,0,,https://www.cambridgeenglish.org/images/506886-a2-key-2020-vocabulary-list.pdf,mu:n,https://github.com/skywind3000/ECDICT,offline-materials,moon,nature,moon · 单词里的小故事,小乐观察完身边的世界，回教室讲了一件事。我们今天谈到了月亮。小乐说：“We talked about the moon today.”朋友听懂了，也想起自己遇到过的事。,,We talked about the __________ today.,moon,我们今天谈到了月亮。,context,2026-09-v2,本地预制课堂素材；原创短句与场景模板,[],想象你也在这个场景里。用 moon 说一句自己的话。
more,KET,1,更多,"adj, adv, det; pron.",日常沟通,Would you like more water?,你还想要些水吗？,[],结合常用释义整体记忆。先听老师读，再用自己的生活场景解释。,1,,https://www.cambridgeenglish.org/images/506886-a2-key-2020-vocabulary-list.pdf,mɒ:,https://github.com/skywind3000/ECDICT,offline-materials,more,authored,more · 单词里的小故事,小乐和朋友交换今天的小发现。你还想要些水吗？小乐说：“Would you like more water?”朋友听懂了，也想起自己遇到过的事。,,Would you like __________ water?,more,你还想要些水吗？,context,2026-09-v2,本地预制课堂素材；原创短句与场景模板,[],想象你也在这个场景里。用 more 说一句自己的话。
morning,KET,1,早晨；早上；初期,n.,日常沟通,We talked about the morning today.,我们今天谈到了早晨。,[],结合常用释义整体记忆。先听老师读，再用自己的生活场景解释。,1,,https://www.cambridgeenglish.org/images/506886-a2-key-2020-vocabulary-list.pdf,'mɒ:niŋ,https://github.com/skywind3000/ECDICT,offline-materials,morning,discussion,morning · 单词里的小故事,小乐和朋友聊起今天的一件事。我们今天谈到了早晨。小乐说：“We talked about the morning today.”朋友听懂了，也想起自己遇到过的事。,,We talked about the __________ today.,morning,我们今天谈到了早晨。,context,2026-09-v2,本地预制课堂素材；原创短句与场景模板,[],想象你也在这个场景里。用 morning 说一句自己的话。
most,KET,1,最多；最大,"adj, adv, det; pron.",日常沟通,Most children like this game.,大多数孩子喜欢这个游戏。,[],结合常用释义整体记忆。先听老师读，再用自己的生活场景解释。,1,,https://www.cambridgeenglish.org/images/506886-a2-key-2020-vocabulary-list.pdf,mәust,https://github.com/skywind3000/ECDICT,offline-materials,most,authored,most · 单词里的小故事,小乐和朋友交换今天的小发现。大多数孩子喜欢这个游戏。小乐说：“Most children like this game.”朋友听懂了，也想起自己遇到过的事。,,__________ children like this game.,Most,大多数孩子喜欢这个游戏。,context,2026-09-v2,本地预制课堂素材；原创短句与场景模板,[],想象你也在这个场景里。用 most 说一句自己的话。
mother,KET,1,母亲,n.,日常沟通,This story is about a mother.,这个故事讲的是一位母亲。,[],结合常用释义整体记忆。先听老师读，再用自己的生活场景解释。,1,,https://www.cambridgeenglish.org/images/506886-a2-key-2020-vocabulary-list.pdf,'mʌðә,常用义教学修订；原词典见 ECDICT-LICENSE.txt,offline-materials,mother,person,mother · 单词里的小故事,读书会轮到小乐介绍故事里的一个人物。这个故事讲的是一位母亲。小乐说：“This story is about a mother.”朋友听懂了，也想起自己遇到过的事。,,This story is about a __________.,mother,这个故事讲的是一位母亲。,context,2026-09-v2,本地预制课堂素材；原创短句与场景模板,[],想象你也在这个场景里。用 mother 说一句自己的话。
motorbike,KET,3,摩托车,n.,日常沟通,Look at the motorbike in this picture.,看看这张图片中的摩托车。,"[{""text"": ""motor"", ""kind"": ""compound"", ""meaning"": ""发动机""}, {""text"": ""bike"", ""kind"": ""compound"", ""meaning"": ""自行车""}]",两个已有成分组合成一个词。结合它们的意思理解整体词义，但不要把这种现代拆分当作完整的历史词源。,0,,https://www.cambridgeenglish.org/images/506886-a2-key-2020-vocabulary-list.pdf,'mәjtәbaik,常用义教学修订；原词典见 ECDICT-LICENSE.txt,offline-materials,motorbike,transport,motorbike · 单词里的小故事,小乐和朋友观察一张出行图片，轮流指出里面的东西。看看这张图片中的摩托车。小乐说：“Look at the motorbike in this picture.”朋友听懂了，也想起自己遇到过的事。,,Look at the __________ in this picture.,motorbike,看看这张图片中的摩托车。,context,2026-09-v2,本地预制课堂素材；原创短句与场景模板,[],想象你也在这个场景里。用 motorbike 说一句自己的话。
motorway,KET,2,高速公路,n.,日常沟通,We visited the motorway today.,我们今天参观了高速公路。,"[{""text"": ""motor"", ""kind"": ""compound"", ""meaning"": ""机动车""}, {""text"": ""way"", ""kind"": ""compound"", ""meaning"": ""道路""}]",两个已有成分组合成一个词。结合它们的意思理解整体词义，但不要把这种现代拆分当作完整的历史词源。,0,,https://www.cambridgeenglish.org/images/506886-a2-key-2020-vocabulary-list.pdf,'mәutәwei,https://github.com/skywind3000/ECDICT,offline-materials,motorway,place,motorway · 单词里的小故事,小乐把今天的外出经历记进了日记。我们今天参观了高速公路。小乐说：“We visited the motorway today.”朋友听懂了，也想起自己遇到过的事。,,We visited the __________ today.,motorway,我们今天参观了高速公路。,context,2026-09-v2,本地预制课堂素材；原创短句与场景模板,[],想象你也在这个场景里。用 motorway 说一句自己的话。
mouth,KET,1,嘴；口；口腔,n.,日常沟通,We learn about the mouth at school.,我们在学校了解嘴。,[],结合常用释义整体记忆。先听老师读，再用自己的生活场景解释。,1,,https://www.cambridgeenglish.org/images/506886-a2-key-2020-vocabulary-list.pdf,mauθ,https://github.com/skywind3000/ECDICT,offline-materials,mouth,body,mouth · 单词里的小故事,小乐在课堂上做一张认识自己的知识卡。我们在学校了解嘴。小乐说：“We learn about the mouth at school.”朋友听懂了，也想起自己遇到过的事。,,We learn about the __________ at school.,mouth,我们在学校了解嘴。,context,2026-09-v2,本地预制课堂素材；原创短句与场景模板,[],想象你也在这个场景里。用 mouth 说一句自己的话。
move,KET,1,移动；开动；感动,v.,日常沟通,Please move your chair.,请移动你的椅子。,"[{""text"": ""move"", ""kind"": ""root"", ""meaning"": ""移动""}]",这个词本身可以作为词基，与相关派生词联系起来理解。,0,,https://www.cambridgeenglish.org/images/506886-a2-key-2020-vocabulary-list.pdf,mu:v,https://github.com/skywind3000/ECDICT,offline-materials,move,authored,move · 单词里的小故事,小乐和朋友交换今天的小发现。请移动你的椅子。小乐说：“Please move your chair.”朋友听懂了，也想起自己遇到过的事。,,Please __________ your chair.,move,请移动你的椅子。,context,2026-09-v2,本地预制课堂素材；原创短句与场景模板,[],想象你也在这个场景里。用 move 说一句自己的话。
movie,KET,2,电影,n.,日常沟通,This story is about a movie.,这个故事讲的是一位电影。,[],结合常用释义整体记忆。先听老师读，再用自己的生活场景解释。,0,,https://www.cambridgeenglish.org/images/506886-a2-key-2020-vocabulary-list.pdf,'mu:vi,https://github.com/skywind3000/ECDICT,offline-materials,movie,person,movie · 单词里的小故事,读书会轮到小乐介绍故事里的一个人物。这个故事讲的是一位电影。小乐说：“This story is about a movie.”朋友听懂了，也想起自己遇到过的事。,,This story is about a __________.,movie,这个故事讲的是一位电影。,context,2026-09-v2,本地预制课堂素材；原创短句与场景模板,[],想象你也在这个场景里。用 movie 说一句自己的话。
movie star,KET,3,电影明星,n.,日常沟通,This story is about a movie star.,这个故事讲的是一位电影明星。,[],结合常用释义整体记忆。先听老师读，再用自己的生活场景解释。,0,,https://www.cambridgeenglish.org/images/506886-a2-key-2020-vocabulary-list.pdf,ˈmu:vi stɑ:,https://github.com/skywind3000/ECDICT,offline-materials,movie star,person,movie star · 单词里的小故事,读书会轮到小乐介绍故事里的一个人物。这个故事讲的是一位电影明星。小乐说：“This story is about a movie star.”朋友听懂了，也想起自己遇到过的事。,,This story is about a __________.,movie star,这个故事讲的是一位电影明星。,context,2026-09-v2,本地预制课堂素材；原创短句与场景模板,[],想象你也在这个场景里。用 movie star 说一句自己的话。
movie theater,KET,3,电影院,n.,日常沟通,We visited the movie theater today.,我们今天参观了电影院。,[],结合常用释义整体记忆。先听老师读，再用自己的生活场景解释。,0,,https://www.cambridgeenglish.org/images/506886-a2-key-2020-vocabulary-list.pdf,,https://github.com/skywind3000/ECDICT,offline-materials,movie theater,place,movie theater · 单词里的小故事,小乐把今天的外出经历记进了日记。我们今天参观了电影院。小乐说：“We visited the movie theater today.”朋友听懂了，也想起自己遇到过的事。,,We visited the __________ today.,movie theater,我们今天参观了电影院。,context,2026-09-v2,本地预制课堂素材；原创短句与场景模板,[],想象你也在这个场景里。用 movie theater 说一句自己的话。
mr,KET,1,先生,title,日常沟通,Mr Green is our teacher.,格林先生是我们的老师。,[],结合常用释义整体记忆。先听老师读，再用自己的生活场景解释。,1,,https://www.cambridgeenglish.org/images/506886-a2-key-2020-vocabulary-list.pdf,'mistә(r),https://github.com/skywind3000/ECDICT,offline-materials,Mr,authored,Mr · 单词里的小故事,小乐和朋友交换今天的小发现。格林先生是我们的老师。小乐说：“Mr Green is our teacher.”朋友听懂了，也想起自己遇到过的事。,,__________ Green is our teacher.,Mr,格林先生是我们的老师。,context,2026-09-v2,本地预制课堂素材；原创短句与场景模板,[],想象你也在这个场景里。用 Mr 说一句自己的话。
mrs,KET,1,太太,title,日常沟通,Mrs Green is at the door.,格林太太在门口。,[],结合常用释义整体记忆。先听老师读，再用自己的生活场景解释。,1,,https://www.cambridgeenglish.org/images/506886-a2-key-2020-vocabulary-list.pdf,'misiz,https://github.com/skywind3000/ECDICT,offline-materials,Mrs,authored,Mrs · 单词里的小故事,小乐和朋友交换今天的小发现。格林太太在门口。小乐说：“Mrs Green is at the door.”朋友听懂了，也想起自己遇到过的事。,,__________ Green is at the door.,Mrs,格林太太在门口。,context,2026-09-v2,本地预制课堂素材；原创短句与场景模板,[],想象你也在这个场景里。用 Mrs 说一句自己的话。
ms,KET,1,美国微软公司,title,日常沟通,Ms Green is our teacher.,格林女士是我们的老师。,[],结合常用释义整体记忆。先听老师读，再用自己的生活场景解释。,1,,https://www.cambridgeenglish.org/images/506886-a2-key-2020-vocabulary-list.pdf,miz,https://github.com/skywind3000/ECDICT,offline-materials,Ms,authored,Ms · 单词里的小故事,小乐和朋友交换今天的小发现。格林女士是我们的老师。小乐说：“Ms Green is our teacher.”朋友听懂了，也想起自己遇到过的事。,,__________ Green is our teacher.,Ms,格林女士是我们的老师。,context,2026-09-v2,本地预制课堂素材；原创短句与场景模板,[],想象你也在这个场景里。用 Ms 说一句自己的话。
mug,KET,2,有柄大杯；脸；苦读者,n.,日常沟通,We need the mug today.,我们今天需要有柄大杯。,[],结合常用释义整体记忆。先听老师读，再用自己的生活场景解释。,0,,https://www.cambridgeenglish.org/images/506886-a2-key-2020-vocabulary-list.pdf,mʌg,https://github.com/skywind3000/ECDICT,offline-materials,mug,equipment,mug · 单词里的小故事,班级活动开始前，小乐负责核对需要的东西。我们今天需要有柄大杯。小乐说：“We need the mug today.”朋友听懂了，也想起自己遇到过的事。,,We need the __________ today.,mug,我们今天需要有柄大杯。,context,2026-09-v2,本地预制课堂素材；原创短句与场景模板,[],想象你也在这个场景里。用 mug 说一句自己的话。
mum,KET,1,菊花；沉默,n.,日常沟通,This story is about a mum.,这个故事讲的是一位菊花。,[],结合常用释义整体记忆。先听老师读，再用自己的生活场景解释。,1,,https://www.cambridgeenglish.org/images/506886-a2-key-2020-vocabulary-list.pdf,mʌm,https://github.com/skywind3000/ECDICT,offline-materials,mum,person,mum · 单词里的小故事,读书会轮到小乐介绍故事里的一个人物。这个故事讲的是一位菊花。小乐说：“This story is about a mum.”朋友听懂了，也想起自己遇到过的事。,,This story is about a __________.,mum,这个故事讲的是一位菊花。,context,2026-09-v2,本地预制课堂素材；原创短句与场景模板,[],想象你也在这个场景里。用 mum 说一句自己的话。
mushroom,KET,2,蘑菇,n.,日常沟通,This mushroom tastes good.,这个蘑菇味道很好。,[],结合常用释义整体记忆。先听老师读，再用自己的生活场景解释。,0,,https://www.cambridgeenglish.org/images/506886-a2-key-2020-vocabulary-list.pdf,'mʌʃrum,常用义教学修订；原词典见 ECDICT-LICENSE.txt,offline-materials,mushroom,authored,mushroom · 单词里的小故事,小乐和朋友交换今天的小发现。这个蘑菇味道很好。小乐说：“This mushroom tastes good.”朋友听懂了，也想起自己遇到过的事。,,This __________ tastes good.,mushroom,这个蘑菇味道很好。,context,2026-09-v2,本地预制课堂素材；原创短句与场景模板,[],想象你也在这个场景里。用 mushroom 说一句自己的话。
music,KET,1,音乐；乐曲,n.,日常沟通,We learn about music at school.,我们在学校学习音乐。,[],结合常用释义整体记忆。先听老师读，再用自己的生活场景解释。,0,,https://www.cambridgeenglish.org/images/506886-a2-key-2020-vocabulary-list.pdf,'mju:zik,https://github.com/skywind3000/ECDICT,offline-materials,music,school,music · 单词里的小故事,小乐把今天在学校学到的内容讲给家人听。我们在学校学习音乐。小乐说：“We learn about music at school.”朋友听懂了，也想起自己遇到过的事。,,We learn about __________ at school.,music,我们在学校学习音乐。,context,2026-09-v2,本地预制课堂素材；原创短句与场景模板,[],想象你也在这个场景里。用 music 说一句自己的话。
musical,KET,2,音乐的；声音美妙的；喜爱音乐的,adj.,日常沟通,She has a musical instrument.,她有一件乐器。,[],结合常用释义整体记忆。先听老师读，再用自己的生活场景解释。,0,,https://www.cambridgeenglish.org/images/506886-a2-key-2020-vocabulary-list.pdf,'mju:zikl,https://github.com/skywind3000/ECDICT,offline-materials,musical,authored,musical · 单词里的小故事,小乐和朋友交换今天的小发现。她有一件乐器。小乐说：“She has a musical instrument.”朋友听懂了，也想起自己遇到过的事。,,She has a __________ instrument.,musical,她有一件乐器。,context,2026-09-v2,本地预制课堂素材；原创短句与场景模板,[],想象你也在这个场景里。用 musical 说一句自己的话。
musician,KET,2,音乐家；乐师；作曲家,n.,日常沟通,We talked about the musician today.,我们今天谈到了音乐家。,[],结合常用释义整体记忆。先听老师读，再用自己的生活场景解释。,0,,https://www.cambridgeenglish.org/images/506886-a2-key-2020-vocabulary-list.pdf,mju:'ziʃәn,https://github.com/skywind3000/ECDICT,offline-materials,musician,discussion,musician · 单词里的小故事,小乐和朋友聊起今天的一件事。我们今天谈到了音乐家。小乐说：“We talked about the musician today.”朋友听懂了，也想起自己遇到过的事。,,We talked about the __________ today.,musician,我们今天谈到了音乐家。,context,2026-09-v2,本地预制课堂素材；原创短句与场景模板,[],想象你也在这个场景里。用 musician 说一句自己的话。
must,KET,1,必须,mv.,日常沟通,You must stop at a red light.,遇到红灯你必须停下。,[],结合常用释义整体记忆。先听老师读，再用自己的生活场景解释。,1,,https://www.cambridgeenglish.org/images/506886-a2-key-2020-vocabulary-list.pdf,mʌst,常用义教学修订；原词典见 ECDICT-LICENSE.txt,offline-materials,must,authored,must · 单词里的小故事,小乐和朋友交换今天的小发现。遇到红灯你必须停下。小乐说：“You must stop at a red light.”朋友听懂了，也想起自己遇到过的事。,,You __________ stop at a red light.,must,遇到红灯你必须停下。,context,2026-09-v2,本地预制课堂素材；原创短句与场景模板,[],想象你也在这个场景里。用 must 说一句自己的话。
my,KET,1,我的,det.,日常沟通,This is my school.,这是我的学校。,[],结合常用释义整体记忆。先听老师读，再用自己的生活场景解释。,1,,https://www.cambridgeenglish.org/images/506886-a2-key-2020-vocabulary-list.pdf,mai,https://github.com/skywind3000/ECDICT,offline-materials,my,authored,my · 单词里的小故事,小乐和朋友交换今天的小发现。这是我的学校。小乐说：“This is my school.”朋友听懂了，也想起自己遇到过的事。,,This is __________ school.,my,这是我的学校。,context,2026-09-v2,本地预制课堂素材；原创短句与场景模板,[],想象你也在这个场景里。用 my 说一句自己的话。
myself,KET,1,我自己；我亲自；我独自,pron.,日常沟通,I made the card myself.,我自己做了卡片。,[],结合常用释义整体记忆。先听老师读，再用自己的生活场景解释。,1,,https://www.cambridgeenglish.org/images/506886-a2-key-2020-vocabulary-list.pdf,mai'self,https://github.com/skywind3000/ECDICT,offline-materials,myself,authored,myself · 单词里的小故事,小乐和朋友交换今天的小发现。我自己做了卡片。小乐说：“I made the card myself.”朋友听懂了，也想起自己遇到过的事。,,I made the card __________.,myself,我自己做了卡片。,context,2026-09-v2,本地预制课堂素材；原创短句与场景模板,[],想象你也在这个场景里。用 myself 说一句自己的话。
name,KET,1,名字；名称；姓名,n.,日常沟通,We talked about the name today.,我们今天谈到了名字。,"[{""text"": ""name"", ""kind"": ""root"", ""meaning"": ""命名""}]",这个词本身可以作为词基，与相关派生词联系起来理解。,1,,https://www.cambridgeenglish.org/images/506886-a2-key-2020-vocabulary-list.pdf,neim,https://github.com/skywind3000/ECDICT,offline-materials,name,discussion,name · 单词里的小故事,小乐和朋友聊起今天的一件事。我们今天谈到了名字。小乐说：“We talked about the name today.”朋友听懂了，也想起自己遇到过的事。,,We talked about the __________ today.,name,我们今天谈到了名字。,context,2026-09-v2,本地预制课堂素材；原创短句与场景模板,[],想象你也在这个场景里。用 name 说一句自己的话。
national,KET,1,国家的；国立的；全国性的,adj.,日常沟通,We visited a national park.,我们参观了一个国家公园。,"[{""text"": ""national"", ""kind"": ""root"", ""meaning"": ""国家的""}]",这个词本身可以作为词基，与相关派生词联系起来理解。,0,,https://www.cambridgeenglish.org/images/506886-a2-key-2020-vocabulary-list.pdf,'næʃәnәl,https://github.com/skywind3000/ECDICT,offline-materials,national,authored,national · 单词里的小故事,小乐和朋友交换今天的小发现。我们参观了一个国家公园。小乐说：“We visited a national park.”朋友听懂了，也想起自己遇到过的事。,,We visited a __________ park.,national,我们参观了一个国家公园。,context,2026-09-v2,本地预制课堂素材；原创短句与场景模板,[],想象你也在这个场景里。用 national 说一句自己的话。
nationality,KET,2,国籍；国家；民族性,n.,日常沟通,We talked about the nationality today.,我们今天谈到了国籍。,[],结合常用释义整体记忆。先听老师读，再用自己的生活场景解释。,0,,https://www.cambridgeenglish.org/images/506886-a2-key-2020-vocabulary-list.pdf,.næʃә'nælәti,https://github.com/skywind3000/ECDICT,offline-materials,nationality,discussion,nationality · 单词里的小故事,小乐和朋友聊起今天的一件事。我们今天谈到了国籍。小乐说：“We talked about the nationality today.”朋友听懂了，也想起自己遇到过的事。,,We talked about the __________ today.,nationality,我们今天谈到了国籍。,context,2026-09-v2,本地预制课堂素材；原创短句与场景模板,[],想象你也在这个场景里。用 nationality 说一句自己的话。
natural,KET,1,自然的；自然界的；本能的,adj.,日常沟通,This lake is a natural home for birds.,这个湖是鸟类的天然家园。,[],结合常用释义整体记忆。先听老师读，再用自己的生活场景解释。,0,,https://www.cambridgeenglish.org/images/506886-a2-key-2020-vocabulary-list.pdf,'nætʃәrәl,https://github.com/skywind3000/ECDICT,offline-materials,natural,authored,natural · 单词里的小故事,小乐和朋友交换今天的小发现。这个湖是鸟类的天然家园。小乐说：“This lake is a natural home for birds.”朋友听懂了，也想起自己遇到过的事。,,This lake is a __________ home for birds.,natural,这个湖是鸟类的天然家园。,context,2026-09-v2,本地预制课堂素材；原创短句与场景模板,[],想象你也在这个场景里。用 natural 说一句自己的话。
nature,KET,1,自然；大自然；本性,n.,日常沟通,We learn about nature at school.,我们在学校学习自然。,[],结合常用释义整体记忆。先听老师读，再用自己的生活场景解释。,0,,https://www.cambridgeenglish.org/images/506886-a2-key-2020-vocabulary-list.pdf,'neitʃә,https://github.com/skywind3000/ECDICT,offline-materials,nature,school,nature · 单词里的小故事,小乐把今天在学校学到的内容讲给家人听。我们在学校学习自然。小乐说：“We learn about nature at school.”朋友听懂了，也想起自己遇到过的事。,,We learn about __________ at school.,nature,我们在学校学习自然。,context,2026-09-v2,本地预制课堂素材；原创短句与场景模板,[],想象你也在这个场景里。用 nature 说一句自己的话。
near,KET,1,接近；亲近,adv; prep.,日常沟通,Our home is near the school.,我们家在学校附近。,[],结合常用释义整体记忆。先听老师读，再用自己的生活场景解释。,1,,https://www.cambridgeenglish.org/images/506886-a2-key-2020-vocabulary-list.pdf,niә,https://github.com/skywind3000/ECDICT,offline-materials,near,authored,near · 单词里的小故事,小乐和朋友交换今天的小发现。我们家在学校附近。小乐说：“Our home is near the school.”朋友听懂了，也想起自己遇到过的事。,,Our home is __________ the school.,near,我们家在学校附近。,context,2026-09-v2,本地预制课堂素材；原创短句与场景模板,[],想象你也在这个场景里。用 near 说一句自己的话。
nearly,KET,1,几乎；密切地,adv.,日常沟通,It is nearly time to go.,快到出发时间了。,[],结合常用释义整体记忆。先听老师读，再用自己的生活场景解释。,0,,https://www.cambridgeenglish.org/images/506886-a2-key-2020-vocabulary-list.pdf,'niәli,https://github.com/skywind3000/ECDICT,offline-materials,nearly,authored,nearly · 单词里的小故事,小乐和朋友交换今天的小发现。快到出发时间了。小乐说：“It is nearly time to go.”朋友听懂了，也想起自己遇到过的事。,,It is __________ time to go.,nearly,快到出发时间了。,context,2026-09-v2,本地预制课堂素材；原创短句与场景模板,[],想象你也在这个场景里。用 nearly 说一句自己的话。
necklace,KET,3,项链,n.,日常沟通,I like your necklace.,我喜欢你的项链。,[],结合常用释义整体记忆。先听老师读，再用自己的生活场景解释。,0,,https://www.cambridgeenglish.org/images/506886-a2-key-2020-vocabulary-list.pdf,'neklis,https://github.com/skywind3000/ECDICT,offline-materials,necklace,clothes,necklace · 单词里的小故事,出门前，小乐注意到了朋友的穿着。我喜欢你的项链。小乐说：“I like your necklace.”朋友听懂了，也想起自己遇到过的事。,,I like your __________.,necklace,我喜欢你的项链。,context,2026-09-v2,本地预制课堂素材；原创短句与场景模板,[],想象你也在这个场景里。用 necklace 说一句自己的话。
nervous,KET,2,神经紧张的；不安的；神经的,adj.,日常沟通,I feel nervous today.,我今天感到神经紧张的。,[],结合常用释义整体记忆。先听老师读，再用自己的生活场景解释。,0,,https://www.cambridgeenglish.org/images/506886-a2-key-2020-vocabulary-list.pdf,'nә:vәs,https://github.com/skywind3000/ECDICT,offline-materials,nervous,feeling,nervous · 单词里的小故事,老师请大家用一个词说说今天的感受，小乐先举了手。我今天感到神经紧张的。小乐说：“I feel nervous today.”朋友听懂了，也想起自己遇到过的事。,,I feel __________ today.,nervous,我今天感到神经紧张的。,context,2026-09-v2,本地预制课堂素材；原创短句与场景模板,"[{""en"": ""I feel nervous before a big game."", ""zh"": ""重要比赛前我感到紧张。""}]",想象你也在这个场景里。用 nervous 说一句自己的话。
nest,KET,2,巢；窝；休息所,n.,日常沟通,We talked about the nest today.,我们今天谈到了巢。,[],结合常用释义整体记忆。先听老师读，再用自己的生活场景解释。,0,,https://www.cambridgeenglish.org/images/506886-a2-key-2020-vocabulary-list.pdf,nest,https://github.com/skywind3000/ECDICT,offline-materials,nest,discussion,nest · 单词里的小故事,小乐和朋友聊起今天的一件事。我们今天谈到了巢。小乐说：“We talked about the nest today.”朋友听懂了，也想起自己遇到过的事。,,We talked about the __________ today.,nest,我们今天谈到了巢。,context,2026-09-v2,本地预制课堂素材；原创短句与场景模板,[],想象你也在这个场景里。用 nest 说一句自己的话。
net,KET,2,网；网状物；罗网,n.,日常沟通,We need the net today.,我们今天需要网。,[],结合常用释义整体记忆。先听老师读，再用自己的生活场景解释。,0,,https://www.cambridgeenglish.org/images/506886-a2-key-2020-vocabulary-list.pdf,net,https://github.com/skywind3000/ECDICT,offline-materials,net,equipment,net · 单词里的小故事,班级活动开始前，小乐负责核对需要的东西。我们今天需要网。小乐说：“We need the net today.”朋友听懂了，也想起自己遇到过的事。,,We need the __________ today.,net,我们今天需要网。,context,2026-09-v2,本地预制课堂素材；原创短句与场景模板,[],想象你也在这个场景里。用 net 说一句自己的话。
new,KET,1,新的；陌生的；最近的,adj.,日常沟通,This box is new.,这个盒子是新的。,[],结合常用释义整体记忆。先听老师读，再用自己的生活场景解释。,1,,https://www.cambridgeenglish.org/images/506886-a2-key-2020-vocabulary-list.pdf,nju:,https://github.com/skywind3000/ECDICT,offline-materials,new,object-quality,new · 单词里的小故事,朋友闭上眼睛，让小乐描述面前的盒子。这个盒子是新的。小乐说：“This box is new.”朋友听懂了，也想起自己遇到过的事。,,This box is __________.,new,这个盒子是新的。,context,2026-09-v2,本地预制课堂素材；原创短句与场景模板,[],想象你也在这个场景里。用 new 说一句自己的话。
news,KET,1,新闻；消息；报导,n.,日常沟通,We talked about the news today.,我们今天谈到了新闻。,[],结合常用释义整体记忆。先听老师读，再用自己的生活场景解释。,0,,https://www.cambridgeenglish.org/images/506886-a2-key-2020-vocabulary-list.pdf,nju:z,https://github.com/skywind3000/ECDICT,offline-materials,news,discussion,news · 单词里的小故事,小乐和朋友聊起今天的一件事。我们今天谈到了新闻。小乐说：“We talked about the news today.”朋友听懂了，也想起自己遇到过的事。,,We talked about the __________ today.,news,我们今天谈到了新闻。,context,2026-09-v2,本地预制课堂素材；原创短句与场景模板,[],想象你也在这个场景里。用 news 说一句自己的话。
next,KET,1,下一个的；其次的；贴近的,adj; adv.,日常沟通,We will read the next page tomorrow.,我们明天会读下一页。,[],结合常用释义整体记忆。先听老师读，再用自己的生活场景解释。,1,,https://www.cambridgeenglish.org/images/506886-a2-key-2020-vocabulary-list.pdf,'nekst,https://github.com/skywind3000/ECDICT,offline-materials,next,authored,next · 单词里的小故事,小乐和朋友交换今天的小发现。我们明天会读下一页。小乐说：“We will read the next page tomorrow.”朋友听懂了，也想起自己遇到过的事。,,We will read the __________ page tomorrow.,next,我们明天会读下一页。,context,2026-09-v2,本地预制课堂素材；原创短句与场景模板,[],想象你也在这个场景里。用 next 说一句自己的话。
next to,KET,3,几乎,prep.,日常沟通,Sit next to me.,坐我旁边。,[],结合常用释义整体记忆。先听老师读，再用自己的生活场景解释。,0,,https://www.cambridgeenglish.org/images/506886-a2-key-2020-vocabulary-list.pdf,,https://github.com/skywind3000/ECDICT,offline-materials,next to,authored,next to · 单词里的小故事,小乐和朋友交换今天的小发现。坐我旁边。小乐说：“Sit next to me.”朋友听懂了，也想起自己遇到过的事。,,Sit __________ me.,next to,坐我旁边。,context,2026-09-v2,本地预制课堂素材；原创短句与场景模板,[],想象你也在这个场景里。用 next to 说一句自己的话。
nice,KET,1,好的；友善的,adj.,日常沟通,The person in the story is nice.,故事里的那个人是好的。,[],结合常用释义整体记忆。先听老师读，再用自己的生活场景解释。,1,,https://www.cambridgeenglish.org/images/506886-a2-key-2020-vocabulary-list.pdf,nais,常用义教学修订；原词典见 ECDICT-LICENSE.txt,offline-materials,nice,person-quality,nice · 单词里的小故事,同学们在给故事人物选词卡，小乐找到了合适的一张。故事里的那个人是好的。小乐说：“The person in the story is nice.”朋友听懂了，也想起自己遇到过的事。,,The person in the story is __________.,nice,故事里的那个人是好的。,context,2026-09-v2,本地预制课堂素材；原创短句与场景模板,[],想象你也在这个场景里。用 nice 说一句自己的话。
night,KET,1,夜；夜晚；晚上,n.,日常沟通,We talked about the night today.,我们今天谈到了夜。,[],结合常用释义整体记忆。先听老师读，再用自己的生活场景解释。,1,,https://www.cambridgeenglish.org/images/506886-a2-key-2020-vocabulary-list.pdf,nait,https://github.com/skywind3000/ECDICT,offline-materials,night,discussion,night · 单词里的小故事,小乐和朋友聊起今天的一件事。我们今天谈到了夜。小乐说：“We talked about the night today.”朋友听懂了，也想起自己遇到过的事。,,We talked about the __________ today.,night,我们今天谈到了夜。,context,2026-09-v2,本地预制课堂素材；原创短句与场景模板,[],想象你也在这个场景里。用 night 说一句自己的话。
no,KET,1,不；拒绝；否决票,"adv, det; pron.",日常沟通,"No, that is not my bag.",不，那不是我的包。,[],结合常用释义整体记忆。先听老师读，再用自己的生活场景解释。,1,,https://www.cambridgeenglish.org/images/506886-a2-key-2020-vocabulary-list.pdf,nәu,https://github.com/skywind3000/ECDICT,offline-materials,no,authored,no · 单词里的小故事,"小乐和朋友交换今天的小发现。不，那不是我的包。小乐说：“No, that is not my bag.”朋友听懂了，也想起自己遇到过的事。",,"__________, that is not my bag.",No,不，那不是我的包。,context,2026-09-v2,本地预制课堂素材；原创短句与场景模板,[],想象你也在这个场景里。用 no 说一句自己的话。
no one,KET,3,没有人,pron.,日常沟通,No one knows the answer.,没有人知道答案。,[],结合常用释义整体记忆。先听老师读，再用自己的生活场景解释。,1,,https://www.cambridgeenglish.org/images/506886-a2-key-2020-vocabulary-list.pdf,nəu wʌn,https://github.com/skywind3000/ECDICT,offline-materials,no one,authored,no one · 单词里的小故事,小乐和朋友交换今天的小发现。没有人知道答案。小乐说：“No one knows the answer.”朋友听懂了，也想起自己遇到过的事。,,__________ knows the answer.,No one,没有人知道答案。,context,2026-09-v2,本地预制课堂素材；原创短句与场景模板,[],想象你也在这个场景里。用 no one 说一句自己的话。
nobody,KET,1,小人物；无名小卒,pron.,日常沟通,Nobody is in the room.,房间里没有人。,[],结合常用释义整体记忆。先听老师读，再用自己的生活场景解释。,1,,https://www.cambridgeenglish.org/images/506886-a2-key-2020-vocabulary-list.pdf,'nәubɒdi,https://github.com/skywind3000/ECDICT,offline-materials,nobody,authored,nobody · 单词里的小故事,小乐和朋友交换今天的小发现。房间里没有人。小乐说：“Nobody is in the room.”朋友听懂了，也想起自己遇到过的事。,,__________ is in the room.,Nobody,房间里没有人。,context,2026-09-v2,本地预制课堂素材；原创短句与场景模板,[],想象你也在这个场景里。用 nobody 说一句自己的话。
noise,KET,1,噪音；杂音；响声,n.,日常沟通,We talked about the noise today.,我们今天谈到了噪音。,[],结合常用释义整体记忆。先听老师读，再用自己的生活场景解释。,0,,https://www.cambridgeenglish.org/images/506886-a2-key-2020-vocabulary-list.pdf,nɒiz,https://github.com/skywind3000/ECDICT,offline-materials,noise,discussion,noise · 单词里的小故事,小乐和朋友聊起今天的一件事。我们今天谈到了噪音。小乐说：“We talked about the noise today.”朋友听懂了，也想起自己遇到过的事。,,We talked about the __________ today.,noise,我们今天谈到了噪音。,context,2026-09-v2,本地预制课堂素材；原创短句与场景模板,[],想象你也在这个场景里。用 noise 说一句自己的话。
noon,KET,2,正午；中午；全盛期,n.,日常沟通,We talked about the noon today.,我们今天谈到了正午。,[],结合常用释义整体记忆。先听老师读，再用自己的生活场景解释。,0,,https://www.cambridgeenglish.org/images/506886-a2-key-2020-vocabulary-list.pdf,nu:n,https://github.com/skywind3000/ECDICT,offline-materials,noon,discussion,noon · 单词里的小故事,小乐和朋友聊起今天的一件事。我们今天谈到了正午。小乐说：“We talked about the noon today.”朋友听懂了，也想起自己遇到过的事。,,We talked about the __________ today.,noon,我们今天谈到了正午。,context,2026-09-v2,本地预制课堂素材；原创短句与场景模板,[],想象你也在这个场景里。用 noon 说一句自己的话。
normal,KET,1,正常的；正规的；标准的,adj.,日常沟通,It is normal to feel tired after a game.,比赛后感到疲惫是正常的。,"[{""text"": ""normal"", ""kind"": ""root"", ""meaning"": ""正常的""}]",这个词本身可以作为词基，与相关派生词联系起来理解。,0,,https://www.cambridgeenglish.org/images/506886-a2-key-2020-vocabulary-list.pdf,'nɒ:ml,https://github.com/skywind3000/ECDICT,offline-materials,normal,authored,normal · 单词里的小故事,小乐和朋友交换今天的小发现。比赛后感到疲惫是正常的。小乐说：“It is normal to feel tired after a game.”朋友听懂了，也想起自己遇到过的事。,,It is __________ to feel tired after a game.,normal,比赛后感到疲惫是正常的。,context,2026-09-v2,本地预制课堂素材；原创短句与场景模板,[],想象你也在这个场景里。用 normal 说一句自己的话。
north,KET,1,北方；北,"n, adj; adv.",日常沟通,We live in the north.,我们住在北部。,[],结合常用释义整体记忆。先听老师读，再用自己的生活场景解释。,0,,https://www.cambridgeenglish.org/images/506886-a2-key-2020-vocabulary-list.pdf,nɒ:θ,https://github.com/skywind3000/ECDICT,offline-materials,north,authored,north · 单词里的小故事,小乐和朋友交换今天的小发现。我们住在北部。小乐说：“We live in the north.”朋友听懂了，也想起自己遇到过的事。,,We live in the __________.,north,我们住在北部。,context,2026-09-v2,本地预制课堂素材；原创短句与场景模板,[],想象你也在这个场景里。用 north 说一句自己的话。
nose,KET,1,鼻子；突出部分；嗅觉,n.,日常沟通,We learn about the nose at school.,我们在学校了解鼻子。,[],结合常用释义整体记忆。先听老师读，再用自己的生活场景解释。,1,,https://www.cambridgeenglish.org/images/506886-a2-key-2020-vocabulary-list.pdf,nәuz,https://github.com/skywind3000/ECDICT,offline-materials,nose,body,nose · 单词里的小故事,小乐在课堂上做一张认识自己的知识卡。我们在学校了解鼻子。小乐说：“We learn about the nose at school.”朋友听懂了，也想起自己遇到过的事。,,We learn about the __________ at school.,nose,我们在学校了解鼻子。,context,2026-09-v2,本地预制课堂素材；原创短句与场景模板,[],想象你也在这个场景里。用 nose 说一句自己的话。
not,KET,1,不；非；未,adv.,日常沟通,This is not my book.,这不是我的书。,[],结合常用释义整体记忆。先听老师读，再用自己的生活场景解释。,1,,https://www.cambridgeenglish.org/images/506886-a2-key-2020-vocabulary-list.pdf,nɒt,https://github.com/skywind3000/ECDICT,offline-materials,not,authored,not · 单词里的小故事,小乐和朋友交换今天的小发现。这不是我的书。小乐说：“This is not my book.”朋友听懂了，也想起自己遇到过的事。,,This is __________ my book.,not,这不是我的书。,context,2026-09-v2,本地预制课堂素材；原创短句与场景模板,[],想象你也在这个场景里。用 not 说一句自己的话。
note,KET,1,笔记；便条；记录,n; v.,日常沟通,We talked about the note today.,我们今天谈到了笔记。,[],结合常用释义整体记忆。先听老师读，再用自己的生活场景解释。,0,,https://www.cambridgeenglish.org/images/506886-a2-key-2020-vocabulary-list.pdf,nәut,常用义教学修订；原词典见 ECDICT-LICENSE.txt,offline-materials,note,discussion,note · 单词里的小故事,小乐和朋友聊起今天的一件事。我们今天谈到了笔记。小乐说：“We talked about the note today.”朋友听懂了，也想起自己遇到过的事。,,We talked about the __________ today.,note,我们今天谈到了笔记。,context,2026-09-v2,本地预制课堂素材；原创短句与场景模板,[],想象你也在这个场景里。用 note 说一句自己的话。
nothing,KET,1,无；不关紧要之事；零,pron.,日常沟通,There is nothing in the box.,箱子里什么也没有。,[],结合常用释义整体记忆。先听老师读，再用自己的生活场景解释。,1,,https://www.cambridgeenglish.org/images/506886-a2-key-2020-vocabulary-list.pdf,'nʌθiŋ,https://github.com/skywind3000/ECDICT,offline-materials,nothing,authored,nothing · 单词里的小故事,小乐和朋友交换今天的小发现。箱子里什么也没有。小乐说：“There is nothing in the box.”朋友听懂了，也想起自己遇到过的事。,,There is __________ in the box.,nothing,箱子里什么也没有。,context,2026-09-v2,本地预制课堂素材；原创短句与场景模板,[],想象你也在这个场景里。用 nothing 说一句自己的话。
notice,KET,1,注意；布告；通知,n.,日常沟通,We need the notice today.,我们今天需要注意。,[],结合常用释义整体记忆。先听老师读，再用自己的生活场景解释。,0,,https://www.cambridgeenglish.org/images/506886-a2-key-2020-vocabulary-list.pdf,'nәutis,https://github.com/skywind3000/ECDICT,offline-materials,notice,equipment,notice · 单词里的小故事,班级活动开始前，小乐负责核对需要的东西。我们今天需要注意。小乐说：“We need the notice today.”朋友听懂了，也想起自己遇到过的事。,,We need the __________ today.,notice,我们今天需要注意。,context,2026-09-v2,本地预制课堂素材；原创短句与场景模板,[],想象你也在这个场景里。用 notice 说一句自己的话。
november,KET,1,十一月,n.,日常沟通,My birthday is in November.,我的生日在十一月。,[],结合常用释义整体记忆。先听老师读，再用自己的生活场景解释。,1,,https://www.cambridgeenglish.org/images/506886-a2-key-2020-vocabulary-list.pdf,nәu'vembә,https://github.com/skywind3000/ECDICT,offline-materials,November,date,November · 单词里的小故事,小乐在日历上画了一个圈，提醒自己别忘记这个日子。我的生日在十一月。小乐说：“My birthday is in November.”朋友听懂了，也想起自己遇到过的事。,,My birthday is in __________.,November,我的生日在十一月。,context,2026-09-v2,本地预制课堂素材；原创短句与场景模板,[],想象你也在这个场景里。用 November 说一句自己的话。
now,KET,1,现在；刚才；目前,adv.,日常沟通,We can start now.,我们现在可以开始了。,[],结合常用释义整体记忆。先听老师读，再用自己的生活场景解释。,1,,https://www.cambridgeenglish.org/images/506886-a2-key-2020-vocabulary-list.pdf,nau,https://github.com/skywind3000/ECDICT,offline-materials,now,authored,now · 单词里的小故事,小乐和朋友交换今天的小发现。我们现在可以开始了。小乐说：“We can start now.”朋友听懂了，也想起自己遇到过的事。,,We can start __________.,now,我们现在可以开始了。,context,2026-09-v2,本地预制课堂素材；原创短句与场景模板,[],想象你也在这个场景里。用 now 说一句自己的话。
number,KET,1,数；数字；数目,n.,日常沟通,We talked about the number today.,我们今天谈到了数。,[],结合常用释义整体记忆。先听老师读，再用自己的生活场景解释。,0,,https://www.cambridgeenglish.org/images/506886-a2-key-2020-vocabulary-list.pdf,'nʌmbә,https://github.com/skywind3000/ECDICT,offline-materials,number,discussion,number · 单词里的小故事,小乐和朋友聊起今天的一件事。我们今天谈到了数。小乐说：“We talked about the number today.”朋友听懂了，也想起自己遇到过的事。,,We talked about the __________ today.,number,我们今天谈到了数。,context,2026-09-v2,本地预制课堂素材；原创短句与场景模板,[],想象你也在这个场景里。用 number 说一句自己的话。
o'clock,KET,3,点钟；钟头,adv.,日常沟通,It is six o'clock.,现在是六点整。,[],结合常用释义整体记忆。先听老师读，再用自己的生活场景解释。,0,,https://www.cambridgeenglish.org/images/506886-a2-key-2020-vocabulary-list.pdf,ә'klɔk,https://github.com/skywind3000/ECDICT,offline-materials,o'clock,authored,o'clock · 单词里的小故事,小乐和朋友交换今天的小发现。现在是六点整。小乐说：“It is six o'clock.”朋友听懂了，也想起自己遇到过的事。,,It is six __________.,o'clock,现在是六点整。,context,2026-09-v2,本地预制课堂素材；原创短句与场景模板,[],想象你也在这个场景里。用 o'clock 说一句自己的话。
ocean,KET,2,海洋；广阔；许多,n.,日常沟通,We visited the ocean today.,我们今天参观了海洋。,[],结合常用释义整体记忆。先听老师读，再用自己的生活场景解释。,0,,https://www.cambridgeenglish.org/images/506886-a2-key-2020-vocabulary-list.pdf,'әuʃәn,https://github.com/skywind3000/ECDICT,offline-materials,ocean,place,ocean · 单词里的小故事,小乐把今天的外出经历记进了日记。我们今天参观了海洋。小乐说：“We visited the ocean today.”朋友听懂了，也想起自己遇到过的事。,,We visited the __________ today.,ocean,我们今天参观了海洋。,context,2026-09-v2,本地预制课堂素材；原创短句与场景模板,[],想象你也在这个场景里。用 ocean 说一句自己的话。
october,KET,1,十月,n.,日常沟通,My birthday is in October.,我的生日在十月。,[],结合常用释义整体记忆。先听老师读，再用自己的生活场景解释。,1,,https://www.cambridgeenglish.org/images/506886-a2-key-2020-vocabulary-list.pdf,ɒk'tәubә,https://github.com/skywind3000/ECDICT,offline-materials,October,date,October · 单词里的小故事,小乐在日历上画了一个圈，提醒自己别忘记这个日子。我的生日在十月。小乐说：“My birthday is in October.”朋友听懂了，也想起自己遇到过的事。,,My birthday is in __________.,October,我的生日在十月。,context,2026-09-v2,本地预制课堂素材；原创短句与场景模板,[],想象你也在这个场景里。用 October 说一句自己的话。
octopus,KET,3,章鱼,n.,日常沟通,We saw the octopus in a picture.,我们在图片里看到了章鱼。,[],结合常用释义整体记忆。先听老师读，再用自己的生活场景解释。,0,,https://www.cambridgeenglish.org/images/506886-a2-key-2020-vocabulary-list.pdf,'ɒktәpәs,https://github.com/skywind3000/ECDICT,offline-materials,octopus,animal,octopus · 单词里的小故事,小乐翻开一本动物画册，在其中一页停了下来。我们在图片里看到了章鱼。小乐说：“We saw the octopus in a picture.”朋友听懂了，也想起自己遇到过的事。,,We saw the __________ in a picture.,octopus,我们在图片里看到了章鱼。,context,2026-09-v2,本地预制课堂素材；原创短句与场景模板,[],想象你也在这个场景里。用 octopus 说一句自己的话。
of,KET,1,的；属于,prep.,日常沟通,This is a picture of my family.,这是一张我家人的照片。,[],结合常用释义整体记忆。先听老师读，再用自己的生活场景解释。,1,,https://www.cambridgeenglish.org/images/506886-a2-key-2020-vocabulary-list.pdf,ɒv,https://github.com/skywind3000/ECDICT,offline-materials,of,authored,of · 单词里的小故事,小乐和朋友交换今天的小发现。这是一张我家人的照片。小乐说：“This is a picture of my family.”朋友听懂了，也想起自己遇到过的事。,,This is a picture __________ my family.,of,这是一张我家人的照片。,context,2026-09-v2,本地预制课堂素材；原创短句与场景模板,[],想象你也在这个场景里。用 of 说一句自己的话。
of course,KET,3,当然,adv.,日常沟通,Of course you can join us.,你当然可以加入我们。,[],结合常用释义整体记忆。先听老师读，再用自己的生活场景解释。,0,,https://www.cambridgeenglish.org/images/506886-a2-key-2020-vocabulary-list.pdf,,https://github.com/skywind3000/ECDICT,offline-materials,of course,authored,of course · 单词里的小故事,小乐和朋友交换今天的小发现。你当然可以加入我们。小乐说：“Of course you can join us.”朋友听懂了，也想起自己遇到过的事。,,__________ you can join us.,Of course,你当然可以加入我们。,context,2026-09-v2,本地预制课堂素材；原创短句与场景模板,[],想象你也在这个场景里。用 of course 说一句自己的话。
off,KET,1,走开；...掉；...下,adv.,日常沟通,The light is off.,灯关着。,[],结合常用释义整体记忆。先听老师读，再用自己的生活场景解释。,1,,https://www.cambridgeenglish.org/images/506886-a2-key-2020-vocabulary-list.pdf,ɒf,https://github.com/skywind3000/ECDICT,offline-materials,off,authored,off · 单词里的小故事,小乐和朋友交换今天的小发现。灯关着。小乐说：“The light is off.”朋友听懂了，也想起自己遇到过的事。,,The light is __________.,off,灯关着。,context,2026-09-v2,本地预制课堂素材；原创短句与场景模板,[],想象你也在这个场景里。用 off 说一句自己的话。
office,KET,1,办公室；部；公职,n.,日常沟通,We visited the office today.,我们今天参观了办公室。,[],结合常用释义整体记忆。先听老师读，再用自己的生活场景解释。,0,,https://www.cambridgeenglish.org/images/506886-a2-key-2020-vocabulary-list.pdf,'ɒfis,https://github.com/skywind3000/ECDICT,offline-materials,office,place,office · 单词里的小故事,小乐把今天的外出经历记进了日记。我们今天参观了办公室。小乐说：“We visited the office today.”朋友听懂了，也想起自己遇到过的事。,,We visited the __________ today.,office,我们今天参观了办公室。,context,2026-09-v2,本地预制课堂素材；原创短句与场景模板,[],想象你也在这个场景里。用 office 说一句自己的话。
often,KET,1,时常；常常,adv.,日常沟通,We often play in the park.,我们经常在公园玩。,[],结合常用释义整体记忆。先听老师读，再用自己的生活场景解释。,0,,https://www.cambridgeenglish.org/images/506886-a2-key-2020-vocabulary-list.pdf,'ɒ:fn,https://github.com/skywind3000/ECDICT,offline-materials,often,authored,often · 单词里的小故事,小乐和朋友交换今天的小发现。我们经常在公园玩。小乐说：“We often play in the park.”朋友听懂了，也想起自己遇到过的事。,,We __________ play in the park.,often,我们经常在公园玩。,context,2026-09-v2,本地预制课堂素材；原创短句与场景模板,[],想象你也在这个场景里。用 often 说一句自己的话。
oh,KET,1,(表示惊讶、恐怖、赞叹)哦,exclam.,日常沟通,"Oh, I found my key!",哦，我找到钥匙了！,[],结合常用释义整体记忆。先听老师读，再用自己的生活场景解释。,0,,https://www.cambridgeenglish.org/images/506886-a2-key-2020-vocabulary-list.pdf,әu,https://github.com/skywind3000/ECDICT,offline-materials,oh,authored,oh · 单词里的小故事,"小乐和朋友交换今天的小发现。哦，我找到钥匙了！小乐说：“Oh, I found my key!”朋友听懂了，也想起自己遇到过的事。",,"__________, I found my key!",Oh,哦，我找到钥匙了！,context,2026-09-v2,本地预制课堂素材；原创短句与场景模板,[],想象你也在这个场景里。用 oh 说一句自己的话。
oil,KET,1,油；石油；油画颜料,n.,日常沟通,Put a little oil in the pan.,往锅里放一点油。,[],结合常用释义整体记忆。先听老师读，再用自己的生活场景解释。,0,,https://www.cambridgeenglish.org/images/506886-a2-key-2020-vocabulary-list.pdf,ɒil,https://github.com/skywind3000/ECDICT,offline-materials,oil,authored,oil · 单词里的小故事,小乐和朋友交换今天的小发现。往锅里放一点油。小乐说：“Put a little oil in the pan.”朋友听懂了，也想起自己遇到过的事。,,Put a little __________ in the pan.,oil,往锅里放一点油。,context,2026-09-v2,本地预制课堂素材；原创短句与场景模板,[],想象你也在这个场景里。用 oil 说一句自己的话。
ok,KET,1,好；不错；可以,exclam.,日常沟通,Are you ok?,你还好吗？,[],结合常用释义整体记忆。先听老师读，再用自己的生活场景解释。,1,,https://www.cambridgeenglish.org/images/506886-a2-key-2020-vocabulary-list.pdf,'әu'kei,https://github.com/skywind3000/ECDICT,offline-materials,ok,authored,ok · 单词里的小故事,小乐和朋友交换今天的小发现。你还好吗？小乐说：“Are you ok?”朋友听懂了，也想起自己遇到过的事。,,Are you __________?,ok,你还好吗？,context,2026-09-v2,本地预制课堂素材；原创短句与场景模板,[],想象你也在这个场景里。用 ok 说一句自己的话。
old,KET,1,老的；旧的；古老的,adj.,日常沟通,The person in the story is old.,故事里的那个人是老的。,[],结合常用释义整体记忆。先听老师读，再用自己的生活场景解释。,1,,https://www.cambridgeenglish.org/images/506886-a2-key-2020-vocabulary-list.pdf,әuld,https://github.com/skywind3000/ECDICT,offline-materials,old,person-quality,old · 单词里的小故事,同学们在给故事人物选词卡，小乐找到了合适的一张。故事里的那个人是老的。小乐说：“The person in the story is old.”朋友听懂了，也想起自己遇到过的事。,,The person in the story is __________.,old,故事里的那个人是老的。,context,2026-09-v2,本地预制课堂素材；原创短句与场景模板,[],想象你也在这个场景里。用 old 说一句自己的话。
olympic,KET,2,奥林匹亚的；奥林匹斯山的；强有力的,adj.,日常沟通,She wants to see the Olympic Games.,她想看奥运会。,[],结合常用释义整体记忆。先听老师读，再用自己的生活场景解释。,0,,https://www.cambridgeenglish.org/images/506886-a2-key-2020-vocabulary-list.pdf,әu'limpik,https://github.com/skywind3000/ECDICT,offline-materials,Olympic,authored,Olympic · 单词里的小故事,小乐和朋友交换今天的小发现。她想看奥运会。小乐说：“She wants to see the Olympic Games.”朋友听懂了，也想起自己遇到过的事。,,She wants to see the __________ Games.,Olympic,她想看奥运会。,context,2026-09-v2,本地预制课堂素材；原创短句与场景模板,[],想象你也在这个场景里。用 Olympic 说一句自己的话。
omelette,KET,3,煎蛋卷；炒蛋,n.,日常沟通,This omelette tastes good.,这份煎蛋卷味道很好。,[],结合常用释义整体记忆。先听老师读，再用自己的生活场景解释。,0,,https://www.cambridgeenglish.org/images/506886-a2-key-2020-vocabulary-list.pdf,'ɒmlit,https://github.com/skywind3000/ECDICT,offline-materials,omelette,food,omelette · 单词里的小故事,小乐第一次给家人当小帮手，端出一份食物。这份煎蛋卷味道很好。小乐说：“This omelette tastes good.”朋友听懂了，也想起自己遇到过的事。,,This __________ tastes good.,omelette,这份煎蛋卷味道很好。,context,2026-09-v2,本地预制课堂素材；原创短句与场景模板,[],想象你也在这个场景里。用 omelette 说一句自己的话。
on,KET,1,在...之上,prep; adv.,日常沟通,The book is on the desk.,书在桌上。,[],结合常用释义整体记忆。先听老师读，再用自己的生活场景解释。,1,,https://www.cambridgeenglish.org/images/506886-a2-key-2020-vocabulary-list.pdf,ɒn,https://github.com/skywind3000/ECDICT,offline-materials,on,authored,on · 单词里的小故事,小乐和朋友交换今天的小发现。书在桌上。小乐说：“The book is on the desk.”朋友听懂了，也想起自己遇到过的事。,,The book is __________ the desk.,on,书在桌上。,context,2026-09-v2,本地预制课堂素材；原创短句与场景模板,[],想象你也在这个场景里。用 on 说一句自己的话。
once,KET,1,一次；曾经；一旦,adv.,日常沟通,I go swimming once a week.,我每周游泳一次。,[],结合常用释义整体记忆。先听老师读，再用自己的生活场景解释。,1,,https://www.cambridgeenglish.org/images/506886-a2-key-2020-vocabulary-list.pdf,wʌns,https://github.com/skywind3000/ECDICT,offline-materials,once,authored,once · 单词里的小故事,小乐和朋友交换今天的小发现。我每周游泳一次。小乐说：“I go swimming once a week.”朋友听懂了，也想起自己遇到过的事。,,I go swimming __________ a week.,once,我每周游泳一次。,context,2026-09-v2,本地预制课堂素材；原创短句与场景模板,[],想象你也在这个场景里。用 once 说一句自己的话。
one,KET,1,一(个),det; pron.,日常沟通,I have one brother.,我有一个兄弟。,[],结合常用释义整体记忆。先听老师读，再用自己的生活场景解释。,1,,https://www.cambridgeenglish.org/images/506886-a2-key-2020-vocabulary-list.pdf,wʌn,https://github.com/skywind3000/ECDICT,offline-materials,one,authored,one · 单词里的小故事,小乐和朋友交换今天的小发现。我有一个兄弟。小乐说：“I have one brother.”朋友听懂了，也想起自己遇到过的事。,,I have __________ brother.,one,我有一个兄弟。,context,2026-09-v2,本地预制课堂素材；原创短句与场景模板,[],想象你也在这个场景里。用 one 说一句自己的话。
online,KET,2,在线的；在线地,adj.; adv.,日常沟通,The museum sells tickets online.,这家博物馆在网上售票。,"[{""text"": ""on"", ""kind"": ""compound"", ""meaning"": ""接通""}, {""text"": ""line"", ""kind"": ""compound"", ""meaning"": ""线路""}]",两个已有成分组合成一个词。结合它们的意思理解整体词义，但不要把这种现代拆分当作完整的历史词源。,0,,https://www.cambridgeenglish.org/images/506886-a2-key-2020-vocabulary-list.pdf,,原创课堂释义与例句,offline-materials,online,authored,online · 单词里的小故事,小乐和朋友交换今天的小发现。这家博物馆在网上售票。小乐说：“The museum sells tickets online.”朋友听懂了，也想起自己遇到过的事。,,The museum sells tickets __________.,online,这家博物馆在网上售票。,context,2026-09-v2,本地预制课堂素材；原创短句与场景模板,[],想象你也在这个场景里。用 online 说一句自己的话。
only,KET,1,只有；仅仅；只能,adv; adj.,日常沟通,This is my only red pen.,这是我唯一的红笔。,[],结合常用释义整体记忆。先听老师读，再用自己的生活场景解释。,1,,https://www.cambridgeenglish.org/images/506886-a2-key-2020-vocabulary-list.pdf,'әunli,https://github.com/skywind3000/ECDICT,offline-materials,only,authored,only · 单词里的小故事,小乐和朋友交换今天的小发现。这是我唯一的红笔。小乐说：“This is my only red pen.”朋友听懂了，也想起自己遇到过的事。,,This is my __________ red pen.,only,这是我唯一的红笔。,context,2026-09-v2,本地预制课堂素材；原创短句与场景模板,[],想象你也在这个场景里。用 only 说一句自己的话。
open,KET,1,开着的；开放的；开阔的,adj; v.,日常沟通,This box is open.,这个盒子是开着的。,"[{""text"": ""open"", ""kind"": ""root"", ""meaning"": ""打开""}]",这个词本身可以作为词基，与相关派生词联系起来理解。,1,,https://www.cambridgeenglish.org/images/506886-a2-key-2020-vocabulary-list.pdf,'әupәn,https://github.com/skywind3000/ECDICT,offline-materials,open,object-quality,open · 单词里的小故事,朋友闭上眼睛，让小乐描述面前的盒子。这个盒子是开着的。小乐说：“This box is open.”朋友听懂了，也想起自己遇到过的事。,,This box is __________.,open,这个盒子是开着的。,context,2026-09-v2,本地预制课堂素材；原创短句与场景模板,[],想象你也在这个场景里。用 open 说一句自己的话。
opera,KET,2,歌剧,n.,日常沟通,We talked about the opera today.,我们今天谈到了歌剧。,[],结合常用释义整体记忆。先听老师读，再用自己的生活场景解释。,0,,https://www.cambridgeenglish.org/images/506886-a2-key-2020-vocabulary-list.pdf,'ɒpәrә,https://github.com/skywind3000/ECDICT,offline-materials,opera,discussion,opera · 单词里的小故事,小乐和朋友聊起今天的一件事。我们今天谈到了歌剧。小乐说：“We talked about the opera today.”朋友听懂了，也想起自己遇到过的事。,,We talked about the __________ today.,opera,我们今天谈到了歌剧。,context,2026-09-v2,本地预制课堂素材；原创短句与场景模板,[],想象你也在这个场景里。用 opera 说一句自己的话。
or,KET,1,或；或者,conj.,日常沟通,Would you like tea or water?,你想喝茶还是水？,[],结合常用释义整体记忆。先听老师读，再用自己的生活场景解释。,1,,https://www.cambridgeenglish.org/images/506886-a2-key-2020-vocabulary-list.pdf,ɒ:,https://github.com/skywind3000/ECDICT,offline-materials,or,authored,or · 单词里的小故事,小乐和朋友交换今天的小发现。你想喝茶还是水？小乐说：“Would you like tea or water?”朋友听懂了，也想起自己遇到过的事。,,Would you like tea __________ water?,or,你想喝茶还是水？,context,2026-09-v2,本地预制课堂素材；原创短句与场景模板,[],想象你也在这个场景里。用 or 说一句自己的话。
orange,KET,1,橘色的,adj; n.,日常沟通,This box is orange.,这个盒子是橘色的。,[],结合常用释义整体记忆。先听老师读，再用自己的生活场景解释。,1,,https://www.cambridgeenglish.org/images/506886-a2-key-2020-vocabulary-list.pdf,'ɒ:rindʒ,https://github.com/skywind3000/ECDICT,offline-materials,orange,object-quality,orange · 单词里的小故事,朋友闭上眼睛，让小乐描述面前的盒子。这个盒子是橘色的。小乐说：“This box is orange.”朋友听懂了，也想起自己遇到过的事。,,This box is __________.,orange,这个盒子是橘色的。,context,2026-09-v2,本地预制课堂素材；原创短句与场景模板,[],想象你也在这个场景里。用 orange 说一句自己的话。
other,KET,1,其他的；另外的；从前的,det; pron.,日常沟通,Where is the other shoe?,另一只鞋在哪里？,[],结合常用释义整体记忆。先听老师读，再用自己的生活场景解释。,1,,https://www.cambridgeenglish.org/images/506886-a2-key-2020-vocabulary-list.pdf,'ʌðә,https://github.com/skywind3000/ECDICT,offline-materials,other,authored,other · 单词里的小故事,小乐和朋友交换今天的小发现。另一只鞋在哪里？小乐说：“Where is the other shoe?”朋友听懂了，也想起自己遇到过的事。,,Where is the __________ shoe?,other,另一只鞋在哪里？,context,2026-09-v2,本地预制课堂素材；原创短句与场景模板,[],想象你也在这个场景里。用 other 说一句自己的话。
our,KET,1,我们的,det.,日常沟通,This is our classroom.,这是我们的教室。,[],结合常用释义整体记忆。先听老师读，再用自己的生活场景解释。,1,,https://www.cambridgeenglish.org/images/506886-a2-key-2020-vocabulary-list.pdf,'auә,https://github.com/skywind3000/ECDICT,offline-materials,our,authored,our · 单词里的小故事,小乐和朋友交换今天的小发现。这是我们的教室。小乐说：“This is our classroom.”朋友听懂了，也想起自己遇到过的事。,,This is __________ classroom.,our,这是我们的教室。,context,2026-09-v2,本地预制课堂素材；原创短句与场景模板,[],想象你也在这个场景里。用 our 说一句自己的话。
ours,KET,1,我们的,pron.,日常沟通,That ball is ours.,那个球是我们的。,[],结合常用释义整体记忆。先听老师读，再用自己的生活场景解释。,1,,https://www.cambridgeenglish.org/images/506886-a2-key-2020-vocabulary-list.pdf,'auәz,https://github.com/skywind3000/ECDICT,offline-materials,ours,authored,ours · 单词里的小故事,小乐和朋友交换今天的小发现。那个球是我们的。小乐说：“That ball is ours.”朋友听懂了，也想起自己遇到过的事。,,That ball is __________.,ours,那个球是我们的。,context,2026-09-v2,本地预制课堂素材；原创短句与场景模板,[],想象你也在这个场景里。用 ours 说一句自己的话。
ourselves,KET,1,我们自己,pron.,日常沟通,We cooked dinner ourselves.,我们自己做了晚饭。,[],结合常用释义整体记忆。先听老师读，再用自己的生活场景解释。,1,,https://www.cambridgeenglish.org/images/506886-a2-key-2020-vocabulary-list.pdf,.auә'selvz,https://github.com/skywind3000/ECDICT,offline-materials,ourselves,authored,ourselves · 单词里的小故事,小乐和朋友交换今天的小发现。我们自己做了晚饭。小乐说：“We cooked dinner ourselves.”朋友听懂了，也想起自己遇到过的事。,,We cooked dinner __________.,ourselves,我们自己做了晚饭。,context,2026-09-v2,本地预制课堂素材；原创短句与场景模板,[],想象你也在这个场景里。用 ourselves 说一句自己的话。
out,KET,1,在外；熄灭；出现,adv.,日常沟通,Let's go out and play.,我们出去玩吧。,[],结合常用释义整体记忆。先听老师读，再用自己的生活场景解释。,1,,https://www.cambridgeenglish.org/images/506886-a2-key-2020-vocabulary-list.pdf,aut,https://github.com/skywind3000/ECDICT,offline-materials,out,authored,out · 单词里的小故事,小乐和朋友交换今天的小发现。我们出去玩吧。小乐说：“Let's go out and play.”朋友听懂了，也想起自己遇到过的事。,,Let's go __________ and play.,out,我们出去玩吧。,context,2026-09-v2,本地预制课堂素材；原创短句与场景模板,[],想象你也在这个场景里。用 out 说一句自己的话。
out of,KET,3,在...外；离开...；从...里面,prep.,日常沟通,The cat jumped out of the box.,猫从箱子里跳出来了。,[],结合常用释义整体记忆。先听老师读，再用自己的生活场景解释。,0,,https://www.cambridgeenglish.org/images/506886-a2-key-2020-vocabulary-list.pdf,,https://github.com/skywind3000/ECDICT,offline-materials,out of,authored,out of · 单词里的小故事,小乐和朋友交换今天的小发现。猫从箱子里跳出来了。小乐说：“The cat jumped out of the box.”朋友听懂了，也想起自己遇到过的事。,,The cat jumped __________ the box.,out of,猫从箱子里跳出来了。,context,2026-09-v2,本地预制课堂素材；原创短句与场景模板,[],想象你也在这个场景里。用 out of 说一句自己的话。
outdoor,KET,2,户外的；屋外的；露天的,adj.,日常沟通,Football is an outdoor game.,足球是一种户外运动。,"[{""text"": ""out"", ""kind"": ""compound"", ""meaning"": ""外面""}, {""text"": ""door"", ""kind"": ""compound"", ""meaning"": ""门""}]",两个已有成分组合成一个词。结合它们的意思理解整体词义，但不要把这种现代拆分当作完整的历史词源。,0,,https://www.cambridgeenglish.org/images/506886-a2-key-2020-vocabulary-list.pdf,'autdɒ:,https://github.com/skywind3000/ECDICT,offline-materials,outdoor,authored,outdoor · 单词里的小故事,小乐和朋友交换今天的小发现。足球是一种户外运动。小乐说：“Football is an outdoor game.”朋友听懂了，也想起自己遇到过的事。,,Football is an __________ game.,outdoor,足球是一种户外运动。,context,2026-09-v2,本地预制课堂素材；原创短句与场景模板,[],想象你也在这个场景里。用 outdoor 说一句自己的话。
outdoors,KET,3,在户外；在野外,adv.,日常沟通,We like eating outdoors.,我们喜欢在户外吃饭。,"[{""text"": ""out"", ""kind"": ""compound"", ""meaning"": ""外面""}, {""text"": ""doors"", ""kind"": ""compound"", ""meaning"": ""门""}]",两个已有成分组合成一个词。结合它们的意思理解整体词义，但不要把这种现代拆分当作完整的历史词源。,0,,https://www.cambridgeenglish.org/images/506886-a2-key-2020-vocabulary-list.pdf,'aut'dɒ:z,https://github.com/skywind3000/ECDICT,offline-materials,outdoors,authored,outdoors · 单词里的小故事,小乐和朋友交换今天的小发现。我们喜欢在户外吃饭。小乐说：“We like eating outdoors.”朋友听懂了，也想起自己遇到过的事。,,We like eating __________.,outdoors,我们喜欢在户外吃饭。,context,2026-09-v2,本地预制课堂素材；原创短句与场景模板,[],想象你也在这个场景里。用 outdoors 说一句自己的话。
outside,KET,1,外面；外表；外界,prep; adv.,日常沟通,Please wait outside.,请在外面等。,[],结合常用释义整体记忆。先听老师读，再用自己的生活场景解释。,1,,https://www.cambridgeenglish.org/images/506886-a2-key-2020-vocabulary-list.pdf,'aut'said,https://github.com/skywind3000/ECDICT,offline-materials,outside,authored,outside · 单词里的小故事,小乐和朋友交换今天的小发现。请在外面等。小乐说：“Please wait outside.”朋友听懂了，也想起自己遇到过的事。,,Please wait __________.,outside,请在外面等。,context,2026-09-v2,本地预制课堂素材；原创短句与场景模板,[],想象你也在这个场景里。用 outside 说一句自己的话。
oven,KET,2,烤箱；灶；子宫,n.,日常沟通,We need the oven today.,我们今天需要烤箱。,[],结合常用释义整体记忆。先听老师读，再用自己的生活场景解释。,0,,https://www.cambridgeenglish.org/images/506886-a2-key-2020-vocabulary-list.pdf,'ʌvәn,https://github.com/skywind3000/ECDICT,offline-materials,oven,equipment,oven · 单词里的小故事,班级活动开始前，小乐负责核对需要的东西。我们今天需要烤箱。小乐说：“We need the oven today.”朋友听懂了，也想起自己遇到过的事。,,We need the __________ today.,oven,我们今天需要烤箱。,context,2026-09-v2,本地预制课堂素材；原创短句与场景模板,[],想象你也在这个场景里。用 oven 说一句自己的话。
over,KET,1,结束；越过；从头到尾,prep; adv.,日常沟通,The bird flew over the house.,鸟飞过了房子。,[],结合常用释义整体记忆。先听老师读，再用自己的生活场景解释。,1,,https://www.cambridgeenglish.org/images/506886-a2-key-2020-vocabulary-list.pdf,'әuvә,https://github.com/skywind3000/ECDICT,offline-materials,over,authored,over · 单词里的小故事,小乐和朋友交换今天的小发现。鸟飞过了房子。小乐说：“The bird flew over the house.”朋友听懂了，也想起自己遇到过的事。,,The bird flew __________ the house.,over,鸟飞过了房子。,context,2026-09-v2,本地预制课堂素材；原创短句与场景模板,[],想象你也在这个场景里。用 over 说一句自己的话。
own,KET,1,自己的；嫡亲的；同胞的,adj.,日常沟通,I have my own room.,我有自己的房间。,"[{""text"": ""own"", ""kind"": ""root"", ""meaning"": ""拥有""}]",这个词本身可以作为词基，与相关派生词联系起来理解。,1,,https://www.cambridgeenglish.org/images/506886-a2-key-2020-vocabulary-list.pdf,әun,https://github.com/skywind3000/ECDICT,offline-materials,own,authored,own · 单词里的小故事,小乐和朋友交换今天的小发现。我有自己的房间。小乐说：“I have my own room.”朋友听懂了，也想起自己遇到过的事。,,I have my __________ room.,own,我有自己的房间。,context,2026-09-v2,本地预制课堂素材；原创短句与场景模板,[],想象你也在这个场景里。用 own 说一句自己的话。
pack,KET,2,包装；捆扎；塞满,v.,日常沟通,Pack your bag before you go.,走之前收拾好你的包。,"[{""text"": ""pack"", ""kind"": ""root"", ""meaning"": ""打包""}]",这个词本身可以作为词基，与相关派生词联系起来理解。,0,,https://www.cambridgeenglish.org/images/506886-a2-key-2020-vocabulary-list.pdf,pæk,https://github.com/skywind3000/ECDICT,offline-materials,pack,authored,pack · 单词里的小故事,小乐和朋友交换今天的小发现。走之前收拾好你的包。小乐说：“Pack your bag before you go.”朋友听懂了，也想起自己遇到过的事。,,__________ your bag before you go.,Pack,走之前收拾好你的包。,context,2026-09-v2,本地预制课堂素材；原创短句与场景模板,[],想象你也在这个场景里。用 pack 说一句自己的话。
page,KET,1,页；记录；事件,n.,日常沟通,We need the page today.,我们今天需要页。,[],结合常用释义整体记忆。先听老师读，再用自己的生活场景解释。,0,,https://www.cambridgeenglish.org/images/506886-a2-key-2020-vocabulary-list.pdf,peidʒ,https://github.com/skywind3000/ECDICT,offline-materials,page,equipment,page · 单词里的小故事,班级活动开始前，小乐负责核对需要的东西。我们今天需要页。小乐说：“We need the page today.”朋友听懂了，也想起自己遇到过的事。,,We need the __________ today.,page,我们今天需要页。,context,2026-09-v2,本地预制课堂素材；原创短句与场景模板,[],想象你也在这个场景里。用 page 说一句自己的话。
pain,KET,1,痛苦；疼痛；辛苦,n.,日常沟通,We talked about the pain today.,我们今天谈到了痛苦。,"[{""text"": ""pain"", ""kind"": ""root"", ""meaning"": ""疼痛""}]",这个词本身可以作为词基，与相关派生词联系起来理解。,0,,https://www.cambridgeenglish.org/images/506886-a2-key-2020-vocabulary-list.pdf,pein,https://github.com/skywind3000/ECDICT,offline-materials,pain,discussion,pain · 单词里的小故事,小乐和朋友聊起今天的一件事。我们今天谈到了痛苦。小乐说：“We talked about the pain today.”朋友听懂了，也想起自己遇到过的事。,,We talked about the __________ today.,pain,我们今天谈到了痛苦。,context,2026-09-v2,本地预制课堂素材；原创短句与场景模板,[],想象你也在这个场景里。用 pain 说一句自己的话。
paint,KET,2,油漆；绘；画,v; n.,日常沟通,Let's paint the wall blue.,我们把墙涂成蓝色吧。,[],结合常用释义整体记忆。先听老师读，再用自己的生活场景解释。,0,,https://www.cambridgeenglish.org/images/506886-a2-key-2020-vocabulary-list.pdf,peint,https://github.com/skywind3000/ECDICT,offline-materials,paint,authored,paint · 单词里的小故事,小乐和朋友交换今天的小发现。我们把墙涂成蓝色吧。小乐说：“Let's paint the wall blue.”朋友听懂了，也想起自己遇到过的事。,,Let's __________ the wall blue.,paint,我们把墙涂成蓝色吧。,context,2026-09-v2,本地预制课堂素材；原创短句与场景模板,[],想象你也在这个场景里。用 paint 说一句自己的话。
pair,KET,1,一双；一对；一副,n.,日常沟通,We talked about the pair today.,我们今天谈到了一双。,[],结合常用释义整体记忆。先听老师读，再用自己的生活场景解释。,0,,https://www.cambridgeenglish.org/images/506886-a2-key-2020-vocabulary-list.pdf,pєә,https://github.com/skywind3000/ECDICT,offline-materials,pair,discussion,pair · 单词里的小故事,小乐和朋友聊起今天的一件事。我们今天谈到了一双。小乐说：“We talked about the pair today.”朋友听懂了，也想起自己遇到过的事。,,We talked about the __________ today.,pair,我们今天谈到了一双。,context,2026-09-v2,本地预制课堂素材；原创短句与场景模板,[],想象你也在这个场景里。用 pair 说一句自己的话。
pale,KET,2,苍白的；暗淡的；无力的,adj.,日常沟通,She looks pale today.,她今天看起来脸色苍白。,[],结合常用释义整体记忆。先听老师读，再用自己的生活场景解释。,0,,https://www.cambridgeenglish.org/images/506886-a2-key-2020-vocabulary-list.pdf,peil,https://github.com/skywind3000/ECDICT,offline-materials,pale,authored,pale · 单词里的小故事,小乐和朋友交换今天的小发现。她今天看起来脸色苍白。小乐说：“She looks pale today.”朋友听懂了，也想起自己遇到过的事。,,She looks __________ today.,pale,她今天看起来脸色苍白。,context,2026-09-v2,本地预制课堂素材；原创短句与场景模板,[],想象你也在这个场景里。用 pale 说一句自己的话。
panda,KET,3,大熊猫；小熊猫,n.,日常沟通,We saw the panda in a picture.,我们在图片里看到了大熊猫。,[],结合常用释义整体记忆。先听老师读，再用自己的生活场景解释。,0,,https://www.cambridgeenglish.org/images/506886-a2-key-2020-vocabulary-list.pdf,'pændә,https://github.com/skywind3000/ECDICT,offline-materials,panda,animal,panda · 单词里的小故事,小乐翻开一本动物画册，在其中一页停了下来。我们在图片里看到了大熊猫。小乐说：“We saw the panda in a picture.”朋友听懂了，也想起自己遇到过的事。,,We saw the __________ in a picture.,panda,我们在图片里看到了大熊猫。,context,2026-09-v2,本地预制课堂素材；原创短句与场景模板,[],想象你也在这个场景里。用 panda 说一句自己的话。
paper,KET,1,纸；文件；文章,n; adj.,日常沟通,We need the paper today.,我们今天需要纸。,[],结合常用释义整体记忆。先听老师读，再用自己的生活场景解释。,0,,https://www.cambridgeenglish.org/images/506886-a2-key-2020-vocabulary-list.pdf,'peipә,https://github.com/skywind3000/ECDICT,offline-materials,paper,equipment,paper · 单词里的小故事,班级活动开始前，小乐负责核对需要的东西。我们今天需要纸。小乐说：“We need the paper today.”朋友听懂了，也想起自己遇到过的事。,,We need the __________ today.,paper,我们今天需要纸。,context,2026-09-v2,本地预制课堂素材；原创短句与场景模板,[],想象你也在这个场景里。用 paper 说一句自己的话。
paragraph,KET,2,段落；短评,n.,日常沟通,We need the paragraph today.,我们今天需要段落。,[],结合常用释义整体记忆。先听老师读，再用自己的生活场景解释。,0,,https://www.cambridgeenglish.org/images/506886-a2-key-2020-vocabulary-list.pdf,'pærәgrɑ:f,https://github.com/skywind3000/ECDICT,offline-materials,paragraph,equipment,paragraph · 单词里的小故事,班级活动开始前，小乐负责核对需要的东西。我们今天需要段落。小乐说：“We need the paragraph today.”朋友听懂了，也想起自己遇到过的事。,,We need the __________ today.,paragraph,我们今天需要段落。,context,2026-09-v2,本地预制课堂素材；原创短句与场景模板,[],想象你也在这个场景里。用 paragraph 说一句自己的话。
pardon,KET,1,原谅；赦免,exclam.,日常沟通,Pardon? Could you say that again?,什么？你能再说一遍吗？,[],结合常用释义整体记忆。先听老师读，再用自己的生活场景解释。,1,,https://www.cambridgeenglish.org/images/506886-a2-key-2020-vocabulary-list.pdf,'pɑ:dn,https://github.com/skywind3000/ECDICT,offline-materials,pardon,authored,pardon · 单词里的小故事,小乐和朋友交换今天的小发现。什么？你能再说一遍吗？小乐说：“Pardon? Could you say that again?”朋友听懂了，也想起自己遇到过的事。,,__________? Could you say that again?,Pardon,什么？你能再说一遍吗？,context,2026-09-v2,本地预制课堂素材；原创短句与场景模板,[],想象你也在这个场景里。用 pardon 说一句自己的话。
park,KET,1,公园；停车,n; v.,日常沟通,We visited the park today.,我们今天参观了公园。,"[{""text"": ""park"", ""kind"": ""root"", ""meaning"": ""停车""}]",这个词本身可以作为词基，与相关派生词联系起来理解。,0,,https://www.cambridgeenglish.org/images/506886-a2-key-2020-vocabulary-list.pdf,pɑ:k,常用义教学修订；原词典见 ECDICT-LICENSE.txt,offline-materials,park,place,park · 单词里的小故事,小乐把今天的外出经历记进了日记。我们今天参观了公园。小乐说：“We visited the park today.”朋友听懂了，也想起自己遇到过的事。,,We visited the __________ today.,park,我们今天参观了公园。,context,2026-09-v2,本地预制课堂素材；原创短句与场景模板,[],想象你也在这个场景里。用 park 说一句自己的话。
parking lot,KET,3,停车场,n.,日常沟通,We visited the parking lot today.,我们今天参观了停车场。,[],结合常用释义整体记忆。先听老师读，再用自己的生活场景解释。,0,,https://www.cambridgeenglish.org/images/506886-a2-key-2020-vocabulary-list.pdf,'pɑ:kiŋ,https://github.com/skywind3000/ECDICT,offline-materials,parking lot,place,parking lot · 单词里的小故事,小乐把今天的外出经历记进了日记。我们今天参观了停车场。小乐说：“We visited the parking lot today.”朋友听懂了，也想起自己遇到过的事。,,We visited the __________ today.,parking lot,我们今天参观了停车场。,context,2026-09-v2,本地预制课堂素材；原创短句与场景模板,[],想象你也在这个场景里。用 parking lot 说一句自己的话。
part,KET,1,部分；局部；零件,n.,日常沟通,We talked about the part today.,我们今天谈到了部分。,"[{""text"": ""part"", ""kind"": ""root"", ""meaning"": ""部分""}]",这个词本身可以作为词基，与相关派生词联系起来理解。,0,,https://www.cambridgeenglish.org/images/506886-a2-key-2020-vocabulary-list.pdf,pɑ:t,https://github.com/skywind3000/ECDICT,offline-materials,part,discussion,part · 单词里的小故事,小乐和朋友聊起今天的一件事。我们今天谈到了部分。小乐说：“We talked about the part today.”朋友听懂了，也想起自己遇到过的事。,,We talked about the __________ today.,part,我们今天谈到了部分。,context,2026-09-v2,本地预制课堂素材；原创短句与场景模板,[],想象你也在这个场景里。用 part 说一句自己的话。
partner,KET,1,合伙人；股东；伙伴,n.,日常沟通,This story is about a partner.,这个故事讲的是一位合伙人。,[],结合常用释义整体记忆。先听老师读，再用自己的生活场景解释。,0,,https://www.cambridgeenglish.org/images/506886-a2-key-2020-vocabulary-list.pdf,'pɑ:tnә,https://github.com/skywind3000/ECDICT,offline-materials,partner,person,partner · 单词里的小故事,读书会轮到小乐介绍故事里的一个人物。这个故事讲的是一位合伙人。小乐说：“This story is about a partner.”朋友听懂了，也想起自己遇到过的事。,,This story is about a __________.,partner,这个故事讲的是一位合伙人。,context,2026-09-v2,本地预制课堂素材；原创短句与场景模板,[],想象你也在这个场景里。用 partner 说一句自己的话。
party,KET,1,宴会；党；政党,n.,日常沟通,We talked about the party today.,我们今天谈到了宴会。,[],结合常用释义整体记忆。先听老师读，再用自己的生活场景解释。,0,,https://www.cambridgeenglish.org/images/506886-a2-key-2020-vocabulary-list.pdf,'pɑ:ti,https://github.com/skywind3000/ECDICT,offline-materials,party,discussion,party · 单词里的小故事,小乐和朋友聊起今天的一件事。我们今天谈到了宴会。小乐说：“We talked about the party today.”朋友听懂了，也想起自己遇到过的事。,,We talked about the __________ today.,party,我们今天谈到了宴会。,context,2026-09-v2,本地预制课堂素材；原创短句与场景模板,[],想象你也在这个场景里。用 party 说一句自己的话。
pass,KET,1,递给；通过；通行证,v.,日常沟通,Please pass me the book.,请把书递给我。,[],结合常用释义整体记忆。先听老师读，再用自己的生活场景解释。,0,,https://www.cambridgeenglish.org/images/506886-a2-key-2020-vocabulary-list.pdf,pæs,常用义教学修订；原词典见 ECDICT-LICENSE.txt,offline-materials,pass,authored,pass · 单词里的小故事,小乐和朋友交换今天的小发现。请把书递给我。小乐说：“Please pass me the book.”朋友听懂了，也想起自己遇到过的事。,,Please __________ me the book.,pass,请把书递给我。,context,2026-09-v2,本地预制课堂素材；原创短句与场景模板,[],想象你也在这个场景里。用 pass 说一句自己的话。
past,KET,1,过去；经过,prep; n.,日常沟通,We talked about the past.,我们谈论了过去。,[],结合常用释义整体记忆。先听老师读，再用自己的生活场景解释。,0,,https://www.cambridgeenglish.org/images/506886-a2-key-2020-vocabulary-list.pdf,pɑ:st,常用义教学修订；原词典见 ECDICT-LICENSE.txt,offline-materials,past,authored,past · 单词里的小故事,小乐和朋友交换今天的小发现。我们谈论了过去。小乐说：“We talked about the past.”朋友听懂了，也想起自己遇到过的事。,,We talked about the __________.,past,我们谈论了过去。,context,2026-09-v2,本地预制课堂素材；原创短句与场景模板,[],想象你也在这个场景里。用 past 说一句自己的话。
pasta,KET,3,意大利面食,n.,日常沟通,This pasta tastes good.,这份意大利面食味道很好。,[],结合常用释义整体记忆。先听老师读，再用自己的生活场景解释。,0,,https://www.cambridgeenglish.org/images/506886-a2-key-2020-vocabulary-list.pdf,'pæstә,https://github.com/skywind3000/ECDICT,offline-materials,pasta,food,pasta · 单词里的小故事,小乐第一次给家人当小帮手，端出一份食物。这份意大利面食味道很好。小乐说：“This pasta tastes good.”朋友听懂了，也想起自己遇到过的事。,,This __________ tastes good.,pasta,这份意大利面食味道很好。,context,2026-09-v2,本地预制课堂素材；原创短句与场景模板,[],想象你也在这个场景里。用 pasta 说一句自己的话。
pay,KET,1,支付；付清；补偿,v.,日常沟通,I will pay for the food.,我来付食物的钱。,"[{""text"": ""pay"", ""kind"": ""root"", ""meaning"": ""支付""}]",这个词本身可以作为词基，与相关派生词联系起来理解。,0,,https://www.cambridgeenglish.org/images/506886-a2-key-2020-vocabulary-list.pdf,pei,https://github.com/skywind3000/ECDICT,offline-materials,pay,authored,pay · 单词里的小故事,小乐和朋友交换今天的小发现。我来付食物的钱。小乐说：“I will pay for the food.”朋友听懂了，也想起自己遇到过的事。,,I will __________ for the food.,pay,我来付食物的钱。,context,2026-09-v2,本地预制课堂素材；原创短句与场景模板,[],想象你也在这个场景里。用 pay 说一句自己的话。
pc,KET,2,个人电脑,n.,日常沟通,We need the PC today.,我们今天需要个人电脑。,[],结合常用释义整体记忆。先听老师读，再用自己的生活场景解释。,0,,https://www.cambridgeenglish.org/images/506886-a2-key-2020-vocabulary-list.pdf,,常用义教学修订；原词典见 ECDICT-LICENSE.txt,offline-materials,PC,equipment,PC · 单词里的小故事,班级活动开始前，小乐负责核对需要的东西。我们今天需要个人电脑。小乐说：“We need the PC today.”朋友听懂了，也想起自己遇到过的事。,,We need the __________ today.,PC,我们今天需要个人电脑。,context,2026-09-v2,本地预制课堂素材；原创短句与场景模板,[],想象你也在这个场景里。用 PC 说一句自己的话。
pear,KET,3,梨子；梨树；梨木,n.,日常沟通,This pear tastes good.,这份梨子味道很好。,[],结合常用释义整体记忆。先听老师读，再用自己的生活场景解释。,0,,https://www.cambridgeenglish.org/images/506886-a2-key-2020-vocabulary-list.pdf,pєә,https://github.com/skywind3000/ECDICT,offline-materials,pear,food,pear · 单词里的小故事,小乐第一次给家人当小帮手，端出一份食物。这份梨子味道很好。小乐说：“This pear tastes good.”朋友听懂了，也想起自己遇到过的事。,,This __________ tastes good.,pear,这份梨子味道很好。,context,2026-09-v2,本地预制课堂素材；原创短句与场景模板,[],想象你也在这个场景里。用 pear 说一句自己的话。
pen,KET,1,钢笔；笔；笔调,n.,日常沟通,We need the pen today.,我们今天需要钢笔。,[],结合常用释义整体记忆。先听老师读，再用自己的生活场景解释。,1,,https://www.cambridgeenglish.org/images/506886-a2-key-2020-vocabulary-list.pdf,pen,https://github.com/skywind3000/ECDICT,offline-materials,pen,equipment,pen · 单词里的小故事,班级活动开始前，小乐负责核对需要的东西。我们今天需要钢笔。小乐说：“We need the pen today.”朋友听懂了，也想起自己遇到过的事。,,We need the __________ today.,pen,我们今天需要钢笔。,context,2026-09-v2,本地预制课堂素材；原创短句与场景模板,[],想象你也在这个场景里。用 pen 说一句自己的话。
pence,KET,2,便士（penny 的复数）,n.,日常沟通,This pen costs fifty pence.,这支笔要五十便士。,[],结合常用释义整体记忆。先听老师读，再用自己的生活场景解释。,0,,https://www.cambridgeenglish.org/images/506886-a2-key-2020-vocabulary-list.pdf,pens,常用义教学修订；原词典见 ECDICT-LICENSE.txt,offline-materials,pence,authored,pence · 单词里的小故事,小乐和朋友交换今天的小发现。这支笔要五十便士。小乐说：“This pen costs fifty pence.”朋友听懂了，也想起自己遇到过的事。,,This pen costs fifty __________.,pence,这支笔要五十便士。,context,2026-09-v2,本地预制课堂素材；原创短句与场景模板,[],想象你也在这个场景里。用 pence 说一句自己的话。
pencil,KET,1,铅笔；色笔；眉笔,n.,日常沟通,We need the pencil today.,我们今天需要铅笔。,[],结合常用释义整体记忆。先听老师读，再用自己的生活场景解释。,1,,https://www.cambridgeenglish.org/images/506886-a2-key-2020-vocabulary-list.pdf,'pensl,https://github.com/skywind3000/ECDICT,offline-materials,pencil,equipment,pencil · 单词里的小故事,班级活动开始前，小乐负责核对需要的东西。我们今天需要铅笔。小乐说：“We need the pencil today.”朋友听懂了，也想起自己遇到过的事。,,We need the __________ today.,pencil,我们今天需要铅笔。,context,2026-09-v2,本地预制课堂素材；原创短句与场景模板,[],想象你也在这个场景里。用 pencil 说一句自己的话。
pencil case,KET,3,铅笔盒,n.,日常沟通,We need the pencil case today.,我们今天需要铅笔盒。,[],结合常用释义整体记忆。先听老师读，再用自己的生活场景解释。,0,,https://www.cambridgeenglish.org/images/506886-a2-key-2020-vocabulary-list.pdf,,https://github.com/skywind3000/ECDICT,offline-materials,pencil case,equipment,pencil case · 单词里的小故事,班级活动开始前，小乐负责核对需要的东西。我们今天需要铅笔盒。小乐说：“We need the pencil case today.”朋友听懂了，也想起自己遇到过的事。,,We need the __________ today.,pencil case,我们今天需要铅笔盒。,context,2026-09-v2,本地预制课堂素材；原创短句与场景模板,[],想象你也在这个场景里。用 pencil case 说一句自己的话。
penfriend,KET,3,<英>笔友,n.,日常沟通,This story is about a penfriend.,这个故事讲的是一位<英>笔友。,[],结合常用释义整体记忆。先听老师读，再用自己的生活场景解释。,0,,https://www.cambridgeenglish.org/images/506886-a2-key-2020-vocabulary-list.pdf,ˈpenfrend,https://github.com/skywind3000/ECDICT,offline-materials,penfriend,person,penfriend · 单词里的小故事,读书会轮到小乐介绍故事里的一个人物。这个故事讲的是一位<英>笔友。小乐说：“This story is about a penfriend.”朋友听懂了，也想起自己遇到过的事。,,This story is about a __________.,penfriend,这个故事讲的是一位<英>笔友。,context,2026-09-v2,本地预制课堂素材；原创短句与场景模板,[],想象你也在这个场景里。用 penfriend 说一句自己的话。
penny,KET,2,便士；一分；小钱,n.,日常沟通,We talked about the penny today.,我们今天谈到了便士。,[],结合常用释义整体记忆。先听老师读，再用自己的生活场景解释。,0,,https://www.cambridgeenglish.org/images/506886-a2-key-2020-vocabulary-list.pdf,'peni,https://github.com/skywind3000/ECDICT,offline-materials,penny,discussion,penny · 单词里的小故事,小乐和朋友聊起今天的一件事。我们今天谈到了便士。小乐说：“We talked about the penny today.”朋友听懂了，也想起自己遇到过的事。,,We talked about the __________ today.,penny,我们今天谈到了便士。,context,2026-09-v2,本地预制课堂素材；原创短句与场景模板,[],想象你也在这个场景里。用 penny 说一句自己的话。
people,KET,1,人；人民；民族,n pl.,日常沟通,There are ten people in the room.,房间里有十个人。,[],结合常用释义整体记忆。先听老师读，再用自己的生活场景解释。,1,,https://www.cambridgeenglish.org/images/506886-a2-key-2020-vocabulary-list.pdf,'pi:pl,https://github.com/skywind3000/ECDICT,offline-materials,people,authored,people · 单词里的小故事,小乐和朋友交换今天的小发现。房间里有十个人。小乐说：“There are ten people in the room.”朋友听懂了，也想起自己遇到过的事。,,There are ten __________ in the room.,people,房间里有十个人。,context,2026-09-v2,本地预制课堂素材；原创短句与场景模板,[],想象你也在这个场景里。用 people 说一句自己的话。
per,KET,1,每一；通过；经,prep.,日常沟通,The room costs fifty pounds per night.,这个房间每晚五十英镑。,[],结合常用释义整体记忆。先听老师读，再用自己的生活场景解释。,0,,https://www.cambridgeenglish.org/images/506886-a2-key-2020-vocabulary-list.pdf,pә:,https://github.com/skywind3000/ECDICT,offline-materials,per,authored,per · 单词里的小故事,小乐和朋友交换今天的小发现。这个房间每晚五十英镑。小乐说：“The room costs fifty pounds per night.”朋友听懂了，也想起自己遇到过的事。,,The room costs fifty pounds __________ night.,per,这个房间每晚五十英镑。,context,2026-09-v2,本地预制课堂素材；原创短句与场景模板,[],想象你也在这个场景里。用 per 说一句自己的话。
perfect,KET,1,完美的；完好的；理想的,adj.,日常沟通,This box is perfect.,这个盒子是完美的。,"[{""text"": ""perfect"", ""kind"": ""root"", ""meaning"": ""完美的""}]",这个词本身可以作为词基，与相关派生词联系起来理解。,0,,https://www.cambridgeenglish.org/images/506886-a2-key-2020-vocabulary-list.pdf,'pә:fikt,https://github.com/skywind3000/ECDICT,offline-materials,perfect,object-quality,perfect · 单词里的小故事,朋友闭上眼睛，让小乐描述面前的盒子。这个盒子是完美的。小乐说：“This box is perfect.”朋友听懂了，也想起自己遇到过的事。,,This box is __________.,perfect,这个盒子是完美的。,context,2026-09-v2,本地预制课堂素材；原创短句与场景模板,[],想象你也在这个场景里。用 perfect 说一句自己的话。
perform,KET,1,进行；履行；完成,v.,日常沟通,We will perform a short play.,我们会表演一个短剧。,"[{""text"": ""perform"", ""kind"": ""root"", ""meaning"": ""表演""}]",这个词本身可以作为词基，与相关派生词联系起来理解。,0,,https://www.cambridgeenglish.org/images/506886-a2-key-2020-vocabulary-list.pdf,pә'fɒ:m,https://github.com/skywind3000/ECDICT,offline-materials,perform,authored,perform · 单词里的小故事,小乐和朋友交换今天的小发现。我们会表演一个短剧。小乐说：“We will perform a short play.”朋友听懂了，也想起自己遇到过的事。,,We will __________ a short play.,perform,我们会表演一个短剧。,context,2026-09-v2,本地预制课堂素材；原创短句与场景模板,[],想象你也在这个场景里。用 perform 说一句自己的话。
performance,KET,1,施行；工作情况；成绩,n.,日常沟通,We talked about the performance today.,我们今天谈到了施行。,[],结合常用释义整体记忆。先听老师读，再用自己的生活场景解释。,0,,https://www.cambridgeenglish.org/images/506886-a2-key-2020-vocabulary-list.pdf,pә'fɒ:mәns,https://github.com/skywind3000/ECDICT,offline-materials,performance,discussion,performance · 单词里的小故事,小乐和朋友聊起今天的一件事。我们今天谈到了施行。小乐说：“We talked about the performance today.”朋友听懂了，也想起自己遇到过的事。,,We talked about the __________ today.,performance,我们今天谈到了施行。,context,2026-09-v2,本地预制课堂素材；原创短句与场景模板,[],想象你也在这个场景里。用 performance 说一句自己的话。
perfume,KET,3,香水；香气；(悦人的)气氛,n.,日常沟通,I like your perfume.,我喜欢你的香水。,[],结合常用释义整体记忆。先听老师读，再用自己的生活场景解释。,0,,https://www.cambridgeenglish.org/images/506886-a2-key-2020-vocabulary-list.pdf,'pә:fju:m,https://github.com/skywind3000/ECDICT,offline-materials,perfume,clothes,perfume · 单词里的小故事,出门前，小乐注意到了朋友的穿着。我喜欢你的香水。小乐说：“I like your perfume.”朋友听懂了，也想起自己遇到过的事。,,I like your __________.,perfume,我喜欢你的香水。,context,2026-09-v2,本地预制课堂素材；原创短句与场景模板,[],想象你也在这个场景里。用 perfume 说一句自己的话。
person,KET,1,人；人身；人称,n.,日常沟通,There is one person in the room.,房间里有一个人。,[],结合常用释义整体记忆。先听老师读，再用自己的生活场景解释。,1,,https://www.cambridgeenglish.org/images/506886-a2-key-2020-vocabulary-list.pdf,'pә:sn,https://github.com/skywind3000/ECDICT,offline-materials,person,authored,person · 单词里的小故事,小乐和朋友交换今天的小发现。房间里有一个人。小乐说：“There is one person in the room.”朋友听懂了，也想起自己遇到过的事。,,There is one __________ in the room.,person,房间里有一个人。,context,2026-09-v2,本地预制课堂素材；原创短句与场景模板,[],想象你也在这个场景里。用 person 说一句自己的话。
pet,KET,2,宠物；受宠爱的人；宠坏的孩子,n.,日常沟通,We saw the pet in a picture.,我们在图片里看到了宠物。,[],结合常用释义整体记忆。先听老师读，再用自己的生活场景解释。,0,,https://www.cambridgeenglish.org/images/506886-a2-key-2020-vocabulary-list.pdf,pet,https://github.com/skywind3000/ECDICT,offline-materials,pet,animal,pet · 单词里的小故事,小乐翻开一本动物画册，在其中一页停了下来。我们在图片里看到了宠物。小乐说：“We saw the pet in a picture.”朋友听懂了，也想起自己遇到过的事。,,We saw the __________ in a picture.,pet,我们在图片里看到了宠物。,context,2026-09-v2,本地预制课堂素材；原创短句与场景模板,[],想象你也在这个场景里。用 pet 说一句自己的话。
petrol,KET,2,汽油,n.,日常沟通,We talked about the petrol today.,我们今天谈到了汽油。,[],结合常用释义整体记忆。先听老师读，再用自己的生活场景解释。,0,,https://www.cambridgeenglish.org/images/506886-a2-key-2020-vocabulary-list.pdf,'petrәl,https://github.com/skywind3000/ECDICT,offline-materials,petrol,discussion,petrol · 单词里的小故事,小乐和朋友聊起今天的一件事。我们今天谈到了汽油。小乐说：“We talked about the petrol today.”朋友听懂了，也想起自己遇到过的事。,,We talked about the __________ today.,petrol,我们今天谈到了汽油。,context,2026-09-v2,本地预制课堂素材；原创短句与场景模板,[],想象你也在这个场景里。用 petrol 说一句自己的话。
petrol station,KET,3,加油站,n.,日常沟通,We talked about the petrol station today.,我们今天谈到了加油站。,[],结合常用释义整体记忆。先听老师读，再用自己的生活场景解释。,0,,https://www.cambridgeenglish.org/images/506886-a2-key-2020-vocabulary-list.pdf,ˈpetrəl ˈsteiʃən,https://github.com/skywind3000/ECDICT,offline-materials,petrol station,discussion,petrol station · 单词里的小故事,小乐和朋友聊起今天的一件事。我们今天谈到了加油站。小乐说：“We talked about the petrol station today.”朋友听懂了，也想起自己遇到过的事。,,We talked about the __________ today.,petrol station,我们今天谈到了加油站。,context,2026-09-v2,本地预制课堂素材；原创短句与场景模板,[],想象你也在这个场景里。用 petrol station 说一句自己的话。
pharmacy,KET,3,药房；配药学；制药业,n.,日常沟通,We visited the pharmacy today.,我们今天参观了药房。,[],结合常用释义整体记忆。先听老师读，再用自己的生活场景解释。,0,,https://www.cambridgeenglish.org/images/506886-a2-key-2020-vocabulary-list.pdf,'fɑ:mәsi,https://github.com/skywind3000/ECDICT,offline-materials,pharmacy,place,pharmacy · 单词里的小故事,小乐把今天的外出经历记进了日记。我们今天参观了药房。小乐说：“We visited the pharmacy today.”朋友听懂了，也想起自己遇到过的事。,,We visited the __________ today.,pharmacy,我们今天参观了药房。,context,2026-09-v2,本地预制课堂素材；原创短句与场景模板,[],想象你也在这个场景里。用 pharmacy 说一句自己的话。
phone,KET,1,电话；打电话,v; n.,日常沟通,Please phone me after school.,请放学后给我打电话。,[],结合常用释义整体记忆。先听老师读，再用自己的生活场景解释。,0,,https://www.cambridgeenglish.org/images/506886-a2-key-2020-vocabulary-list.pdf,fәun,常用义教学修订；原词典见 ECDICT-LICENSE.txt,offline-materials,phone,authored,phone · 单词里的小故事,小乐和朋友交换今天的小发现。请放学后给我打电话。小乐说：“Please phone me after school.”朋友听懂了，也想起自己遇到过的事。,,Please __________ me after school.,phone,请放学后给我打电话。,context,2026-09-v2,本地预制课堂素材；原创短句与场景模板,[],想象你也在这个场景里。用 phone 说一句自己的话。
photo,KET,2,照片,n.,日常沟通,We need the photo today.,我们今天需要照片。,[],结合常用释义整体记忆。先听老师读，再用自己的生活场景解释。,0,,https://www.cambridgeenglish.org/images/506886-a2-key-2020-vocabulary-list.pdf,'fәutәu,常用义教学修订；原词典见 ECDICT-LICENSE.txt,offline-materials,photo,equipment,photo · 单词里的小故事,班级活动开始前，小乐负责核对需要的东西。我们今天需要照片。小乐说：“We need the photo today.”朋友听懂了，也想起自己遇到过的事。,,We need the __________ today.,photo,我们今天需要照片。,context,2026-09-v2,本地预制课堂素材；原创短句与场景模板,[],想象你也在这个场景里。用 photo 说一句自己的话。
photography,KET,2,摄影；摄影术,n.,日常沟通,We learn about photography at school.,我们在学校学习摄影。,[],结合常用释义整体记忆。先听老师读，再用自己的生活场景解释。,0,,https://www.cambridgeenglish.org/images/506886-a2-key-2020-vocabulary-list.pdf,fә'tɒgrәfi,https://github.com/skywind3000/ECDICT,offline-materials,photography,school,photography · 单词里的小故事,小乐把今天在学校学到的内容讲给家人听。我们在学校学习摄影。小乐说：“We learn about photography at school.”朋友听懂了，也想起自己遇到过的事。,,We learn about __________ at school.,photography,我们在学校学习摄影。,context,2026-09-v2,本地预制课堂素材；原创短句与场景模板,[],想象你也在这个场景里。用 photography 说一句自己的话。
physics,KET,2,物理学；物理过程；物理现象,n.,日常沟通,We learn about physics at school.,我们在学校学习物理学。,[],结合常用释义整体记忆。先听老师读，再用自己的生活场景解释。,0,,https://www.cambridgeenglish.org/images/506886-a2-key-2020-vocabulary-list.pdf,'fiziks,https://github.com/skywind3000/ECDICT,offline-materials,physics,school,physics · 单词里的小故事,小乐把今天在学校学到的内容讲给家人听。我们在学校学习物理学。小乐说：“We learn about physics at school.”朋友听懂了，也想起自己遇到过的事。,,We learn about __________ at school.,physics,我们在学校学习物理学。,context,2026-09-v2,本地预制课堂素材；原创短句与场景模板,[],想象你也在这个场景里。用 physics 说一句自己的话。
pick up,KET,3,掘地；捡起；获得,phr v.,日常沟通,Please pick up the pen.,请捡起那支笔。,[],结合常用释义整体记忆。先听老师读，再用自己的生活场景解释。,0,,https://www.cambridgeenglish.org/images/506886-a2-key-2020-vocabulary-list.pdf,,https://github.com/skywind3000/ECDICT,offline-materials,pick up,authored,pick up · 单词里的小故事,小乐和朋友交换今天的小发现。请捡起那支笔。小乐说：“Please pick up the pen.”朋友听懂了，也想起自己遇到过的事。,,Please __________ the pen.,pick up,请捡起那支笔。,context,2026-09-v2,本地预制课堂素材；原创短句与场景模板,[],想象你也在这个场景里。用 pick up 说一句自己的话。
picnic,KET,2,野餐；远足；愉快的经历,n.,日常沟通,We talked about the picnic today.,我们今天谈到了野餐。,[],结合常用释义整体记忆。先听老师读，再用自己的生活场景解释。,0,,https://www.cambridgeenglish.org/images/506886-a2-key-2020-vocabulary-list.pdf,'piknik,https://github.com/skywind3000/ECDICT,offline-materials,picnic,discussion,picnic · 单词里的小故事,小乐和朋友聊起今天的一件事。我们今天谈到了野餐。小乐说：“We talked about the picnic today.”朋友听懂了，也想起自己遇到过的事。,,We talked about the __________ today.,picnic,我们今天谈到了野餐。,context,2026-09-v2,本地预制课堂素材；原创短句与场景模板,[],想象你也在这个场景里。用 picnic 说一句自己的话。
picture,KET,1,图画；照片；景色,n.,日常沟通,We need the picture today.,我们今天需要图画。,[],结合常用释义整体记忆。先听老师读，再用自己的生活场景解释。,0,,https://www.cambridgeenglish.org/images/506886-a2-key-2020-vocabulary-list.pdf,'piktʃә,https://github.com/skywind3000/ECDICT,offline-materials,picture,equipment,picture · 单词里的小故事,班级活动开始前，小乐负责核对需要的东西。我们今天需要图画。小乐说：“We need the picture today.”朋友听懂了，也想起自己遇到过的事。,,We need the __________ today.,picture,我们今天需要图画。,context,2026-09-v2,本地预制课堂素材；原创短句与场景模板,[],想象你也在这个场景里。用 picture 说一句自己的话。
piece,KET,1,块；片；篇,n.,日常沟通,We talked about the piece today.,我们今天谈到了块。,[],结合常用释义整体记忆。先听老师读，再用自己的生活场景解释。,0,,https://www.cambridgeenglish.org/images/506886-a2-key-2020-vocabulary-list.pdf,pi:s,https://github.com/skywind3000/ECDICT,offline-materials,piece,discussion,piece · 单词里的小故事,小乐和朋友聊起今天的一件事。我们今天谈到了块。小乐说：“We talked about the piece today.”朋友听懂了，也想起自己遇到过的事。,,We talked about the __________ today.,piece,我们今天谈到了块。,context,2026-09-v2,本地预制课堂素材；原创短句与场景模板,[],想象你也在这个场景里。用 piece 说一句自己的话。
pilot,KET,2,飞行员；领航员；航船者,n.,日常沟通,This story is about a pilot.,这个故事讲的是一位飞行员。,[],结合常用释义整体记忆。先听老师读，再用自己的生活场景解释。,0,,https://www.cambridgeenglish.org/images/506886-a2-key-2020-vocabulary-list.pdf,'pailәt,https://github.com/skywind3000/ECDICT,offline-materials,pilot,person,pilot · 单词里的小故事,读书会轮到小乐介绍故事里的一个人物。这个故事讲的是一位飞行员。小乐说：“This story is about a pilot.”朋友听懂了，也想起自己遇到过的事。,,This story is about a __________.,pilot,这个故事讲的是一位飞行员。,context,2026-09-v2,本地预制课堂素材；原创短句与场景模板,[],想象你也在这个场景里。用 pilot 说一句自己的话。
pink,KET,1,粉红的；石竹科的；比较激进的,adj.,日常沟通,This box is pink.,这个盒子是粉红的。,[],结合常用释义整体记忆。先听老师读，再用自己的生活场景解释。,1,,https://www.cambridgeenglish.org/images/506886-a2-key-2020-vocabulary-list.pdf,piŋk,https://github.com/skywind3000/ECDICT,offline-materials,pink,object-quality,pink · 单词里的小故事,朋友闭上眼睛，让小乐描述面前的盒子。这个盒子是粉红的。小乐说：“This box is pink.”朋友听懂了，也想起自己遇到过的事。,,This box is __________.,pink,这个盒子是粉红的。,context,2026-09-v2,本地预制课堂素材；原创短句与场景模板,[],想象你也在这个场景里。用 pink 说一句自己的话。
pity,KET,2,遗憾；同情；怜悯,n.,日常沟通,We talked about the pity today.,我们今天谈到了遗憾。,[],结合常用释义整体记忆。先听老师读，再用自己的生活场景解释。,0,,https://www.cambridgeenglish.org/images/506886-a2-key-2020-vocabulary-list.pdf,'piti,https://github.com/skywind3000/ECDICT,offline-materials,pity,discussion,pity · 单词里的小故事,小乐和朋友聊起今天的一件事。我们今天谈到了遗憾。小乐说：“We talked about the pity today.”朋友听懂了，也想起自己遇到过的事。,,We talked about the __________ today.,pity,我们今天谈到了遗憾。,context,2026-09-v2,本地预制课堂素材；原创短句与场景模板,[],想象你也在这个场景里。用 pity 说一句自己的话。
pizza,KET,3,比萨饼,n.,日常沟通,This pizza tastes good.,这份比萨饼味道很好。,[],结合常用释义整体记忆。先听老师读，再用自己的生活场景解释。,0,,https://www.cambridgeenglish.org/images/506886-a2-key-2020-vocabulary-list.pdf,'pi:tsә,https://github.com/skywind3000/ECDICT,offline-materials,pizza,food,pizza · 单词里的小故事,小乐第一次给家人当小帮手，端出一份食物。这份比萨饼味道很好。小乐说：“This pizza tastes good.”朋友听懂了，也想起自己遇到过的事。,,This __________ tastes good.,pizza,这份比萨饼味道很好。,context,2026-09-v2,本地预制课堂素材；原创短句与场景模板,[],想象你也在这个场景里。用 pizza 说一句自己的话。
place,KET,1,地方；地点；位置,n.,日常沟通,We visited the place today.,我们今天参观了地方。,[],结合常用释义整体记忆。先听老师读，再用自己的生活场景解释。,0,,https://www.cambridgeenglish.org/images/506886-a2-key-2020-vocabulary-list.pdf,pleis,https://github.com/skywind3000/ECDICT,offline-materials,place,place,place · 单词里的小故事,小乐把今天的外出经历记进了日记。我们今天参观了地方。小乐说：“We visited the place today.”朋友听懂了，也想起自己遇到过的事。,,We visited the __________ today.,place,我们今天参观了地方。,context,2026-09-v2,本地预制课堂素材；原创短句与场景模板,[],想象你也在这个场景里。用 place 说一句自己的话。
plan,KET,1,计划；方案；策略,n; v.,日常沟通,We talked about the plan today.,我们今天谈到了计划。,[],结合常用释义整体记忆。先听老师读，再用自己的生活场景解释。,0,,https://www.cambridgeenglish.org/images/506886-a2-key-2020-vocabulary-list.pdf,plæn,https://github.com/skywind3000/ECDICT,offline-materials,plan,discussion,plan · 单词里的小故事,小乐和朋友聊起今天的一件事。我们今天谈到了计划。小乐说：“We talked about the plan today.”朋友听懂了，也想起自己遇到过的事。,,We talked about the __________ today.,plan,我们今天谈到了计划。,context,2026-09-v2,本地预制课堂素材；原创短句与场景模板,[],想象你也在这个场景里。用 plan 说一句自己的话。
plane,KET,1,平面；扁平物；机翼,n.,日常沟通,Look at the plane in this picture.,看看这张图片中的平面。,[],结合常用释义整体记忆。先听老师读，再用自己的生活场景解释。,0,,https://www.cambridgeenglish.org/images/506886-a2-key-2020-vocabulary-list.pdf,plein,https://github.com/skywind3000/ECDICT,offline-materials,plane,transport,plane · 单词里的小故事,小乐和朋友观察一张出行图片，轮流指出里面的东西。看看这张图片中的平面。小乐说：“Look at the plane in this picture.”朋友听懂了，也想起自己遇到过的事。,,Look at the __________ in this picture.,plane,看看这张图片中的平面。,context,2026-09-v2,本地预制课堂素材；原创短句与场景模板,[],想象你也在这个场景里。用 plane 说一句自己的话。
plastic,KET,1,塑料；塑料制的,n; adj.,日常沟通,We talked about the plastic today.,我们今天谈到了塑料。,[],结合常用释义整体记忆。先听老师读，再用自己的生活场景解释。,0,,https://www.cambridgeenglish.org/images/506886-a2-key-2020-vocabulary-list.pdf,'plæstik,常用义教学修订；原词典见 ECDICT-LICENSE.txt,offline-materials,plastic,discussion,plastic · 单词里的小故事,小乐和朋友聊起今天的一件事。我们今天谈到了塑料。小乐说：“We talked about the plastic today.”朋友听懂了，也想起自己遇到过的事。,,We talked about the __________ today.,plastic,我们今天谈到了塑料。,context,2026-09-v2,本地预制课堂素材；原创短句与场景模板,[],想象你也在这个场景里。用 plastic 说一句自己的话。
play,KET,1,玩；游戏；假装,v; n.,日常沟通,Let's play a game.,我们玩个游戏吧。,"[{""text"": ""play"", ""kind"": ""root"", ""meaning"": ""播放；比赛""}]",这个词本身可以作为词基，与相关派生词联系起来理解。,1,,https://www.cambridgeenglish.org/images/506886-a2-key-2020-vocabulary-list.pdf,plei,https://github.com/skywind3000/ECDICT,offline-materials,play,authored,play · 单词里的小故事,小乐和朋友交换今天的小发现。我们玩个游戏吧。小乐说：“Let's play a game.”朋友听懂了，也想起自己遇到过的事。,,Let's __________ a game.,play,我们玩个游戏吧。,context,2026-09-v2,本地预制课堂素材；原创短句与场景模板,[],想象你也在这个场景里。用 play 说一句自己的话。
playground,KET,2,运动场；操场；度假胜地,n.,日常沟通,We visited the playground today.,我们今天参观了运动场。,[],结合常用释义整体记忆。先听老师读，再用自己的生活场景解释。,0,,https://www.cambridgeenglish.org/images/506886-a2-key-2020-vocabulary-list.pdf,'pleigraund,https://github.com/skywind3000/ECDICT,offline-materials,playground,place,playground · 单词里的小故事,小乐把今天的外出经历记进了日记。我们今天参观了运动场。小乐说：“We visited the playground today.”朋友听懂了，也想起自己遇到过的事。,,We visited the __________ today.,playground,我们今天参观了运动场。,context,2026-09-v2,本地预制课堂素材；原创短句与场景模板,"[{""en"": ""We meet our friends in the playground."", ""zh"": ""我们在操场上和朋友们见面。""}]",想象你也在这个场景里。用 playground 说一句自己的话。
pleasant,KET,2,愉快的；可爱的；活泼的,adj.,日常沟通,It is pleasant today.,今天的天气是愉快的。,"[{""text"": ""pleasant"", ""kind"": ""root"", ""meaning"": ""令人愉快的""}]",这个词本身可以作为词基，与相关派生词联系起来理解。,0,,https://www.cambridgeenglish.org/images/506886-a2-key-2020-vocabulary-list.pdf,'pleznt,https://github.com/skywind3000/ECDICT,offline-materials,pleasant,weather-quality,pleasant · 单词里的小故事,出门前，小乐看了一眼窗外，把天气告诉家人。今天的天气是愉快的。小乐说：“It is pleasant today.”朋友听懂了，也想起自己遇到过的事。,,It is __________ today.,pleasant,今天的天气是愉快的。,context,2026-09-v2,本地预制课堂素材；原创短句与场景模板,[],想象你也在这个场景里。用 pleasant 说一句自己的话。
plus,KET,1,加上；加；外加,prep.,日常沟通,Two plus three is five.,二加三等于五。,[],结合常用释义整体记忆。先听老师读，再用自己的生活场景解释。,0,,https://www.cambridgeenglish.org/images/506886-a2-key-2020-vocabulary-list.pdf,plʌs,https://github.com/skywind3000/ECDICT,offline-materials,plus,authored,plus · 单词里的小故事,小乐和朋友交换今天的小发现。二加三等于五。小乐说：“Two plus three is five.”朋友听懂了，也想起自己遇到过的事。,,Two __________ three is five.,plus,二加三等于五。,context,2026-09-v2,本地预制课堂素材；原创短句与场景模板,[],想象你也在这个场景里。用 plus 说一句自己的话。
point,KET,1,点；要点；指向,v.,日常沟通,Please point to the right picture.,请指向正确的图片。,[],结合常用释义整体记忆。先听老师读，再用自己的生活场景解释。,0,,https://www.cambridgeenglish.org/images/506886-a2-key-2020-vocabulary-list.pdf,pɒint,常用义教学修订；原词典见 ECDICT-LICENSE.txt,offline-materials,point,authored,point · 单词里的小故事,小乐和朋友交换今天的小发现。请指向正确的图片。小乐说：“Please point to the right picture.”朋友听懂了，也想起自己遇到过的事。,,Please __________ to the right picture.,point,请指向正确的图片。,context,2026-09-v2,本地预制课堂素材；原创短句与场景模板,[],想象你也在这个场景里。用 point 说一句自己的话。
polar bear,KET,3,北极熊,n.,日常沟通,We saw the polar bear in a picture.,我们在图片里看到了北极熊。,[],结合常用释义整体记忆。先听老师读，再用自己的生活场景解释。,0,,https://www.cambridgeenglish.org/images/506886-a2-key-2020-vocabulary-list.pdf,,https://github.com/skywind3000/ECDICT,offline-materials,polar bear,animal,polar bear · 单词里的小故事,小乐翻开一本动物画册，在其中一页停了下来。我们在图片里看到了北极熊。小乐说：“We saw the polar bear in a picture.”朋友听懂了，也想起自己遇到过的事。,,We saw the __________ in a picture.,polar bear,我们在图片里看到了北极熊。,context,2026-09-v2,本地预制课堂素材；原创短句与场景模板,[],想象你也在这个场景里。用 polar bear 说一句自己的话。
police,KET,1,警察；警察当局；治安,n.,日常沟通,The police can help us.,警察能帮助我们。,[],结合常用释义整体记忆。先听老师读，再用自己的生活场景解释。,0,,https://www.cambridgeenglish.org/images/506886-a2-key-2020-vocabulary-list.pdf,pә'li:s,https://github.com/skywind3000/ECDICT,offline-materials,police,authored,police · 单词里的小故事,小乐和朋友交换今天的小发现。警察能帮助我们。小乐说：“The police can help us.”朋友听懂了，也想起自己遇到过的事。,,The __________ can help us.,police,警察能帮助我们。,context,2026-09-v2,本地预制课堂素材；原创短句与场景模板,[],想象你也在这个场景里。用 police 说一句自己的话。
police car,KET,2,警车,n.,日常沟通,A police car stops near the school.,一辆警车停在学校附近。,"[{""text"": ""police"", ""kind"": ""compound"", ""meaning"": ""警察""}, {""text"": ""car"", ""kind"": ""compound"", ""meaning"": ""汽车""}]",两个已有成分组合成一个词。结合它们的意思理解整体词义，但不要把这种现代拆分当作完整的历史词源。,0,,https://www.cambridgeenglish.org/images/506886-a2-key-2020-vocabulary-list.pdf,,原创课堂释义与例句,offline-materials,police car,authored,police car · 单词里的小故事,小乐和朋友交换今天的小发现。一辆警车停在学校附近。小乐说：“A police car stops near the school.”朋友听懂了，也想起自己遇到过的事。,,A __________ stops near the school.,police car,一辆警车停在学校附近。,context,2026-09-v2,本地预制课堂素材；原创短句与场景模板,[],想象你也在这个场景里。用 police car 说一句自己的话。
police officer,KET,3,警察,n.,日常沟通,This story is about a police officer.,这个故事讲的是一位警察。,[],结合常用释义整体记忆。先听老师读，再用自己的生活场景解释。,0,,https://www.cambridgeenglish.org/images/506886-a2-key-2020-vocabulary-list.pdf,pəˈli:s ˈɔfisə,https://github.com/skywind3000/ECDICT,offline-materials,police officer,person,police officer · 单词里的小故事,读书会轮到小乐介绍故事里的一个人物。这个故事讲的是一位警察。小乐说：“This story is about a police officer.”朋友听懂了，也想起自己遇到过的事。,,This story is about a __________.,police officer,这个故事讲的是一位警察。,context,2026-09-v2,本地预制课堂素材；原创短句与场景模板,[],想象你也在这个场景里。用 police officer 说一句自己的话。
police station,KET,3,警察分局,n.,日常沟通,We visited the police station today.,我们今天参观了警察分局。,[],结合常用释义整体记忆。先听老师读，再用自己的生活场景解释。,0,,https://www.cambridgeenglish.org/images/506886-a2-key-2020-vocabulary-list.pdf,,https://github.com/skywind3000/ECDICT,offline-materials,police station,place,police station · 单词里的小故事,小乐把今天的外出经历记进了日记。我们今天参观了警察分局。小乐说：“We visited the police station today.”朋友听懂了，也想起自己遇到过的事。,,We visited the __________ today.,police station,我们今天参观了警察分局。,context,2026-09-v2,本地预制课堂素材；原创短句与场景模板,[],想象你也在这个场景里。用 police station 说一句自己的话。
pool,KET,1,游泳池；水池,n.,日常沟通,We can swim in this pool.,我们可以在这个泳池里游泳。,[],结合常用释义整体记忆。先听老师读，再用自己的生活场景解释。,0,,https://www.cambridgeenglish.org/images/506886-a2-key-2020-vocabulary-list.pdf,pu:l,常用义教学修订；原词典见 ECDICT-LICENSE.txt,offline-materials,pool,authored,pool · 单词里的小故事,小乐和朋友交换今天的小发现。我们可以在这个泳池里游泳。小乐说：“We can swim in this pool.”朋友听懂了，也想起自己遇到过的事。,,We can swim in this __________.,pool,我们可以在这个泳池里游泳。,context,2026-09-v2,本地预制课堂素材；原创短句与场景模板,[],想象你也在这个场景里。用 pool 说一句自己的话。
poor,KET,1,贫穷的；贫乏的；不幸的,adj.,日常沟通,The family in the story is poor.,故事中的那家人很穷。,"[{""text"": ""poor"", ""kind"": ""root"", ""meaning"": ""差的""}]",这个词本身可以作为词基，与相关派生词联系起来理解。,0,,https://www.cambridgeenglish.org/images/506886-a2-key-2020-vocabulary-list.pdf,puә. pɒ:,https://github.com/skywind3000/ECDICT,offline-materials,poor,authored,poor · 单词里的小故事,小乐和朋友交换今天的小发现。故事中的那家人很穷。小乐说：“The family in the story is poor.”朋友听懂了，也想起自己遇到过的事。,,The family in the story is __________.,poor,故事中的那家人很穷。,context,2026-09-v2,本地预制课堂素材；原创短句与场景模板,[],想象你也在这个场景里。用 poor 说一句自己的话。
pop,KET,2,流行音乐,n.,日常沟通,We talked about the pop today.,我们今天谈到了流行音乐。,[],结合常用释义整体记忆。先听老师读，再用自己的生活场景解释。,0,,https://www.cambridgeenglish.org/images/506886-a2-key-2020-vocabulary-list.pdf,pɒp,常用义教学修订；原词典见 ECDICT-LICENSE.txt,offline-materials,pop,discussion,pop · 单词里的小故事,小乐和朋友聊起今天的一件事。我们今天谈到了流行音乐。小乐说：“We talked about the pop today.”朋友听懂了，也想起自己遇到过的事。,,We talked about the __________ today.,pop,我们今天谈到了流行音乐。,context,2026-09-v2,本地预制课堂素材；原创短句与场景模板,[],想象你也在这个场景里。用 pop 说一句自己的话。
port,KET,2,港口；埠；舱门,n.,日常沟通,We visited the port today.,我们今天参观了港口。,[],结合常用释义整体记忆。先听老师读，再用自己的生活场景解释。,0,,https://www.cambridgeenglish.org/images/506886-a2-key-2020-vocabulary-list.pdf,pɒ:t,https://github.com/skywind3000/ECDICT,offline-materials,port,place,port · 单词里的小故事,小乐把今天的外出经历记进了日记。我们今天参观了港口。小乐说：“We visited the port today.”朋友听懂了，也想起自己遇到过的事。,,We visited the __________ today.,port,我们今天参观了港口。,context,2026-09-v2,本地预制课堂素材；原创短句与场景模板,[],想象你也在这个场景里。用 port 说一句自己的话。
possibly,KET,1,可能；也许,adv.,日常沟通,Could you possibly help me?,你能帮我一下吗？,[],结合常用释义整体记忆。先听老师读，再用自己的生活场景解释。,0,,https://www.cambridgeenglish.org/images/506886-a2-key-2020-vocabulary-list.pdf,'pɒsәbli,https://github.com/skywind3000/ECDICT,offline-materials,possibly,authored,possibly · 单词里的小故事,小乐和朋友交换今天的小发现。你能帮我一下吗？小乐说：“Could you possibly help me?”朋友听懂了，也想起自己遇到过的事。,,Could you __________ help me?,possibly,你能帮我一下吗？,context,2026-09-v2,本地预制课堂素材；原创短句与场景模板,[],想象你也在这个场景里。用 possibly 说一句自己的话。
post,KET,1,邮件；邮寄,v; n.,日常沟通,Please post this letter for me.,请帮我邮寄这封信。,[],结合常用释义整体记忆。先听老师读，再用自己的生活场景解释。,0,,https://www.cambridgeenglish.org/images/506886-a2-key-2020-vocabulary-list.pdf,pәust,常用义教学修订；原词典见 ECDICT-LICENSE.txt,offline-materials,post,authored,post · 单词里的小故事,小乐和朋友交换今天的小发现。请帮我邮寄这封信。小乐说：“Please post this letter for me.”朋友听懂了，也想起自己遇到过的事。,,Please __________ this letter for me.,post,请帮我邮寄这封信。,context,2026-09-v2,本地预制课堂素材；原创短句与场景模板,[],想象你也在这个场景里。用 post 说一句自己的话。
poster,KET,2,海报；招贴；驿马,n.,日常沟通,We need the poster today.,我们今天需要海报。,[],结合常用释义整体记忆。先听老师读，再用自己的生活场景解释。,0,,https://www.cambridgeenglish.org/images/506886-a2-key-2020-vocabulary-list.pdf,'pәustә,https://github.com/skywind3000/ECDICT,offline-materials,poster,equipment,poster · 单词里的小故事,班级活动开始前，小乐负责核对需要的东西。我们今天需要海报。小乐说：“We need the poster today.”朋友听懂了，也想起自己遇到过的事。,,We need the __________ today.,poster,我们今天需要海报。,context,2026-09-v2,本地预制课堂素材；原创短句与场景模板,[],想象你也在这个场景里。用 poster 说一句自己的话。
pound,KET,1,英镑；磅,n.,日常沟通,We talked about the pound today.,我们今天谈到了英镑。,[],结合常用释义整体记忆。先听老师读，再用自己的生活场景解释。,0,,https://www.cambridgeenglish.org/images/506886-a2-key-2020-vocabulary-list.pdf,paund,常用义教学修订；原词典见 ECDICT-LICENSE.txt,offline-materials,pound,discussion,pound · 单词里的小故事,小乐和朋友聊起今天的一件事。我们今天谈到了英镑。小乐说：“We talked about the pound today.”朋友听懂了，也想起自己遇到过的事。,,We talked about the __________ today.,pound,我们今天谈到了英镑。,context,2026-09-v2,本地预制课堂素材；原创短句与场景模板,[],想象你也在这个场景里。用 pound 说一句自己的话。
practice,KET,1,练习,n.,日常沟通,We talked about the practice today.,我们今天谈到了练习。,[],结合常用释义整体记忆。先听老师读，再用自己的生活场景解释。,0,,https://www.cambridgeenglish.org/images/506886-a2-key-2020-vocabulary-list.pdf,'præktis,常用义教学修订；原词典见 ECDICT-LICENSE.txt,offline-materials,practice,discussion,practice · 单词里的小故事,小乐和朋友聊起今天的一件事。我们今天谈到了练习。小乐说：“We talked about the practice today.”朋友听懂了，也想起自己遇到过的事。,,We talked about the __________ today.,practice,我们今天谈到了练习。,context,2026-09-v2,本地预制课堂素材；原创短句与场景模板,[],想象你也在这个场景里。用 practice 说一句自己的话。
present,KET,1,礼物；现在；在场的,n.,日常沟通,All the children are present today.,今天所有孩子都到场了。,[],结合常用释义整体记忆。先听老师读，再用自己的生活场景解释。,0,,https://www.cambridgeenglish.org/images/506886-a2-key-2020-vocabulary-list.pdf,'preznt,常用义教学修订；原词典见 ECDICT-LICENSE.txt,offline-materials,present,authored,present · 单词里的小故事,小乐和朋友交换今天的小发现。今天所有孩子都到场了。小乐说：“All the children are present today.”朋友听懂了，也想起自己遇到过的事。,,All the children are __________ today.,present,今天所有孩子都到场了。,context,2026-09-v2,本地预制课堂素材；原创短句与场景模板,[],想象你也在这个场景里。用 present 说一句自己的话。
pretty,KET,1,漂亮的；优美的；机灵的,adj.,日常沟通,This box is pretty.,这个盒子是漂亮的。,[],结合常用释义整体记忆。先听老师读，再用自己的生活场景解释。,0,,https://www.cambridgeenglish.org/images/506886-a2-key-2020-vocabulary-list.pdf,'priti,https://github.com/skywind3000/ECDICT,offline-materials,pretty,object-quality,pretty · 单词里的小故事,朋友闭上眼睛，让小乐描述面前的盒子。这个盒子是漂亮的。小乐说：“This box is pretty.”朋友听懂了，也想起自己遇到过的事。,,This box is __________.,pretty,这个盒子是漂亮的。,context,2026-09-v2,本地预制课堂素材；原创短句与场景模板,[],想象你也在这个场景里。用 pretty 说一句自己的话。
print,KET,2,打印；印刷；铭记,v.,日常沟通,Please print this page.,请打印这一页。,[],结合常用释义整体记忆。先听老师读，再用自己的生活场景解释。,0,,https://www.cambridgeenglish.org/images/506886-a2-key-2020-vocabulary-list.pdf,print,https://github.com/skywind3000/ECDICT,offline-materials,print,authored,print · 单词里的小故事,小乐和朋友交换今天的小发现。请打印这一页。小乐说：“Please print this page.”朋友听懂了，也想起自己遇到过的事。,,Please __________ this page.,print,请打印这一页。,context,2026-09-v2,本地预制课堂素材；原创短句与场景模板,[],想象你也在这个场景里。用 print 说一句自己的话。
problem,KET,1,问题；难题,n.,日常沟通,We talked about the problem today.,我们今天谈到了问题。,[],结合常用释义整体记忆。先听老师读，再用自己的生活场景解释。,0,,https://www.cambridgeenglish.org/images/506886-a2-key-2020-vocabulary-list.pdf,'prɒblәm,https://github.com/skywind3000/ECDICT,offline-materials,problem,discussion,problem · 单词里的小故事,小乐和朋友聊起今天的一件事。我们今天谈到了问题。小乐说：“We talked about the problem today.”朋友听懂了，也想起自己遇到过的事。,,We talked about the __________ today.,problem,我们今天谈到了问题。,context,2026-09-v2,本地预制课堂素材；原创短句与场景模板,[],想象你也在这个场景里。用 problem 说一句自己的话。
program,KET,1,节目；节目单；程序,n.,日常沟通,We talked about the program today.,我们今天谈到了节目。,[],结合常用释义整体记忆。先听老师读，再用自己的生活场景解释。,0,,https://www.cambridgeenglish.org/images/506886-a2-key-2020-vocabulary-list.pdf,'prәugræm,https://github.com/skywind3000/ECDICT,offline-materials,program,discussion,program · 单词里的小故事,小乐和朋友聊起今天的一件事。我们今天谈到了节目。小乐说：“We talked about the program today.”朋友听懂了，也想起自己遇到过的事。,,We talked about the __________ today.,program,我们今天谈到了节目。,context,2026-09-v2,本地预制课堂素材；原创短句与场景模板,[],想象你也在这个场景里。用 program 说一句自己的话。
programme,KET,1,节目；节目单；程序,n.,日常沟通,We talked about the programme today.,我们今天谈到了节目。,[],结合常用释义整体记忆。先听老师读，再用自己的生活场景解释。,0,,https://www.cambridgeenglish.org/images/506886-a2-key-2020-vocabulary-list.pdf,'prәugræm,https://github.com/skywind3000/ECDICT,offline-materials,programme,discussion,programme · 单词里的小故事,小乐和朋友聊起今天的一件事。我们今天谈到了节目。小乐说：“We talked about the programme today.”朋友听懂了，也想起自己遇到过的事。,,We talked about the __________ today.,programme,我们今天谈到了节目。,context,2026-09-v2,本地预制课堂素材；原创短句与场景模板,[],想象你也在这个场景里。用 programme 说一句自己的话。
project,KET,1,计划；设计；事业,n.,日常沟通,We talked about the project today.,我们今天谈到了计划。,[],结合常用释义整体记忆。先听老师读，再用自己的生活场景解释。,0,,https://www.cambridgeenglish.org/images/506886-a2-key-2020-vocabulary-list.pdf,'prɒdʒekt,https://github.com/skywind3000/ECDICT,offline-materials,project,discussion,project · 单词里的小故事,小乐和朋友聊起今天的一件事。我们今天谈到了计划。小乐说：“We talked about the project today.”朋友听懂了，也想起自己遇到过的事。,,We talked about the __________ today.,project,我们今天谈到了计划。,context,2026-09-v2,本地预制课堂素材；原创短句与场景模板,[],想象你也在这个场景里。用 project 说一句自己的话。
pull,KET,1,拉；拖；拔,v.,日常沟通,Pull the door to open it.,拉门就能打开。,[],结合常用释义整体记忆。先听老师读，再用自己的生活场景解释。,0,,https://www.cambridgeenglish.org/images/506886-a2-key-2020-vocabulary-list.pdf,pul,https://github.com/skywind3000/ECDICT,offline-materials,pull,authored,pull · 单词里的小故事,小乐和朋友交换今天的小发现。拉门就能打开。小乐说：“Pull the door to open it.”朋友听懂了，也想起自己遇到过的事。,,__________ the door to open it.,Pull,拉门就能打开。,context,2026-09-v2,本地预制课堂素材；原创短句与场景模板,[],想象你也在这个场景里。用 pull 说一句自己的话。
pupil,KET,1,学生；门生；未成年人,n.,日常沟通,This story is about a pupil.,这个故事讲的是一位学生。,[],结合常用释义整体记忆。先听老师读，再用自己的生活场景解释。,0,,https://www.cambridgeenglish.org/images/506886-a2-key-2020-vocabulary-list.pdf,'pju:pl,https://github.com/skywind3000/ECDICT,offline-materials,pupil,person,pupil · 单词里的小故事,读书会轮到小乐介绍故事里的一个人物。这个故事讲的是一位学生。小乐说：“This story is about a pupil.”朋友听懂了，也想起自己遇到过的事。,,This story is about a __________.,pupil,这个故事讲的是一位学生。,context,2026-09-v2,本地预制课堂素材；原创短句与场景模板,[],想象你也在这个场景里。用 pupil 说一句自己的话。
purple,KET,1,紫色；紫色的,adj.,日常沟通,This box is purple.,这个盒子是紫色。,[],结合常用释义整体记忆。先听老师读，再用自己的生活场景解释。,1,,https://www.cambridgeenglish.org/images/506886-a2-key-2020-vocabulary-list.pdf,'pә:pl,常用义教学修订；原词典见 ECDICT-LICENSE.txt,offline-materials,purple,object-quality,purple · 单词里的小故事,朋友闭上眼睛，让小乐描述面前的盒子。这个盒子是紫色。小乐说：“This box is purple.”朋友听懂了，也想起自己遇到过的事。,,This box is __________.,purple,这个盒子是紫色。,context,2026-09-v2,本地预制课堂素材；原创短句与场景模板,[],想象你也在这个场景里。用 purple 说一句自己的话。
purse,KET,2,钱包；小钱袋；金钱,n.,日常沟通,We need the purse today.,我们今天需要钱包。,[],结合常用释义整体记忆。先听老师读，再用自己的生活场景解释。,0,,https://www.cambridgeenglish.org/images/506886-a2-key-2020-vocabulary-list.pdf,pә:s,https://github.com/skywind3000/ECDICT,offline-materials,purse,equipment,purse · 单词里的小故事,班级活动开始前，小乐负责核对需要的东西。我们今天需要钱包。小乐说：“We need the purse today.”朋友听懂了，也想起自己遇到过的事。,,We need the __________ today.,purse,我们今天需要钱包。,context,2026-09-v2,本地预制课堂素材；原创短句与场景模板,[],想象你也在这个场景里。用 purse 说一句自己的话。
push,KET,1,推；推动；使伸出,v.,日常沟通,Push the door to open it.,推门就能打开。,[],结合常用释义整体记忆。先听老师读，再用自己的生活场景解释。,0,,https://www.cambridgeenglish.org/images/506886-a2-key-2020-vocabulary-list.pdf,puʃ,https://github.com/skywind3000/ECDICT,offline-materials,push,authored,push · 单词里的小故事,小乐和朋友交换今天的小发现。推门就能打开。小乐说：“Push the door to open it.”朋友听懂了，也想起自己遇到过的事。,,__________ the door to open it.,Push,推门就能打开。,context,2026-09-v2,本地预制课堂素材；原创短句与场景模板,[],想象你也在这个场景里。用 push 说一句自己的话。
put,KET,1,放；摆；安置,v.,日常沟通,Put your bag on the chair.,把包放在椅子上。,[],结合常用释义整体记忆。先听老师读，再用自己的生活场景解释。,1,,https://www.cambridgeenglish.org/images/506886-a2-key-2020-vocabulary-list.pdf,put,https://github.com/skywind3000/ECDICT,offline-materials,put,authored,put · 单词里的小故事,小乐和朋友交换今天的小发现。把包放在椅子上。小乐说：“Put your bag on the chair.”朋友听懂了，也想起自己遇到过的事。,,__________ your bag on the chair.,Put,把包放在椅子上。,context,2026-09-v2,本地预制课堂素材；原创短句与场景模板,[],想象你也在这个场景里。用 put 说一句自己的话。
put on,KET,3,把...放上去；穿上；假装,phr v.,日常沟通,Put on your coat.,穿上你的外套。,[],结合常用释义整体记忆。先听老师读，再用自己的生活场景解释。,0,,https://www.cambridgeenglish.org/images/506886-a2-key-2020-vocabulary-list.pdf,,https://github.com/skywind3000/ECDICT,offline-materials,put on,authored,put on · 单词里的小故事,小乐和朋友交换今天的小发现。穿上你的外套。小乐说：“Put on your coat.”朋友听懂了，也想起自己遇到过的事。,,__________ your coat.,Put on,穿上你的外套。,context,2026-09-v2,本地预制课堂素材；原创短句与场景模板,[],想象你也在这个场景里。用 put on 说一句自己的话。
puzzle,KET,2,难题；迷惑,n.,日常沟通,We need the puzzle today.,我们今天需要难题。,[],结合常用释义整体记忆。先听老师读，再用自己的生活场景解释。,0,,https://www.cambridgeenglish.org/images/506886-a2-key-2020-vocabulary-list.pdf,'pʌzl,https://github.com/skywind3000/ECDICT,offline-materials,puzzle,equipment,puzzle · 单词里的小故事,班级活动开始前，小乐负责核对需要的东西。我们今天需要难题。小乐说：“We need the puzzle today.”朋友听懂了，也想起自己遇到过的事。,,We need the __________ today.,puzzle,我们今天需要难题。,context,2026-09-v2,本地预制课堂素材；原创短句与场景模板,[],想象你也在这个场景里。用 puzzle 说一句自己的话。
quarter,KET,1,四分之一；一刻钟,n.,日常沟通,We talked about the quarter today.,我们今天谈到了四分之一。,[],结合常用释义整体记忆。先听老师读，再用自己的生活场景解释。,0,,https://www.cambridgeenglish.org/images/506886-a2-key-2020-vocabulary-list.pdf,'kwɒ:tә,常用义教学修订；原词典见 ECDICT-LICENSE.txt,offline-materials,quarter,discussion,quarter · 单词里的小故事,小乐和朋友聊起今天的一件事。我们今天谈到了四分之一。小乐说：“We talked about the quarter today.”朋友听懂了，也想起自己遇到过的事。,,We talked about the __________ today.,quarter,我们今天谈到了四分之一。,context,2026-09-v2,本地预制课堂素材；原创短句与场景模板,[],想象你也在这个场景里。用 quarter 说一句自己的话。
queen,KET,1,王后；女王,n.,日常沟通,This story is about a queen.,这个故事讲的是一位王后。,[],结合常用释义整体记忆。先听老师读，再用自己的生活场景解释。,0,,https://www.cambridgeenglish.org/images/506886-a2-key-2020-vocabulary-list.pdf,'kwi:n,https://github.com/skywind3000/ECDICT,offline-materials,queen,person,queen · 单词里的小故事,读书会轮到小乐介绍故事里的一个人物。这个故事讲的是一位王后。小乐说：“This story is about a queen.”朋友听懂了，也想起自己遇到过的事。,,This story is about a __________.,queen,这个故事讲的是一位王后。,context,2026-09-v2,本地预制课堂素材；原创短句与场景模板,[],想象你也在这个场景里。用 queen 说一句自己的话。
quick,KET,1,快的；迅速的；敏捷的,adj.,日常沟通,Let's have a quick look.,我们快速看一眼吧。,[],结合常用释义整体记忆。先听老师读，再用自己的生活场景解释。,0,,https://www.cambridgeenglish.org/images/506886-a2-key-2020-vocabulary-list.pdf,kwik,https://github.com/skywind3000/ECDICT,offline-materials,quick,authored,quick · 单词里的小故事,小乐和朋友交换今天的小发现。我们快速看一眼吧。小乐说：“Let's have a quick look.”朋友听懂了，也想起自己遇到过的事。,,Let's have a __________ look.,quick,我们快速看一眼吧。,context,2026-09-v2,本地预制课堂素材；原创短句与场景模板,[],想象你也在这个场景里。用 quick 说一句自己的话。
quite,KET,1,相当；完全；十分,adv.,日常沟通,This book is quite interesting.,这本书很有趣。,[],结合常用释义整体记忆。先听老师读，再用自己的生活场景解释。,0,,https://www.cambridgeenglish.org/images/506886-a2-key-2020-vocabulary-list.pdf,kwait,https://github.com/skywind3000/ECDICT,offline-materials,quite,authored,quite · 单词里的小故事,小乐和朋友交换今天的小发现。这本书很有趣。小乐说：“This book is quite interesting.”朋友听懂了，也想起自己遇到过的事。,,This book is __________ interesting.,quite,这本书很有趣。,context,2026-09-v2,本地预制课堂素材；原创短句与场景模板,[],想象你也在这个场景里。用 quite 说一句自己的话。
quiz,KET,3,考查；课堂测验；恶作剧,n.,日常沟通,We talked about the quiz today.,我们今天谈到了考查。,[],结合常用释义整体记忆。先听老师读，再用自己的生活场景解释。,0,,https://www.cambridgeenglish.org/images/506886-a2-key-2020-vocabulary-list.pdf,kwiz,https://github.com/skywind3000/ECDICT,offline-materials,quiz,discussion,quiz · 单词里的小故事,小乐和朋友聊起今天的一件事。我们今天谈到了考查。小乐说：“We talked about the quiz today.”朋友听懂了，也想起自己遇到过的事。,,We talked about the __________ today.,quiz,我们今天谈到了考查。,context,2026-09-v2,本地预制课堂素材；原创短句与场景模板,[],想象你也在这个场景里。用 quiz 说一句自己的话。
race,KET,1,赛跑；比赛,n; v.,日常沟通,We talked about the race today.,我们今天谈到了赛跑。,"[{""text"": ""race"", ""kind"": ""root"", ""meaning"": ""竞赛""}]",这个词本身可以作为词基，与相关派生词联系起来理解。,0,,https://www.cambridgeenglish.org/images/506886-a2-key-2020-vocabulary-list.pdf,reis,常用义教学修订；原词典见 ECDICT-LICENSE.txt,offline-materials,race,discussion,race · 单词里的小故事,小乐和朋友聊起今天的一件事。我们今天谈到了赛跑。小乐说：“We talked about the race today.”朋友听懂了，也想起自己遇到过的事。,,We talked about the __________ today.,race,我们今天谈到了赛跑。,context,2026-09-v2,本地预制课堂素材；原创短句与场景模板,[],想象你也在这个场景里。用 race 说一句自己的话。
racket,KET,3,球拍；喧闹；杂乱无章,n.,日常沟通,We talked about the racket today.,我们今天谈到了球拍。,[],结合常用释义整体记忆。先听老师读，再用自己的生活场景解释。,0,,https://www.cambridgeenglish.org/images/506886-a2-key-2020-vocabulary-list.pdf,'rækit,https://github.com/skywind3000/ECDICT,offline-materials,racket,discussion,racket · 单词里的小故事,小乐和朋友聊起今天的一件事。我们今天谈到了球拍。小乐说：“We talked about the racket today.”朋友听懂了，也想起自己遇到过的事。,,We talked about the __________ today.,racket,我们今天谈到了球拍。,context,2026-09-v2,本地预制课堂素材；原创短句与场景模板,[],想象你也在这个场景里。用 racket 说一句自己的话。
radio,KET,1,无线电；收音机；无线电报,n.,日常沟通,We need the radio today.,我们今天需要无线电。,[],结合常用释义整体记忆。先听老师读，再用自己的生活场景解释。,0,,https://www.cambridgeenglish.org/images/506886-a2-key-2020-vocabulary-list.pdf,'reidiәu,https://github.com/skywind3000/ECDICT,offline-materials,radio,equipment,radio · 单词里的小故事,班级活动开始前，小乐负责核对需要的东西。我们今天需要无线电。小乐说：“We need the radio today.”朋友听懂了，也想起自己遇到过的事。,,We need the __________ today.,radio,我们今天需要无线电。,context,2026-09-v2,本地预制课堂素材；原创短句与场景模板,[],想象你也在这个场景里。用 radio 说一句自己的话。
rain,KET,1,雨；下雨；雨天,n; v.,日常沟通,We talked about the rain today.,我们今天谈到了雨。,"[{""text"": ""rain"", ""kind"": ""root"", ""meaning"": ""雨""}]",这个词本身可以作为词基，与相关派生词联系起来理解。,0,,https://www.cambridgeenglish.org/images/506886-a2-key-2020-vocabulary-list.pdf,rein,https://github.com/skywind3000/ECDICT,offline-materials,rain,nature,rain · 单词里的小故事,小乐观察完身边的世界，回教室讲了一件事。我们今天谈到了雨。小乐说：“We talked about the rain today.”朋友听懂了，也想起自己遇到过的事。,,We talked about the __________ today.,rain,我们今天谈到了雨。,context,2026-09-v2,本地预制课堂素材；原创短句与场景模板,[],想象你也在这个场景里。用 rain 说一句自己的话。
rainforest,KET,2,热带雨林,n.,日常沟通,Many animals live in the rainforest.,许多动物生活在热带雨林中。,"[{""text"": ""rain"", ""kind"": ""compound"", ""meaning"": ""雨""}, {""text"": ""forest"", ""kind"": ""compound"", ""meaning"": ""森林""}]",两个已有成分组合成一个词。结合它们的意思理解整体词义，但不要把这种现代拆分当作完整的历史词源。,0,,https://www.cambridgeenglish.org/images/506886-a2-key-2020-vocabulary-list.pdf,,原创课堂释义与例句,offline-materials,rainforest,authored,rainforest · 单词里的小故事,小乐和朋友交换今天的小发现。许多动物生活在热带雨林中。小乐说：“Many animals live in the rainforest.”朋友听懂了，也想起自己遇到过的事。,,Many animals live in the __________.,rainforest,许多动物生活在热带雨林中。,context,2026-09-v2,本地预制课堂素材；原创短句与场景模板,[],想象你也在这个场景里。用 rainforest 说一句自己的话。
rap,KET,3,轻敲；拍击；责骂,n.,日常沟通,I want to learn more about rap.,我想多了解一些轻敲。,[],结合常用释义整体记忆。先听老师读，再用自己的生活场景解释。,0,,https://www.cambridgeenglish.org/images/506886-a2-key-2020-vocabulary-list.pdf,ræp,https://github.com/skywind3000/ECDICT,offline-materials,rap,activity,rap · 单词里的小故事,班级要举办兴趣日，小乐选了自己想了解的活动。我想多了解一些轻敲。小乐说：“I want to learn more about rap.”朋友听懂了，也想起自己遇到过的事。,,I want to learn more about __________.,rap,我想多了解一些轻敲。,context,2026-09-v2,本地预制课堂素材；原创短句与场景模板,[],想象你也在这个场景里。用 rap 说一句自己的话。
ready,KET,1,准备好的；备用的；可以使用的,adj.,日常沟通,This box is ready.,这个盒子是准备好的。,[],结合常用释义整体记忆。先听老师读，再用自己的生活场景解释。,0,,https://www.cambridgeenglish.org/images/506886-a2-key-2020-vocabulary-list.pdf,'redi,https://github.com/skywind3000/ECDICT,offline-materials,ready,object-quality,ready · 单词里的小故事,朋友闭上眼睛，让小乐描述面前的盒子。这个盒子是准备好的。小乐说：“This box is ready.”朋友听懂了，也想起自己遇到过的事。,,This box is __________.,ready,这个盒子是准备好的。,context,2026-09-v2,本地预制课堂素材；原创短句与场景模板,[],想象你也在这个场景里。用 ready 说一句自己的话。
real,KET,1,真的；真实的；实际的,adj.,日常沟通,This box is real.,这个盒子是真的。,"[{""text"": ""real"", ""kind"": ""root"", ""meaning"": ""真实的""}]",这个词本身可以作为词基，与相关派生词联系起来理解。,0,,https://www.cambridgeenglish.org/images/506886-a2-key-2020-vocabulary-list.pdf,'riәl,https://github.com/skywind3000/ECDICT,offline-materials,real,object-quality,real · 单词里的小故事,朋友闭上眼睛，让小乐描述面前的盒子。这个盒子是真的。小乐说：“This box is real.”朋友听懂了，也想起自己遇到过的事。,,This box is __________.,real,这个盒子是真的。,context,2026-09-v2,本地预制课堂素材；原创短句与场景模板,[],想象你也在这个场景里。用 real 说一句自己的话。
really,KET,1,实际上；真实地；实在,adv.,日常沟通,I really like your picture.,我很喜欢你的画。,"[{""text"": ""real"", ""kind"": ""root"", ""meaning"": ""真实的""}, {""text"": ""-ly"", ""kind"": ""suffix"", ""meaning"": ""以……的方式（构成副词）"", ""story"": ""-ly 在古英语中有表示“像……的”的形容词形式，也有表示“以某种方式”的副词形式。今天同样的结尾仍有不同工作。先问它是在描写一个人或物，还是在说明怎样做事。"", ""source"": ""https://www.merriam-webster.com/dictionary/ly-""}]",先理解词基，再看词缀如何改变含义或词性。,1,,https://www.cambridgeenglish.org/images/506886-a2-key-2020-vocabulary-list.pdf,'riәli,https://github.com/skywind3000/ECDICT,offline-materials,really,authored,really · 单词里的小故事,小乐和朋友交换今天的小发现。我很喜欢你的画。小乐说：“I really like your picture.”朋友听懂了，也想起自己遇到过的事。,,I __________ like your picture.,really,我很喜欢你的画。,context,2026-09-v2,本地预制课堂素材；原创短句与场景模板,"[{""en"": ""Do you really want to go home now?"", ""zh"": ""你真的想现在回家吗？""}]",想象你也在这个场景里。用 really 说一句自己的话。
reason,KET,1,理由；原因；理智,n.,日常沟通,We talked about the reason today.,我们今天谈到了理由。,"[{""text"": ""reason"", ""kind"": ""root"", ""meaning"": ""道理""}]",这个词本身可以作为词基，与相关派生词联系起来理解。,0,,https://www.cambridgeenglish.org/images/506886-a2-key-2020-vocabulary-list.pdf,'ri:zn,https://github.com/skywind3000/ECDICT,offline-materials,reason,discussion,reason · 单词里的小故事,小乐和朋友聊起今天的一件事。我们今天谈到了理由。小乐说：“We talked about the reason today.”朋友听懂了，也想起自己遇到过的事。,,We talked about the __________ today.,reason,我们今天谈到了理由。,context,2026-09-v2,本地预制课堂素材；原创短句与场景模板,[],想象你也在这个场景里。用 reason 说一句自己的话。
recently,KET,1,最近,adv.,日常沟通,I recently bought a new bike.,我最近买了一辆新自行车。,"[{""text"": ""recent"", ""kind"": ""root"", ""meaning"": ""最近的""}, {""text"": ""-ly"", ""kind"": ""suffix"", ""meaning"": ""以……的方式（构成副词）"", ""story"": ""-ly 在古英语中有表示“像……的”的形容词形式，也有表示“以某种方式”的副词形式。今天同样的结尾仍有不同工作。先问它是在描写一个人或物，还是在说明怎样做事。"", ""source"": ""https://www.merriam-webster.com/dictionary/ly-""}]",先理解词基，再看词缀如何改变含义或词性。,0,,https://www.cambridgeenglish.org/images/506886-a2-key-2020-vocabulary-list.pdf,'ri:sntli,https://github.com/skywind3000/ECDICT,offline-materials,recently,authored,recently · 单词里的小故事,小乐和朋友交换今天的小发现。我最近买了一辆新自行车。小乐说：“I recently bought a new bike.”朋友听懂了，也想起自己遇到过的事。,,I __________ bought a new bike.,recently,我最近买了一辆新自行车。,context,2026-09-v2,本地预制课堂素材；原创短句与场景模板,[],想象你也在这个场景里。用 recently 说一句自己的话。
receptionist,KET,3,接待员,n.,日常沟通,This story is about a receptionist.,这个故事讲的是一位接待员。,[],结合常用释义整体记忆。先听老师读，再用自己的生活场景解释。,0,,https://www.cambridgeenglish.org/images/506886-a2-key-2020-vocabulary-list.pdf,ri'sepʃәnist,https://github.com/skywind3000/ECDICT,offline-materials,receptionist,person,receptionist · 单词里的小故事,读书会轮到小乐介绍故事里的一个人物。这个故事讲的是一位接待员。小乐说：“This story is about a receptionist.”朋友听懂了，也想起自己遇到过的事。,,This story is about a __________.,receptionist,这个故事讲的是一位接待员。,context,2026-09-v2,本地预制课堂素材；原创短句与场景模板,[],想象你也在这个场景里。用 receptionist 说一句自己的话。
record,KET,1,记录；录制,v.,日常沟通,Let's record our song.,我们录下自己的歌吧。,[],结合常用释义整体记忆。先听老师读，再用自己的生活场景解释。,0,,https://www.cambridgeenglish.org/images/506886-a2-key-2020-vocabulary-list.pdf,ri'kɒ:d,常用义教学修订；原词典见 ECDICT-LICENSE.txt,offline-materials,record,authored,record · 单词里的小故事,小乐和朋友交换今天的小发现。我们录下自己的歌吧。小乐说：“Let's record our song.”朋友听懂了，也想起自己遇到过的事。,,Let's __________ our song.,record,我们录下自己的歌吧。,context,2026-09-v2,本地预制课堂素材；原创短句与场景模板,[],想象你也在这个场景里。用 record 说一句自己的话。
red,KET,1,红的；红色的；红肿的,adj.,日常沟通,This box is red.,这个盒子是红的。,[],结合常用释义整体记忆。先听老师读，再用自己的生活场景解释。,1,,https://www.cambridgeenglish.org/images/506886-a2-key-2020-vocabulary-list.pdf,red,https://github.com/skywind3000/ECDICT,offline-materials,red,object-quality,red · 单词里的小故事,朋友闭上眼睛，让小乐描述面前的盒子。这个盒子是红的。小乐说：“This box is red.”朋友听懂了，也想起自己遇到过的事。,,This box is __________.,red,这个盒子是红的。,context,2026-09-v2,本地预制课堂素材；原创短句与场景模板,[],想象你也在这个场景里。用 red 说一句自己的话。
refrigerator,KET,3,电冰箱；冷藏库,n.,日常沟通,We need the refrigerator today.,我们今天需要电冰箱。,[],结合常用释义整体记忆。先听老师读，再用自己的生活场景解释。,0,,https://www.cambridgeenglish.org/images/506886-a2-key-2020-vocabulary-list.pdf,ri'fridʒәreitә,https://github.com/skywind3000/ECDICT,offline-materials,refrigerator,equipment,refrigerator · 单词里的小故事,班级活动开始前，小乐负责核对需要的东西。我们今天需要电冰箱。小乐说：“We need the refrigerator today.”朋友听懂了，也想起自己遇到过的事。,,We need the __________ today.,refrigerator,我们今天需要电冰箱。,context,2026-09-v2,本地预制课堂素材；原创短句与场景模板,[],想象你也在这个场景里。用 refrigerator 说一句自己的话。
relax,KET,2,放松；松懈；松弛,v.,日常沟通,Let's relax after the game.,比赛后我们放松一下吧。,[],结合常用释义整体记忆。先听老师读，再用自己的生活场景解释。,0,,https://www.cambridgeenglish.org/images/506886-a2-key-2020-vocabulary-list.pdf,ri'læks,https://github.com/skywind3000/ECDICT,offline-materials,relax,authored,relax · 单词里的小故事,小乐和朋友交换今天的小发现。比赛后我们放松一下吧。小乐说：“Let's relax after the game.”朋友听懂了，也想起自己遇到过的事。,,Let's __________ after the game.,relax,比赛后我们放松一下吧。,context,2026-09-v2,本地预制课堂素材；原创短句与场景模板,[],想象你也在这个场景里。用 relax 说一句自己的话。
relaxing,KET,3,令人轻松的,adj.,日常沟通,Reading is relaxing.,阅读让人放松。,[],结合常用释义整体记忆。先听老师读，再用自己的生活场景解释。,0,,https://www.cambridgeenglish.org/images/506886-a2-key-2020-vocabulary-list.pdf,,https://github.com/skywind3000/ECDICT,offline-materials,relaxing,authored,relaxing · 单词里的小故事,小乐和朋友交换今天的小发现。阅读让人放松。小乐说：“Reading is relaxing.”朋友听懂了，也想起自己遇到过的事。,,Reading is __________.,relaxing,阅读让人放松。,context,2026-09-v2,本地预制课堂素材；原创短句与场景模板,[],想象你也在这个场景里。用 relaxing 说一句自己的话。
rent,KET,2,租金；租用,v.,日常沟通,We rent a small house.,我们租了一座小房子。,[],结合常用释义整体记忆。先听老师读，再用自己的生活场景解释。,0,,https://www.cambridgeenglish.org/images/506886-a2-key-2020-vocabulary-list.pdf,rent,常用义教学修订；原词典见 ECDICT-LICENSE.txt,offline-materials,rent,authored,rent · 单词里的小故事,小乐和朋友交换今天的小发现。我们租了一座小房子。小乐说：“We rent a small house.”朋友听懂了，也想起自己遇到过的事。,,We __________ a small house.,rent,我们租了一座小房子。,context,2026-09-v2,本地预制课堂素材；原创短句与场景模板,[],想象你也在这个场景里。用 rent 说一句自己的话。
review,KET,1,回顾；评论,n.,日常沟通,We talked about the review today.,我们今天谈到了回顾。,[],结合常用释义整体记忆。先听老师读，再用自己的生活场景解释。,0,,https://www.cambridgeenglish.org/images/506886-a2-key-2020-vocabulary-list.pdf,ri'vju:,常用义教学修订；原词典见 ECDICT-LICENSE.txt,offline-materials,review,discussion,review · 单词里的小故事,小乐和朋友聊起今天的一件事。我们今天谈到了回顾。小乐说：“We talked about the review today.”朋友听懂了，也想起自己遇到过的事。,,We talked about the __________ today.,review,我们今天谈到了回顾。,context,2026-09-v2,本地预制课堂素材；原创短句与场景模板,"[{""en"": ""Let's review the words from yesterday."", ""zh"": ""我们来复习昨天的单词。""}]",想象你也在这个场景里。用 review 说一句自己的话。
rice,KET,1,米；米饭；稻,n.,日常沟通,This rice tastes good.,这份米味道很好。,[],结合常用释义整体记忆。先听老师读，再用自己的生活场景解释。,1,,https://www.cambridgeenglish.org/images/506886-a2-key-2020-vocabulary-list.pdf,rais,https://github.com/skywind3000/ECDICT,offline-materials,rice,food,rice · 单词里的小故事,小乐第一次给家人当小帮手，端出一份食物。这份米味道很好。小乐说：“This rice tastes good.”朋友听懂了，也想起自己遇到过的事。,,This __________ tastes good.,rice,这份米味道很好。,context,2026-09-v2,本地预制课堂素材；原创短句与场景模板,[],想象你也在这个场景里。用 rice 说一句自己的话。
rich,KET,1,富裕的；富饶的；浓厚的,adj.,日常沟通,The man in the story is rich.,故事里的那个男人很富有。,[],结合常用释义整体记忆。先听老师读，再用自己的生活场景解释。,0,,https://www.cambridgeenglish.org/images/506886-a2-key-2020-vocabulary-list.pdf,ri:tʃ,https://github.com/skywind3000/ECDICT,offline-materials,rich,authored,rich · 单词里的小故事,小乐和朋友交换今天的小发现。故事里的那个男人很富有。小乐说：“The man in the story is rich.”朋友听懂了，也想起自己遇到过的事。,,The man in the story is __________.,rich,故事里的那个男人很富有。,context,2026-09-v2,本地预制课堂素材；原创短句与场景模板,[],想象你也在这个场景里。用 rich 说一句自己的话。
ride,KET,1,骑马；乘坐；乘车,n; v.,日常沟通,We talked about the ride today.,我们今天谈到了骑马。,"[{""text"": ""ride"", ""kind"": ""root"", ""meaning"": ""骑""}]",这个词本身可以作为词基，与相关派生词联系起来理解。,0,,https://www.cambridgeenglish.org/images/506886-a2-key-2020-vocabulary-list.pdf,raid,https://github.com/skywind3000/ECDICT,offline-materials,ride,discussion,ride · 单词里的小故事,小乐和朋友聊起今天的一件事。我们今天谈到了骑马。小乐说：“We talked about the ride today.”朋友听懂了，也想起自己遇到过的事。,,We talked about the __________ today.,ride,我们今天谈到了骑马。,context,2026-09-v2,本地预制课堂素材；原创短句与场景模板,[],想象你也在这个场景里。用 ride 说一句自己的话。
riding,KET,3,骑；乘车；乘,n.,日常沟通,I want to learn more about riding.,我想多了解一些骑。,"[{""text"": ""ride"", ""kind"": ""root"", ""meaning"": ""骑""}, {""text"": ""-ing"", ""kind"": ""suffix"", ""meaning"": ""把动作当作活动或事物来表达"", ""story"": ""把动作变成名词的 -ing，可以追溯到古英语的 -ung、-ing。一个动作加上这样的结尾，就能作为一种活动来谈论。注意句子里的位置：-ing 也会用于进行时和形容词。"", ""source"": ""https://www.merriam-webster.com/dictionary/-ing""}]",这是词基与派生词的关系。拼写发生了变化，请把本课目标单词完整写对；构词成分不是原词的逐字切片。,0,,https://www.cambridgeenglish.org/images/506886-a2-key-2020-vocabulary-list.pdf,'raidiŋ,https://github.com/skywind3000/ECDICT,offline-materials,riding,activity,riding · 单词里的小故事,班级要举办兴趣日，小乐选了自己想了解的活动。我想多了解一些骑。小乐说：“I want to learn more about riding.”朋友听懂了，也想起自己遇到过的事。,,I want to learn more about __________.,riding,我想多了解一些骑。,context,2026-09-v2,本地预制课堂素材；原创短句与场景模板,[],想象你也在这个场景里。用 riding 说一句自己的话。
right,KET,1,右边；正确的,"n, adj; adv.",日常沟通,Your answer is right.,你的答案是对的。,[],结合常用释义整体记忆。先听老师读，再用自己的生活场景解释。,1,,https://www.cambridgeenglish.org/images/506886-a2-key-2020-vocabulary-list.pdf,rait,常用义教学修订；原词典见 ECDICT-LICENSE.txt,offline-materials,right,authored,right · 单词里的小故事,小乐和朋友交换今天的小发现。你的答案是对的。小乐说：“Your answer is right.”朋友听懂了，也想起自己遇到过的事。,,Your answer is __________.,right,你的答案是对的。,context,2026-09-v2,本地预制课堂素材；原创短句与场景模板,[],想象你也在这个场景里。用 right 说一句自己的话。
right hand,KET,3,右手,n.,日常沟通,Please raise your right hand.,请举起右手。,[],结合常用释义整体记忆。先听老师读，再用自己的生活场景解释。,0,,https://www.cambridgeenglish.org/images/506886-a2-key-2020-vocabulary-list.pdf,,常用义教学修订；原词典见 ECDICT-LICENSE.txt,offline-materials,right hand,authored,right hand · 单词里的小故事,小乐和朋友交换今天的小发现。请举起右手。小乐说：“Please raise your right hand.”朋友听懂了，也想起自己遇到过的事。,,Please raise your __________.,right hand,请举起右手。,context,2026-09-v2,本地预制课堂素材；原创短句与场景模板,[],想象你也在这个场景里。用 right hand 说一句自己的话。
ring,KET,1,戒指；铃声；响铃,n; v.,日常沟通,We talked about the ring today.,我们今天谈到了戒指。,[],结合常用释义整体记忆。先听老师读，再用自己的生活场景解释。,0,,https://www.cambridgeenglish.org/images/506886-a2-key-2020-vocabulary-list.pdf,riŋ,常用义教学修订；原词典见 ECDICT-LICENSE.txt,offline-materials,ring,discussion,ring · 单词里的小故事,小乐和朋友聊起今天的一件事。我们今天谈到了戒指。小乐说：“We talked about the ring today.”朋友听懂了，也想起自己遇到过的事。,,We talked about the __________ today.,ring,我们今天谈到了戒指。,context,2026-09-v2,本地预制课堂素材；原创短句与场景模板,[],想象你也在这个场景里。用 ring 说一句自己的话。
roast,KET,3,烤；炙；烘焙,v; adj.,日常沟通,We had roast chicken for lunch.,我们午饭吃了烤鸡。,[],结合常用释义整体记忆。先听老师读，再用自己的生活场景解释。,0,,https://www.cambridgeenglish.org/images/506886-a2-key-2020-vocabulary-list.pdf,rәust,https://github.com/skywind3000/ECDICT,offline-materials,roast,authored,roast · 单词里的小故事,小乐和朋友交换今天的小发现。我们午饭吃了烤鸡。小乐说：“We had roast chicken for lunch.”朋友听懂了，也想起自己遇到过的事。,,We had __________ chicken for lunch.,roast,我们午饭吃了烤鸡。,context,2026-09-v2,本地预制课堂素材；原创短句与场景模板,[],想象你也在这个场景里。用 roast 说一句自己的话。
rock,KET,1,岩石；摇滚乐,n.,日常沟通,We talked about the rock today.,我们今天谈到了岩石。,[],结合常用释义整体记忆。先听老师读，再用自己的生活场景解释。,0,,https://www.cambridgeenglish.org/images/506886-a2-key-2020-vocabulary-list.pdf,rɒk,常用义教学修订；原词典见 ECDICT-LICENSE.txt,offline-materials,rock,discussion,rock · 单词里的小故事,小乐和朋友聊起今天的一件事。我们今天谈到了岩石。小乐说：“We talked about the rock today.”朋友听懂了，也想起自己遇到过的事。,,We talked about the __________ today.,rock,我们今天谈到了岩石。,context,2026-09-v2,本地预制课堂素材；原创短句与场景模板,[],想象你也在这个场景里。用 rock 说一句自己的话。
room,KET,1,房间；空位；场所,n.,日常沟通,We visited the room today.,我们今天参观了房间。,[],结合常用释义整体记忆。先听老师读，再用自己的生活场景解释。,1,,https://www.cambridgeenglish.org/images/506886-a2-key-2020-vocabulary-list.pdf,ru:m,https://github.com/skywind3000/ECDICT,offline-materials,room,place,room · 单词里的小故事,小乐把今天的外出经历记进了日记。我们今天参观了房间。小乐说：“We visited the room today.”朋友听懂了，也想起自己遇到过的事。,,We visited the __________ today.,room,我们今天参观了房间。,context,2026-09-v2,本地预制课堂素材；原创短句与场景模板,[],想象你也在这个场景里。用 room 说一句自己的话。
round,KET,1,圆的；围绕,adj.,日常沟通,This box is round.,这个盒子是圆的。,[],结合常用释义整体记忆。先听老师读，再用自己的生活场景解释。,0,,https://www.cambridgeenglish.org/images/506886-a2-key-2020-vocabulary-list.pdf,raund,常用义教学修订；原词典见 ECDICT-LICENSE.txt,offline-materials,round,object-quality,round · 单词里的小故事,朋友闭上眼睛，让小乐描述面前的盒子。这个盒子是圆的。小乐说：“This box is round.”朋友听懂了，也想起自己遇到过的事。,,This box is __________.,round,这个盒子是圆的。,context,2026-09-v2,本地预制课堂素材；原创短句与场景模板,[],想象你也在这个场景里。用 round 说一句自己的话。
rubber,KET,2,橡皮（英式）；橡胶,n.,日常沟通,We need the rubber today.,我们今天需要橡皮。,[],结合常用释义整体记忆。先听老师读，再用自己的生活场景解释。,0,,https://www.cambridgeenglish.org/images/506886-a2-key-2020-vocabulary-list.pdf,'rʌbә,常用义教学修订；原词典见 ECDICT-LICENSE.txt,offline-materials,rubber,equipment,rubber · 单词里的小故事,班级活动开始前，小乐负责核对需要的东西。我们今天需要橡皮。小乐说：“We need the rubber today.”朋友听懂了，也想起自己遇到过的事。,,We need the __________ today.,rubber,我们今天需要橡皮。,context,2026-09-v2,本地预制课堂素材；原创短句与场景模板,[],想象你也在这个场景里。用 rubber 说一句自己的话。
rugby,KET,2,橄榄球；橄榄球赛,n.,日常沟通,I want to learn more about rugby.,我想多了解一些橄榄球。,[],结合常用释义整体记忆。先听老师读，再用自己的生活场景解释。,0,,https://www.cambridgeenglish.org/images/506886-a2-key-2020-vocabulary-list.pdf,'rʌ^bi,https://github.com/skywind3000/ECDICT,offline-materials,rugby,activity,rugby · 单词里的小故事,班级要举办兴趣日，小乐选了自己想了解的活动。我想多了解一些橄榄球。小乐说：“I want to learn more about rugby.”朋友听懂了，也想起自己遇到过的事。,,I want to learn more about __________.,rugby,我想多了解一些橄榄球。,context,2026-09-v2,本地预制课堂素材；原创短句与场景模板,[],想象你也在这个场景里。用 rugby 说一句自己的话。
ruler,KET,2,统治者；管理者；尺,n.,日常沟通,We need the ruler today.,我们今天需要统治者。,[],结合常用释义整体记忆。先听老师读，再用自己的生活场景解释。,0,,https://www.cambridgeenglish.org/images/506886-a2-key-2020-vocabulary-list.pdf,'ru:lә,https://github.com/skywind3000/ECDICT,offline-materials,ruler,equipment,ruler · 单词里的小故事,班级活动开始前，小乐负责核对需要的东西。我们今天需要统治者。小乐说：“We need the ruler today.”朋友听懂了，也想起自己遇到过的事。,,We need the __________ today.,ruler,我们今天需要统治者。,context,2026-09-v2,本地预制课堂素材；原创短句与场景模板,[],想象你也在这个场景里。用 ruler 说一句自己的话。
run,KET,1,跑；奔跑；跑步,v.,日常沟通,I can run very fast.,我能跑得很快。,"[{""text"": ""run"", ""kind"": ""root"", ""meaning"": ""跑""}]",这个词本身可以作为词基，与相关派生词联系起来理解。,1,,https://www.cambridgeenglish.org/images/506886-a2-key-2020-vocabulary-list.pdf,rʌn,https://github.com/skywind3000/ECDICT,offline-materials,run,authored,run · 单词里的小故事,小乐和朋友交换今天的小发现。我能跑得很快。小乐说：“I can run very fast.”朋友听懂了，也想起自己遇到过的事。,,I can __________ very fast.,run,我能跑得很快。,context,2026-09-v2,本地预制课堂素材；原创短句与场景模板,[],想象你也在这个场景里。用 run 说一句自己的话。
running,KET,2,赛跑；流出；运转,n.,日常沟通,I want to learn more about running.,我想多了解一些赛跑。,"[{""text"": ""run"", ""kind"": ""root"", ""meaning"": ""跑""}, {""text"": ""-ing"", ""kind"": ""suffix"", ""meaning"": ""把动作当作活动或事物来表达"", ""story"": ""把动作变成名词的 -ing，可以追溯到古英语的 -ung、-ing。一个动作加上这样的结尾，就能作为一种活动来谈论。注意句子里的位置：-ing 也会用于进行时和形容词。"", ""source"": ""https://www.merriam-webster.com/dictionary/-ing""}]",这是词基与派生词的关系。拼写发生了变化，请把本课目标单词完整写对；构词成分不是原词的逐字切片。,0,,https://www.cambridgeenglish.org/images/506886-a2-key-2020-vocabulary-list.pdf,'rʌniŋ,https://github.com/skywind3000/ECDICT,offline-materials,running,activity,running · 单词里的小故事,班级要举办兴趣日，小乐选了自己想了解的活动。我想多了解一些赛跑。小乐说：“I want to learn more about running.”朋友听懂了，也想起自己遇到过的事。,,I want to learn more about __________.,running,我想多了解一些赛跑。,context,2026-09-v2,本地预制课堂素材；原创短句与场景模板,[],想象你也在这个场景里。用 running 说一句自己的话。
sad,KET,1,忧愁的；悲哀的,adj.,日常沟通,I feel sad today.,我今天感到忧愁的。,"[{""text"": ""sad"", ""kind"": ""root"", ""meaning"": ""悲伤的""}]",这个词本身可以作为词基，与相关派生词联系起来理解。,1,,https://www.cambridgeenglish.org/images/506886-a2-key-2020-vocabulary-list.pdf,sæd,https://github.com/skywind3000/ECDICT,offline-materials,sad,feeling,sad · 单词里的小故事,老师请大家用一个词说说今天的感受，小乐先举了手。我今天感到忧愁的。小乐说：“I feel sad today.”朋友听懂了，也想起自己遇到过的事。,,I feel __________ today.,sad,我今天感到忧愁的。,context,2026-09-v2,本地预制课堂素材；原创短句与场景模板,[],想象你也在这个场景里。用 sad 说一句自己的话。
sail,KET,2,帆；航行,v.,日常沟通,Can you sail a boat?,你会驾驶帆船吗？,"[{""text"": ""sail"", ""kind"": ""root"", ""meaning"": ""航行""}]",这个词本身可以作为词基，与相关派生词联系起来理解。,0,,https://www.cambridgeenglish.org/images/506886-a2-key-2020-vocabulary-list.pdf,seil,常用义教学修订；原词典见 ECDICT-LICENSE.txt,offline-materials,sail,authored,sail · 单词里的小故事,小乐和朋友交换今天的小发现。你会驾驶帆船吗？小乐说：“Can you sail a boat?”朋友听懂了，也想起自己遇到过的事。,,Can you __________ a boat?,sail,你会驾驶帆船吗？,context,2026-09-v2,本地预制课堂素材；原创短句与场景模板,[],想象你也在这个场景里。用 sail 说一句自己的话。
sailing,KET,2,航行；航海术；启航,n.,日常沟通,I want to learn more about sailing.,我想多了解一些航行。,"[{""text"": ""sail"", ""kind"": ""root"", ""meaning"": ""航行""}, {""text"": ""-ing"", ""kind"": ""suffix"", ""meaning"": ""把动作当作活动或事物来表达"", ""story"": ""把动作变成名词的 -ing，可以追溯到古英语的 -ung、-ing。一个动作加上这样的结尾，就能作为一种活动来谈论。注意句子里的位置：-ing 也会用于进行时和形容词。"", ""source"": ""https://www.merriam-webster.com/dictionary/-ing""}]",先理解词基，再看词缀如何改变含义或词性。,0,,https://www.cambridgeenglish.org/images/506886-a2-key-2020-vocabulary-list.pdf,'seiliŋ,https://github.com/skywind3000/ECDICT,offline-materials,sailing,activity,sailing · 单词里的小故事,班级要举办兴趣日，小乐选了自己想了解的活动。我想多了解一些航行。小乐说：“I want to learn more about sailing.”朋友听懂了，也想起自己遇到过的事。,,I want to learn more about __________.,sailing,我想多了解一些航行。,context,2026-09-v2,本地预制课堂素材；原创短句与场景模板,[],想象你也在这个场景里。用 sailing 说一句自己的话。
sale,KET,1,出售；卖；拍卖,n.,日常沟通,We talked about the sale today.,我们今天谈到了出售。,[],结合常用释义整体记忆。先听老师读，再用自己的生活场景解释。,0,,https://www.cambridgeenglish.org/images/506886-a2-key-2020-vocabulary-list.pdf,seil,https://github.com/skywind3000/ECDICT,offline-materials,sale,discussion,sale · 单词里的小故事,小乐和朋友聊起今天的一件事。我们今天谈到了出售。小乐说：“We talked about the sale today.”朋友听懂了，也想起自己遇到过的事。,,We talked about the __________ today.,sale,我们今天谈到了出售。,context,2026-09-v2,本地预制课堂素材；原创短句与场景模板,[],想象你也在这个场景里。用 sale 说一句自己的话。
same,KET,1,相同的；同样的,adj; pron.,日常沟通,We have the same bag.,我们的包是一样的。,[],结合常用释义整体记忆。先听老师读，再用自己的生活场景解释。,1,,https://www.cambridgeenglish.org/images/506886-a2-key-2020-vocabulary-list.pdf,seim,https://github.com/skywind3000/ECDICT,offline-materials,same,authored,same · 单词里的小故事,小乐和朋友交换今天的小发现。我们的包是一样的。小乐说：“We have the same bag.”朋友听懂了，也想起自己遇到过的事。,,We have the __________ bag.,same,我们的包是一样的。,context,2026-09-v2,本地预制课堂素材；原创短句与场景模板,[],想象你也在这个场景里。用 same 说一句自己的话。
saturday,KET,1,星期六,n.,日常沟通,Our class meets on Saturday.,我们班在星期六上课。,[],结合常用释义整体记忆。先听老师读，再用自己的生活场景解释。,1,,https://www.cambridgeenglish.org/images/506886-a2-key-2020-vocabulary-list.pdf,'sætәdi,https://github.com/skywind3000/ECDICT,offline-materials,Saturday,date,Saturday · 单词里的小故事,小乐在日历上画了一个圈，提醒自己别忘记这个日子。我们班在星期六上课。小乐说：“Our class meets on Saturday.”朋友听懂了，也想起自己遇到过的事。,,Our class meets on __________.,Saturday,我们班在星期六上课。,context,2026-09-v2,本地预制课堂素材；原创短句与场景模板,[],想象你也在这个场景里。用 Saturday 说一句自己的话。
sauce,KET,2,酱油；调味汁；酱,n.,日常沟通,This sauce tastes good.,这份酱油味道很好。,[],结合常用释义整体记忆。先听老师读，再用自己的生活场景解释。,0,,https://www.cambridgeenglish.org/images/506886-a2-key-2020-vocabulary-list.pdf,sɒ:s,https://github.com/skywind3000/ECDICT,offline-materials,sauce,food,sauce · 单词里的小故事,小乐第一次给家人当小帮手，端出一份食物。这份酱油味道很好。小乐说：“This sauce tastes good.”朋友听懂了，也想起自己遇到过的事。,,This __________ tastes good.,sauce,这份酱油味道很好。,context,2026-09-v2,本地预制课堂素材；原创短句与场景模板,[],想象你也在这个场景里。用 sauce 说一句自己的话。
sausage,KET,2,香肠；腊肠,n.,日常沟通,This sausage tastes good.,这份香肠味道很好。,[],结合常用释义整体记忆。先听老师读，再用自己的生活场景解释。,0,,https://www.cambridgeenglish.org/images/506886-a2-key-2020-vocabulary-list.pdf,'sɒsidʒ,https://github.com/skywind3000/ECDICT,offline-materials,sausage,food,sausage · 单词里的小故事,小乐第一次给家人当小帮手，端出一份食物。这份香肠味道很好。小乐说：“This sausage tastes good.”朋友听懂了，也想起自己遇到过的事。,,This __________ tastes good.,sausage,这份香肠味道很好。,context,2026-09-v2,本地预制课堂素材；原创短句与场景模板,[],想象你也在这个场景里。用 sausage 说一句自己的话。
save,KET,1,解救；挽救；储蓄,v.,日常沟通,I save money for a new bike.,我攒钱买新自行车。,[],结合常用释义整体记忆。先听老师读，再用自己的生活场景解释。,0,,https://www.cambridgeenglish.org/images/506886-a2-key-2020-vocabulary-list.pdf,seiv,https://github.com/skywind3000/ECDICT,offline-materials,save,authored,save · 单词里的小故事,小乐和朋友交换今天的小发现。我攒钱买新自行车。小乐说：“I save money for a new bike.”朋友听懂了，也想起自己遇到过的事。,,I __________ money for a new bike.,save,我攒钱买新自行车。,context,2026-09-v2,本地预制课堂素材；原创短句与场景模板,[],想象你也在这个场景里。用 save 说一句自己的话。
say,KET,1,说；讲；念,v.,日常沟通,What did you say?,你刚才说什么？,[],结合常用释义整体记忆。先听老师读，再用自己的生活场景解释。,1,,https://www.cambridgeenglish.org/images/506886-a2-key-2020-vocabulary-list.pdf,sei,https://github.com/skywind3000/ECDICT,offline-materials,say,authored,say · 单词里的小故事,小乐和朋友交换今天的小发现。你刚才说什么？小乐说：“What did you say?”朋友听懂了，也想起自己遇到过的事。,,What did you __________?,say,你刚才说什么？,context,2026-09-v2,本地预制课堂素材；原创短句与场景模板,[],想象你也在这个场景里。用 say 说一句自己的话。
scared,KET,2,害怕的；担惊受怕的；惊慌的,adj.,日常沟通,I feel scared today.,我今天感到害怕的。,[],结合常用释义整体记忆。先听老师读，再用自己的生活场景解释。,0,,https://www.cambridgeenglish.org/images/506886-a2-key-2020-vocabulary-list.pdf,skeәd,https://github.com/skywind3000/ECDICT,offline-materials,scared,feeling,scared · 单词里的小故事,老师请大家用一个词说说今天的感受，小乐先举了手。我今天感到害怕的。小乐说：“I feel scared today.”朋友听懂了，也想起自己遇到过的事。,,I feel __________ today.,scared,我今天感到害怕的。,context,2026-09-v2,本地预制课堂素材；原创短句与场景模板,[],想象你也在这个场景里。用 scared 说一句自己的话。
scary,KET,3,容易受惊的；胆小的；提心吊胆的,adj.,日常沟通,It is a scary story.,这是一个容易受惊的故事。,[],结合常用释义整体记忆。先听老师读，再用自己的生活场景解释。,0,,https://www.cambridgeenglish.org/images/506886-a2-key-2020-vocabulary-list.pdf,'skєәri,https://github.com/skywind3000/ECDICT,offline-materials,scary,story-quality,scary · 单词里的小故事,读完一本故事书，小乐想用一句话向朋友介绍它。这是一个容易受惊的故事。小乐说：“It is a scary story.”朋友听懂了，也想起自己遇到过的事。,,It is a __________ story.,scary,这是一个容易受惊的故事。,context,2026-09-v2,本地预制课堂素材；原创短句与场景模板,[],想象你也在这个场景里。用 scary 说一句自己的话。
school,KET,1,学校；鱼群；门派,n.,日常沟通,We visited the school today.,我们今天参观了学校。,[],结合常用释义整体记忆。先听老师读，再用自己的生活场景解释。,1,,https://www.cambridgeenglish.org/images/506886-a2-key-2020-vocabulary-list.pdf,sku:l,https://github.com/skywind3000/ECDICT,offline-materials,school,place,school · 单词里的小故事,小乐把今天的外出经历记进了日记。我们今天参观了学校。小乐说：“We visited the school today.”朋友听懂了，也想起自己遇到过的事。,,We visited the __________ today.,school,我们今天参观了学校。,context,2026-09-v2,本地预制课堂素材；原创短句与场景模板,[],想象你也在这个场景里。用 school 说一句自己的话。
schoolchild,KET,3,学童,n.,日常沟通,This story is about a schoolchild.,这个故事讲的是一位学童。,"[{""text"": ""school"", ""kind"": ""compound"", ""meaning"": ""学校""}, {""text"": ""child"", ""kind"": ""compound"", ""meaning"": ""孩子""}]",两个已有成分组合成一个词。结合它们的意思理解整体词义，但不要把这种现代拆分当作完整的历史词源。,0,,https://www.cambridgeenglish.org/images/506886-a2-key-2020-vocabulary-list.pdf,'sku:ltʃaild,https://github.com/skywind3000/ECDICT,offline-materials,schoolchild,person,schoolchild · 单词里的小故事,读书会轮到小乐介绍故事里的一个人物。这个故事讲的是一位学童。小乐说：“This story is about a schoolchild.”朋友听懂了，也想起自己遇到过的事。,,This story is about a __________.,schoolchild,这个故事讲的是一位学童。,context,2026-09-v2,本地预制课堂素材；原创短句与场景模板,[],想象你也在这个场景里。用 schoolchild 说一句自己的话。
science,KET,1,科学；学科；学问,n.,日常沟通,We learn about science at school.,我们在学校学习科学。,[],结合常用释义整体记忆。先听老师读，再用自己的生活场景解释。,0,,https://www.cambridgeenglish.org/images/506886-a2-key-2020-vocabulary-list.pdf,'saiәns,https://github.com/skywind3000/ECDICT,offline-materials,science,school,science · 单词里的小故事,小乐把今天在学校学到的内容讲给家人听。我们在学校学习科学。小乐说：“We learn about science at school.”朋友听懂了，也想起自己遇到过的事。,,We learn about __________ at school.,science,我们在学校学习科学。,context,2026-09-v2,本地预制课堂素材；原创短句与场景模板,[],想象你也在这个场景里。用 science 说一句自己的话。
scientist,KET,1,科学家,n.,日常沟通,This story is about a scientist.,这个故事讲的是一位科学家。,[],结合常用释义整体记忆。先听老师读，再用自己的生活场景解释。,0,,https://www.cambridgeenglish.org/images/506886-a2-key-2020-vocabulary-list.pdf,'saiәntist,https://github.com/skywind3000/ECDICT,offline-materials,scientist,person,scientist · 单词里的小故事,读书会轮到小乐介绍故事里的一个人物。这个故事讲的是一位科学家。小乐说：“This story is about a scientist.”朋友听懂了，也想起自己遇到过的事。,,This story is about a __________.,scientist,这个故事讲的是一位科学家。,context,2026-09-v2,本地预制课堂素材；原创短句与场景模板,[],想象你也在这个场景里。用 scientist 说一句自己的话。
scissors,KET,3,剪刀,n pl.,日常沟通,We need the scissors today.,我们今天需要剪刀。,[],结合常用释义整体记忆。先听老师读，再用自己的生活场景解释。,0,,https://www.cambridgeenglish.org/images/506886-a2-key-2020-vocabulary-list.pdf,'sizәz,https://github.com/skywind3000/ECDICT,offline-materials,scissors,equipment,scissors · 单词里的小故事,班级活动开始前，小乐负责核对需要的东西。我们今天需要剪刀。小乐说：“We need the scissors today.”朋友听懂了，也想起自己遇到过的事。,,We need the __________ today.,scissors,我们今天需要剪刀。,context,2026-09-v2,本地预制课堂素材；原创短句与场景模板,[],想象你也在这个场景里。用 scissors 说一句自己的话。
scooter,KET,3,小型摩托车；踏板车,n.,日常沟通,Look at the scooter in this picture.,看看这张图片中的小型摩托车。,[],结合常用释义整体记忆。先听老师读，再用自己的生活场景解释。,0,,https://www.cambridgeenglish.org/images/506886-a2-key-2020-vocabulary-list.pdf,'sku:tә,https://github.com/skywind3000/ECDICT,offline-materials,scooter,transport,scooter · 单词里的小故事,小乐和朋友观察一张出行图片，轮流指出里面的东西。看看这张图片中的小型摩托车。小乐说：“Look at the scooter in this picture.”朋友听懂了，也想起自己遇到过的事。,,Look at the __________ in this picture.,scooter,看看这张图片中的小型摩托车。,context,2026-09-v2,本地预制课堂素材；原创短句与场景模板,[],想象你也在这个场景里。用 scooter 说一句自己的话。
score,KET,1,得分；分数,"n, v.",日常沟通,We talked about the score today.,我们今天谈到了得分。,[],结合常用释义整体记忆。先听老师读，再用自己的生活场景解释。,0,,https://www.cambridgeenglish.org/images/506886-a2-key-2020-vocabulary-list.pdf,skɒ:,常用义教学修订；原词典见 ECDICT-LICENSE.txt,offline-materials,score,discussion,score · 单词里的小故事,小乐和朋友聊起今天的一件事。我们今天谈到了得分。小乐说：“We talked about the score today.”朋友听懂了，也想起自己遇到过的事。,,We talked about the __________ today.,score,我们今天谈到了得分。,context,2026-09-v2,本地预制课堂素材；原创短句与场景模板,[],想象你也在这个场景里。用 score 说一句自己的话。
sea,KET,1,海；海洋；海浪,n.,日常沟通,We visited the sea today.,我们今天参观了海。,[],结合常用释义整体记忆。先听老师读，再用自己的生活场景解释。,0,,https://www.cambridgeenglish.org/images/506886-a2-key-2020-vocabulary-list.pdf,si:,https://github.com/skywind3000/ECDICT,offline-materials,sea,place,sea · 单词里的小故事,小乐把今天的外出经历记进了日记。我们今天参观了海。小乐说：“We visited the sea today.”朋友听懂了，也想起自己遇到过的事。,,We visited the __________ today.,sea,我们今天参观了海。,context,2026-09-v2,本地预制课堂素材；原创短句与场景模板,[],想象你也在这个场景里。用 sea 说一句自己的话。
season,KET,1,季节,n.,日常沟通,We talked about the season today.,我们今天谈到了季节。,[],结合常用释义整体记忆。先听老师读，再用自己的生活场景解释。,0,,https://www.cambridgeenglish.org/images/506886-a2-key-2020-vocabulary-list.pdf,'si:zn,常用义教学修订；原词典见 ECDICT-LICENSE.txt,offline-materials,season,discussion,season · 单词里的小故事,小乐和朋友聊起今天的一件事。我们今天谈到了季节。小乐说：“We talked about the season today.”朋友听懂了，也想起自己遇到过的事。,,We talked about the __________ today.,season,我们今天谈到了季节。,context,2026-09-v2,本地预制课堂素材；原创短句与场景模板,[],想象你也在这个场景里。用 season 说一句自己的话。
seat,KET,1,座；座位；位子,n.,日常沟通,We need the seat today.,我们今天需要座。,[],结合常用释义整体记忆。先听老师读，再用自己的生活场景解释。,0,,https://www.cambridgeenglish.org/images/506886-a2-key-2020-vocabulary-list.pdf,si:t,https://github.com/skywind3000/ECDICT,offline-materials,seat,equipment,seat · 单词里的小故事,班级活动开始前，小乐负责核对需要的东西。我们今天需要座。小乐说：“We need the seat today.”朋友听懂了，也想起自己遇到过的事。,,We need the __________ today.,seat,我们今天需要座。,context,2026-09-v2,本地预制课堂素材；原创短句与场景模板,[],想象你也在这个场景里。用 seat 说一句自己的话。
second,KET,1,秒；第二,"adj, det; n.",日常沟通,She finished second in the race.,她在比赛中得了第二名。,[],结合常用释义整体记忆。先听老师读，再用自己的生活场景解释。,1,,https://www.cambridgeenglish.org/images/506886-a2-key-2020-vocabulary-list.pdf,'sekәnd,https://github.com/skywind3000/ECDICT,offline-materials,second,authored,second · 单词里的小故事,小乐和朋友交换今天的小发现。她在比赛中得了第二名。小乐说：“She finished second in the race.”朋友听懂了，也想起自己遇到过的事。,,She finished __________ in the race.,second,她在比赛中得了第二名。,context,2026-09-v2,本地预制课堂素材；原创短句与场景模板,[],想象你也在这个场景里。用 second 说一句自己的话。
secretary,KET,1,秘书；书记；大臣,n.,日常沟通,This story is about a secretary.,这个故事讲的是一位秘书。,[],结合常用释义整体记忆。先听老师读，再用自己的生活场景解释。,0,,https://www.cambridgeenglish.org/images/506886-a2-key-2020-vocabulary-list.pdf,'sekrәtәri,https://github.com/skywind3000/ECDICT,offline-materials,secretary,person,secretary · 单词里的小故事,读书会轮到小乐介绍故事里的一个人物。这个故事讲的是一位秘书。小乐说：“This story is about a secretary.”朋友听懂了，也想起自己遇到过的事。,,This story is about a __________.,secretary,这个故事讲的是一位秘书。,context,2026-09-v2,本地预制课堂素材；原创短句与场景模板,[],想象你也在这个场景里。用 secretary 说一句自己的话。
see,KET,1,看见；查看；参观,v.,日常沟通,I can see a bird.,我能看见一只鸟。,[],结合常用释义整体记忆。先听老师读，再用自己的生活场景解释。,1,,https://www.cambridgeenglish.org/images/506886-a2-key-2020-vocabulary-list.pdf,si:,https://github.com/skywind3000/ECDICT,offline-materials,see,authored,see · 单词里的小故事,小乐和朋友交换今天的小发现。我能看见一只鸟。小乐说：“I can see a bird.”朋友听懂了，也想起自己遇到过的事。,,I can __________ a bird.,see,我能看见一只鸟。,context,2026-09-v2,本地预制课堂素材；原创短句与场景模板,[],想象你也在这个场景里。用 see 说一句自己的话。
seem,KET,1,象是；似乎,v.,日常沟通,You seem happy today.,你今天看起来很开心。,[],结合常用释义整体记忆。先听老师读，再用自己的生活场景解释。,0,,https://www.cambridgeenglish.org/images/506886-a2-key-2020-vocabulary-list.pdf,si:m,https://github.com/skywind3000/ECDICT,offline-materials,seem,authored,seem · 单词里的小故事,小乐和朋友交换今天的小发现。你今天看起来很开心。小乐说：“You seem happy today.”朋友听懂了，也想起自己遇到过的事。,,You __________ happy today.,seem,你今天看起来很开心。,context,2026-09-v2,本地预制课堂素材；原创短句与场景模板,[],想象你也在这个场景里。用 seem 说一句自己的话。
selfie,KET,3,自拍照,n.,日常沟通,We talked about the selfie today.,我们今天谈到了自拍照。,[],结合常用释义整体记忆。先听老师读，再用自己的生活场景解释。,0,,https://www.cambridgeenglish.org/images/506886-a2-key-2020-vocabulary-list.pdf,'sel.fi,https://github.com/skywind3000/ECDICT,offline-materials,selfie,discussion,selfie · 单词里的小故事,小乐和朋友聊起今天的一件事。我们今天谈到了自拍照。小乐说：“We talked about the selfie today.”朋友听懂了，也想起自己遇到过的事。,,We talked about the __________ today.,selfie,我们今天谈到了自拍照。,context,2026-09-v2,本地预制课堂素材；原创短句与场景模板,[],想象你也在这个场景里。用 selfie 说一句自己的话。
sell,KET,1,卖；背叛；销售,v.,日常沟通,They sell fruit here.,他们在这里卖水果。,[],结合常用释义整体记忆。先听老师读，再用自己的生活场景解释。,0,,https://www.cambridgeenglish.org/images/506886-a2-key-2020-vocabulary-list.pdf,sel,https://github.com/skywind3000/ECDICT,offline-materials,sell,authored,sell · 单词里的小故事,小乐和朋友交换今天的小发现。他们在这里卖水果。小乐说：“They sell fruit here.”朋友听懂了，也想起自己遇到过的事。,,They __________ fruit here.,sell,他们在这里卖水果。,context,2026-09-v2,本地预制课堂素材；原创短句与场景模板,[],想象你也在这个场景里。用 sell 说一句自己的话。
send,KET,1,发送；使进入；寄,v.,日常沟通,Please send me a message.,请给我发条消息。,[],结合常用释义整体记忆。先听老师读，再用自己的生活场景解释。,0,,https://www.cambridgeenglish.org/images/506886-a2-key-2020-vocabulary-list.pdf,send,https://github.com/skywind3000/ECDICT,offline-materials,send,authored,send · 单词里的小故事,小乐和朋友交换今天的小发现。请给我发条消息。小乐说：“Please send me a message.”朋友听懂了，也想起自己遇到过的事。,,Please __________ me a message.,send,请给我发条消息。,context,2026-09-v2,本地预制课堂素材；原创短句与场景模板,[],想象你也在这个场景里。用 send 说一句自己的话。
september,KET,1,九月,n.,日常沟通,My birthday is in September.,我的生日在九月。,[],结合常用释义整体记忆。先听老师读，再用自己的生活场景解释。,1,,https://www.cambridgeenglish.org/images/506886-a2-key-2020-vocabulary-list.pdf,sep'tembә,https://github.com/skywind3000/ECDICT,offline-materials,September,date,September · 单词里的小故事,小乐在日历上画了一个圈，提醒自己别忘记这个日子。我的生日在九月。小乐说：“My birthday is in September.”朋友听懂了，也想起自己遇到过的事。,,My birthday is in __________.,September,我的生日在九月。,context,2026-09-v2,本地预制课堂素材；原创短句与场景模板,[],想象你也在这个场景里。用 September 说一句自己的话。
serious,KET,1,严肃的；认真的；重要的,adj.,日常沟通,The person in the story is serious.,故事里的那个人是严肃的。,"[{""text"": ""serious"", ""kind"": ""root"", ""meaning"": ""认真的""}]",这个词本身可以作为词基，与相关派生词联系起来理解。,0,,https://www.cambridgeenglish.org/images/506886-a2-key-2020-vocabulary-list.pdf,'siәriәs,https://github.com/skywind3000/ECDICT,offline-materials,serious,person-quality,serious · 单词里的小故事,同学们在给故事人物选词卡，小乐找到了合适的一张。故事里的那个人是严肃的。小乐说：“The person in the story is serious.”朋友听懂了，也想起自己遇到过的事。,,The person in the story is __________.,serious,故事里的那个人是严肃的。,context,2026-09-v2,本地预制课堂素材；原创短句与场景模板,[],想象你也在这个场景里。用 serious 说一句自己的话。
serve,KET,1,可作...用；服务；经历,v.,日常沟通,They serve lunch at twelve.,他们十二点供应午餐。,[],结合常用释义整体记忆。先听老师读，再用自己的生活场景解释。,0,,https://www.cambridgeenglish.org/images/506886-a2-key-2020-vocabulary-list.pdf,sә:v,https://github.com/skywind3000/ECDICT,offline-materials,serve,authored,serve · 单词里的小故事,小乐和朋友交换今天的小发现。他们十二点供应午餐。小乐说：“They serve lunch at twelve.”朋友听懂了，也想起自己遇到过的事。,,They __________ lunch at twelve.,serve,他们十二点供应午餐。,context,2026-09-v2,本地预制课堂素材；原创短句与场景模板,[],想象你也在这个场景里。用 serve 说一句自己的话。
set,KET,1,一套；放置,n.,日常沟通,We talked about the set today.,我们今天谈到了一套。,[],结合常用释义整体记忆。先听老师读，再用自己的生活场景解释。,0,,https://www.cambridgeenglish.org/images/506886-a2-key-2020-vocabulary-list.pdf,set,常用义教学修订；原词典见 ECDICT-LICENSE.txt,offline-materials,set,discussion,set · 单词里的小故事,小乐和朋友聊起今天的一件事。我们今天谈到了一套。小乐说：“We talked about the set today.”朋友听懂了，也想起自己遇到过的事。,,We talked about the __________ today.,set,我们今天谈到了一套。,context,2026-09-v2,本地预制课堂素材；原创短句与场景模板,[],想象你也在这个场景里。用 set 说一句自己的话。
shall,KET,1,将要；用于提出建议,mv.,日常沟通,Shall we go for a walk?,我们去散步好吗？,[],结合常用释义整体记忆。先听老师读，再用自己的生活场景解释。,1,,https://www.cambridgeenglish.org/images/506886-a2-key-2020-vocabulary-list.pdf,ʃæl,常用义教学修订；原词典见 ECDICT-LICENSE.txt,offline-materials,shall,authored,shall · 单词里的小故事,小乐和朋友交换今天的小发现。我们去散步好吗？小乐说：“Shall we go for a walk?”朋友听懂了，也想起自己遇到过的事。,,__________ we go for a walk?,Shall,我们去散步好吗？,context,2026-09-v2,本地预制课堂素材；原创短句与场景模板,[],想象你也在这个场景里。用 shall 说一句自己的话。
shame,KET,2,羞愧；遗憾,n.,日常沟通,We talked about the shame today.,我们今天谈到了羞愧。,[],结合常用释义整体记忆。先听老师读，再用自己的生活场景解释。,0,,https://www.cambridgeenglish.org/images/506886-a2-key-2020-vocabulary-list.pdf,ʃeim,常用义教学修订；原词典见 ECDICT-LICENSE.txt,offline-materials,shame,discussion,shame · 单词里的小故事,小乐和朋友聊起今天的一件事。我们今天谈到了羞愧。小乐说：“We talked about the shame today.”朋友听懂了，也想起自己遇到过的事。,,We talked about the __________ today.,shame,我们今天谈到了羞愧。,context,2026-09-v2,本地预制课堂素材；原创短句与场景模板,[],想象你也在这个场景里。用 shame 说一句自己的话。
shampoo,KET,3,洗头；洗发剂,n; v.,日常沟通,We talked about the shampoo today.,我们今天谈到了洗头。,[],结合常用释义整体记忆。先听老师读，再用自己的生活场景解释。,0,,https://www.cambridgeenglish.org/images/506886-a2-key-2020-vocabulary-list.pdf,ʃæm'pu:,https://github.com/skywind3000/ECDICT,offline-materials,shampoo,discussion,shampoo · 单词里的小故事,小乐和朋友聊起今天的一件事。我们今天谈到了洗头。小乐说：“We talked about the shampoo today.”朋友听懂了，也想起自己遇到过的事。,,We talked about the __________ today.,shampoo,我们今天谈到了洗头。,context,2026-09-v2,本地预制课堂素材；原创短句与场景模板,[],想象你也在这个场景里。用 shampoo 说一句自己的话。
shark,KET,3,鲨鱼；骗子,n.,日常沟通,We saw the shark in a picture.,我们在图片里看到了鲨鱼。,[],结合常用释义整体记忆。先听老师读，再用自己的生活场景解释。,0,,https://www.cambridgeenglish.org/images/506886-a2-key-2020-vocabulary-list.pdf,ʃɑ:k,https://github.com/skywind3000/ECDICT,offline-materials,shark,animal,shark · 单词里的小故事,小乐翻开一本动物画册，在其中一页停了下来。我们在图片里看到了鲨鱼。小乐说：“We saw the shark in a picture.”朋友听懂了，也想起自己遇到过的事。,,We saw the __________ in a picture.,shark,我们在图片里看到了鲨鱼。,context,2026-09-v2,本地预制课堂素材；原创短句与场景模板,[],想象你也在这个场景里。用 shark 说一句自己的话。
she,KET,1,她,pron.,日常沟通,She is my sister.,她是我的姐姐。,[],结合常用释义整体记忆。先听老师读，再用自己的生活场景解释。,1,,https://www.cambridgeenglish.org/images/506886-a2-key-2020-vocabulary-list.pdf,ʃi:,https://github.com/skywind3000/ECDICT,offline-materials,she,authored,she · 单词里的小故事,小乐和朋友交换今天的小发现。她是我的姐姐。小乐说：“She is my sister.”朋友听懂了，也想起自己遇到过的事。,,__________ is my sister.,She,她是我的姐姐。,context,2026-09-v2,本地预制课堂素材；原创短句与场景模板,[],想象你也在这个场景里。用 she 说一句自己的话。
sheet,KET,1,床单；一张（纸）,n.,日常沟通,We need the sheet today.,我们今天需要床单。,[],结合常用释义整体记忆。先听老师读，再用自己的生活场景解释。,0,,https://www.cambridgeenglish.org/images/506886-a2-key-2020-vocabulary-list.pdf,ʃi:t,常用义教学修订；原词典见 ECDICT-LICENSE.txt,offline-materials,sheet,equipment,sheet · 单词里的小故事,班级活动开始前，小乐负责核对需要的东西。我们今天需要床单。小乐说：“We need the sheet today.”朋友听懂了，也想起自己遇到过的事。,,We need the __________ today.,sheet,我们今天需要床单。,context,2026-09-v2,本地预制课堂素材；原创短句与场景模板,[],想象你也在这个场景里。用 sheet 说一句自己的话。
shelf,KET,2,架子；搁板,n.,日常沟通,We need the shelf today.,我们今天需要架子。,[],结合常用释义整体记忆。先听老师读，再用自己的生活场景解释。,0,,https://www.cambridgeenglish.org/images/506886-a2-key-2020-vocabulary-list.pdf,ʃelf,https://github.com/skywind3000/ECDICT,offline-materials,shelf,equipment,shelf · 单词里的小故事,班级活动开始前，小乐负责核对需要的东西。我们今天需要架子。小乐说：“We need the shelf today.”朋友听懂了，也想起自己遇到过的事。,,We need the __________ today.,shelf,我们今天需要架子。,context,2026-09-v2,本地预制课堂素材；原创短句与场景模板,[],想象你也在这个场景里。用 shelf 说一句自己的话。
ship,KET,1,船；舰,n.,日常沟通,Look at the ship in this picture.,看看这张图片中的船。,[],结合常用释义整体记忆。先听老师读，再用自己的生活场景解释。,0,,https://www.cambridgeenglish.org/images/506886-a2-key-2020-vocabulary-list.pdf,ʃip,https://github.com/skywind3000/ECDICT,offline-materials,ship,transport,ship · 单词里的小故事,小乐和朋友观察一张出行图片，轮流指出里面的东西。看看这张图片中的船。小乐说：“Look at the ship in this picture.”朋友听懂了，也想起自己遇到过的事。,,Look at the __________ in this picture.,ship,看看这张图片中的船。,context,2026-09-v2,本地预制课堂素材；原创短句与场景模板,[],想象你也在这个场景里。用 ship 说一句自己的话。
shirt,KET,2,衬衫；内衣；汗衫,n.,日常沟通,I like your shirt.,我喜欢你的衬衫。,[],结合常用释义整体记忆。先听老师读，再用自己的生活场景解释。,0,,https://www.cambridgeenglish.org/images/506886-a2-key-2020-vocabulary-list.pdf,ʃә:t,https://github.com/skywind3000/ECDICT,offline-materials,shirt,clothes,shirt · 单词里的小故事,出门前，小乐注意到了朋友的穿着。我喜欢你的衬衫。小乐说：“I like your shirt.”朋友听懂了，也想起自己遇到过的事。,,I like your __________.,shirt,我喜欢你的衬衫。,context,2026-09-v2,本地预制课堂素材；原创短句与场景模板,[],想象你也在这个场景里。用 shirt 说一句自己的话。
shoe,KET,1,鞋；靴；外胎,n.,日常沟通,I like your shoe.,我喜欢你的鞋。,[],结合常用释义整体记忆。先听老师读，再用自己的生活场景解释。,0,,https://www.cambridgeenglish.org/images/506886-a2-key-2020-vocabulary-list.pdf,ʃu:,https://github.com/skywind3000/ECDICT,offline-materials,shoe,clothes,shoe · 单词里的小故事,出门前，小乐注意到了朋友的穿着。我喜欢你的鞋。小乐说：“I like your shoe.”朋友听懂了，也想起自己遇到过的事。,,I like your __________.,shoe,我喜欢你的鞋。,context,2026-09-v2,本地预制课堂素材；原创短句与场景模板,[],想象你也在这个场景里。用 shoe 说一句自己的话。
shop,KET,1,商店；购物,n; v.,日常沟通,This story is about a shop.,这个故事讲的是一位商店。,"[{""text"": ""shop"", ""kind"": ""root"", ""meaning"": ""购物""}]",这个词本身可以作为词基，与相关派生词联系起来理解。,0,,https://www.cambridgeenglish.org/images/506886-a2-key-2020-vocabulary-list.pdf,ʃɒp,常用义教学修订；原词典见 ECDICT-LICENSE.txt,offline-materials,shop,person,shop · 单词里的小故事,读书会轮到小乐介绍故事里的一个人物。这个故事讲的是一位商店。小乐说：“This story is about a shop.”朋友听懂了，也想起自己遇到过的事。,,This story is about a __________.,shop,这个故事讲的是一位商店。,context,2026-09-v2,本地预制课堂素材；原创短句与场景模板,[],想象你也在这个场景里。用 shop 说一句自己的话。
shop assistant,KET,3,店员,n.,日常沟通,This story is about a shop assistant.,这个故事讲的是一位店员。,[],结合常用释义整体记忆。先听老师读，再用自己的生活场景解释。,0,,https://www.cambridgeenglish.org/images/506886-a2-key-2020-vocabulary-list.pdf,ʃɔp əˈsistənt,https://github.com/skywind3000/ECDICT,offline-materials,shop assistant,person,shop assistant · 单词里的小故事,读书会轮到小乐介绍故事里的一个人物。这个故事讲的是一位店员。小乐说：“This story is about a shop assistant.”朋友听懂了，也想起自己遇到过的事。,,This story is about a __________.,shop assistant,这个故事讲的是一位店员。,context,2026-09-v2,本地预制课堂素材；原创短句与场景模板,[],想象你也在这个场景里。用 shop assistant 说一句自己的话。
shopper,KET,3,购物者,n.,日常沟通,This story is about a shopper.,这个故事讲的是一位购物者。,"[{""text"": ""shop"", ""kind"": ""root"", ""meaning"": ""购物""}, {""text"": ""-er"", ""kind"": ""suffix"", ""meaning"": ""做某事的人或物"", ""story"": ""表示做事者的 -er 有古英语 -ere 等历史来源。它常把动作变成做这个动作的人或工具。先找到动作，再问“谁来做”，就能串起一组词。比较级里的 -er 是另一种用法。"", ""source"": ""https://www.merriam-webster.com/dictionary/-er""}]",这是词基与派生词的关系。拼写发生了变化，请把本课目标单词完整写对；构词成分不是原词的逐字切片。,0,,https://www.cambridgeenglish.org/images/506886-a2-key-2020-vocabulary-list.pdf,'ʃɒpә,https://github.com/skywind3000/ECDICT,offline-materials,shopper,person,shopper · 单词里的小故事,读书会轮到小乐介绍故事里的一个人物。这个故事讲的是一位购物者。小乐说：“This story is about a shopper.”朋友听懂了，也想起自己遇到过的事。,,This story is about a __________.,shopper,这个故事讲的是一位购物者。,context,2026-09-v2,本地预制课堂素材；原创短句与场景模板,[],想象你也在这个场景里。用 shopper 说一句自己的话。
shopping,KET,2,买东西；购物,n.,日常沟通,We visited the shopping today.,我们今天参观了买东西。,"[{""text"": ""shop"", ""kind"": ""root"", ""meaning"": ""购物""}, {""text"": ""-ing"", ""kind"": ""suffix"", ""meaning"": ""把动作当作活动或事物来表达"", ""story"": ""把动作变成名词的 -ing，可以追溯到古英语的 -ung、-ing。一个动作加上这样的结尾，就能作为一种活动来谈论。注意句子里的位置：-ing 也会用于进行时和形容词。"", ""source"": ""https://www.merriam-webster.com/dictionary/-ing""}]",这是词基与派生词的关系。拼写发生了变化，请把本课目标单词完整写对；构词成分不是原词的逐字切片。,0,,https://www.cambridgeenglish.org/images/506886-a2-key-2020-vocabulary-list.pdf,'ʃɒpiŋ,https://github.com/skywind3000/ECDICT,offline-materials,shopping,place,shopping · 单词里的小故事,小乐把今天的外出经历记进了日记。我们今天参观了买东西。小乐说：“We visited the shopping today.”朋友听懂了，也想起自己遇到过的事。,,We visited the __________ today.,shopping,我们今天参观了买东西。,context,2026-09-v2,本地预制课堂素材；原创短句与场景模板,"[{""en"": ""I do the shopping with Dad on Saturday."", ""zh"": ""星期六我和爸爸一起买东西。""}]",想象你也在这个场景里。用 shopping 说一句自己的话。
shopping centre,KET,3,商业区；购物中心,n.,日常沟通,We visited the shopping centre today.,我们今天参观了商业区。,[],结合常用释义整体记忆。先听老师读，再用自己的生活场景解释。,0,,https://www.cambridgeenglish.org/images/506886-a2-key-2020-vocabulary-list.pdf,ˈʃɔpɪŋ ˈsentə,https://github.com/skywind3000/ECDICT,offline-materials,shopping centre,place,shopping centre · 单词里的小故事,小乐把今天的外出经历记进了日记。我们今天参观了商业区。小乐说：“We visited the shopping centre today.”朋友听懂了，也想起自己遇到过的事。,,We visited the __________ today.,shopping centre,我们今天参观了商业区。,context,2026-09-v2,本地预制课堂素材；原创短句与场景模板,[],想象你也在这个场景里。用 shopping centre 说一句自己的话。
short,KET,1,短的；近的；矮的,adj.,日常沟通,This box is short.,这个盒子是短的。,[],结合常用释义整体记忆。先听老师读，再用自己的生活场景解释。,1,,https://www.cambridgeenglish.org/images/506886-a2-key-2020-vocabulary-list.pdf,ʃɒ:t,https://github.com/skywind3000/ECDICT,offline-materials,short,object-quality,short · 单词里的小故事,朋友闭上眼睛，让小乐描述面前的盒子。这个盒子是短的。小乐说：“This box is short.”朋友听懂了，也想起自己遇到过的事。,,This box is __________.,short,这个盒子是短的。,context,2026-09-v2,本地预制课堂素材；原创短句与场景模板,[],想象你也在这个场景里。用 short 说一句自己的话。
should,KET,1,应该,mv.,日常沟通,You should drink some water.,你应该喝些水。,[],结合常用释义整体记忆。先听老师读，再用自己的生活场景解释。,1,,https://www.cambridgeenglish.org/images/506886-a2-key-2020-vocabulary-list.pdf,ʃud,常用义教学修订；原词典见 ECDICT-LICENSE.txt,offline-materials,should,authored,should · 单词里的小故事,小乐和朋友交换今天的小发现。你应该喝些水。小乐说：“You should drink some water.”朋友听懂了，也想起自己遇到过的事。,,You __________ drink some water.,should,你应该喝些水。,context,2026-09-v2,本地预制课堂素材；原创短句与场景模板,[],想象你也在这个场景里。用 should 说一句自己的话。
shout,KET,1,呼喊；喊叫；嚷,v.,日常沟通,Please do not shout in the classroom.,请不要在教室里大喊。,[],结合常用释义整体记忆。先听老师读，再用自己的生活场景解释。,0,,https://www.cambridgeenglish.org/images/506886-a2-key-2020-vocabulary-list.pdf,ʃaut,https://github.com/skywind3000/ECDICT,offline-materials,shout,authored,shout · 单词里的小故事,小乐和朋友交换今天的小发现。请不要在教室里大喊。小乐说：“Please do not shout in the classroom.”朋友听懂了，也想起自己遇到过的事。,,Please do not __________ in the classroom.,shout,请不要在教室里大喊。,context,2026-09-v2,本地预制课堂素材；原创短句与场景模板,[],想象你也在这个场景里。用 shout 说一句自己的话。
show,KET,1,展示；演出,v; n.,日常沟通,Please show me your picture.,请给我看你的画。,[],结合常用释义整体记忆。先听老师读，再用自己的生活场景解释。,0,,https://www.cambridgeenglish.org/images/506886-a2-key-2020-vocabulary-list.pdf,ʃәu,常用义教学修订；原词典见 ECDICT-LICENSE.txt,offline-materials,show,authored,show · 单词里的小故事,小乐和朋友交换今天的小发现。请给我看你的画。小乐说：“Please show me your picture.”朋友听懂了，也想起自己遇到过的事。,,Please __________ me your picture.,show,请给我看你的画。,context,2026-09-v2,本地预制课堂素材；原创短句与场景模板,[],想象你也在这个场景里。用 show 说一句自己的话。
shower,KET,2,阵雨；淋浴；一阵,n.,日常沟通,We talked about the shower today.,我们今天谈到了阵雨。,[],结合常用释义整体记忆。先听老师读，再用自己的生活场景解释。,0,,https://www.cambridgeenglish.org/images/506886-a2-key-2020-vocabulary-list.pdf,'ʃauә,https://github.com/skywind3000/ECDICT,offline-materials,shower,discussion,shower · 单词里的小故事,小乐和朋友聊起今天的一件事。我们今天谈到了阵雨。小乐说：“We talked about the shower today.”朋友听懂了，也想起自己遇到过的事。,,We talked about the __________ today.,shower,我们今天谈到了阵雨。,context,2026-09-v2,本地预制课堂素材；原创短句与场景模板,[],想象你也在这个场景里。用 shower 说一句自己的话。
shut,KET,1,关上；闭起；幽禁,v.,日常沟通,Please shut the door.,请关门。,[],结合常用释义整体记忆。先听老师读，再用自己的生活场景解释。,0,,https://www.cambridgeenglish.org/images/506886-a2-key-2020-vocabulary-list.pdf,ʃʌʃ,https://github.com/skywind3000/ECDICT,offline-materials,shut,authored,shut · 单词里的小故事,小乐和朋友交换今天的小发现。请关门。小乐说：“Please shut the door.”朋友听懂了，也想起自己遇到过的事。,,Please __________ the door.,shut,请关门。,context,2026-09-v2,本地预制课堂素材；原创短句与场景模板,[],想象你也在这个场景里。用 shut 说一句自己的话。
shy,KET,2,胆怯的；畏缩的；迟疑的,adj.,日常沟通,The person in the story is shy.,故事里的那个人是胆怯的。,[],结合常用释义整体记忆。先听老师读，再用自己的生活场景解释。,0,,https://www.cambridgeenglish.org/images/506886-a2-key-2020-vocabulary-list.pdf,ʃai,https://github.com/skywind3000/ECDICT,offline-materials,shy,person-quality,shy · 单词里的小故事,同学们在给故事人物选词卡，小乐找到了合适的一张。故事里的那个人是胆怯的。小乐说：“The person in the story is shy.”朋友听懂了，也想起自己遇到过的事。,,The person in the story is __________.,shy,故事里的那个人是胆怯的。,context,2026-09-v2,本地预制课堂素材；原创短句与场景模板,[],想象你也在这个场景里。用 shy 说一句自己的话。
sick,KET,2,不舒服；有病的；恶心的,adj.,日常沟通,The person in the story is sick.,故事里的那个人是不舒服。,"[{""text"": ""sick"", ""kind"": ""root"", ""meaning"": ""生病的""}]",这个词本身可以作为词基，与相关派生词联系起来理解。,0,,https://www.cambridgeenglish.org/images/506886-a2-key-2020-vocabulary-list.pdf,sik,https://github.com/skywind3000/ECDICT,offline-materials,sick,person-quality,sick · 单词里的小故事,同学们在给故事人物选词卡，小乐找到了合适的一张。故事里的那个人是不舒服。小乐说：“The person in the story is sick.”朋友听懂了，也想起自己遇到过的事。,,The person in the story is __________.,sick,故事里的那个人是不舒服。,context,2026-09-v2,本地预制课堂素材；原创短句与场景模板,[],想象你也在这个场景里。用 sick 说一句自己的话。
side,KET,1,旁边；侧；方面,n.,日常沟通,We talked about the side today.,我们今天谈到了旁边。,[],结合常用释义整体记忆。先听老师读，再用自己的生活场景解释。,0,,https://www.cambridgeenglish.org/images/506886-a2-key-2020-vocabulary-list.pdf,said,https://github.com/skywind3000/ECDICT,offline-materials,side,discussion,side · 单词里的小故事,小乐和朋友聊起今天的一件事。我们今天谈到了旁边。小乐说：“We talked about the side today.”朋友听懂了，也想起自己遇到过的事。,,We talked about the __________ today.,side,我们今天谈到了旁边。,context,2026-09-v2,本地预制课堂素材；原创短句与场景模板,[],想象你也在这个场景里。用 side 说一句自己的话。
sightseeing,KET,3,观光；游览,n.,日常沟通,We talked about the sightseeing today.,我们今天谈到了观光。,"[{""text"": ""sightsee"", ""kind"": ""root"", ""meaning"": ""观光""}, {""text"": ""-ing"", ""kind"": ""suffix"", ""meaning"": ""把动作当作活动或事物来表达"", ""story"": ""把动作变成名词的 -ing，可以追溯到古英语的 -ung、-ing。一个动作加上这样的结尾，就能作为一种活动来谈论。注意句子里的位置：-ing 也会用于进行时和形容词。"", ""source"": ""https://www.merriam-webster.com/dictionary/-ing""}]",先理解词基，再看词缀如何改变含义或词性。,0,,https://www.cambridgeenglish.org/images/506886-a2-key-2020-vocabulary-list.pdf,'saitsi:iŋ,https://github.com/skywind3000/ECDICT,offline-materials,sightseeing,discussion,sightseeing · 单词里的小故事,小乐和朋友聊起今天的一件事。我们今天谈到了观光。小乐说：“We talked about the sightseeing today.”朋友听懂了，也想起自己遇到过的事。,,We talked about the __________ today.,sightseeing,我们今天谈到了观光。,context,2026-09-v2,本地预制课堂素材；原创短句与场景模板,[],想象你也在这个场景里。用 sightseeing 说一句自己的话。
sign,KET,1,符号；招牌；征兆,n.,日常沟通,We need the sign today.,我们今天需要符号。,[],结合常用释义整体记忆。先听老师读，再用自己的生活场景解释。,0,,https://www.cambridgeenglish.org/images/506886-a2-key-2020-vocabulary-list.pdf,sain,https://github.com/skywind3000/ECDICT,offline-materials,sign,equipment,sign · 单词里的小故事,班级活动开始前，小乐负责核对需要的东西。我们今天需要符号。小乐说：“We need the sign today.”朋友听懂了，也想起自己遇到过的事。,,We need the __________ today.,sign,我们今天需要符号。,context,2026-09-v2,本地预制课堂素材；原创短句与场景模板,[],想象你也在这个场景里。用 sign 说一句自己的话。
silver,KET,2,银；银币；银器,n; adj.,日常沟通,We talked about the silver today.,我们今天谈到了银。,[],结合常用释义整体记忆。先听老师读，再用自己的生活场景解释。,0,,https://www.cambridgeenglish.org/images/506886-a2-key-2020-vocabulary-list.pdf,'silvә,https://github.com/skywind3000/ECDICT,offline-materials,silver,discussion,silver · 单词里的小故事,小乐和朋友聊起今天的一件事。我们今天谈到了银。小乐说：“We talked about the silver today.”朋友听懂了，也想起自己遇到过的事。,,We talked about the __________ today.,silver,我们今天谈到了银。,context,2026-09-v2,本地预制课堂素材；原创短句与场景模板,[],想象你也在这个场景里。用 silver 说一句自己的话。
similar,KET,1,相似的；类似的,adj.,日常沟通,Our bags are similar.,我们的包很相似。,[],结合常用释义整体记忆。先听老师读，再用自己的生活场景解释。,0,,https://www.cambridgeenglish.org/images/506886-a2-key-2020-vocabulary-list.pdf,'similә,https://github.com/skywind3000/ECDICT,offline-materials,similar,authored,similar · 单词里的小故事,小乐和朋友交换今天的小发现。我们的包很相似。小乐说：“Our bags are similar.”朋友听懂了，也想起自己遇到过的事。,,Our bags are __________.,similar,我们的包很相似。,context,2026-09-v2,本地预制课堂素材；原创短句与场景模板,[],想象你也在这个场景里。用 similar 说一句自己的话。
simple,KET,1,简单的；普通的；朴素的,adj.,日常沟通,This box is simple.,这个盒子是简单的。,"[{""text"": ""simple"", ""kind"": ""root"", ""meaning"": ""简单的""}]",这个词本身可以作为词基，与相关派生词联系起来理解。,0,,https://www.cambridgeenglish.org/images/506886-a2-key-2020-vocabulary-list.pdf,'simpl,https://github.com/skywind3000/ECDICT,offline-materials,simple,object-quality,simple · 单词里的小故事,朋友闭上眼睛，让小乐描述面前的盒子。这个盒子是简单的。小乐说：“This box is simple.”朋友听懂了，也想起自己遇到过的事。,,This box is __________.,simple,这个盒子是简单的。,context,2026-09-v2,本地预制课堂素材；原创短句与场景模板,[],想象你也在这个场景里。用 simple 说一句自己的话。
since,KET,1,自...以后；自...以来,prep.,日常沟通,I have lived here since last year.,我从去年起就住在这里。,[],结合常用释义整体记忆。先听老师读，再用自己的生活场景解释。,1,,https://www.cambridgeenglish.org/images/506886-a2-key-2020-vocabulary-list.pdf,sins,https://github.com/skywind3000/ECDICT,offline-materials,since,authored,since · 单词里的小故事,小乐和朋友交换今天的小发现。我从去年起就住在这里。小乐说：“I have lived here since last year.”朋友听懂了，也想起自己遇到过的事。,,I have lived here __________ last year.,since,我从去年起就住在这里。,context,2026-09-v2,本地预制课堂素材；原创短句与场景模板,[],想象你也在这个场景里。用 since 说一句自己的话。
singing,KET,2,歌唱；歌声,n.,日常沟通,We learn about singing at school.,我们在学校学习歌唱。,"[{""text"": ""sing"", ""kind"": ""root"", ""meaning"": ""唱歌""}, {""text"": ""-ing"", ""kind"": ""suffix"", ""meaning"": ""把动作当作活动或事物来表达"", ""story"": ""把动作变成名词的 -ing，可以追溯到古英语的 -ung、-ing。一个动作加上这样的结尾，就能作为一种活动来谈论。注意句子里的位置：-ing 也会用于进行时和形容词。"", ""source"": ""https://www.merriam-webster.com/dictionary/-ing""}]",先理解词基，再看词缀如何改变含义或词性。,0,,https://www.cambridgeenglish.org/images/506886-a2-key-2020-vocabulary-list.pdf,'siŋiŋ,https://github.com/skywind3000/ECDICT,offline-materials,singing,school,singing · 单词里的小故事,小乐把今天在学校学到的内容讲给家人听。我们在学校学习歌唱。小乐说：“We learn about singing at school.”朋友听懂了，也想起自己遇到过的事。,,We learn about __________ at school.,singing,我们在学校学习歌唱。,context,2026-09-v2,本地预制课堂素材；原创短句与场景模板,[],想象你也在这个场景里。用 singing 说一句自己的话。
single,KET,1,单个的；单程票,adj.,日常沟通,I want a single ticket to town.,我想要一张去镇上的单程票。,[],结合常用释义整体记忆。先听老师读，再用自己的生活场景解释。,0,,https://www.cambridgeenglish.org/images/506886-a2-key-2020-vocabulary-list.pdf,'siŋgl,常用义教学修订；原词典见 ECDICT-LICENSE.txt,offline-materials,single,authored,single · 单词里的小故事,小乐和朋友交换今天的小发现。我想要一张去镇上的单程票。小乐说：“I want a single ticket to town.”朋友听懂了，也想起自己遇到过的事。,,I want a __________ ticket to town.,single,我想要一张去镇上的单程票。,context,2026-09-v2,本地预制课堂素材；原创短句与场景模板,[],想象你也在这个场景里。用 single 说一句自己的话。
sink,KET,2,藏垢的场所；沟渠；污水槽,n.,日常沟通,We need the sink today.,我们今天需要藏垢的场所。,[],结合常用释义整体记忆。先听老师读，再用自己的生活场景解释。,0,,https://www.cambridgeenglish.org/images/506886-a2-key-2020-vocabulary-list.pdf,siŋk,https://github.com/skywind3000/ECDICT,offline-materials,sink,equipment,sink · 单词里的小故事,班级活动开始前，小乐负责核对需要的东西。我们今天需要藏垢的场所。小乐说：“We need the sink today.”朋友听懂了，也想起自己遇到过的事。,,We need the __________ today.,sink,我们今天需要藏垢的场所。,context,2026-09-v2,本地预制课堂素材；原创短句与场景模板,[],想象你也在这个场景里。用 sink 说一句自己的话。
sister,KET,1,姐妹；姐；妹,n.,日常沟通,This story is about a sister.,这个故事讲的是一位姐妹。,[],结合常用释义整体记忆。先听老师读，再用自己的生活场景解释。,1,,https://www.cambridgeenglish.org/images/506886-a2-key-2020-vocabulary-list.pdf,'sistә,https://github.com/skywind3000/ECDICT,offline-materials,sister,person,sister · 单词里的小故事,读书会轮到小乐介绍故事里的一个人物。这个故事讲的是一位姐妹。小乐说：“This story is about a sister.”朋友听懂了，也想起自己遇到过的事。,,This story is about a __________.,sister,这个故事讲的是一位姐妹。,context,2026-09-v2,本地预制课堂素材；原创短句与场景模板,[],想象你也在这个场景里。用 sister 说一句自己的话。
sit,KET,1,坐；就座；坐落,v.,日常沟通,Please sit on this chair.,请坐这把椅子。,[],结合常用释义整体记忆。先听老师读，再用自己的生活场景解释。,1,,https://www.cambridgeenglish.org/images/506886-a2-key-2020-vocabulary-list.pdf,sit,https://github.com/skywind3000/ECDICT,offline-materials,sit,authored,sit · 单词里的小故事,小乐和朋友交换今天的小发现。请坐这把椅子。小乐说：“Please sit on this chair.”朋友听懂了，也想起自己遇到过的事。,,Please __________ on this chair.,sit,请坐这把椅子。,context,2026-09-v2,本地预制课堂素材；原创短句与场景模板,[],想象你也在这个场景里。用 sit 说一句自己的话。
sit down,KET,3,坐下,phr v.,日常沟通,Please sit down.,请坐下。,[],结合常用释义整体记忆。先听老师读，再用自己的生活场景解释。,0,,https://www.cambridgeenglish.org/images/506886-a2-key-2020-vocabulary-list.pdf,,常用义教学修订；原词典见 ECDICT-LICENSE.txt,offline-materials,sit down,authored,sit down · 单词里的小故事,小乐和朋友交换今天的小发现。请坐下。小乐说：“Please sit down.”朋友听懂了，也想起自己遇到过的事。,,Please __________.,sit down,请坐下。,context,2026-09-v2,本地预制课堂素材；原创短句与场景模板,[],想象你也在这个场景里。用 sit down 说一句自己的话。
site,KET,1,地点；网站,n.,日常沟通,We visited the site today.,我们今天参观了地点。,[],结合常用释义整体记忆。先听老师读，再用自己的生活场景解释。,0,,https://www.cambridgeenglish.org/images/506886-a2-key-2020-vocabulary-list.pdf,sait,常用义教学修订；原词典见 ECDICT-LICENSE.txt,offline-materials,site,place,site · 单词里的小故事,小乐把今天的外出经历记进了日记。我们今天参观了地点。小乐说：“We visited the site today.”朋友听懂了，也想起自己遇到过的事。,,We visited the __________ today.,site,我们今天参观了地点。,context,2026-09-v2,本地预制课堂素材；原创短句与场景模板,[],想象你也在这个场景里。用 site 说一句自己的话。
sitting room,KET,3,起居室,n.,日常沟通,We visited the sitting room today.,我们今天参观了起居室。,[],结合常用释义整体记忆。先听老师读，再用自己的生活场景解释。,0,,https://www.cambridgeenglish.org/images/506886-a2-key-2020-vocabulary-list.pdf,,https://github.com/skywind3000/ECDICT,offline-materials,sitting room,place,sitting room · 单词里的小故事,小乐把今天的外出经历记进了日记。我们今天参观了起居室。小乐说：“We visited the sitting room today.”朋友听懂了，也想起自己遇到过的事。,,We visited the __________ today.,sitting room,我们今天参观了起居室。,context,2026-09-v2,本地预制课堂素材；原创短句与场景模板,[],想象你也在这个场景里。用 sitting room 说一句自己的话。
skate,KET,3,滑冰；滑过,v.,日常沟通,We can skate on the ice.,我们可以在冰上滑行。,"[{""text"": ""skate"", ""kind"": ""root"", ""meaning"": ""滑冰""}]",这个词本身可以作为词基，与相关派生词联系起来理解。,0,,https://www.cambridgeenglish.org/images/506886-a2-key-2020-vocabulary-list.pdf,skeit,https://github.com/skywind3000/ECDICT,offline-materials,skate,authored,skate · 单词里的小故事,小乐和朋友交换今天的小发现。我们可以在冰上滑行。小乐说：“We can skate on the ice.”朋友听懂了，也想起自己遇到过的事。,,We can __________ on the ice.,skate,我们可以在冰上滑行。,context,2026-09-v2,本地预制课堂素材；原创短句与场景模板,[],想象你也在这个场景里。用 skate 说一句自己的话。
skateboarding,KET,3,滑板运动,n.,日常沟通,I want to learn more about skateboarding.,我想多了解一些滑板运动。,[],结合常用释义整体记忆。先听老师读，再用自己的生活场景解释。,0,,https://www.cambridgeenglish.org/images/506886-a2-key-2020-vocabulary-list.pdf,'skeit.bɔ:diŋ,https://github.com/skywind3000/ECDICT,offline-materials,skateboarding,activity,skateboarding · 单词里的小故事,班级要举办兴趣日，小乐选了自己想了解的活动。我想多了解一些滑板运动。小乐说：“I want to learn more about skateboarding.”朋友听懂了，也想起自己遇到过的事。,,I want to learn more about __________.,skateboarding,我想多了解一些滑板运动。,context,2026-09-v2,本地预制课堂素材；原创短句与场景模板,[],想象你也在这个场景里。用 skateboarding 说一句自己的话。
skating,KET,3,溜冰,n.,日常沟通,I want to learn more about skating.,我想多了解一些溜冰。,"[{""text"": ""skate"", ""kind"": ""root"", ""meaning"": ""滑冰""}, {""text"": ""-ing"", ""kind"": ""suffix"", ""meaning"": ""把动作当作活动或事物来表达"", ""story"": ""把动作变成名词的 -ing，可以追溯到古英语的 -ung、-ing。一个动作加上这样的结尾，就能作为一种活动来谈论。注意句子里的位置：-ing 也会用于进行时和形容词。"", ""source"": ""https://www.merriam-webster.com/dictionary/-ing""}]",这是词基与派生词的关系。拼写发生了变化，请把本课目标单词完整写对；构词成分不是原词的逐字切片。,0,,https://www.cambridgeenglish.org/images/506886-a2-key-2020-vocabulary-list.pdf,'skeitiŋ,https://github.com/skywind3000/ECDICT,offline-materials,skating,activity,skating · 单词里的小故事,班级要举办兴趣日，小乐选了自己想了解的活动。我想多了解一些溜冰。小乐说：“I want to learn more about skating.”朋友听懂了，也想起自己遇到过的事。,,I want to learn more about __________.,skating,我想多了解一些溜冰。,context,2026-09-v2,本地预制课堂素材；原创短句与场景模板,[],想象你也在这个场景里。用 skating 说一句自己的话。
ski,KET,2,滑雪,v.,日常沟通,Can you ski down this hill?,你能从这座山上滑雪下来吗？,"[{""text"": ""ski"", ""kind"": ""root"", ""meaning"": ""滑雪""}]",这个词本身可以作为词基，与相关派生词联系起来理解。,0,,https://www.cambridgeenglish.org/images/506886-a2-key-2020-vocabulary-list.pdf,ski:,https://github.com/skywind3000/ECDICT,offline-materials,ski,authored,ski · 单词里的小故事,小乐和朋友交换今天的小发现。你能从这座山上滑雪下来吗？小乐说：“Can you ski down this hill?”朋友听懂了，也想起自己遇到过的事。,,Can you __________ down this hill?,ski,你能从这座山上滑雪下来吗？,context,2026-09-v2,本地预制课堂素材；原创短句与场景模板,[],想象你也在这个场景里。用 ski 说一句自己的话。
skiing,KET,3,滑雪运动；滑雪术,n.,日常沟通,I want to learn more about skiing.,我想多了解一些滑雪运动。,"[{""text"": ""ski"", ""kind"": ""root"", ""meaning"": ""滑雪""}, {""text"": ""-ing"", ""kind"": ""suffix"", ""meaning"": ""把动作当作活动或事物来表达"", ""story"": ""把动作变成名词的 -ing，可以追溯到古英语的 -ung、-ing。一个动作加上这样的结尾，就能作为一种活动来谈论。注意句子里的位置：-ing 也会用于进行时和形容词。"", ""source"": ""https://www.merriam-webster.com/dictionary/-ing""}]",先理解词基，再看词缀如何改变含义或词性。,0,,https://www.cambridgeenglish.org/images/506886-a2-key-2020-vocabulary-list.pdf,'ski:iŋ,https://github.com/skywind3000/ECDICT,offline-materials,skiing,activity,skiing · 单词里的小故事,班级要举办兴趣日，小乐选了自己想了解的活动。我想多了解一些滑雪运动。小乐说：“I want to learn more about skiing.”朋友听懂了，也想起自己遇到过的事。,,I want to learn more about __________.,skiing,我想多了解一些滑雪运动。,context,2026-09-v2,本地预制课堂素材；原创短句与场景模板,[],想象你也在这个场景里。用 skiing 说一句自己的话。
sky,KET,1,天空；天色；天堂,n.,日常沟通,We talked about the sky today.,我们今天谈到了天空。,[],结合常用释义整体记忆。先听老师读，再用自己的生活场景解释。,0,,https://www.cambridgeenglish.org/images/506886-a2-key-2020-vocabulary-list.pdf,skai,https://github.com/skywind3000/ECDICT,offline-materials,sky,nature,sky · 单词里的小故事,小乐观察完身边的世界，回教室讲了一件事。我们今天谈到了天空。小乐说：“We talked about the sky today.”朋友听懂了，也想起自己遇到过的事。,,We talked about the __________ today.,sky,我们今天谈到了天空。,context,2026-09-v2,本地预制课堂素材；原创短句与场景模板,[],想象你也在这个场景里。用 sky 说一句自己的话。
sleep,KET,1,睡觉；睡眠；静止,v.,日常沟通,I sleep for eight hours.,我睡八个小时。,"[{""text"": ""sleep"", ""kind"": ""root"", ""meaning"": ""睡眠""}]",这个词本身可以作为词基，与相关派生词联系起来理解。,1,,https://www.cambridgeenglish.org/images/506886-a2-key-2020-vocabulary-list.pdf,sli:p,https://github.com/skywind3000/ECDICT,offline-materials,sleep,authored,sleep · 单词里的小故事,小乐和朋友交换今天的小发现。我睡八个小时。小乐说：“I sleep for eight hours.”朋友听懂了，也想起自己遇到过的事。,,I __________ for eight hours.,sleep,我睡八个小时。,context,2026-09-v2,本地预制课堂素材；原创短句与场景模板,[],想象你也在这个场景里。用 sleep 说一句自己的话。
slice,KET,2,薄的切片；一部分；菜刀,n.,日常沟通,We talked about the slice today.,我们今天谈到了薄的切片。,[],结合常用释义整体记忆。先听老师读，再用自己的生活场景解释。,0,,https://www.cambridgeenglish.org/images/506886-a2-key-2020-vocabulary-list.pdf,slais,https://github.com/skywind3000/ECDICT,offline-materials,slice,discussion,slice · 单词里的小故事,小乐和朋友聊起今天的一件事。我们今天谈到了薄的切片。小乐说：“We talked about the slice today.”朋友听懂了，也想起自己遇到过的事。,,We talked about the __________ today.,slice,我们今天谈到了薄的切片。,context,2026-09-v2,本地预制课堂素材；原创短句与场景模板,[],想象你也在这个场景里。用 slice 说一句自己的话。
slim,KET,2,瘦的；苗条的；微小的,adj.,日常沟通,The person in the story is slim.,故事里的那个人是瘦的。,[],结合常用释义整体记忆。先听老师读，再用自己的生活场景解释。,0,,https://www.cambridgeenglish.org/images/506886-a2-key-2020-vocabulary-list.pdf,slim,https://github.com/skywind3000/ECDICT,offline-materials,slim,person-quality,slim · 单词里的小故事,同学们在给故事人物选词卡，小乐找到了合适的一张。故事里的那个人是瘦的。小乐说：“The person in the story is slim.”朋友听懂了，也想起自己遇到过的事。,,The person in the story is __________.,slim,故事里的那个人是瘦的。,context,2026-09-v2,本地预制课堂素材；原创短句与场景模板,[],想象你也在这个场景里。用 slim 说一句自己的话。
slow,KET,1,慢的；缓慢的；迟缓的,adj.,日常沟通,This bus is very slow.,这辆公交车很慢。,[],结合常用释义整体记忆。先听老师读，再用自己的生活场景解释。,0,,https://www.cambridgeenglish.org/images/506886-a2-key-2020-vocabulary-list.pdf,slәu,https://github.com/skywind3000/ECDICT,offline-materials,slow,authored,slow · 单词里的小故事,小乐和朋友交换今天的小发现。这辆公交车很慢。小乐说：“This bus is very slow.”朋友听懂了，也想起自己遇到过的事。,,This bus is very __________.,slow,这辆公交车很慢。,context,2026-09-v2,本地预制课堂素材；原创短句与场景模板,[],想象你也在这个场景里。用 slow 说一句自己的话。
smart,KET,2,聪明的；整洁漂亮的,adj.,日常沟通,The person in the story is smart.,故事里的那个人是聪明的。,[],结合常用释义整体记忆。先听老师读，再用自己的生活场景解释。,0,,https://www.cambridgeenglish.org/images/506886-a2-key-2020-vocabulary-list.pdf,smɑ:t,常用义教学修订；原词典见 ECDICT-LICENSE.txt,offline-materials,smart,person-quality,smart · 单词里的小故事,同学们在给故事人物选词卡，小乐找到了合适的一张。故事里的那个人是聪明的。小乐说：“The person in the story is smart.”朋友听懂了，也想起自己遇到过的事。,,The person in the story is __________.,smart,故事里的那个人是聪明的。,context,2026-09-v2,本地预制课堂素材；原创短句与场景模板,[],想象你也在这个场景里。用 smart 说一句自己的话。
smoke,KET,2,烟；吸烟,v.,日常沟通,Please do not smoke here.,请不要在这里吸烟。,[],结合常用释义整体记忆。先听老师读，再用自己的生活场景解释。,0,,https://www.cambridgeenglish.org/images/506886-a2-key-2020-vocabulary-list.pdf,smәuk,常用义教学修订；原词典见 ECDICT-LICENSE.txt,offline-materials,smoke,authored,smoke · 单词里的小故事,小乐和朋友交换今天的小发现。请不要在这里吸烟。小乐说：“Please do not smoke here.”朋友听懂了，也想起自己遇到过的事。,,Please do not __________ here.,smoke,请不要在这里吸烟。,context,2026-09-v2,本地预制课堂素材；原创短句与场景模板,[],想象你也在这个场景里。用 smoke 说一句自己的话。
smoking,KET,2,抽烟；冒烟,n.,日常沟通,We talked about the smoking today.,我们今天谈到了抽烟。,[],结合常用释义整体记忆。先听老师读，再用自己的生活场景解释。,0,,https://www.cambridgeenglish.org/images/506886-a2-key-2020-vocabulary-list.pdf,'smәukiŋ,https://github.com/skywind3000/ECDICT,offline-materials,smoking,discussion,smoking · 单词里的小故事,小乐和朋友聊起今天的一件事。我们今天谈到了抽烟。小乐说：“We talked about the smoking today.”朋友听懂了，也想起自己遇到过的事。,,We talked about the __________ today.,smoking,我们今天谈到了抽烟。,context,2026-09-v2,本地预制课堂素材；原创短句与场景模板,[],想象你也在这个场景里。用 smoking 说一句自己的话。
snack,KET,3,小吃；点心；快餐,n.,日常沟通,This snack tastes good.,这份小吃味道很好。,[],结合常用释义整体记忆。先听老师读，再用自己的生活场景解释。,0,,https://www.cambridgeenglish.org/images/506886-a2-key-2020-vocabulary-list.pdf,snæk,https://github.com/skywind3000/ECDICT,offline-materials,snack,food,snack · 单词里的小故事,小乐第一次给家人当小帮手，端出一份食物。这份小吃味道很好。小乐说：“This snack tastes good.”朋友听懂了，也想起自己遇到过的事。,,This __________ tastes good.,snack,这份小吃味道很好。,context,2026-09-v2,本地预制课堂素材；原创短句与场景模板,[],想象你也在这个场景里。用 snack 说一句自己的话。
snail,KET,3,蜗牛；行动迟缓的人；脑筋迟钝的人,n.,日常沟通,We saw the snail in a picture.,我们在图片里看到了蜗牛。,[],结合常用释义整体记忆。先听老师读，再用自己的生活场景解释。,0,,https://www.cambridgeenglish.org/images/506886-a2-key-2020-vocabulary-list.pdf,sneil,https://github.com/skywind3000/ECDICT,offline-materials,snail,animal,snail · 单词里的小故事,小乐翻开一本动物画册，在其中一页停了下来。我们在图片里看到了蜗牛。小乐说：“We saw the snail in a picture.”朋友听懂了，也想起自己遇到过的事。,,We saw the __________ in a picture.,snail,我们在图片里看到了蜗牛。,context,2026-09-v2,本地预制课堂素材；原创短句与场景模板,[],想象你也在这个场景里。用 snail 说一句自己的话。
snow,KET,2,雪；积雪；下雪,n; v.,日常沟通,We talked about the snow today.,我们今天谈到了雪。,"[{""text"": ""snow"", ""kind"": ""root"", ""meaning"": ""雪""}]",这个词本身可以作为词基，与相关派生词联系起来理解。,0,,https://www.cambridgeenglish.org/images/506886-a2-key-2020-vocabulary-list.pdf,snәu,https://github.com/skywind3000/ECDICT,offline-materials,snow,nature,snow · 单词里的小故事,小乐观察完身边的世界，回教室讲了一件事。我们今天谈到了雪。小乐说：“We talked about the snow today.”朋友听懂了，也想起自己遇到过的事。,,We talked about the __________ today.,snow,我们今天谈到了雪。,context,2026-09-v2,本地预制课堂素材；原创短句与场景模板,[],想象你也在这个场景里。用 snow 说一句自己的话。
snowboard,KET,3,滑雪板,n.,日常沟通,We need the snowboard today.,我们今天需要滑雪板。,"[{""text"": ""snow"", ""kind"": ""compound"", ""meaning"": ""雪""}, {""text"": ""board"", ""kind"": ""compound"", ""meaning"": ""板""}]",两个已有成分组合成一个词。结合它们的意思理解整体词义，但不要把这种现代拆分当作完整的历史词源。,0,,https://www.cambridgeenglish.org/images/506886-a2-key-2020-vocabulary-list.pdf,'snәubɔ:d,https://github.com/skywind3000/ECDICT,offline-materials,snowboard,equipment,snowboard · 单词里的小故事,班级活动开始前，小乐负责核对需要的东西。我们今天需要滑雪板。小乐说：“We need the snowboard today.”朋友听懂了，也想起自己遇到过的事。,,We need the __________ today.,snowboard,我们今天需要滑雪板。,context,2026-09-v2,本地预制课堂素材；原创短句与场景模板,[],想象你也在这个场景里。用 snowboard 说一句自己的话。
snowboarding,KET,3,单板滑雪；滑板滑雪；滑雪板,n.,日常沟通,We talked about the snowboarding today.,我们今天谈到了单板滑雪。,[],结合常用释义整体记忆。先听老师读，再用自己的生活场景解释。,0,,https://www.cambridgeenglish.org/images/506886-a2-key-2020-vocabulary-list.pdf,ˈsnəʊbɔ:dɪŋ,https://github.com/skywind3000/ECDICT,offline-materials,snowboarding,discussion,snowboarding · 单词里的小故事,小乐和朋友聊起今天的一件事。我们今天谈到了单板滑雪。小乐说：“We talked about the snowboarding today.”朋友听懂了，也想起自己遇到过的事。,,We talked about the __________ today.,snowboarding,我们今天谈到了单板滑雪。,context,2026-09-v2,本地预制课堂素材；原创短句与场景模板,[],想象你也在这个场景里。用 snowboarding 说一句自己的话。
so,KET,1,如此；如是；如...那样,conj; adv.,日常沟通,"It is cold, so I will wear a coat.",天气很冷，所以我要穿外套。,[],结合常用释义整体记忆。先听老师读，再用自己的生活场景解释。,1,,https://www.cambridgeenglish.org/images/506886-a2-key-2020-vocabulary-list.pdf,sәu,https://github.com/skywind3000/ECDICT,offline-materials,so,authored,so · 单词里的小故事,"小乐和朋友交换今天的小发现。天气很冷，所以我要穿外套。小乐说：“It is cold, so I will wear a coat.”朋友听懂了，也想起自己遇到过的事。",,"It is cold, __________ I will wear a coat.",so,天气很冷，所以我要穿外套。,context,2026-09-v2,本地预制课堂素材；原创短句与场景模板,[],想象你也在这个场景里。用 so 说一句自己的话。
soap,KET,2,肥皂；阿谀,n.,日常沟通,We need the soap today.,我们今天需要肥皂。,[],结合常用释义整体记忆。先听老师读，再用自己的生活场景解释。,0,,https://www.cambridgeenglish.org/images/506886-a2-key-2020-vocabulary-list.pdf,sәup,https://github.com/skywind3000/ECDICT,offline-materials,soap,equipment,soap · 单词里的小故事,班级活动开始前，小乐负责核对需要的东西。我们今天需要肥皂。小乐说：“We need the soap today.”朋友听懂了，也想起自己遇到过的事。,,We need the __________ today.,soap,我们今天需要肥皂。,context,2026-09-v2,本地预制课堂素材；原创短句与场景模板,[],想象你也在这个场景里。用 soap 说一句自己的话。
soccer,KET,2,英式足球,n.,日常沟通,I want to learn more about soccer.,我想多了解一些英式足球。,[],结合常用释义整体记忆。先听老师读，再用自己的生活场景解释。,0,,https://www.cambridgeenglish.org/images/506886-a2-key-2020-vocabulary-list.pdf,'sɒkә,https://github.com/skywind3000/ECDICT,offline-materials,soccer,activity,soccer · 单词里的小故事,班级要举办兴趣日，小乐选了自己想了解的活动。我想多了解一些英式足球。小乐说：“I want to learn more about soccer.”朋友听懂了，也想起自己遇到过的事。,,I want to learn more about __________.,soccer,我想多了解一些英式足球。,context,2026-09-v2,本地预制课堂素材；原创短句与场景模板,[],想象你也在这个场景里。用 soccer 说一句自己的话。
social media,KET,2,社交媒体,n.,日常沟通,We talked about the social media today.,我们今天谈到了社交媒体。,[],作为一个常用表达整体理解，先跟读再结合场景练习。,0,,https://www.cambridgeenglish.org/images/506886-a2-key-2020-vocabulary-list.pdf,,原创课堂释义,offline-materials,social media,discussion,social media · 单词里的小故事,小乐和朋友聊起今天的一件事。我们今天谈到了社交媒体。小乐说：“We talked about the social media today.”朋友听懂了，也想起自己遇到过的事。,,We talked about the __________ today.,social media,我们今天谈到了社交媒体。,context,2026-09-v2,本地预制课堂素材；原创短句与场景模板,[],想象你也在这个场景里。用 social media 说一句自己的话。
sofa,KET,2,沙发,n.,日常沟通,We need the sofa today.,我们今天需要沙发。,[],结合常用释义整体记忆。先听老师读，再用自己的生活场景解释。,0,,https://www.cambridgeenglish.org/images/506886-a2-key-2020-vocabulary-list.pdf,'sәufә,https://github.com/skywind3000/ECDICT,offline-materials,sofa,equipment,sofa · 单词里的小故事,班级活动开始前，小乐负责核对需要的东西。我们今天需要沙发。小乐说：“We need the sofa today.”朋友听懂了，也想起自己遇到过的事。,,We need the __________ today.,sofa,我们今天需要沙发。,context,2026-09-v2,本地预制课堂素材；原创短句与场景模板,[],想象你也在这个场景里。用 sofa 说一句自己的话。
software,KET,1,软件,n.,日常沟通,We talked about the software today.,我们今天谈到了软件。,"[{""text"": ""soft"", ""kind"": ""compound"", ""meaning"": ""软的（比喻）""}, {""text"": ""ware"", ""kind"": ""compound"", ""meaning"": ""制品""}]",两个已有成分组合成一个词。结合它们的意思理解整体词义，但不要把这种现代拆分当作完整的历史词源。,0,,https://www.cambridgeenglish.org/images/506886-a2-key-2020-vocabulary-list.pdf,'sɒftwєә,https://github.com/skywind3000/ECDICT,offline-materials,software,discussion,software · 单词里的小故事,小乐和朋友聊起今天的一件事。我们今天谈到了软件。小乐说：“We talked about the software today.”朋友听懂了，也想起自己遇到过的事。,,We talked about the __________ today.,software,我们今天谈到了软件。,context,2026-09-v2,本地预制课堂素材；原创短句与场景模板,[],想象你也在这个场景里。用 software 说一句自己的话。
somebody,KET,1,了不起的人；大人物,pron.,日常沟通,Somebody is at the door.,有人在门口。,[],结合常用释义整体记忆。先听老师读，再用自己的生活场景解释。,1,,https://www.cambridgeenglish.org/images/506886-a2-key-2020-vocabulary-list.pdf,'sʌmbɒdi,https://github.com/skywind3000/ECDICT,offline-materials,somebody,authored,somebody · 单词里的小故事,小乐和朋友交换今天的小发现。有人在门口。小乐说：“Somebody is at the door.”朋友听懂了，也想起自己遇到过的事。,,__________ is at the door.,Somebody,有人在门口。,context,2026-09-v2,本地预制课堂素材；原创短句与场景模板,[],想象你也在这个场景里。用 somebody 说一句自己的话。
someone,KET,1,有人；某人,pron.,日常沟通,Someone left a bag here.,有人把包留在这里了。,[],结合常用释义整体记忆。先听老师读，再用自己的生活场景解释。,1,,https://www.cambridgeenglish.org/images/506886-a2-key-2020-vocabulary-list.pdf,'sʌmwʌn,https://github.com/skywind3000/ECDICT,offline-materials,someone,authored,someone · 单词里的小故事,小乐和朋友交换今天的小发现。有人把包留在这里了。小乐说：“Someone left a bag here.”朋友听懂了，也想起自己遇到过的事。,,__________ left a bag here.,Someone,有人把包留在这里了。,context,2026-09-v2,本地预制课堂素材；原创短句与场景模板,[],想象你也在这个场景里。用 someone 说一句自己的话。
something,KET,1,某事；某物,pron.,日常沟通,I have something for you.,我有东西给你。,[],结合常用释义整体记忆。先听老师读，再用自己的生活场景解释。,1,,https://www.cambridgeenglish.org/images/506886-a2-key-2020-vocabulary-list.pdf,'sʌmθiŋ,https://github.com/skywind3000/ECDICT,offline-materials,something,authored,something · 单词里的小故事,小乐和朋友交换今天的小发现。我有东西给你。小乐说：“I have something for you.”朋友听懂了，也想起自己遇到过的事。,,I have __________ for you.,something,我有东西给你。,context,2026-09-v2,本地预制课堂素材；原创短句与场景模板,[],想象你也在这个场景里。用 something 说一句自己的话。
somewhere,KET,1,到某处；在某处,adv.,日常沟通,Let's go somewhere quiet.,我们去一个安静的地方吧。,[],结合常用释义整体记忆。先听老师读，再用自己的生活场景解释。,1,,https://www.cambridgeenglish.org/images/506886-a2-key-2020-vocabulary-list.pdf,'sʌmhwєә,https://github.com/skywind3000/ECDICT,offline-materials,somewhere,authored,somewhere · 单词里的小故事,小乐和朋友交换今天的小发现。我们去一个安静的地方吧。小乐说：“Let's go somewhere quiet.”朋友听懂了，也想起自己遇到过的事。,,Let's go __________ quiet.,somewhere,我们去一个安静的地方吧。,context,2026-09-v2,本地预制课堂素材；原创短句与场景模板,[],想象你也在这个场景里。用 somewhere 说一句自己的话。
son,KET,1,儿子；女婿；子孙,n.,日常沟通,This story is about a son.,这个故事讲的是一位儿子。,[],结合常用释义整体记忆。先听老师读，再用自己的生活场景解释。,1,,https://www.cambridgeenglish.org/images/506886-a2-key-2020-vocabulary-list.pdf,sʌn,https://github.com/skywind3000/ECDICT,offline-materials,son,person,son · 单词里的小故事,读书会轮到小乐介绍故事里的一个人物。这个故事讲的是一位儿子。小乐说：“This story is about a son.”朋友听懂了，也想起自己遇到过的事。,,This story is about a __________.,son,这个故事讲的是一位儿子。,context,2026-09-v2,本地预制课堂素材；原创短句与场景模板,[],想象你也在这个场景里。用 son 说一句自己的话。
song,KET,1,歌；曲；鸣声,n.,日常沟通,We talked about the song today.,我们今天谈到了歌。,[],结合常用释义整体记忆。先听老师读，再用自己的生活场景解释。,0,,https://www.cambridgeenglish.org/images/506886-a2-key-2020-vocabulary-list.pdf,sɒŋ,https://github.com/skywind3000/ECDICT,offline-materials,song,discussion,song · 单词里的小故事,小乐和朋友聊起今天的一件事。我们今天谈到了歌。小乐说：“We talked about the song today.”朋友听懂了，也想起自己遇到过的事。,,We talked about the __________ today.,song,我们今天谈到了歌。,context,2026-09-v2,本地预制课堂素材；原创短句与场景模板,[],想象你也在这个场景里。用 song 说一句自己的话。
sorry,KET,1,难过的；悲哀的；遗憾的,adj.,日常沟通,I feel sorry today.,我今天感到难过的。,[],结合常用释义整体记忆。先听老师读，再用自己的生活场景解释。,1,,https://www.cambridgeenglish.org/images/506886-a2-key-2020-vocabulary-list.pdf,'sɒri,https://github.com/skywind3000/ECDICT,offline-materials,sorry,feeling,sorry · 单词里的小故事,老师请大家用一个词说说今天的感受，小乐先举了手。我今天感到难过的。小乐说：“I feel sorry today.”朋友听懂了，也想起自己遇到过的事。,,I feel __________ today.,sorry,我今天感到难过的。,context,2026-09-v2,本地预制课堂素材；原创短句与场景模板,[],想象你也在这个场景里。用 sorry 说一句自己的话。
sort,KET,1,种类,n.,日常沟通,We talked about the sort today.,我们今天谈到了种类。,[],结合常用释义整体记忆。先听老师读，再用自己的生活场景解释。,0,,https://www.cambridgeenglish.org/images/506886-a2-key-2020-vocabulary-list.pdf,sɒ:t,常用义教学修订；原词典见 ECDICT-LICENSE.txt,offline-materials,sort,discussion,sort · 单词里的小故事,小乐和朋友聊起今天的一件事。我们今天谈到了种类。小乐说：“We talked about the sort today.”朋友听懂了，也想起自己遇到过的事。,,We talked about the __________ today.,sort,我们今天谈到了种类。,context,2026-09-v2,本地预制课堂素材；原创短句与场景模板,[],想象你也在这个场景里。用 sort 说一句自己的话。
sound,KET,1,声音；听起来,v.,日常沟通,You sound happy.,你听起来很开心。,[],结合常用释义整体记忆。先听老师读，再用自己的生活场景解释。,0,,https://www.cambridgeenglish.org/images/506886-a2-key-2020-vocabulary-list.pdf,saund,常用义教学修订；原词典见 ECDICT-LICENSE.txt,offline-materials,sound,authored,sound · 单词里的小故事,小乐和朋友交换今天的小发现。你听起来很开心。小乐说：“You sound happy.”朋友听懂了，也想起自己遇到过的事。,,You __________ happy.,sound,你听起来很开心。,context,2026-09-v2,本地预制课堂素材；原创短句与场景模板,[],想象你也在这个场景里。用 sound 说一句自己的话。
soup,KET,2,汤,n.,日常沟通,This soup tastes good.,这份汤味道很好。,[],结合常用释义整体记忆。先听老师读，再用自己的生活场景解释。,0,,https://www.cambridgeenglish.org/images/506886-a2-key-2020-vocabulary-list.pdf,su:p,常用义教学修订；原词典见 ECDICT-LICENSE.txt,offline-materials,soup,food,soup · 单词里的小故事,小乐第一次给家人当小帮手，端出一份食物。这份汤味道很好。小乐说：“This soup tastes good.”朋友听懂了，也想起自己遇到过的事。,,This __________ tastes good.,soup,这份汤味道很好。,context,2026-09-v2,本地预制课堂素材；原创短句与场景模板,[],想象你也在这个场景里。用 soup 说一句自己的话。
south,KET,1,南方；南,"n, adj; adv.",日常沟通,We live in the south.,我们住在南部。,[],结合常用释义整体记忆。先听老师读，再用自己的生活场景解释。,0,,https://www.cambridgeenglish.org/images/506886-a2-key-2020-vocabulary-list.pdf,sauθ,https://github.com/skywind3000/ECDICT,offline-materials,south,authored,south · 单词里的小故事,小乐和朋友交换今天的小发现。我们住在南部。小乐说：“We live in the south.”朋友听懂了，也想起自己遇到过的事。,,We live in the __________.,south,我们住在南部。,context,2026-09-v2,本地预制课堂素材；原创短句与场景模板,[],想象你也在这个场景里。用 south 说一句自己的话。
space,KET,1,空间；太空,n.,日常沟通,We talked about the space today.,我们今天谈到了空间。,[],结合常用释义整体记忆。先听老师读，再用自己的生活场景解释。,0,,https://www.cambridgeenglish.org/images/506886-a2-key-2020-vocabulary-list.pdf,speis,常用义教学修订；原词典见 ECDICT-LICENSE.txt,offline-materials,space,discussion,space · 单词里的小故事,小乐和朋友聊起今天的一件事。我们今天谈到了空间。小乐说：“We talked about the space today.”朋友听懂了，也想起自己遇到过的事。,,We talked about the __________ today.,space,我们今天谈到了空间。,context,2026-09-v2,本地预制课堂素材；原创短句与场景模板,[],想象你也在这个场景里。用 space 说一句自己的话。
spare,KET,2,多余的；备用的；空闲的,adj.,日常沟通,Do you have a spare pen?,你有一支多余的笔吗？,[],结合常用释义整体记忆。先听老师读，再用自己的生活场景解释。,0,,https://www.cambridgeenglish.org/images/506886-a2-key-2020-vocabulary-list.pdf,spєә,https://github.com/skywind3000/ECDICT,offline-materials,spare,authored,spare · 单词里的小故事,小乐和朋友交换今天的小发现。你有一支多余的笔吗？小乐说：“Do you have a spare pen?”朋友听懂了，也想起自己遇到过的事。,,Do you have a __________ pen?,spare,你有一支多余的笔吗？,context,2026-09-v2,本地预制课堂素材；原创短句与场景模板,[],想象你也在这个场景里。用 spare 说一句自己的话。
speak,KET,1,说；说话；演说,v.,日常沟通,Can you speak English?,你会说英语吗？,"[{""text"": ""speak"", ""kind"": ""root"", ""meaning"": ""说话""}]",这个词本身可以作为词基，与相关派生词联系起来理解。,0,,https://www.cambridgeenglish.org/images/506886-a2-key-2020-vocabulary-list.pdf,spi:k,https://github.com/skywind3000/ECDICT,offline-materials,speak,authored,speak · 单词里的小故事,小乐和朋友交换今天的小发现。你会说英语吗？小乐说：“Can you speak English?”朋友听懂了，也想起自己遇到过的事。,,Can you __________ English?,speak,你会说英语吗？,context,2026-09-v2,本地预制课堂素材；原创短句与场景模板,[],想象你也在这个场景里。用 speak 说一句自己的话。
speaker,KET,1,说话人；讲演者；发言人,n.,日常沟通,This story is about a speaker.,这个故事讲的是一位说话人。,"[{""text"": ""speak"", ""kind"": ""root"", ""meaning"": ""说话""}, {""text"": ""-er"", ""kind"": ""suffix"", ""meaning"": ""做某事的人或物"", ""story"": ""表示做事者的 -er 有古英语 -ere 等历史来源。它常把动作变成做这个动作的人或工具。先找到动作，再问“谁来做”，就能串起一组词。比较级里的 -er 是另一种用法。"", ""source"": ""https://www.merriam-webster.com/dictionary/-er""}]",先理解词基，再看词缀如何改变含义或词性。,0,,https://www.cambridgeenglish.org/images/506886-a2-key-2020-vocabulary-list.pdf,'spi:kә,https://github.com/skywind3000/ECDICT,offline-materials,speaker,person,speaker · 单词里的小故事,读书会轮到小乐介绍故事里的一个人物。这个故事讲的是一位说话人。小乐说：“This story is about a speaker.”朋友听懂了，也想起自己遇到过的事。,,This story is about a __________.,speaker,这个故事讲的是一位说话人。,context,2026-09-v2,本地预制课堂素材；原创短句与场景模板,[],想象你也在这个场景里。用 speaker 说一句自己的话。
spelling,KET,2,拼；拼字；拼法,n.,日常沟通,We learn about spelling at school.,我们在学校学习拼。,"[{""text"": ""spell"", ""kind"": ""root"", ""meaning"": ""拼写""}, {""text"": ""-ing"", ""kind"": ""suffix"", ""meaning"": ""把动作当作活动或事物来表达"", ""story"": ""把动作变成名词的 -ing，可以追溯到古英语的 -ung、-ing。一个动作加上这样的结尾，就能作为一种活动来谈论。注意句子里的位置：-ing 也会用于进行时和形容词。"", ""source"": ""https://www.merriam-webster.com/dictionary/-ing""}]",先理解词基，再看词缀如何改变含义或词性。,0,,https://www.cambridgeenglish.org/images/506886-a2-key-2020-vocabulary-list.pdf,'speliŋ,https://github.com/skywind3000/ECDICT,offline-materials,spelling,school,spelling · 单词里的小故事,小乐把今天在学校学到的内容讲给家人听。我们在学校学习拼。小乐说：“We learn about spelling at school.”朋友听懂了，也想起自己遇到过的事。,,We learn about __________ at school.,spelling,我们在学校学习拼。,context,2026-09-v2,本地预制课堂素材；原创短句与场景模板,[],想象你也在这个场景里。用 spelling 说一句自己的话。
spend,KET,1,花费；浪费；度过,v.,日常沟通,I spend an hour reading every day.,我每天花一小时读书。,[],结合常用释义整体记忆。先听老师读，再用自己的生活场景解释。,0,,https://www.cambridgeenglish.org/images/506886-a2-key-2020-vocabulary-list.pdf,spend,https://github.com/skywind3000/ECDICT,offline-materials,spend,authored,spend · 单词里的小故事,小乐和朋友交换今天的小发现。我每天花一小时读书。小乐说：“I spend an hour reading every day.”朋友听懂了，也想起自己遇到过的事。,,I __________ an hour reading every day.,spend,我每天花一小时读书。,context,2026-09-v2,本地预制课堂素材；原创短句与场景模板,[],想象你也在这个场景里。用 spend 说一句自己的话。
sport,KET,1,运动；游戏；娱乐,n.,日常沟通,I want to learn more about sport.,我想多了解一些运动。,[],结合常用释义整体记忆。先听老师读，再用自己的生活场景解释。,0,,https://www.cambridgeenglish.org/images/506886-a2-key-2020-vocabulary-list.pdf,spɒ:t,https://github.com/skywind3000/ECDICT,offline-materials,sport,activity,sport · 单词里的小故事,班级要举办兴趣日，小乐选了自己想了解的活动。我想多了解一些运动。小乐说：“I want to learn more about sport.”朋友听懂了，也想起自己遇到过的事。,,I want to learn more about __________.,sport,我想多了解一些运动。,context,2026-09-v2,本地预制课堂素材；原创短句与场景模板,[],想象你也在这个场景里。用 sport 说一句自己的话。
sports centre,KET,3,体育运动中心；运动场,n.,日常沟通,We visited the sports centre today.,我们今天参观了体育运动中心。,"[{""text"": ""sports"", ""kind"": ""compound"", ""meaning"": ""运动""}, {""text"": ""centre"", ""kind"": ""compound"", ""meaning"": ""中心""}]",两个已有成分组合成一个词。结合它们的意思理解整体词义，但不要把这种现代拆分当作完整的历史词源。,0,,https://www.cambridgeenglish.org/images/506886-a2-key-2020-vocabulary-list.pdf,spɔ:ts ˈsentə,https://github.com/skywind3000/ECDICT,offline-materials,sports centre,place,sports centre · 单词里的小故事,小乐把今天的外出经历记进了日记。我们今天参观了体育运动中心。小乐说：“We visited the sports centre today.”朋友听懂了，也想起自己遇到过的事。,,We visited the __________ today.,sports centre,我们今天参观了体育运动中心。,context,2026-09-v2,本地预制课堂素材；原创短句与场景模板,[],想象你也在这个场景里。用 sports centre 说一句自己的话。
stadium,KET,2,露天大型运动场,n.,日常沟通,We visited the stadium today.,我们今天参观了露天大型运动场。,[],结合常用释义整体记忆。先听老师读，再用自己的生活场景解释。,0,,https://www.cambridgeenglish.org/images/506886-a2-key-2020-vocabulary-list.pdf,'steidiәm,https://github.com/skywind3000/ECDICT,offline-materials,stadium,place,stadium · 单词里的小故事,小乐把今天的外出经历记进了日记。我们今天参观了露天大型运动场。小乐说：“We visited the stadium today.”朋友听懂了，也想起自己遇到过的事。,,We visited the __________ today.,stadium,我们今天参观了露天大型运动场。,context,2026-09-v2,本地预制课堂素材；原创短句与场景模板,[],想象你也在这个场景里。用 stadium 说一句自己的话。
stage,KET,1,舞台；阶段,n.,日常沟通,We talked about the stage today.,我们今天谈到了舞台。,[],结合常用释义整体记忆。先听老师读，再用自己的生活场景解释。,0,,https://www.cambridgeenglish.org/images/506886-a2-key-2020-vocabulary-list.pdf,steidʒ,常用义教学修订；原词典见 ECDICT-LICENSE.txt,offline-materials,stage,discussion,stage · 单词里的小故事,小乐和朋友聊起今天的一件事。我们今天谈到了舞台。小乐说：“We talked about the stage today.”朋友听懂了，也想起自己遇到过的事。,,We talked about the __________ today.,stage,我们今天谈到了舞台。,context,2026-09-v2,本地预制课堂素材；原创短句与场景模板,[],想象你也在这个场景里。用 stage 说一句自己的话。
stamp,KET,2,印；邮票；打印器,n.,日常沟通,We need the stamp today.,我们今天需要印。,[],结合常用释义整体记忆。先听老师读，再用自己的生活场景解释。,0,,https://www.cambridgeenglish.org/images/506886-a2-key-2020-vocabulary-list.pdf,stæmp,https://github.com/skywind3000/ECDICT,offline-materials,stamp,equipment,stamp · 单词里的小故事,班级活动开始前，小乐负责核对需要的东西。我们今天需要印。小乐说：“We need the stamp today.”朋友听懂了，也想起自己遇到过的事。,,We need the __________ today.,stamp,我们今天需要印。,context,2026-09-v2,本地预制课堂素材；原创短句与场景模板,[],想象你也在这个场景里。用 stamp 说一句自己的话。
stand,KET,1,站；立；坐落,v.,日常沟通,Please stand by the door.,请站在门旁。,[],结合常用释义整体记忆。先听老师读，再用自己的生活场景解释。,1,,https://www.cambridgeenglish.org/images/506886-a2-key-2020-vocabulary-list.pdf,stænd,https://github.com/skywind3000/ECDICT,offline-materials,stand,authored,stand · 单词里的小故事,小乐和朋友交换今天的小发现。请站在门旁。小乐说：“Please stand by the door.”朋友听懂了，也想起自己遇到过的事。,,Please __________ by the door.,stand,请站在门旁。,context,2026-09-v2,本地预制课堂素材；原创短句与场景模板,[],想象你也在这个场景里。用 stand 说一句自己的话。
star,KET,1,星；恒星；星形物,n; v.,日常沟通,This story is about a star.,这个故事讲的是一位星。,[],结合常用释义整体记忆。先听老师读，再用自己的生活场景解释。,0,,https://www.cambridgeenglish.org/images/506886-a2-key-2020-vocabulary-list.pdf,stɑ:,https://github.com/skywind3000/ECDICT,offline-materials,star,person,star · 单词里的小故事,读书会轮到小乐介绍故事里的一个人物。这个故事讲的是一位星。小乐说：“This story is about a star.”朋友听懂了，也想起自己遇到过的事。,,This story is about a __________.,star,这个故事讲的是一位星。,context,2026-09-v2,本地预制课堂素材；原创短句与场景模板,[],想象你也在这个场景里。用 star 说一句自己的话。
start,KET,1,开始；出发；启动,v.,日常沟通,Let's start the lesson.,我们开始上课吧。,"[{""text"": ""start"", ""kind"": ""root"", ""meaning"": ""开始""}]",这个词本身可以作为词基，与相关派生词联系起来理解。,0,,https://www.cambridgeenglish.org/images/506886-a2-key-2020-vocabulary-list.pdf,stɑ:t,https://github.com/skywind3000/ECDICT,offline-materials,start,authored,start · 单词里的小故事,小乐和朋友交换今天的小发现。我们开始上课吧。小乐说：“Let's start the lesson.”朋友听懂了，也想起自己遇到过的事。,,Let's __________ the lesson.,start,我们开始上课吧。,context,2026-09-v2,本地预制课堂素材；原创短句与场景模板,[],想象你也在这个场景里。用 start 说一句自己的话。
stay,KET,1,制止；延缓；坚持,v.,日常沟通,Please stay with your group.,请和你的小组待在一起。,[],结合常用释义整体记忆。先听老师读，再用自己的生活场景解释。,0,,https://www.cambridgeenglish.org/images/506886-a2-key-2020-vocabulary-list.pdf,stei,https://github.com/skywind3000/ECDICT,offline-materials,stay,authored,stay · 单词里的小故事,小乐和朋友交换今天的小发现。请和你的小组待在一起。小乐说：“Please stay with your group.”朋友听懂了，也想起自己遇到过的事。,,Please __________ with your group.,stay,请和你的小组待在一起。,context,2026-09-v2,本地预制课堂素材；原创短句与场景模板,[],想象你也在这个场景里。用 stay 说一句自己的话。
steak,KET,3,牛排；鱼排；肉排,n.,日常沟通,This steak tastes good.,这份牛排味道很好。,[],结合常用释义整体记忆。先听老师读，再用自己的生活场景解释。,0,,https://www.cambridgeenglish.org/images/506886-a2-key-2020-vocabulary-list.pdf,steik,https://github.com/skywind3000/ECDICT,offline-materials,steak,food,steak · 单词里的小故事,小乐第一次给家人当小帮手，端出一份食物。这份牛排味道很好。小乐说：“This steak tastes good.”朋友听懂了，也想起自己遇到过的事。,,This __________ tastes good.,steak,这份牛排味道很好。,context,2026-09-v2,本地预制课堂素材；原创短句与场景模板,[],想象你也在这个场景里。用 steak 说一句自己的话。
steal,KET,1,剽窃；偷偷地做；偷窃,v.,日常沟通,It is wrong to steal.,偷东西是不对的。,[],结合常用释义整体记忆。先听老师读，再用自己的生活场景解释。,0,,https://www.cambridgeenglish.org/images/506886-a2-key-2020-vocabulary-list.pdf,sti:l,https://github.com/skywind3000/ECDICT,offline-materials,steal,authored,steal · 单词里的小故事,小乐和朋友交换今天的小发现。偷东西是不对的。小乐说：“It is wrong to steal.”朋友听懂了，也想起自己遇到过的事。,,It is wrong to __________.,steal,偷东西是不对的。,context,2026-09-v2,本地预制课堂素材；原创短句与场景模板,[],想象你也在这个场景里。用 steal 说一句自己的话。
still,KET,1,仍然；更；静止地,adv.,日常沟通,Please keep still for the photo.,拍照时请保持不动。,[],结合常用释义整体记忆。先听老师读，再用自己的生活场景解释。,0,,https://www.cambridgeenglish.org/images/506886-a2-key-2020-vocabulary-list.pdf,stil,https://github.com/skywind3000/ECDICT,offline-materials,still,authored,still · 单词里的小故事,小乐和朋友交换今天的小发现。拍照时请保持不动。小乐说：“Please keep still for the photo.”朋友听懂了，也想起自己遇到过的事。,,Please keep __________ for the photo.,still,拍照时请保持不动。,context,2026-09-v2,本地预制课堂素材；原创短句与场景模板,[],想象你也在这个场景里。用 still 说一句自己的话。
stomach ache,KET,3,胃痛；肚子痛,n.,日常沟通,We talked about the stomach ache today.,我们今天谈到了胃痛。,"[{""text"": ""stomach"", ""kind"": ""compound"", ""meaning"": ""胃""}, {""text"": ""ache"", ""kind"": ""compound"", ""meaning"": ""疼痛""}]",两个已有成分组合成一个词。结合它们的意思理解整体词义，但不要把这种现代拆分当作完整的历史词源。,0,,https://www.cambridgeenglish.org/images/506886-a2-key-2020-vocabulary-list.pdf,ˈstʌmək eik,https://github.com/skywind3000/ECDICT,offline-materials,stomach ache,discussion,stomach ache · 单词里的小故事,小乐和朋友聊起今天的一件事。我们今天谈到了胃痛。小乐说：“We talked about the stomach ache today.”朋友听懂了，也想起自己遇到过的事。,,We talked about the __________ today.,stomach ache,我们今天谈到了胃痛。,context,2026-09-v2,本地预制课堂素材；原创短句与场景模板,[],想象你也在这个场景里。用 stomach ache 说一句自己的话。
store,KET,1,商店；贮藏；仓库,n.,日常沟通,We visited the store today.,我们今天参观了商店。,[],结合常用释义整体记忆。先听老师读，再用自己的生活场景解释。,0,,https://www.cambridgeenglish.org/images/506886-a2-key-2020-vocabulary-list.pdf,stɒ:,https://github.com/skywind3000/ECDICT,offline-materials,store,place,store · 单词里的小故事,小乐把今天的外出经历记进了日记。我们今天参观了商店。小乐说：“We visited the store today.”朋友听懂了，也想起自己遇到过的事。,,We visited the __________ today.,store,我们今天参观了商店。,context,2026-09-v2,本地预制课堂素材；原创短句与场景模板,[],想象你也在这个场景里。用 store 说一句自己的话。
story,KET,1,故事；小说；传奇,n.,日常沟通,We talked about the story today.,我们今天谈到了故事。,[],结合常用释义整体记忆。先听老师读，再用自己的生活场景解释。,0,,https://www.cambridgeenglish.org/images/506886-a2-key-2020-vocabulary-list.pdf,'stɒ:ri,https://github.com/skywind3000/ECDICT,offline-materials,story,discussion,story · 单词里的小故事,小乐和朋友聊起今天的一件事。我们今天谈到了故事。小乐说：“We talked about the story today.”朋友听懂了，也想起自己遇到过的事。,,We talked about the __________ today.,story,我们今天谈到了故事。,context,2026-09-v2,本地预制课堂素材；原创短句与场景模板,[],想象你也在这个场景里。用 story 说一句自己的话。
strange,KET,1,奇怪的；陌生的；生疏的,adj.,日常沟通,It is a strange story.,这是一个奇怪的故事。,[],结合常用释义整体记忆。先听老师读，再用自己的生活场景解释。,0,,https://www.cambridgeenglish.org/images/506886-a2-key-2020-vocabulary-list.pdf,streindʒ,https://github.com/skywind3000/ECDICT,offline-materials,strange,story-quality,strange · 单词里的小故事,读完一本故事书，小乐想用一句话向朋友介绍它。这是一个奇怪的故事。小乐说：“It is a strange story.”朋友听懂了，也想起自己遇到过的事。,,It is a __________ story.,strange,这是一个奇怪的故事。,context,2026-09-v2,本地预制课堂素材；原创短句与场景模板,[],想象你也在这个场景里。用 strange 说一句自己的话。
street,KET,1,街道；马路；街区,n.,日常沟通,We visited the street today.,我们今天参观了街道。,[],结合常用释义整体记忆。先听老师读，再用自己的生活场景解释。,0,,https://www.cambridgeenglish.org/images/506886-a2-key-2020-vocabulary-list.pdf,stri:t,https://github.com/skywind3000/ECDICT,offline-materials,street,place,street · 单词里的小故事,小乐把今天的外出经历记进了日记。我们今天参观了街道。小乐说：“We visited the street today.”朋友听懂了，也想起自己遇到过的事。,,We visited the __________ today.,street,我们今天参观了街道。,context,2026-09-v2,本地预制课堂素材；原创短句与场景模板,[],想象你也在这个场景里。用 street 说一句自己的话。
striped,KET,3,有斑纹的,adj.,日常沟通,This box is striped.,这个盒子是有斑纹的。,[],结合常用释义整体记忆。先听老师读，再用自己的生活场景解释。,0,,https://www.cambridgeenglish.org/images/506886-a2-key-2020-vocabulary-list.pdf,straipt,https://github.com/skywind3000/ECDICT,offline-materials,striped,object-quality,striped · 单词里的小故事,朋友闭上眼睛，让小乐描述面前的盒子。这个盒子是有斑纹的。小乐说：“This box is striped.”朋友听懂了，也想起自己遇到过的事。,,This box is __________.,striped,这个盒子是有斑纹的。,context,2026-09-v2,本地预制课堂素材；原创短句与场景模板,[],想象你也在这个场景里。用 striped 说一句自己的话。
stripes,KET,3,条子布；条纹布（stripe复数形式）,n.,日常沟通,We talked about the stripes today.,我们今天谈到了条子布。,[],结合常用释义整体记忆。先听老师读，再用自己的生活场景解释。,0,,https://www.cambridgeenglish.org/images/506886-a2-key-2020-vocabulary-list.pdf,,https://github.com/skywind3000/ECDICT,offline-materials,stripes,discussion,stripes · 单词里的小故事,小乐和朋友聊起今天的一件事。我们今天谈到了条子布。小乐说：“We talked about the stripes today.”朋友听懂了，也想起自己遇到过的事。,,We talked about the __________ today.,stripes,我们今天谈到了条子布。,context,2026-09-v2,本地预制课堂素材；原创短句与场景模板,[],想象你也在这个场景里。用 stripes 说一句自己的话。
strong,KET,1,强壮的；坚固的；坚强的,adj.,日常沟通,The person in the story is strong.,故事里的那个人是强壮的。,[],结合常用释义整体记忆。先听老师读，再用自己的生活场景解释。,0,,https://www.cambridgeenglish.org/images/506886-a2-key-2020-vocabulary-list.pdf,strɒŋ,https://github.com/skywind3000/ECDICT,offline-materials,strong,person-quality,strong · 单词里的小故事,同学们在给故事人物选词卡，小乐找到了合适的一张。故事里的那个人是强壮的。小乐说：“The person in the story is strong.”朋友听懂了，也想起自己遇到过的事。,,The person in the story is __________.,strong,故事里的那个人是强壮的。,context,2026-09-v2,本地预制课堂素材；原创短句与场景模板,[],想象你也在这个场景里。用 strong 说一句自己的话。
stuff,KET,1,东西,n.,日常沟通,We talked about the stuff today.,我们今天谈到了东西。,[],结合常用释义整体记忆。先听老师读，再用自己的生活场景解释。,0,,https://www.cambridgeenglish.org/images/506886-a2-key-2020-vocabulary-list.pdf,stʌf,常用义教学修订；原词典见 ECDICT-LICENSE.txt,offline-materials,stuff,discussion,stuff · 单词里的小故事,小乐和朋友聊起今天的一件事。我们今天谈到了东西。小乐说：“We talked about the stuff today.”朋友听懂了，也想起自己遇到过的事。,,We talked about the __________ today.,stuff,我们今天谈到了东西。,context,2026-09-v2,本地预制课堂素材；原创短句与场景模板,[],想象你也在这个场景里。用 stuff 说一句自己的话。
success,KET,1,成功,n.,日常沟通,We talked about the success today.,我们今天谈到了成功。,"[{""text"": ""success"", ""kind"": ""root"", ""meaning"": ""成功""}]",这个词本身可以作为词基，与相关派生词联系起来理解。,0,,https://www.cambridgeenglish.org/images/506886-a2-key-2020-vocabulary-list.pdf,sәk'ses,常用义教学修订；原词典见 ECDICT-LICENSE.txt,offline-materials,success,discussion,success · 单词里的小故事,小乐和朋友聊起今天的一件事。我们今天谈到了成功。小乐说：“We talked about the success today.”朋友听懂了，也想起自己遇到过的事。,,We talked about the __________ today.,success,我们今天谈到了成功。,context,2026-09-v2,本地预制课堂素材；原创短句与场景模板,[],想象你也在这个场景里。用 success 说一句自己的话。
successful,KET,1,成功的；一帆风顺的；顺利的,adj.,日常沟通,It is a successful story.,这是一个成功的故事。,"[{""text"": ""success"", ""kind"": ""root"", ""meaning"": ""成功""}, {""text"": ""-ful"", ""kind"": ""suffix"", ""meaning"": ""有……特征的；充满……的"", ""story"": ""-ful 可以追溯到古英语中表示“满的”的 full。今天它常表示具有某种特征。可以把它想成“装着某种特点”的小口袋。注意：独立单词 full 有两个 l，后缀 -ful 只有一个。"", ""source"": ""https://www.merriam-webster.com/dictionary/-ful""}]",先理解词基，再看词缀如何改变含义或词性。,0,,https://www.cambridgeenglish.org/images/506886-a2-key-2020-vocabulary-list.pdf,sәk'sesful,https://github.com/skywind3000/ECDICT,offline-materials,successful,story-quality,successful · 单词里的小故事,读完一本故事书，小乐想用一句话向朋友介绍它。这是一个成功的故事。小乐说：“It is a successful story.”朋友听懂了，也想起自己遇到过的事。,,It is a __________ story.,successful,这是一个成功的故事。,context,2026-09-v2,本地预制课堂素材；原创短句与场景模板,"[{""en"": ""Our school trip was successful."", ""zh"": ""我们的学校旅行很成功。""}]",想象你也在这个场景里。用 successful 说一句自己的话。
such,KET,1,如此的；这样的,det.,日常沟通,It is such a lovely day.,今天真是美好的一天。,[],结合常用释义整体记忆。先听老师读，再用自己的生活场景解释。,1,,https://www.cambridgeenglish.org/images/506886-a2-key-2020-vocabulary-list.pdf,sʌtʃ,https://github.com/skywind3000/ECDICT,offline-materials,such,authored,such · 单词里的小故事,小乐和朋友交换今天的小发现。今天真是美好的一天。小乐说：“It is such a lovely day.”朋友听懂了，也想起自己遇到过的事。,,It is __________ a lovely day.,such,今天真是美好的一天。,context,2026-09-v2,本地预制课堂素材；原创短句与场景模板,[],想象你也在这个场景里。用 such 说一句自己的话。
suit,KET,2,套装；适合,n.,日常沟通,I like your suit.,我喜欢你的套装。,"[{""text"": ""suit"", ""kind"": ""root"", ""meaning"": ""适合""}]",这个词本身可以作为词基，与相关派生词联系起来理解。,0,,https://www.cambridgeenglish.org/images/506886-a2-key-2020-vocabulary-list.pdf,sju:t. su:t,常用义教学修订；原词典见 ECDICT-LICENSE.txt,offline-materials,suit,clothes,suit · 单词里的小故事,出门前，小乐注意到了朋友的穿着。我喜欢你的套装。小乐说：“I like your suit.”朋友听懂了，也想起自己遇到过的事。,,I like your __________.,suit,我喜欢你的套装。,context,2026-09-v2,本地预制课堂素材；原创短句与场景模板,[],想象你也在这个场景里。用 suit 说一句自己的话。
sun,KET,1,太阳；日；日光,n.,日常沟通,We talked about the sun today.,我们今天谈到了太阳。,"[{""text"": ""sun"", ""kind"": ""root"", ""meaning"": ""太阳""}]",这个词本身可以作为词基，与相关派生词联系起来理解。,0,,https://www.cambridgeenglish.org/images/506886-a2-key-2020-vocabulary-list.pdf,sʌn,https://github.com/skywind3000/ECDICT,offline-materials,sun,nature,sun · 单词里的小故事,小乐观察完身边的世界，回教室讲了一件事。我们今天谈到了太阳。小乐说：“We talked about the sun today.”朋友听懂了，也想起自己遇到过的事。,,We talked about the __________ today.,sun,我们今天谈到了太阳。,context,2026-09-v2,本地预制课堂素材；原创短句与场景模板,[],想象你也在这个场景里。用 sun 说一句自己的话。
sunday,KET,1,星期日,n.,日常沟通,Our class meets on Sunday.,我们班在星期日上课。,[],结合常用释义整体记忆。先听老师读，再用自己的生活场景解释。,1,,https://www.cambridgeenglish.org/images/506886-a2-key-2020-vocabulary-list.pdf,'sʌndi,https://github.com/skywind3000/ECDICT,offline-materials,Sunday,date,Sunday · 单词里的小故事,小乐在日历上画了一个圈，提醒自己别忘记这个日子。我们班在星期日上课。小乐说：“Our class meets on Sunday.”朋友听懂了，也想起自己遇到过的事。,,Our class meets on __________.,Sunday,我们班在星期日上课。,context,2026-09-v2,本地预制课堂素材；原创短句与场景模板,[],想象你也在这个场景里。用 Sunday 说一句自己的话。
supper,KET,2,晚餐,n.,日常沟通,This supper tastes good.,这份晚餐味道很好。,[],结合常用释义整体记忆。先听老师读，再用自己的生活场景解释。,0,,https://www.cambridgeenglish.org/images/506886-a2-key-2020-vocabulary-list.pdf,'sʌpә,https://github.com/skywind3000/ECDICT,offline-materials,supper,food,supper · 单词里的小故事,小乐第一次给家人当小帮手，端出一份食物。这份晚餐味道很好。小乐说：“This supper tastes good.”朋友听懂了，也想起自己遇到过的事。,,This __________ tastes good.,supper,这份晚餐味道很好。,context,2026-09-v2,本地预制课堂素材；原创短句与场景模板,[],想象你也在这个场景里。用 supper 说一句自己的话。
suppose,KET,1,推想；假设；以为,v.,日常沟通,I suppose you are right.,我想你是对的。,[],结合常用释义整体记忆。先听老师读，再用自己的生活场景解释。,0,,https://www.cambridgeenglish.org/images/506886-a2-key-2020-vocabulary-list.pdf,sә'pәuz,https://github.com/skywind3000/ECDICT,offline-materials,suppose,authored,suppose · 单词里的小故事,小乐和朋友交换今天的小发现。我想你是对的。小乐说：“I suppose you are right.”朋友听懂了，也想起自己遇到过的事。,,I __________ you are right.,suppose,我想你是对的。,context,2026-09-v2,本地预制课堂素材；原创短句与场景模板,[],想象你也在这个场景里。用 suppose 说一句自己的话。
sure,KET,1,确信；必然的；必定的,adj.,日常沟通,Are you sure this is the right road?,你确定这是正确的路吗？,[],结合常用释义整体记忆。先听老师读，再用自己的生活场景解释。,0,,https://www.cambridgeenglish.org/images/506886-a2-key-2020-vocabulary-list.pdf,ʃuә,https://github.com/skywind3000/ECDICT,offline-materials,sure,authored,sure · 单词里的小故事,小乐和朋友交换今天的小发现。你确定这是正确的路吗？小乐说：“Are you sure this is the right road?”朋友听懂了，也想起自己遇到过的事。,,Are you __________ this is the right road?,sure,你确定这是正确的路吗？,context,2026-09-v2,本地预制课堂素材；原创短句与场景模板,[],想象你也在这个场景里。用 sure 说一句自己的话。
surf,KET,3,作冲浪运动,v.,日常沟通,He can surf on big waves.,他能在大浪上冲浪。,"[{""text"": ""surf"", ""kind"": ""root"", ""meaning"": ""冲浪""}]",这个词本身可以作为词基，与相关派生词联系起来理解。,0,,https://www.cambridgeenglish.org/images/506886-a2-key-2020-vocabulary-list.pdf,sә:f,https://github.com/skywind3000/ECDICT,offline-materials,surf,authored,surf · 单词里的小故事,小乐和朋友交换今天的小发现。他能在大浪上冲浪。小乐说：“He can surf on big waves.”朋友听懂了，也想起自己遇到过的事。,,He can __________ on big waves.,surf,他能在大浪上冲浪。,context,2026-09-v2,本地预制课堂素材；原创短句与场景模板,[],想象你也在这个场景里。用 surf 说一句自己的话。
surfboarding,KET,3,(surfboard 的现在分词) n. 冲浪板；用冲浪板滑水,n.,日常沟通,I want to learn more about surfboarding.,我想多了解一些n. 冲浪板。,[],结合常用释义整体记忆。先听老师读，再用自己的生活场景解释。,0,,https://www.cambridgeenglish.org/images/506886-a2-key-2020-vocabulary-list.pdf,,https://github.com/skywind3000/ECDICT,offline-materials,surfboarding,activity,surfboarding · 单词里的小故事,班级要举办兴趣日，小乐选了自己想了解的活动。我想多了解一些n. 冲浪板。小乐说：“I want to learn more about surfboarding.”朋友听懂了，也想起自己遇到过的事。,,I want to learn more about __________.,surfboarding,我想多了解一些n. 冲浪板。,context,2026-09-v2,本地预制课堂素材；原创短句与场景模板,[],想象你也在这个场景里。用 surfboarding 说一句自己的话。
surfing,KET,3,冲浪运动,n.,日常沟通,I want to learn more about surfing.,我想多了解一些冲浪运动。,"[{""text"": ""surf"", ""kind"": ""root"", ""meaning"": ""冲浪""}, {""text"": ""-ing"", ""kind"": ""suffix"", ""meaning"": ""把动作当作活动或事物来表达"", ""story"": ""把动作变成名词的 -ing，可以追溯到古英语的 -ung、-ing。一个动作加上这样的结尾，就能作为一种活动来谈论。注意句子里的位置：-ing 也会用于进行时和形容词。"", ""source"": ""https://www.merriam-webster.com/dictionary/-ing""}]",先理解词基，再看词缀如何改变含义或词性。,0,,https://www.cambridgeenglish.org/images/506886-a2-key-2020-vocabulary-list.pdf,'sә:fiŋ,https://github.com/skywind3000/ECDICT,offline-materials,surfing,activity,surfing · 单词里的小故事,班级要举办兴趣日，小乐选了自己想了解的活动。我想多了解一些冲浪运动。小乐说：“I want to learn more about surfing.”朋友听懂了，也想起自己遇到过的事。,,I want to learn more about __________.,surfing,我想多了解一些冲浪运动。,context,2026-09-v2,本地预制课堂素材；原创短句与场景模板,[],想象你也在这个场景里。用 surfing 说一句自己的话。
surname,KET,3,姓,n.,日常沟通,We talked about the surname today.,我们今天谈到了姓。,[],结合常用释义整体记忆。先听老师读，再用自己的生活场景解释。,0,,https://www.cambridgeenglish.org/images/506886-a2-key-2020-vocabulary-list.pdf,'sә:neim,常用义教学修订；原词典见 ECDICT-LICENSE.txt,offline-materials,surname,discussion,surname · 单词里的小故事,小乐和朋友聊起今天的一件事。我们今天谈到了姓。小乐说：“We talked about the surname today.”朋友听懂了，也想起自己遇到过的事。,,We talked about the __________ today.,surname,我们今天谈到了姓。,context,2026-09-v2,本地预制课堂素材；原创短句与场景模板,[],想象你也在这个场景里。用 surname 说一句自己的话。
surprise,KET,1,惊奇；奇袭；诧异,n.,日常沟通,We talked about the surprise today.,我们今天谈到了惊奇。,[],结合常用释义整体记忆。先听老师读，再用自己的生活场景解释。,0,,https://www.cambridgeenglish.org/images/506886-a2-key-2020-vocabulary-list.pdf,sә'praiz,https://github.com/skywind3000/ECDICT,offline-materials,surprise,discussion,surprise · 单词里的小故事,小乐和朋友聊起今天的一件事。我们今天谈到了惊奇。小乐说：“We talked about the surprise today.”朋友听懂了，也想起自己遇到过的事。,,We talked about the __________ today.,surprise,我们今天谈到了惊奇。,context,2026-09-v2,本地预制课堂素材；原创短句与场景模板,[],想象你也在这个场景里。用 surprise 说一句自己的话。
surprising,KET,2,令人惊讶的,adj.,日常沟通,It is a surprising story.,这是一个令人惊讶的故事。,[],结合常用释义整体记忆。先听老师读，再用自己的生活场景解释。,0,,https://www.cambridgeenglish.org/images/506886-a2-key-2020-vocabulary-list.pdf,sә'praiziŋ,https://github.com/skywind3000/ECDICT,offline-materials,surprising,story-quality,surprising · 单词里的小故事,读完一本故事书，小乐想用一句话向朋友介绍它。这是一个令人惊讶的故事。小乐说：“It is a surprising story.”朋友听懂了，也想起自己遇到过的事。,,It is a __________ story.,surprising,这是一个令人惊讶的故事。,context,2026-09-v2,本地预制课堂素材；原创短句与场景模板,[],想象你也在这个场景里。用 surprising 说一句自己的话。
swan,KET,2,天鹅；天鹅星座；有才华的诗人,n.,日常沟通,We saw the swan in a picture.,我们在图片里看到了天鹅。,[],结合常用释义整体记忆。先听老师读，再用自己的生活场景解释。,0,,https://www.cambridgeenglish.org/images/506886-a2-key-2020-vocabulary-list.pdf,swɒn,https://github.com/skywind3000/ECDICT,offline-materials,swan,animal,swan · 单词里的小故事,小乐翻开一本动物画册，在其中一页停了下来。我们在图片里看到了天鹅。小乐说：“We saw the swan in a picture.”朋友听懂了，也想起自己遇到过的事。,,We saw the __________ in a picture.,swan,我们在图片里看到了天鹅。,context,2026-09-v2,本地预制课堂素材；原创短句与场景模板,[],想象你也在这个场景里。用 swan 说一句自己的话。
sweet,KET,2,甜的；糖果,n; adj.,日常沟通,This cake is sweet.,这个蛋糕很甜。,[],结合常用释义整体记忆。先听老师读，再用自己的生活场景解释。,0,,https://www.cambridgeenglish.org/images/506886-a2-key-2020-vocabulary-list.pdf,swi:t,常用义教学修订；原词典见 ECDICT-LICENSE.txt,offline-materials,sweet,authored,sweet · 单词里的小故事,小乐和朋友交换今天的小发现。这个蛋糕很甜。小乐说：“This cake is sweet.”朋友听懂了，也想起自己遇到过的事。,,This cake is __________.,sweet,这个蛋糕很甜。,context,2026-09-v2,本地预制课堂素材；原创短句与场景模板,[],想象你也在这个场景里。用 sweet 说一句自己的话。
swim,KET,2,游泳；游；漂浮,v; n.,日常沟通,I can swim in the pool.,我能在泳池里游泳。,"[{""text"": ""swim"", ""kind"": ""root"", ""meaning"": ""游泳""}]",这个词本身可以作为词基，与相关派生词联系起来理解。,0,,https://www.cambridgeenglish.org/images/506886-a2-key-2020-vocabulary-list.pdf,swim,https://github.com/skywind3000/ECDICT,offline-materials,swim,authored,swim · 单词里的小故事,小乐和朋友交换今天的小发现。我能在泳池里游泳。小乐说：“I can swim in the pool.”朋友听懂了，也想起自己遇到过的事。,,I can __________ in the pool.,swim,我能在泳池里游泳。,context,2026-09-v2,本地预制课堂素材；原创短句与场景模板,[],想象你也在这个场景里。用 swim 说一句自己的话。
swimming costume,KET,3,游泳衣,n.,日常沟通,I like your swimming costume.,我喜欢你的游泳衣。,[],结合常用释义整体记忆。先听老师读，再用自己的生活场景解释。,0,,https://www.cambridgeenglish.org/images/506886-a2-key-2020-vocabulary-list.pdf,,https://github.com/skywind3000/ECDICT,offline-materials,swimming costume,clothes,swimming costume · 单词里的小故事,出门前，小乐注意到了朋友的穿着。我喜欢你的游泳衣。小乐说：“I like your swimming costume.”朋友听懂了，也想起自己遇到过的事。,,I like your __________.,swimming costume,我喜欢你的游泳衣。,context,2026-09-v2,本地预制课堂素材；原创短句与场景模板,[],想象你也在这个场景里。用 swimming costume 说一句自己的话。
swimming pool,KET,3,游泳池,n.,日常沟通,We talked about the swimming pool today.,我们今天谈到了游泳池。,[],结合常用释义整体记忆。先听老师读，再用自己的生活场景解释。,0,,https://www.cambridgeenglish.org/images/506886-a2-key-2020-vocabulary-list.pdf,ˈswɪmɪŋ pu:l,https://github.com/skywind3000/ECDICT,offline-materials,swimming pool,discussion,swimming pool · 单词里的小故事,小乐和朋友聊起今天的一件事。我们今天谈到了游泳池。小乐说：“We talked about the swimming pool today.”朋友听懂了，也想起自己遇到过的事。,,We talked about the __________ today.,swimming pool,我们今天谈到了游泳池。,context,2026-09-v2,本地预制课堂素材；原创短句与场景模板,[],想象你也在这个场景里。用 swimming pool 说一句自己的话。
swimsuit,KET,3,游泳衣,n.,日常沟通,I like your swimsuit.,我喜欢你的游泳衣。,"[{""text"": ""swim"", ""kind"": ""compound"", ""meaning"": ""游泳""}, {""text"": ""suit"", ""kind"": ""compound"", ""meaning"": ""套装""}]",两个已有成分组合成一个词。结合它们的意思理解整体词义，但不要把这种现代拆分当作完整的历史词源。,0,,https://www.cambridgeenglish.org/images/506886-a2-key-2020-vocabulary-list.pdf,'swimsju:t,https://github.com/skywind3000/ECDICT,offline-materials,swimsuit,clothes,swimsuit · 单词里的小故事,出门前，小乐注意到了朋友的穿着。我喜欢你的游泳衣。小乐说：“I like your swimsuit.”朋友听懂了，也想起自己遇到过的事。,,I like your __________.,swimsuit,我喜欢你的游泳衣。,context,2026-09-v2,本地预制课堂素材；原创短句与场景模板,[],想象你也在这个场景里。用 swimsuit 说一句自己的话。
t-shirt,KET,3,T恤,n.,日常沟通,I like your T-shirt.,我喜欢你的T恤。,[],结合常用释义整体记忆。先听老师读，再用自己的生活场景解释。,0,,https://www.cambridgeenglish.org/images/506886-a2-key-2020-vocabulary-list.pdf,"'ti:,ʃә:t",常用义教学修订；原词典见 ECDICT-LICENSE.txt,offline-materials,T-shirt,clothes,T-shirt · 单词里的小故事,出门前，小乐注意到了朋友的穿着。我喜欢你的T恤。小乐说：“I like your T-shirt.”朋友听懂了，也想起自己遇到过的事。,,I like your __________.,T-shirt,我喜欢你的T恤。,context,2026-09-v2,本地预制课堂素材；原创短句与场景模板,[],想象你也在这个场景里。用 T-shirt 说一句自己的话。
table,KET,1,桌子；餐桌；工作台,n.,日常沟通,We need the table today.,我们今天需要桌子。,[],结合常用释义整体记忆。先听老师读，再用自己的生活场景解释。,1,,https://www.cambridgeenglish.org/images/506886-a2-key-2020-vocabulary-list.pdf,'teibl,https://github.com/skywind3000/ECDICT,offline-materials,table,equipment,table · 单词里的小故事,班级活动开始前，小乐负责核对需要的东西。我们今天需要桌子。小乐说：“We need the table today.”朋友听懂了，也想起自己遇到过的事。,,We need the __________ today.,table,我们今天需要桌子。,context,2026-09-v2,本地预制课堂素材；原创短句与场景模板,[],想象你也在这个场景里。用 table 说一句自己的话。
table tennis,KET,3,乒乓球,n.,日常沟通,I want to learn more about table tennis.,我想多了解一些乒乓球。,"[{""text"": ""table"", ""kind"": ""compound"", ""meaning"": ""桌子""}, {""text"": ""tennis"", ""kind"": ""compound"", ""meaning"": ""网球""}]",两个已有成分组合成一个词。结合它们的意思理解整体词义，但不要把这种现代拆分当作完整的历史词源。,0,,https://www.cambridgeenglish.org/images/506886-a2-key-2020-vocabulary-list.pdf,,https://github.com/skywind3000/ECDICT,offline-materials,table tennis,activity,table tennis · 单词里的小故事,班级要举办兴趣日，小乐选了自己想了解的活动。我想多了解一些乒乓球。小乐说：“I want to learn more about table tennis.”朋友听懂了，也想起自己遇到过的事。,,I want to learn more about __________.,table tennis,我想多了解一些乒乓球。,context,2026-09-v2,本地预制课堂素材；原创短句与场景模板,[],想象你也在这个场景里。用 table tennis 说一句自己的话。
tablet,KET,2,平板电脑；药片,n.,日常沟通,We need the tablet today.,我们今天需要平板电脑。,[],结合常用释义整体记忆。先听老师读，再用自己的生活场景解释。,0,,https://www.cambridgeenglish.org/images/506886-a2-key-2020-vocabulary-list.pdf,'tæblit,常用义教学修订；原词典见 ECDICT-LICENSE.txt,offline-materials,tablet,equipment,tablet · 单词里的小故事,班级活动开始前，小乐负责核对需要的东西。我们今天需要平板电脑。小乐说：“We need the tablet today.”朋友听懂了，也想起自己遇到过的事。,,We need the __________ today.,tablet,我们今天需要平板电脑。,context,2026-09-v2,本地预制课堂素材；原创短句与场景模板,[],想象你也在这个场景里。用 tablet 说一句自己的话。
tail,KET,2,尾部；后部；辫子,n.,日常沟通,We talked about the tail today.,我们今天谈到了尾部。,[],结合常用释义整体记忆。先听老师读，再用自己的生活场景解释。,0,,https://www.cambridgeenglish.org/images/506886-a2-key-2020-vocabulary-list.pdf,teil,https://github.com/skywind3000/ECDICT,offline-materials,tail,discussion,tail · 单词里的小故事,小乐和朋友聊起今天的一件事。我们今天谈到了尾部。小乐说：“We talked about the tail today.”朋友听懂了，也想起自己遇到过的事。,,We talked about the __________ today.,tail,我们今天谈到了尾部。,context,2026-09-v2,本地预制课堂素材；原创短句与场景模板,[],想象你也在这个场景里。用 tail 说一句自己的话。
take,KET,1,拿；取；抓,v.,日常沟通,Please take this book home.,请把这本书带回家。,[],结合常用释义整体记忆。先听老师读，再用自己的生活场景解释。,1,,https://www.cambridgeenglish.org/images/506886-a2-key-2020-vocabulary-list.pdf,teik,https://github.com/skywind3000/ECDICT,offline-materials,take,authored,take · 单词里的小故事,小乐和朋友交换今天的小发现。请把这本书带回家。小乐说：“Please take this book home.”朋友听懂了，也想起自己遇到过的事。,,Please __________ this book home.,take,请把这本书带回家。,context,2026-09-v2,本地预制课堂素材；原创短句与场景模板,[],想象你也在这个场景里。用 take 说一句自己的话。
take off,KET,3,拿掉；取消；脱下,phr v.,日常沟通,The plane will take off soon.,飞机很快就要起飞。,[],结合常用释义整体记忆。先听老师读，再用自己的生活场景解释。,0,,https://www.cambridgeenglish.org/images/506886-a2-key-2020-vocabulary-list.pdf,,https://github.com/skywind3000/ECDICT,offline-materials,take off,authored,take off · 单词里的小故事,小乐和朋友交换今天的小发现。飞机很快就要起飞。小乐说：“The plane will take off soon.”朋友听懂了，也想起自己遇到过的事。,,The plane will __________ soon.,take off,飞机很快就要起飞。,context,2026-09-v2,本地预制课堂素材；原创短句与场景模板,[],想象你也在这个场景里。用 take off 说一句自己的话。
take part,KET,3,参加比赛,v.,日常沟通,Would you like to take part in the game?,你想参加这个游戏吗？,[],结合常用释义整体记忆。先听老师读，再用自己的生活场景解释。,0,,https://www.cambridgeenglish.org/images/506886-a2-key-2020-vocabulary-list.pdf,teik pɑ:t,https://github.com/skywind3000/ECDICT,offline-materials,take part,authored,take part · 单词里的小故事,小乐和朋友交换今天的小发现。你想参加这个游戏吗？小乐说：“Would you like to take part in the game?”朋友听懂了，也想起自己遇到过的事。,,Would you like to __________ in the game?,take part,你想参加这个游戏吗？,context,2026-09-v2,本地预制课堂素材；原创短句与场景模板,[],想象你也在这个场景里。用 take part 说一句自己的话。
talk,KET,1,谈话；交谈；会谈,n; v.,日常沟通,We talked about the talk today.,我们今天谈到了谈话。,[],结合常用释义整体记忆。先听老师读，再用自己的生活场景解释。,0,,https://www.cambridgeenglish.org/images/506886-a2-key-2020-vocabulary-list.pdf,tɒ:k,https://github.com/skywind3000/ECDICT,offline-materials,talk,discussion,talk · 单词里的小故事,小乐和朋友聊起今天的一件事。我们今天谈到了谈话。小乐说：“We talked about the talk today.”朋友听懂了，也想起自己遇到过的事。,,We talked about the __________ today.,talk,我们今天谈到了谈话。,context,2026-09-v2,本地预制课堂素材；原创短句与场景模板,[],想象你也在这个场景里。用 talk 说一句自己的话。
tall,KET,1,高的,adj.,日常沟通,The person in the story is tall.,故事里的那个人是高的。,[],结合常用释义整体记忆。先听老师读，再用自己的生活场景解释。,1,,https://www.cambridgeenglish.org/images/506886-a2-key-2020-vocabulary-list.pdf,tɒ:l,常用义教学修订；原词典见 ECDICT-LICENSE.txt,offline-materials,tall,person-quality,tall · 单词里的小故事,同学们在给故事人物选词卡，小乐找到了合适的一张。故事里的那个人是高的。小乐说：“The person in the story is tall.”朋友听懂了，也想起自己遇到过的事。,,The person in the story is __________.,tall,故事里的那个人是高的。,context,2026-09-v2,本地预制课堂素材；原创短句与场景模板,[],想象你也在这个场景里。用 tall 说一句自己的话。
tasty,KET,3,好吃的；可口的,adj.,日常沟通,The soup is tasty.,这汤很好喝。,"[{""text"": ""taste"", ""kind"": ""root"", ""meaning"": ""味道""}, {""text"": ""-y"", ""kind"": ""suffix"", ""meaning"": ""有……特征的"", ""story"": ""表示特征的 -y 可以追溯到古英语的 -ig。它常帮助我们描述一个事物有什么特点。先看看词基指什么，再想想“有这种特点的”会是什么样子。"", ""source"": ""https://www.merriam-webster.com/dictionary/-y""}]",这是词基与派生词的关系。拼写发生了变化，请把本课目标单词完整写对；构词成分不是原词的逐字切片。,0,,https://www.cambridgeenglish.org/images/506886-a2-key-2020-vocabulary-list.pdf,'teisti,https://github.com/skywind3000/ECDICT,offline-materials,tasty,authored,tasty · 单词里的小故事,小乐和朋友交换今天的小发现。这汤很好喝。小乐说：“The soup is tasty.”朋友听懂了，也想起自己遇到过的事。,,The soup is __________.,tasty,这汤很好喝。,context,2026-09-v2,本地预制课堂素材；原创短句与场景模板,[],想象你也在这个场景里。用 tasty 说一句自己的话。
taxi,KET,2,出租车,n.,日常沟通,Look at the taxi in this picture.,看看这张图片中的出租车。,[],结合常用释义整体记忆。先听老师读，再用自己的生活场景解释。,0,,https://www.cambridgeenglish.org/images/506886-a2-key-2020-vocabulary-list.pdf,'tæksi,https://github.com/skywind3000/ECDICT,offline-materials,taxi,transport,taxi · 单词里的小故事,小乐和朋友观察一张出行图片，轮流指出里面的东西。看看这张图片中的出租车。小乐说：“Look at the taxi in this picture.”朋友听懂了，也想起自己遇到过的事。,,Look at the __________ in this picture.,taxi,看看这张图片中的出租车。,context,2026-09-v2,本地预制课堂素材；原创短句与场景模板,[],想象你也在这个场景里。用 taxi 说一句自己的话。
tea,KET,1,茶；茶叶,n.,日常沟通,This tea tastes good.,这份茶味道很好。,[],结合常用释义整体记忆。先听老师读，再用自己的生活场景解释。,0,,https://www.cambridgeenglish.org/images/506886-a2-key-2020-vocabulary-list.pdf,ti:,https://github.com/skywind3000/ECDICT,offline-materials,tea,food,tea · 单词里的小故事,小乐第一次给家人当小帮手，端出一份食物。这份茶味道很好。小乐说：“This tea tastes good.”朋友听懂了，也想起自己遇到过的事。,,This __________ tastes good.,tea,这份茶味道很好。,context,2026-09-v2,本地预制课堂素材；原创短句与场景模板,[],想象你也在这个场景里。用 tea 说一句自己的话。
technology,KET,1,技术；工业技术；术语,n.,日常沟通,We learn about technology at school.,我们在学校学习技术。,[],结合常用释义整体记忆。先听老师读，再用自己的生活场景解释。,0,,https://www.cambridgeenglish.org/images/506886-a2-key-2020-vocabulary-list.pdf,tek'nɒlәdʒi,https://github.com/skywind3000/ECDICT,offline-materials,technology,school,technology · 单词里的小故事,小乐把今天在学校学到的内容讲给家人听。我们在学校学习技术。小乐说：“We learn about technology at school.”朋友听懂了，也想起自己遇到过的事。,,We learn about __________ at school.,technology,我们在学校学习技术。,context,2026-09-v2,本地预制课堂素材；原创短句与场景模板,[],想象你也在这个场景里。用 technology 说一句自己的话。
telephone,KET,1,电话；电话机,n; v.,日常沟通,We talked about the telephone today.,我们今天谈到了电话。,[],结合常用释义整体记忆。先听老师读，再用自己的生活场景解释。,0,,https://www.cambridgeenglish.org/images/506886-a2-key-2020-vocabulary-list.pdf,'telifәun,https://github.com/skywind3000/ECDICT,offline-materials,telephone,discussion,telephone · 单词里的小故事,小乐和朋友聊起今天的一件事。我们今天谈到了电话。小乐说：“We talked about the telephone today.”朋友听懂了，也想起自己遇到过的事。,,We talked about the __________ today.,telephone,我们今天谈到了电话。,context,2026-09-v2,本地预制课堂素材；原创短句与场景模板,[],想象你也在这个场景里。用 telephone 说一句自己的话。
television,KET,1,电视,n.,日常沟通,We talked about the television today.,我们今天谈到了电视。,[],结合常用释义整体记忆。先听老师读，再用自己的生活场景解释。,0,,https://www.cambridgeenglish.org/images/506886-a2-key-2020-vocabulary-list.pdf,'teli.viʒәn,https://github.com/skywind3000/ECDICT,offline-materials,television,discussion,television · 单词里的小故事,小乐和朋友聊起今天的一件事。我们今天谈到了电视。小乐说：“We talked about the television today.”朋友听懂了，也想起自己遇到过的事。,,We talked about the __________ today.,television,我们今天谈到了电视。,context,2026-09-v2,本地预制课堂素材；原创短句与场景模板,[],想象你也在这个场景里。用 television 说一句自己的话。
tell,KET,1,告诉；说；吩咐,v.,日常沟通,Tell me about your day.,跟我说说你今天的事。,[],结合常用释义整体记忆。先听老师读，再用自己的生活场景解释。,1,,https://www.cambridgeenglish.org/images/506886-a2-key-2020-vocabulary-list.pdf,tel,https://github.com/skywind3000/ECDICT,offline-materials,tell,authored,tell · 单词里的小故事,小乐和朋友交换今天的小发现。跟我说说你今天的事。小乐说：“Tell me about your day.”朋友听懂了，也想起自己遇到过的事。,,__________ me about your day.,Tell,跟我说说你今天的事。,context,2026-09-v2,本地预制课堂素材；原创短句与场景模板,[],想象你也在这个场景里。用 tell 说一句自己的话。
tennis player,KET,3,网球选手；网球运动员,n.,日常沟通,This story is about a tennis player.,这个故事讲的是一位网球选手。,[],结合常用释义整体记忆。先听老师读，再用自己的生活场景解释。,0,,https://www.cambridgeenglish.org/images/506886-a2-key-2020-vocabulary-list.pdf,ˈtenis ˈpleɪə,https://github.com/skywind3000/ECDICT,offline-materials,tennis player,person,tennis player · 单词里的小故事,读书会轮到小乐介绍故事里的一个人物。这个故事讲的是一位网球选手。小乐说：“This story is about a tennis player.”朋友听懂了，也想起自己遇到过的事。,,This story is about a __________.,tennis player,这个故事讲的是一位网球选手。,context,2026-09-v2,本地预制课堂素材；原创短句与场景模板,[],想象你也在这个场景里。用 tennis player 说一句自己的话。
tent,KET,2,帐篷；帷幕；住处,n.,日常沟通,We need the tent today.,我们今天需要帐篷。,[],结合常用释义整体记忆。先听老师读，再用自己的生活场景解释。,0,,https://www.cambridgeenglish.org/images/506886-a2-key-2020-vocabulary-list.pdf,tent,https://github.com/skywind3000/ECDICT,offline-materials,tent,equipment,tent · 单词里的小故事,班级活动开始前，小乐负责核对需要的东西。我们今天需要帐篷。小乐说：“We need the tent today.”朋友听懂了，也想起自己遇到过的事。,,We need the __________ today.,tent,我们今天需要帐篷。,context,2026-09-v2,本地预制课堂素材；原创短句与场景模板,[],想象你也在这个场景里。用 tent 说一句自己的话。
term,KET,1,学期；术语,n.,日常沟通,We talked about the term today.,我们今天谈到了学期。,[],结合常用释义整体记忆。先听老师读，再用自己的生活场景解释。,0,,https://www.cambridgeenglish.org/images/506886-a2-key-2020-vocabulary-list.pdf,tә:m,常用义教学修订；原词典见 ECDICT-LICENSE.txt,offline-materials,term,discussion,term · 单词里的小故事,小乐和朋友聊起今天的一件事。我们今天谈到了学期。小乐说：“We talked about the term today.”朋友听懂了，也想起自己遇到过的事。,,We talked about the __________ today.,term,我们今天谈到了学期。,context,2026-09-v2,本地预制课堂素材；原创短句与场景模板,[],想象你也在这个场景里。用 term 说一句自己的话。
terrible,KET,1,可怕的；令人恐惧的；极坏的,adj.,日常沟通,It is terrible today.,今天的天气是可怕的。,[],结合常用释义整体记忆。先听老师读，再用自己的生活场景解释。,0,,https://www.cambridgeenglish.org/images/506886-a2-key-2020-vocabulary-list.pdf,'terәbl,https://github.com/skywind3000/ECDICT,offline-materials,terrible,weather-quality,terrible · 单词里的小故事,出门前，小乐看了一眼窗外，把天气告诉家人。今天的天气是可怕的。小乐说：“It is terrible today.”朋友听懂了，也想起自己遇到过的事。,,It is __________ today.,terrible,今天的天气是可怕的。,context,2026-09-v2,本地预制课堂素材；原创短句与场景模板,[],想象你也在这个场景里。用 terrible 说一句自己的话。
test,KET,1,测试；试验；化验,n.,日常沟通,We talked about the test today.,我们今天谈到了测试。,[],结合常用释义整体记忆。先听老师读，再用自己的生活场景解释。,0,,https://www.cambridgeenglish.org/images/506886-a2-key-2020-vocabulary-list.pdf,test,https://github.com/skywind3000/ECDICT,offline-materials,test,discussion,test · 单词里的小故事,小乐和朋友聊起今天的一件事。我们今天谈到了测试。小乐说：“We talked about the test today.”朋友听懂了，也想起自己遇到过的事。,,We talked about the __________ today.,test,我们今天谈到了测试。,context,2026-09-v2,本地预制课堂素材；原创短句与场景模板,[],想象你也在这个场景里。用 test 说一句自己的话。
text,KET,1,课文；短信；发短信,n; v.,日常沟通,We need the text today.,我们今天需要课文。,[],结合常用释义整体记忆。先听老师读，再用自己的生活场景解释。,0,,https://www.cambridgeenglish.org/images/506886-a2-key-2020-vocabulary-list.pdf,tekst,常用义教学修订；原词典见 ECDICT-LICENSE.txt,offline-materials,text,equipment,text · 单词里的小故事,班级活动开始前，小乐负责核对需要的东西。我们今天需要课文。小乐说：“We need the text today.”朋友听懂了，也想起自己遇到过的事。,,We need the __________ today.,text,我们今天需要课文。,context,2026-09-v2,本地预制课堂素材；原创短句与场景模板,[],想象你也在这个场景里。用 text 说一句自己的话。
text message,KET,3,正文消息,n.,日常沟通,We need the text message today.,我们今天需要正文消息。,[],结合常用释义整体记忆。先听老师读，再用自己的生活场景解释。,0,,https://www.cambridgeenglish.org/images/506886-a2-key-2020-vocabulary-list.pdf,tekst ˈmesidʒ,https://github.com/skywind3000/ECDICT,offline-materials,text message,equipment,text message · 单词里的小故事,班级活动开始前，小乐负责核对需要的东西。我们今天需要正文消息。小乐说：“We need the text message today.”朋友听懂了，也想起自己遇到过的事。,,We need the __________ today.,text message,我们今天需要正文消息。,context,2026-09-v2,本地预制课堂素材；原创短句与场景模板,[],想象你也在这个场景里。用 text message 说一句自己的话。
textbook,KET,2,教科书,n.,日常沟通,We need the textbook today.,我们今天需要教科书。,"[{""text"": ""text"", ""kind"": ""compound"", ""meaning"": ""文本""}, {""text"": ""book"", ""kind"": ""compound"", ""meaning"": ""书""}]",两个已有成分组合成一个词。结合它们的意思理解整体词义，但不要把这种现代拆分当作完整的历史词源。,0,,https://www.cambridgeenglish.org/images/506886-a2-key-2020-vocabulary-list.pdf,'tekstbuk,https://github.com/skywind3000/ECDICT,offline-materials,textbook,equipment,textbook · 单词里的小故事,班级活动开始前，小乐负责核对需要的东西。我们今天需要教科书。小乐说：“We need the textbook today.”朋友听懂了，也想起自己遇到过的事。,,We need the __________ today.,textbook,我们今天需要教科书。,context,2026-09-v2,本地预制课堂素材；原创短句与场景模板,[],想象你也在这个场景里。用 textbook 说一句自己的话。
than,KET,1,比；除...外,prep; conj.,日常沟通,My bag is bigger than yours.,我的包比你的大。,[],结合常用释义整体记忆。先听老师读，再用自己的生活场景解释。,1,,https://www.cambridgeenglish.org/images/506886-a2-key-2020-vocabulary-list.pdf,ðæn,https://github.com/skywind3000/ECDICT,offline-materials,than,authored,than · 单词里的小故事,小乐和朋友交换今天的小发现。我的包比你的大。小乐说：“My bag is bigger than yours.”朋友听懂了，也想起自己遇到过的事。,,My bag is bigger __________ yours.,than,我的包比你的大。,context,2026-09-v2,本地预制课堂素材；原创短句与场景模板,[],想象你也在这个场景里。用 than 说一句自己的话。
thank you,KET,3,谢谢你,exclam.,日常沟通,Thank you for your help.,谢谢你的帮助。,[],结合常用释义整体记忆。先听老师读，再用自己的生活场景解释。,0,,https://www.cambridgeenglish.org/images/506886-a2-key-2020-vocabulary-list.pdf,θæŋk ju:,https://github.com/skywind3000/ECDICT,offline-materials,thank you,authored,thank you · 单词里的小故事,小乐和朋友交换今天的小发现。谢谢你的帮助。小乐说：“Thank you for your help.”朋友听懂了，也想起自己遇到过的事。,,__________ for your help.,Thank you,谢谢你的帮助。,context,2026-09-v2,本地预制课堂素材；原创短句与场景模板,[],想象你也在这个场景里。用 thank you 说一句自己的话。
thanks,KET,1,感谢；谢意；谢忱,exclam.,日常沟通,Thanks for the gift.,谢谢你的礼物。,[],结合常用释义整体记忆。先听老师读，再用自己的生活场景解释。,1,,https://www.cambridgeenglish.org/images/506886-a2-key-2020-vocabulary-list.pdf,,https://github.com/skywind3000/ECDICT,offline-materials,thanks,authored,thanks · 单词里的小故事,小乐和朋友交换今天的小发现。谢谢你的礼物。小乐说：“Thanks for the gift.”朋友听懂了，也想起自己遇到过的事。,,__________ for the gift.,Thanks,谢谢你的礼物。,context,2026-09-v2,本地预制课堂素材；原创短句与场景模板,[],想象你也在这个场景里。用 thanks 说一句自己的话。
that,KET,1,那；那个,conj; pron.,日常沟通,That is my bike.,那是我的自行车。,[],结合常用释义整体记忆。先听老师读，再用自己的生活场景解释。,1,,https://www.cambridgeenglish.org/images/506886-a2-key-2020-vocabulary-list.pdf,ðæt,https://github.com/skywind3000/ECDICT,offline-materials,that,authored,that · 单词里的小故事,小乐和朋友交换今天的小发现。那是我的自行车。小乐说：“That is my bike.”朋友听懂了，也想起自己遇到过的事。,,__________ is my bike.,That,那是我的自行车。,context,2026-09-v2,本地预制课堂素材；原创短句与场景模板,[],想象你也在这个场景里。用 that 说一句自己的话。
their,KET,1,他们的,det.,日常沟通,The children put on their coats.,孩子们穿上了他们的外套。,[],结合常用释义整体记忆。先听老师读，再用自己的生活场景解释。,1,,https://www.cambridgeenglish.org/images/506886-a2-key-2020-vocabulary-list.pdf,ðєә,https://github.com/skywind3000/ECDICT,offline-materials,their,authored,their · 单词里的小故事,小乐和朋友交换今天的小发现。孩子们穿上了他们的外套。小乐说：“The children put on their coats.”朋友听懂了，也想起自己遇到过的事。,,The children put on __________ coats.,their,孩子们穿上了他们的外套。,context,2026-09-v2,本地预制课堂素材；原创短句与场景模板,[],想象你也在这个场景里。用 their 说一句自己的话。
theirs,KET,1,他们的,pron.,日常沟通,That house is theirs.,那座房子是他们的。,[],结合常用释义整体记忆。先听老师读，再用自己的生活场景解释。,1,,https://www.cambridgeenglish.org/images/506886-a2-key-2020-vocabulary-list.pdf,ðєәz,https://github.com/skywind3000/ECDICT,offline-materials,theirs,authored,theirs · 单词里的小故事,小乐和朋友交换今天的小发现。那座房子是他们的。小乐说：“That house is theirs.”朋友听懂了，也想起自己遇到过的事。,,That house is __________.,theirs,那座房子是他们的。,context,2026-09-v2,本地预制课堂素材；原创短句与场景模板,[],想象你也在这个场景里。用 theirs 说一句自己的话。
them,KET,1,他们；她们；它们,pron.,日常沟通,Please give the books to them.,请把书给他们。,[],结合常用释义整体记忆。先听老师读，再用自己的生活场景解释。,1,,https://www.cambridgeenglish.org/images/506886-a2-key-2020-vocabulary-list.pdf,ðem,https://github.com/skywind3000/ECDICT,offline-materials,them,authored,them · 单词里的小故事,小乐和朋友交换今天的小发现。请把书给他们。小乐说：“Please give the books to them.”朋友听懂了，也想起自己遇到过的事。,,Please give the books to __________.,them,请把书给他们。,context,2026-09-v2,本地预制课堂素材；原创短句与场景模板,[],想象你也在这个场景里。用 them 说一句自己的话。
themselves,KET,1,他们自己；她们自己；它们自己,pron.,日常沟通,They made lunch themselves.,他们自己做了午饭。,[],结合常用释义整体记忆。先听老师读，再用自己的生活场景解释。,1,,https://www.cambridgeenglish.org/images/506886-a2-key-2020-vocabulary-list.pdf,ðәm'selvz,https://github.com/skywind3000/ECDICT,offline-materials,themselves,authored,themselves · 单词里的小故事,小乐和朋友交换今天的小发现。他们自己做了午饭。小乐说：“They made lunch themselves.”朋友听懂了，也想起自己遇到过的事。,,They made lunch __________.,themselves,他们自己做了午饭。,context,2026-09-v2,本地预制课堂素材；原创短句与场景模板,[],想象你也在这个场景里。用 themselves 说一句自己的话。
then,KET,1,然后；当时,adv.,日常沟通,"Wash your hands, then eat.",洗手，然后吃饭。,[],结合常用释义整体记忆。先听老师读，再用自己的生活场景解释。,1,,https://www.cambridgeenglish.org/images/506886-a2-key-2020-vocabulary-list.pdf,ðen,https://github.com/skywind3000/ECDICT,offline-materials,then,authored,then · 单词里的小故事,"小乐和朋友交换今天的小发现。洗手，然后吃饭。小乐说：“Wash your hands, then eat.”朋友听懂了，也想起自己遇到过的事。",,"Wash your hands, __________ eat.",then,洗手，然后吃饭。,context,2026-09-v2,本地预制课堂素材；原创短句与场景模板,[],想象你也在这个场景里。用 then 说一句自己的话。
there,KET,1,在那里,adv.,日常沟通,Please put the bag there.,请把包放那里。,[],结合常用释义整体记忆。先听老师读，再用自己的生活场景解释。,1,,https://www.cambridgeenglish.org/images/506886-a2-key-2020-vocabulary-list.pdf,ðєә,https://github.com/skywind3000/ECDICT,offline-materials,there,authored,there · 单词里的小故事,小乐和朋友交换今天的小发现。请把包放那里。小乐说：“Please put the bag there.”朋友听懂了，也想起自己遇到过的事。,,Please put the bag __________.,there,请把包放那里。,context,2026-09-v2,本地预制课堂素材；原创短句与场景模板,[],想象你也在这个场景里。用 there 说一句自己的话。
these,KET,1,这些,det; pron.,日常沟通,These are my shoes.,这些是我的鞋。,[],结合常用释义整体记忆。先听老师读，再用自己的生活场景解释。,1,,https://www.cambridgeenglish.org/images/506886-a2-key-2020-vocabulary-list.pdf,ði:z,https://github.com/skywind3000/ECDICT,offline-materials,these,authored,these · 单词里的小故事,小乐和朋友交换今天的小发现。这些是我的鞋。小乐说：“These are my shoes.”朋友听懂了，也想起自己遇到过的事。,,__________ are my shoes.,These,这些是我的鞋。,context,2026-09-v2,本地预制课堂素材；原创短句与场景模板,[],想象你也在这个场景里。用 these 说一句自己的话。
they,KET,1,他们；它们,pron.,日常沟通,They are playing outside.,他们正在外面玩。,[],结合常用释义整体记忆。先听老师读，再用自己的生活场景解释。,1,,https://www.cambridgeenglish.org/images/506886-a2-key-2020-vocabulary-list.pdf,ðei,https://github.com/skywind3000/ECDICT,offline-materials,they,authored,they · 单词里的小故事,小乐和朋友交换今天的小发现。他们正在外面玩。小乐说：“They are playing outside.”朋友听懂了，也想起自己遇到过的事。,,__________ are playing outside.,They,他们正在外面玩。,context,2026-09-v2,本地预制课堂素材；原创短句与场景模板,[],想象你也在这个场景里。用 they 说一句自己的话。
thin,KET,1,薄的；细的；瘦的,adj.,日常沟通,The person in the story is thin.,故事里的那个人是薄的。,[],结合常用释义整体记忆。先听老师读，再用自己的生活场景解释。,0,,https://www.cambridgeenglish.org/images/506886-a2-key-2020-vocabulary-list.pdf,θin,https://github.com/skywind3000/ECDICT,offline-materials,thin,person-quality,thin · 单词里的小故事,同学们在给故事人物选词卡，小乐找到了合适的一张。故事里的那个人是薄的。小乐说：“The person in the story is thin.”朋友听懂了，也想起自己遇到过的事。,,The person in the story is __________.,thin,故事里的那个人是薄的。,context,2026-09-v2,本地预制课堂素材；原创短句与场景模板,[],想象你也在这个场景里。用 thin 说一句自己的话。
thing,KET,1,事物；东西；物,n.,日常沟通,We talked about the thing today.,我们今天谈到了事物。,[],结合常用释义整体记忆。先听老师读，再用自己的生活场景解释。,0,,https://www.cambridgeenglish.org/images/506886-a2-key-2020-vocabulary-list.pdf,θiŋ,https://github.com/skywind3000/ECDICT,offline-materials,thing,discussion,thing · 单词里的小故事,小乐和朋友聊起今天的一件事。我们今天谈到了事物。小乐说：“We talked about the thing today.”朋友听懂了，也想起自己遇到过的事。,,We talked about the __________ today.,thing,我们今天谈到了事物。,context,2026-09-v2,本地预制课堂素材；原创短句与场景模板,[],想象你也在这个场景里。用 thing 说一句自己的话。
think,KET,1,想；考虑；想起,v.,日常沟通,What do you think of this book?,你觉得这本书怎么样？,[],结合常用释义整体记忆。先听老师读，再用自己的生活场景解释。,0,,https://www.cambridgeenglish.org/images/506886-a2-key-2020-vocabulary-list.pdf,θiŋk,https://github.com/skywind3000/ECDICT,offline-materials,think,authored,think · 单词里的小故事,小乐和朋友交换今天的小发现。你觉得这本书怎么样？小乐说：“What do you think of this book?”朋友听懂了，也想起自己遇到过的事。,,What do you __________ of this book?,think,你觉得这本书怎么样？,context,2026-09-v2,本地预制课堂素材；原创短句与场景模板,[],想象你也在这个场景里。用 think 说一句自己的话。
this,KET,1,这；本,det; pron.,日常沟通,This is a red apple.,这是一个红苹果。,[],结合常用释义整体记忆。先听老师读，再用自己的生活场景解释。,1,,https://www.cambridgeenglish.org/images/506886-a2-key-2020-vocabulary-list.pdf,θis,https://github.com/skywind3000/ECDICT,offline-materials,this,authored,this · 单词里的小故事,小乐和朋友交换今天的小发现。这是一个红苹果。小乐说：“This is a red apple.”朋友听懂了，也想起自己遇到过的事。,,__________ is a red apple.,This,这是一个红苹果。,context,2026-09-v2,本地预制课堂素材；原创短句与场景模板,[],想象你也在这个场景里。用 this 说一句自己的话。
those,KET,1,那些,det; pron.,日常沟通,Those birds are very small.,那些鸟很小。,[],结合常用释义整体记忆。先听老师读，再用自己的生活场景解释。,1,,https://www.cambridgeenglish.org/images/506886-a2-key-2020-vocabulary-list.pdf,ðәuz,https://github.com/skywind3000/ECDICT,offline-materials,those,authored,those · 单词里的小故事,小乐和朋友交换今天的小发现。那些鸟很小。小乐说：“Those birds are very small.”朋友听懂了，也想起自己遇到过的事。,,__________ birds are very small.,Those,那些鸟很小。,context,2026-09-v2,本地预制课堂素材；原创短句与场景模板,[],想象你也在这个场景里。用 those 说一句自己的话。
through,KET,1,穿越；从头至尾；到底,prep.,日常沟通,We walked through the park.,我们走过公园。,[],结合常用释义整体记忆。先听老师读，再用自己的生活场景解释。,1,,https://www.cambridgeenglish.org/images/506886-a2-key-2020-vocabulary-list.pdf,θru:,https://github.com/skywind3000/ECDICT,offline-materials,through,authored,through · 单词里的小故事,小乐和朋友交换今天的小发现。我们走过公园。小乐说：“We walked through the park.”朋友听懂了，也想起自己遇到过的事。,,We walked __________ the park.,through,我们走过公园。,context,2026-09-v2,本地预制课堂素材；原创短句与场景模板,[],想象你也在这个场景里。用 through 说一句自己的话。
throw,KET,1,投；掷；抛,v.,日常沟通,Throw the ball to me.,把球扔给我。,[],结合常用释义整体记忆。先听老师读，再用自己的生活场景解释。,0,,https://www.cambridgeenglish.org/images/506886-a2-key-2020-vocabulary-list.pdf,θrәu,https://github.com/skywind3000/ECDICT,offline-materials,throw,authored,throw · 单词里的小故事,小乐和朋友交换今天的小发现。把球扔给我。小乐说：“Throw the ball to me.”朋友听懂了，也想起自己遇到过的事。,,__________ the ball to me.,Throw,把球扔给我。,context,2026-09-v2,本地预制课堂素材；原创短句与场景模板,[],想象你也在这个场景里。用 throw 说一句自己的话。
thursday,KET,1,星期四,n.,日常沟通,Our class meets on Thursday.,我们班在星期四上课。,[],结合常用释义整体记忆。先听老师读，再用自己的生活场景解释。,1,,https://www.cambridgeenglish.org/images/506886-a2-key-2020-vocabulary-list.pdf,'θә:zdi,https://github.com/skywind3000/ECDICT,offline-materials,Thursday,date,Thursday · 单词里的小故事,小乐在日历上画了一个圈，提醒自己别忘记这个日子。我们班在星期四上课。小乐说：“Our class meets on Thursday.”朋友听懂了，也想起自己遇到过的事。,,Our class meets on __________.,Thursday,我们班在星期四上课。,context,2026-09-v2,本地预制课堂素材；原创短句与场景模板,[],想象你也在这个场景里。用 Thursday 说一句自己的话。
tidy up,KET,3,整理,v.,日常沟通,Let's tidy up the room.,我们收拾房间吧。,[],结合常用释义整体记忆。先听老师读，再用自己的生活场景解释。,0,,https://www.cambridgeenglish.org/images/506886-a2-key-2020-vocabulary-list.pdf,,https://github.com/skywind3000/ECDICT,offline-materials,tidy up,authored,tidy up · 单词里的小故事,小乐和朋友交换今天的小发现。我们收拾房间吧。小乐说：“Let's tidy up the room.”朋友听懂了，也想起自己遇到过的事。,,Let's __________ the room.,tidy up,我们收拾房间吧。,context,2026-09-v2,本地预制课堂素材；原创短句与场景模板,[],想象你也在这个场景里。用 tidy up 说一句自己的话。
tie,KET,2,带子；线；鞋带,n.,日常沟通,I like your tie.,我喜欢你的带子。,[],结合常用释义整体记忆。先听老师读，再用自己的生活场景解释。,0,,https://www.cambridgeenglish.org/images/506886-a2-key-2020-vocabulary-list.pdf,tai,https://github.com/skywind3000/ECDICT,offline-materials,tie,clothes,tie · 单词里的小故事,出门前，小乐注意到了朋友的穿着。我喜欢你的带子。小乐说：“I like your tie.”朋友听懂了，也想起自己遇到过的事。,,I like your __________.,tie,我喜欢你的带子。,context,2026-09-v2,本地预制课堂素材；原创短句与场景模板,[],想象你也在这个场景里。用 tie 说一句自己的话。
tights,KET,3,紧身衣裤,n pl.,日常沟通,I like your tights.,我喜欢你的紧身衣裤。,[],结合常用释义整体记忆。先听老师读，再用自己的生活场景解释。,0,,https://www.cambridgeenglish.org/images/506886-a2-key-2020-vocabulary-list.pdf,taits,https://github.com/skywind3000/ECDICT,offline-materials,tights,clothes,tights · 单词里的小故事,出门前，小乐注意到了朋友的穿着。我喜欢你的紧身衣裤。小乐说：“I like your tights.”朋友听懂了，也想起自己遇到过的事。,,I like your __________.,tights,我喜欢你的紧身衣裤。,context,2026-09-v2,本地预制课堂素材；原创短句与场景模板,[],想象你也在这个场景里。用 tights 说一句自己的话。
till,KET,2,直到；在...以前；迄,prep.,日常沟通,Please wait till five.,请等到五点。,[],结合常用释义整体记忆。先听老师读，再用自己的生活场景解释。,0,,https://www.cambridgeenglish.org/images/506886-a2-key-2020-vocabulary-list.pdf,til,https://github.com/skywind3000/ECDICT,offline-materials,till,authored,till · 单词里的小故事,小乐和朋友交换今天的小发现。请等到五点。小乐说：“Please wait till five.”朋友听懂了，也想起自己遇到过的事。,,Please wait __________ five.,till,请等到五点。,context,2026-09-v2,本地预制课堂素材；原创短句与场景模板,[],想象你也在这个场景里。用 till 说一句自己的话。
time,KET,1,时间,n.,日常沟通,We talked about the time today.,我们今天谈到了时间。,[],结合常用释义整体记忆。先听老师读，再用自己的生活场景解释。,1,,https://www.cambridgeenglish.org/images/506886-a2-key-2020-vocabulary-list.pdf,taim,常用义教学修订；原词典见 ECDICT-LICENSE.txt,offline-materials,time,discussion,time · 单词里的小故事,小乐和朋友聊起今天的一件事。我们今天谈到了时间。小乐说：“We talked about the time today.”朋友听懂了，也想起自己遇到过的事。,,We talked about the __________ today.,time,我们今天谈到了时间。,context,2026-09-v2,本地预制课堂素材；原创短句与场景模板,[],想象你也在这个场景里。用 time 说一句自己的话。
timetable,KET,2,时间表,n.,日常沟通,We talked about the timetable today.,我们今天谈到了时间表。,"[{""text"": ""time"", ""kind"": ""compound"", ""meaning"": ""时间""}, {""text"": ""table"", ""kind"": ""compound"", ""meaning"": ""表格""}]",两个已有成分组合成一个词。结合它们的意思理解整体词义，但不要把这种现代拆分当作完整的历史词源。,0,,https://www.cambridgeenglish.org/images/506886-a2-key-2020-vocabulary-list.pdf,'taimteibl,https://github.com/skywind3000/ECDICT,offline-materials,timetable,discussion,timetable · 单词里的小故事,小乐和朋友聊起今天的一件事。我们今天谈到了时间表。小乐说：“We talked about the timetable today.”朋友听懂了，也想起自己遇到过的事。,,We talked about the __________ today.,timetable,我们今天谈到了时间表。,context,2026-09-v2,本地预制课堂素材；原创短句与场景模板,[],想象你也在这个场景里。用 timetable 说一句自己的话。
title,KET,1,标题,n.,日常沟通,We talked about the title today.,我们今天谈到了标题。,[],结合常用释义整体记忆。先听老师读，再用自己的生活场景解释。,0,,https://www.cambridgeenglish.org/images/506886-a2-key-2020-vocabulary-list.pdf,'taitl,常用义教学修订；原词典见 ECDICT-LICENSE.txt,offline-materials,title,discussion,title · 单词里的小故事,小乐和朋友聊起今天的一件事。我们今天谈到了标题。小乐说：“We talked about the title today.”朋友听懂了，也想起自己遇到过的事。,,We talked about the __________ today.,title,我们今天谈到了标题。,context,2026-09-v2,本地预制课堂素材；原创短句与场景模板,[],想象你也在这个场景里。用 title 说一句自己的话。
to,KET,1,到；向；趋于,prep.,日常沟通,Let's go to the park.,我们去公园吧。,[],结合常用释义整体记忆。先听老师读，再用自己的生活场景解释。,1,,https://www.cambridgeenglish.org/images/506886-a2-key-2020-vocabulary-list.pdf,tu:,https://github.com/skywind3000/ECDICT,offline-materials,to,authored,to · 单词里的小故事,小乐和朋友交换今天的小发现。我们去公园吧。小乐说：“Let's go to the park.”朋友听懂了，也想起自己遇到过的事。,,Let's go __________ the park.,to,我们去公园吧。,context,2026-09-v2,本地预制课堂素材；原创短句与场景模板,[],想象你也在这个场景里。用 to 说一句自己的话。
toast,KET,2,吐司；烤面包；干杯,n.,日常沟通,This toast tastes good.,这份吐司味道很好。,[],结合常用释义整体记忆。先听老师读，再用自己的生活场景解释。,0,,https://www.cambridgeenglish.org/images/506886-a2-key-2020-vocabulary-list.pdf,tәust,https://github.com/skywind3000/ECDICT,offline-materials,toast,food,toast · 单词里的小故事,小乐第一次给家人当小帮手，端出一份食物。这份吐司味道很好。小乐说：“This toast tastes good.”朋友听懂了，也想起自己遇到过的事。,,This __________ tastes good.,toast,这份吐司味道很好。,context,2026-09-v2,本地预制课堂素材；原创短句与场景模板,[],想象你也在这个场景里。用 toast 说一句自己的话。
today,KET,1,今天；当今；现在,n; adv.,日常沟通,I have a music lesson today.,我今天有一节音乐课。,[],结合常用释义整体记忆。先听老师读，再用自己的生活场景解释。,1,,https://www.cambridgeenglish.org/images/506886-a2-key-2020-vocabulary-list.pdf,tә'dei,https://github.com/skywind3000/ECDICT,offline-materials,today,authored,today · 单词里的小故事,小乐和朋友交换今天的小发现。我今天有一节音乐课。小乐说：“I have a music lesson today.”朋友听懂了，也想起自己遇到过的事。,,I have a music lesson __________.,today,我今天有一节音乐课。,context,2026-09-v2,本地预制课堂素材；原创短句与场景模板,[],想象你也在这个场景里。用 today 说一句自己的话。
toe,KET,2,足趾；趾部；脚趾,n.,日常沟通,We learn about the toe at school.,我们在学校了解足趾。,[],结合常用释义整体记忆。先听老师读，再用自己的生活场景解释。,0,,https://www.cambridgeenglish.org/images/506886-a2-key-2020-vocabulary-list.pdf,tәu,https://github.com/skywind3000/ECDICT,offline-materials,toe,body,toe · 单词里的小故事,小乐在课堂上做一张认识自己的知识卡。我们在学校了解足趾。小乐说：“We learn about the toe at school.”朋友听懂了，也想起自己遇到过的事。,,We learn about the __________ at school.,toe,我们在学校了解足趾。,context,2026-09-v2,本地预制课堂素材；原创短句与场景模板,[],想象你也在这个场景里。用 toe 说一句自己的话。
toilet,KET,2,厕所；梳妆,n.,日常沟通,We visited the toilet today.,我们今天参观了厕所。,[],结合常用释义整体记忆。先听老师读，再用自己的生活场景解释。,0,,https://www.cambridgeenglish.org/images/506886-a2-key-2020-vocabulary-list.pdf,'tɒilit,https://github.com/skywind3000/ECDICT,offline-materials,toilet,place,toilet · 单词里的小故事,小乐把今天的外出经历记进了日记。我们今天参观了厕所。小乐说：“We visited the toilet today.”朋友听懂了，也想起自己遇到过的事。,,We visited the __________ today.,toilet,我们今天参观了厕所。,context,2026-09-v2,本地预制课堂素材；原创短句与场景模板,[],想象你也在这个场景里。用 toilet 说一句自己的话。
tonight,KET,1,今晚；今夜,n; adv.,日常沟通,We will read a story tonight.,我们今晚会读一个故事。,[],结合常用释义整体记忆。先听老师读，再用自己的生活场景解释。,0,,https://www.cambridgeenglish.org/images/506886-a2-key-2020-vocabulary-list.pdf,tә'nait,https://github.com/skywind3000/ECDICT,offline-materials,tonight,authored,tonight · 单词里的小故事,小乐和朋友交换今天的小发现。我们今晚会读一个故事。小乐说：“We will read a story tonight.”朋友听懂了，也想起自己遇到过的事。,,We will read a story __________.,tonight,我们今晚会读一个故事。,context,2026-09-v2,本地预制课堂素材；原创短句与场景模板,[],想象你也在这个场景里。用 tonight 说一句自己的话。
too,KET,1,也；非常；太,adv.,日常沟通,I like this game too.,我也喜欢这个游戏。,[],结合常用释义整体记忆。先听老师读，再用自己的生活场景解释。,1,,https://www.cambridgeenglish.org/images/506886-a2-key-2020-vocabulary-list.pdf,tu:,https://github.com/skywind3000/ECDICT,offline-materials,too,authored,too · 单词里的小故事,小乐和朋友交换今天的小发现。我也喜欢这个游戏。小乐说：“I like this game too.”朋友听懂了，也想起自己遇到过的事。,,I like this game __________.,too,我也喜欢这个游戏。,context,2026-09-v2,本地预制课堂素材；原创短句与场景模板,[],想象你也在这个场景里。用 too 说一句自己的话。
tooth,KET,1,牙齿；齿状物；爱好,n.,日常沟通,We learn about the tooth at school.,我们在学校了解牙齿。,[],结合常用释义整体记忆。先听老师读，再用自己的生活场景解释。,0,,https://www.cambridgeenglish.org/images/506886-a2-key-2020-vocabulary-list.pdf,tu:θ,https://github.com/skywind3000/ECDICT,offline-materials,tooth,body,tooth · 单词里的小故事,小乐在课堂上做一张认识自己的知识卡。我们在学校了解牙齿。小乐说：“We learn about the tooth at school.”朋友听懂了，也想起自己遇到过的事。,,We learn about the __________ at school.,tooth,我们在学校了解牙齿。,context,2026-09-v2,本地预制课堂素材；原创短句与场景模板,[],想象你也在这个场景里。用 tooth 说一句自己的话。
toothbrush,KET,3,牙刷,n.,日常沟通,We talked about the toothbrush today.,我们今天谈到了牙刷。,"[{""text"": ""tooth"", ""kind"": ""compound"", ""meaning"": ""牙""}, {""text"": ""brush"", ""kind"": ""compound"", ""meaning"": ""刷子""}]",两个已有成分组合成一个词。结合它们的意思理解整体词义，但不要把这种现代拆分当作完整的历史词源。,0,,https://www.cambridgeenglish.org/images/506886-a2-key-2020-vocabulary-list.pdf,'tu:θbrʌʃ,https://github.com/skywind3000/ECDICT,offline-materials,toothbrush,discussion,toothbrush · 单词里的小故事,小乐把杯子和牙刷放在一起。每天早晚，她都会用牙刷认真清洁牙齿。看看这个词，能找到“牙齿”和“刷子”吗？这就是 toothbrush 留下的画面。,,We talked about the __________ today.,toothbrush,我们今天谈到了牙刷。,context,2026-09-v2,本地预制课堂素材；原创短句与场景模板,"[{""en"": ""I put my toothbrush beside the cup."", ""zh"": ""我把牙刷放在杯子旁边。""}]",在生活中，你还知道哪些刷子？
top,KET,1,顶部；顶端；极点,n.,日常沟通,The book is on top of the box.,书在箱子顶部。,[],结合常用释义整体记忆。先听老师读，再用自己的生活场景解释。,0,,https://www.cambridgeenglish.org/images/506886-a2-key-2020-vocabulary-list.pdf,tɒp,https://github.com/skywind3000/ECDICT,offline-materials,top,authored,top · 单词里的小故事,小乐和朋友交换今天的小发现。书在箱子顶部。小乐说：“The book is on top of the box.”朋友听懂了，也想起自己遇到过的事。,,The book is on __________ of the box.,top,书在箱子顶部。,context,2026-09-v2,本地预制课堂素材；原创短句与场景模板,[],想象你也在这个场景里。用 top 说一句自己的话。
topic,KET,2,主题；论题；话题,n.,日常沟通,We talked about the topic today.,我们今天谈到了主题。,[],结合常用释义整体记忆。先听老师读，再用自己的生活场景解释。,0,,https://www.cambridgeenglish.org/images/506886-a2-key-2020-vocabulary-list.pdf,'tɒpik,https://github.com/skywind3000/ECDICT,offline-materials,topic,discussion,topic · 单词里的小故事,小乐和朋友聊起今天的一件事。我们今天谈到了主题。小乐说：“We talked about the topic today.”朋友听懂了，也想起自己遇到过的事。,,We talked about the __________ today.,topic,我们今天谈到了主题。,context,2026-09-v2,本地预制课堂素材；原创短句与场景模板,[],想象你也在这个场景里。用 topic 说一句自己的话。
tortoise,KET,3,陆龟,n.,日常沟通,We saw the tortoise in a picture.,我们在图片里看到了陆龟。,[],结合常用释义整体记忆。先听老师读，再用自己的生活场景解释。,0,,https://www.cambridgeenglish.org/images/506886-a2-key-2020-vocabulary-list.pdf,'tɒ:tәs,常用义教学修订；原词典见 ECDICT-LICENSE.txt,offline-materials,tortoise,animal,tortoise · 单词里的小故事,小乐翻开一本动物画册，在其中一页停了下来。我们在图片里看到了陆龟。小乐说：“We saw the tortoise in a picture.”朋友听懂了，也想起自己遇到过的事。,,We saw the __________ in a picture.,tortoise,我们在图片里看到了陆龟。,context,2026-09-v2,本地预制课堂素材；原创短句与场景模板,[],想象你也在这个场景里。用 tortoise 说一句自己的话。
total,KET,1,总的；总数,adj; n.,日常沟通,The total price is ten pounds.,总价是十英镑。,[],结合常用释义整体记忆。先听老师读，再用自己的生活场景解释。,0,,https://www.cambridgeenglish.org/images/506886-a2-key-2020-vocabulary-list.pdf,'tәutl,常用义教学修订；原词典见 ECDICT-LICENSE.txt,offline-materials,total,authored,total · 单词里的小故事,小乐和朋友交换今天的小发现。总价是十英镑。小乐说：“The total price is ten pounds.”朋友听懂了，也想起自己遇到过的事。,,The __________ price is ten pounds.,total,总价是十英镑。,context,2026-09-v2,本地预制课堂素材；原创短句与场景模板,[],想象你也在这个场景里。用 total 说一句自己的话。
tour guide,KET,3,旅游向导；导游,n.,日常沟通,This story is about a tour guide.,这个故事讲的是一位旅游向导。,[],结合常用释义整体记忆。先听老师读，再用自己的生活场景解释。,0,,https://www.cambridgeenglish.org/images/506886-a2-key-2020-vocabulary-list.pdf,,https://github.com/skywind3000/ECDICT,offline-materials,tour guide,person,tour guide · 单词里的小故事,读书会轮到小乐介绍故事里的一个人物。这个故事讲的是一位旅游向导。小乐说：“This story is about a tour guide.”朋友听懂了，也想起自己遇到过的事。,,This story is about a __________.,tour guide,这个故事讲的是一位旅游向导。,context,2026-09-v2,本地预制课堂素材；原创短句与场景模板,[],想象你也在这个场景里。用 tour guide 说一句自己的话。
tourist information centre,KET,2,游客信息中心,n.,日常沟通,We visited the tourist information centre today.,我们今天参观了游客信息中心。,[],作为一个常用表达整体理解，先跟读再结合场景练习。,0,,https://www.cambridgeenglish.org/images/506886-a2-key-2020-vocabulary-list.pdf,,原创课堂释义,offline-materials,tourist information centre,place,tourist information centre · 单词里的小故事,小乐把今天的外出经历记进了日记。我们今天参观了游客信息中心。小乐说：“We visited the tourist information centre today.”朋友听懂了，也想起自己遇到过的事。,,We visited the __________ today.,tourist information centre,我们今天参观了游客信息中心。,context,2026-09-v2,本地预制课堂素材；原创短句与场景模板,[],想象你也在这个场景里。用 tourist information centre 说一句自己的话。
towel,KET,2,手巾；毛巾,n.,日常沟通,We need the towel today.,我们今天需要手巾。,[],结合常用释义整体记忆。先听老师读，再用自己的生活场景解释。,0,,https://www.cambridgeenglish.org/images/506886-a2-key-2020-vocabulary-list.pdf,'tauәl,https://github.com/skywind3000/ECDICT,offline-materials,towel,equipment,towel · 单词里的小故事,班级活动开始前，小乐负责核对需要的东西。我们今天需要手巾。小乐说：“We need the towel today.”朋友听懂了，也想起自己遇到过的事。,,We need the __________ today.,towel,我们今天需要手巾。,context,2026-09-v2,本地预制课堂素材；原创短句与场景模板,[],想象你也在这个场景里。用 towel 说一句自己的话。
town,KET,1,城镇；市；镇,n.,日常沟通,We visited the town today.,我们今天参观了城镇。,[],结合常用释义整体记忆。先听老师读，再用自己的生活场景解释。,0,,https://www.cambridgeenglish.org/images/506886-a2-key-2020-vocabulary-list.pdf,taun,https://github.com/skywind3000/ECDICT,offline-materials,town,place,town · 单词里的小故事,小乐把今天的外出经历记进了日记。我们今天参观了城镇。小乐说：“We visited the town today.”朋友听懂了，也想起自己遇到过的事。,,We visited the __________ today.,town,我们今天参观了城镇。,context,2026-09-v2,本地预制课堂素材；原创短句与场景模板,[],想象你也在这个场景里。用 town 说一句自己的话。
toy,KET,2,玩具；小玩艺儿；小型的东西,n.,日常沟通,We need the toy today.,我们今天需要玩具。,[],结合常用释义整体记忆。先听老师读，再用自己的生活场景解释。,0,,https://www.cambridgeenglish.org/images/506886-a2-key-2020-vocabulary-list.pdf,tɒi,https://github.com/skywind3000/ECDICT,offline-materials,toy,equipment,toy · 单词里的小故事,班级活动开始前，小乐负责核对需要的东西。我们今天需要玩具。小乐说：“We need the toy today.”朋友听懂了，也想起自己遇到过的事。,,We need the __________ today.,toy,我们今天需要玩具。,context,2026-09-v2,本地预制课堂素材；原创短句与场景模板,[],想象你也在这个场景里。用 toy 说一句自己的话。
traffic light,KET,3,红绿灯,n.,日常沟通,We talked about the traffic light today.,我们今天谈到了红绿灯。,[],结合常用释义整体记忆。先听老师读，再用自己的生活场景解释。,0,,https://www.cambridgeenglish.org/images/506886-a2-key-2020-vocabulary-list.pdf,,https://github.com/skywind3000/ECDICT,offline-materials,traffic light,discussion,traffic light · 单词里的小故事,小乐和朋友聊起今天的一件事。我们今天谈到了红绿灯。小乐说：“We talked about the traffic light today.”朋友听懂了，也想起自己遇到过的事。,,We talked about the __________ today.,traffic light,我们今天谈到了红绿灯。,context,2026-09-v2,本地预制课堂素材；原创短句与场景模板,[],想象你也在这个场景里。用 traffic light 说一句自己的话。
trainer,KET,2,运动鞋（英式）；教练,n.,日常沟通,This story is about a trainer.,这个故事讲的是一位运动鞋。,"[{""text"": ""train"", ""kind"": ""root"", ""meaning"": ""训练""}, {""text"": ""-er"", ""kind"": ""suffix"", ""meaning"": ""做某事的人或物"", ""story"": ""表示做事者的 -er 有古英语 -ere 等历史来源。它常把动作变成做这个动作的人或工具。先找到动作，再问“谁来做”，就能串起一组词。比较级里的 -er 是另一种用法。"", ""source"": ""https://www.merriam-webster.com/dictionary/-er""}]",先理解词基，再看词缀如何改变含义或词性。,0,,https://www.cambridgeenglish.org/images/506886-a2-key-2020-vocabulary-list.pdf,'treinә,常用义教学修订；原词典见 ECDICT-LICENSE.txt,offline-materials,trainer,person,trainer · 单词里的小故事,读书会轮到小乐介绍故事里的一个人物。这个故事讲的是一位运动鞋。小乐说：“This story is about a trainer.”朋友听懂了，也想起自己遇到过的事。,,This story is about a __________.,trainer,这个故事讲的是一位运动鞋。,context,2026-09-v2,本地预制课堂素材；原创短句与场景模板,[],想象你也在这个场景里。用 trainer 说一句自己的话。
training,KET,1,训练；培养,n.,日常沟通,I want to learn more about training.,我想多了解一些训练。,"[{""text"": ""train"", ""kind"": ""root"", ""meaning"": ""训练""}, {""text"": ""-ing"", ""kind"": ""suffix"", ""meaning"": ""把动作当作活动或事物来表达"", ""story"": ""把动作变成名词的 -ing，可以追溯到古英语的 -ung、-ing。一个动作加上这样的结尾，就能作为一种活动来谈论。注意句子里的位置：-ing 也会用于进行时和形容词。"", ""source"": ""https://www.merriam-webster.com/dictionary/-ing""}]",先理解词基，再看词缀如何改变含义或词性。,0,,https://www.cambridgeenglish.org/images/506886-a2-key-2020-vocabulary-list.pdf,'treiniŋ,https://github.com/skywind3000/ECDICT,offline-materials,training,activity,training · 单词里的小故事,班级要举办兴趣日，小乐选了自己想了解的活动。我想多了解一些训练。小乐说：“I want to learn more about training.”朋友听懂了，也想起自己遇到过的事。,,I want to learn more about __________.,training,我想多了解一些训练。,context,2026-09-v2,本地预制课堂素材；原创短句与场景模板,[],想象你也在这个场景里。用 training 说一句自己的话。
tram,KET,2,电车轨道；煤车；纬纱,n.,日常沟通,Look at the tram in this picture.,看看这张图片中的电车轨道。,[],结合常用释义整体记忆。先听老师读，再用自己的生活场景解释。,0,,https://www.cambridgeenglish.org/images/506886-a2-key-2020-vocabulary-list.pdf,træm,https://github.com/skywind3000/ECDICT,offline-materials,tram,transport,tram · 单词里的小故事,小乐和朋友观察一张出行图片，轮流指出里面的东西。看看这张图片中的电车轨道。小乐说：“Look at the tram in this picture.”朋友听懂了，也想起自己遇到过的事。,,Look at the __________ in this picture.,tram,看看这张图片中的电车轨道。,context,2026-09-v2,本地预制课堂素材；原创短句与场景模板,[],想象你也在这个场景里。用 tram 说一句自己的话。
transport,KET,1,运输；运输工具；激动,n.,日常沟通,Look at the transport in this picture.,看看这张图片中的运输。,[],结合常用释义整体记忆。先听老师读，再用自己的生活场景解释。,0,,https://www.cambridgeenglish.org/images/506886-a2-key-2020-vocabulary-list.pdf,træns'pɒ:t,https://github.com/skywind3000/ECDICT,offline-materials,transport,transport,transport · 单词里的小故事,小乐和朋友观察一张出行图片，轮流指出里面的东西。看看这张图片中的运输。小乐说：“Look at the transport in this picture.”朋友听懂了，也想起自己遇到过的事。,,Look at the __________ in this picture.,transport,看看这张图片中的运输。,context,2026-09-v2,本地预制课堂素材；原创短句与场景模板,[],想象你也在这个场景里。用 transport 说一句自己的话。
tree,KET,1,树；木料；树状物,n.,日常沟通,We talked about the tree today.,我们今天谈到了树。,[],结合常用释义整体记忆。先听老师读，再用自己的生活场景解释。,1,,https://www.cambridgeenglish.org/images/506886-a2-key-2020-vocabulary-list.pdf,tri:,https://github.com/skywind3000/ECDICT,offline-materials,tree,discussion,tree · 单词里的小故事,小乐和朋友聊起今天的一件事。我们今天谈到了树。小乐说：“We talked about the tree today.”朋友听懂了，也想起自己遇到过的事。,,We talked about the __________ today.,tree,我们今天谈到了树。,context,2026-09-v2,本地预制课堂素材；原创短句与场景模板,[],想象你也在这个场景里。用 tree 说一句自己的话。
trouble,KET,1,麻烦,n.,日常沟通,We talked about the trouble today.,我们今天谈到了麻烦。,[],结合常用释义整体记忆。先听老师读，再用自己的生活场景解释。,0,,https://www.cambridgeenglish.org/images/506886-a2-key-2020-vocabulary-list.pdf,'trʌbl,常用义教学修订；原词典见 ECDICT-LICENSE.txt,offline-materials,trouble,discussion,trouble · 单词里的小故事,小乐和朋友聊起今天的一件事。我们今天谈到了麻烦。小乐说：“We talked about the trouble today.”朋友听懂了，也想起自己遇到过的事。,,We talked about the __________ today.,trouble,我们今天谈到了麻烦。,context,2026-09-v2,本地预制课堂素材；原创短句与场景模板,[],想象你也在这个场景里。用 trouble 说一句自己的话。
true,KET,1,真实的；正确的；忠诚的,adj.,日常沟通,It is a true story.,这是一个真实的故事。,[],结合常用释义整体记忆。先听老师读，再用自己的生活场景解释。,1,,https://www.cambridgeenglish.org/images/506886-a2-key-2020-vocabulary-list.pdf,tru:,https://github.com/skywind3000/ECDICT,offline-materials,true,story-quality,true · 单词里的小故事,读完一本故事书，小乐想用一句话向朋友介绍它。这是一个真实的故事。小乐说：“It is a true story.”朋友听懂了，也想起自己遇到过的事。,,It is a __________ story.,true,这是一个真实的故事。,context,2026-09-v2,本地预制课堂素材；原创短句与场景模板,[],想象你也在这个场景里。用 true 说一句自己的话。
try,KET,1,试；尝试；试验,v.,日常沟通,Let's try a new game.,我们试试一个新游戏吧。,[],结合常用释义整体记忆。先听老师读，再用自己的生活场景解释。,0,,https://www.cambridgeenglish.org/images/506886-a2-key-2020-vocabulary-list.pdf,trai,https://github.com/skywind3000/ECDICT,offline-materials,try,authored,try · 单词里的小故事,小乐和朋友交换今天的小发现。我们试试一个新游戏吧。小乐说：“Let's try a new game.”朋友听懂了，也想起自己遇到过的事。,,Let's __________ a new game.,try,我们试试一个新游戏吧。,context,2026-09-v2,本地预制课堂素材；原创短句与场景模板,[],想象你也在这个场景里。用 try 说一句自己的话。
try on,KET,3,试穿；试验,phr v.,日常沟通,May I try on this coat?,我可以试穿这件外套吗？,[],结合常用释义整体记忆。先听老师读，再用自己的生活场景解释。,0,,https://www.cambridgeenglish.org/images/506886-a2-key-2020-vocabulary-list.pdf,,https://github.com/skywind3000/ECDICT,offline-materials,try on,authored,try on · 单词里的小故事,小乐和朋友交换今天的小发现。我可以试穿这件外套吗？小乐说：“May I try on this coat?”朋友听懂了，也想起自己遇到过的事。,,May I __________ this coat?,try on,我可以试穿这件外套吗？,context,2026-09-v2,本地预制课堂素材；原创短句与场景模板,[],想象你也在这个场景里。用 try on 说一句自己的话。
tuesday,KET,1,星期二,n.,日常沟通,Our class meets on Tuesday.,我们班在星期二上课。,[],结合常用释义整体记忆。先听老师读，再用自己的生活场景解释。,1,,https://www.cambridgeenglish.org/images/506886-a2-key-2020-vocabulary-list.pdf,'tju:zdi,https://github.com/skywind3000/ECDICT,offline-materials,Tuesday,date,Tuesday · 单词里的小故事,小乐在日历上画了一个圈，提醒自己别忘记这个日子。我们班在星期二上课。小乐说：“Our class meets on Tuesday.”朋友听懂了，也想起自己遇到过的事。,,Our class meets on __________.,Tuesday,我们班在星期二上课。,context,2026-09-v2,本地预制课堂素材；原创短句与场景模板,[],想象你也在这个场景里。用 Tuesday 说一句自己的话。
tune,KET,2,曲调,n.,日常沟通,We talked about the tune today.,我们今天谈到了曲调。,[],结合常用释义整体记忆。先听老师读，再用自己的生活场景解释。,0,,https://www.cambridgeenglish.org/images/506886-a2-key-2020-vocabulary-list.pdf,tju:n,常用义教学修订；原词典见 ECDICT-LICENSE.txt,offline-materials,tune,discussion,tune · 单词里的小故事,小乐和朋友聊起今天的一件事。我们今天谈到了曲调。小乐说：“We talked about the tune today.”朋友听懂了，也想起自己遇到过的事。,,We talked about the __________ today.,tune,我们今天谈到了曲调。,context,2026-09-v2,本地预制课堂素材；原创短句与场景模板,[],想象你也在这个场景里。用 tune 说一句自己的话。
turn,KET,1,使旋转；转弯；转动,v.,日常沟通,Turn right at the school.,在学校处右转。,[],结合常用释义整体记忆。先听老师读，再用自己的生活场景解释。,0,,https://www.cambridgeenglish.org/images/506886-a2-key-2020-vocabulary-list.pdf,tә:n,https://github.com/skywind3000/ECDICT,offline-materials,turn,authored,turn · 单词里的小故事,小乐和朋友交换今天的小发现。在学校处右转。小乐说：“Turn right at the school.”朋友听懂了，也想起自己遇到过的事。,,__________ right at the school.,Turn,在学校处右转。,context,2026-09-v2,本地预制课堂素材；原创短句与场景模板,[],想象你也在这个场景里。用 turn 说一句自己的话。
turn off,KET,3,关掉；卖掉；使转变方向,phr v.,日常沟通,Please turn off the light.,请关灯。,[],结合常用释义整体记忆。先听老师读，再用自己的生活场景解释。,0,,https://www.cambridgeenglish.org/images/506886-a2-key-2020-vocabulary-list.pdf,,https://github.com/skywind3000/ECDICT,offline-materials,turn off,authored,turn off · 单词里的小故事,小乐和朋友交换今天的小发现。请关灯。小乐说：“Please turn off the light.”朋友听懂了，也想起自己遇到过的事。,,Please __________ the light.,turn off,请关灯。,context,2026-09-v2,本地预制课堂素材；原创短句与场景模板,[],想象你也在这个场景里。用 turn off 说一句自己的话。
turn on,KET,3,开；开始；变得兴奋,phr v.,日常沟通,Please turn on the light.,请开灯。,[],结合常用释义整体记忆。先听老师读，再用自己的生活场景解释。,0,,https://www.cambridgeenglish.org/images/506886-a2-key-2020-vocabulary-list.pdf,,https://github.com/skywind3000/ECDICT,offline-materials,turn on,authored,turn on · 单词里的小故事,小乐和朋友交换今天的小发现。请开灯。小乐说：“Please turn on the light.”朋友听懂了，也想起自己遇到过的事。,,Please __________ the light.,turn on,请开灯。,context,2026-09-v2,本地预制课堂素材；原创短句与场景模板,[],想象你也在这个场景里。用 turn on 说一句自己的话。
twice,KET,1,两次；两倍,adv.,日常沟通,I brush my teeth twice a day.,我每天刷牙两次。,[],结合常用释义整体记忆。先听老师读，再用自己的生活场景解释。,1,,https://www.cambridgeenglish.org/images/506886-a2-key-2020-vocabulary-list.pdf,twais,https://github.com/skywind3000/ECDICT,offline-materials,twice,authored,twice · 单词里的小故事,小乐和朋友交换今天的小发现。我每天刷牙两次。小乐说：“I brush my teeth twice a day.”朋友听懂了，也想起自己遇到过的事。,,I brush my teeth __________ a day.,twice,我每天刷牙两次。,context,2026-09-v2,本地预制课堂素材；原创短句与场景模板,[],想象你也在这个场景里。用 twice 说一句自己的话。
type,KET,1,类型；打字,n.,日常沟通,We talked about the type today.,我们今天谈到了类型。,[],结合常用释义整体记忆。先听老师读，再用自己的生活场景解释。,0,,https://www.cambridgeenglish.org/images/506886-a2-key-2020-vocabulary-list.pdf,taip,常用义教学修订；原词典见 ECDICT-LICENSE.txt,offline-materials,type,discussion,type · 单词里的小故事,小乐和朋友聊起今天的一件事。我们今天谈到了类型。小乐说：“We talked about the type today.”朋友听懂了，也想起自己遇到过的事。,,We talked about the __________ today.,type,我们今天谈到了类型。,context,2026-09-v2,本地预制课堂素材；原创短句与场景模板,[],想象你也在这个场景里。用 type 说一句自己的话。
tyre,KET,2,轮胎,n.,日常沟通,We talked about the tyre today.,我们今天谈到了轮胎。,[],结合常用释义整体记忆。先听老师读，再用自己的生活场景解释。,0,,https://www.cambridgeenglish.org/images/506886-a2-key-2020-vocabulary-list.pdf,'taiә,https://github.com/skywind3000/ECDICT,offline-materials,tyre,discussion,tyre · 单词里的小故事,小乐和朋友聊起今天的一件事。我们今天谈到了轮胎。小乐说：“We talked about the tyre today.”朋友听懂了，也想起自己遇到过的事。,,We talked about the __________ today.,tyre,我们今天谈到了轮胎。,context,2026-09-v2,本地预制课堂素材；原创短句与场景模板,[],想象你也在这个场景里。用 tyre 说一句自己的话。
umbrella,KET,2,伞；雨伞；保护伞,n.,日常沟通,We need the umbrella today.,我们今天需要伞。,[],结合常用释义整体记忆。先听老师读，再用自己的生活场景解释。,0,,https://www.cambridgeenglish.org/images/506886-a2-key-2020-vocabulary-list.pdf,ʌm'brelә,https://github.com/skywind3000/ECDICT,offline-materials,umbrella,equipment,umbrella · 单词里的小故事,班级活动开始前，小乐负责核对需要的东西。我们今天需要伞。小乐说：“We need the umbrella today.”朋友听懂了，也想起自己遇到过的事。,,We need the __________ today.,umbrella,我们今天需要伞。,context,2026-09-v2,本地预制课堂素材；原创短句与场景模板,[],想象你也在这个场景里。用 umbrella 说一句自己的话。
uncle,KET,2,叔叔；舅舅；伯父,n.,日常沟通,This story is about an uncle.,这个故事讲的是一位叔叔。,[],结合常用释义整体记忆。先听老师读，再用自己的生活场景解释。,0,,https://www.cambridgeenglish.org/images/506886-a2-key-2020-vocabulary-list.pdf,ʌŋkl,常用义教学修订；原词典见 ECDICT-LICENSE.txt,offline-materials,uncle,person,uncle · 单词里的小故事,读书会轮到小乐介绍故事里的一个人物。这个故事讲的是一位叔叔。小乐说：“This story is about an uncle.”朋友听懂了，也想起自己遇到过的事。,,This story is about an __________.,uncle,这个故事讲的是一位叔叔。,context,2026-09-v2,本地预制课堂素材；原创短句与场景模板,[],想象你也在这个场景里。用 uncle 说一句自己的话。
under,KET,1,在...之下；低于,prep.,日常沟通,The cat is under the table.,猫在桌子下面。,[],结合常用释义整体记忆。先听老师读，再用自己的生活场景解释。,1,,https://www.cambridgeenglish.org/images/506886-a2-key-2020-vocabulary-list.pdf,'ʌndә,https://github.com/skywind3000/ECDICT,offline-materials,under,authored,under · 单词里的小故事,小乐和朋友交换今天的小发现。猫在桌子下面。小乐说：“The cat is under the table.”朋友听懂了，也想起自己遇到过的事。,,The cat is __________ the table.,under,猫在桌子下面。,context,2026-09-v2,本地预制课堂素材；原创短句与场景模板,[],想象你也在这个场景里。用 under 说一句自己的话。
underground,KET,2,地铁；地下的,n; adj.,日常沟通,The car park is underground.,停车场在地下。,[],结合常用释义整体记忆。先听老师读，再用自己的生活场景解释。,0,,https://www.cambridgeenglish.org/images/506886-a2-key-2020-vocabulary-list.pdf,'ʌndәgraund,常用义教学修订；原词典见 ECDICT-LICENSE.txt,offline-materials,underground,authored,underground · 单词里的小故事,小乐和朋友交换今天的小发现。停车场在地下。小乐说：“The car park is underground.”朋友听懂了，也想起自己遇到过的事。,,The car park is __________.,underground,停车场在地下。,context,2026-09-v2,本地预制课堂素材；原创短句与场景模板,[],想象你也在这个场景里。用 underground 说一句自己的话。
understand,KET,1,理解；了解；领会,v.,日常沟通,I understand the question.,我明白这个问题。,[],结合常用释义整体记忆。先听老师读，再用自己的生活场景解释。,0,,https://www.cambridgeenglish.org/images/506886-a2-key-2020-vocabulary-list.pdf,.ʌndә'stænd,https://github.com/skywind3000/ECDICT,offline-materials,understand,authored,understand · 单词里的小故事,小乐和朋友交换今天的小发现。我明白这个问题。小乐说：“I understand the question.”朋友听懂了，也想起自己遇到过的事。,,I __________ the question.,understand,我明白这个问题。,context,2026-09-v2,本地预制课堂素材；原创短句与场景模板,[],想象你也在这个场景里。用 understand 说一句自己的话。
unfortunately,KET,1,恐怕；不幸的是,adv.,日常沟通,"Unfortunately, the shop was closed.",不巧的是，商店关门了。,"[{""text"": ""unfortunate"", ""kind"": ""root"", ""meaning"": ""不幸的""}, {""text"": ""-ly"", ""kind"": ""suffix"", ""meaning"": ""以……的方式（构成副词）"", ""story"": ""-ly 在古英语中有表示“像……的”的形容词形式，也有表示“以某种方式”的副词形式。今天同样的结尾仍有不同工作。先问它是在描写一个人或物，还是在说明怎样做事。"", ""source"": ""https://www.merriam-webster.com/dictionary/ly-""}]",先理解词基，再看词缀如何改变含义或词性。,0,,https://www.cambridgeenglish.org/images/506886-a2-key-2020-vocabulary-list.pdf,ʌn'fɔ:tjjnәtli,https://github.com/skywind3000/ECDICT,offline-materials,unfortunately,authored,unfortunately · 单词里的小故事,"小乐和朋友交换今天的小发现。不巧的是，商店关门了。小乐说：“Unfortunately, the shop was closed.”朋友听懂了，也想起自己遇到过的事。",,"__________, the shop was closed.",Unfortunately,不巧的是，商店关门了。,context,2026-09-v2,本地预制课堂素材；原创短句与场景模板,[],想象你也在这个场景里。用 unfortunately 说一句自己的话。
university,KET,1,大学,n.,日常沟通,We visited the university today.,我们今天参观了大学。,[],结合常用释义整体记忆。先听老师读，再用自己的生活场景解释。,0,,https://www.cambridgeenglish.org/images/506886-a2-key-2020-vocabulary-list.pdf,.ju:ni'vә:siti,https://github.com/skywind3000/ECDICT,offline-materials,university,place,university · 单词里的小故事,小乐把今天的外出经历记进了日记。我们今天参观了大学。小乐说：“We visited the university today.”朋友听懂了，也想起自己遇到过的事。,,We visited the __________ today.,university,我们今天参观了大学。,context,2026-09-v2,本地预制课堂素材；原创短句与场景模板,[],想象你也在这个场景里。用 university 说一句自己的话。
until,KET,1,直到；在...以前,prep.,日常沟通,Wait here until I come back.,在这里等到我回来。,[],结合常用释义整体记忆。先听老师读，再用自己的生活场景解释。,1,,https://www.cambridgeenglish.org/images/506886-a2-key-2020-vocabulary-list.pdf,әn'til,https://github.com/skywind3000/ECDICT,offline-materials,until,authored,until · 单词里的小故事,小乐和朋友交换今天的小发现。在这里等到我回来。小乐说：“Wait here until I come back.”朋友听懂了，也想起自己遇到过的事。,,Wait here __________ I come back.,until,在这里等到我回来。,context,2026-09-v2,本地预制课堂素材；原创短句与场景模板,[],想象你也在这个场景里。用 until 说一句自己的话。
up,KET,1,向上的；起床的；涨的,prep; adv.,日常沟通,Look up at the sky.,抬头看看天空。,[],结合常用释义整体记忆。先听老师读，再用自己的生活场景解释。,1,,https://www.cambridgeenglish.org/images/506886-a2-key-2020-vocabulary-list.pdf,ʌp,https://github.com/skywind3000/ECDICT,offline-materials,up,authored,up · 单词里的小故事,小乐和朋友交换今天的小发现。抬头看看天空。小乐说：“Look up at the sky.”朋友听懂了，也想起自己遇到过的事。,,Look __________ at the sky.,up,抬头看看天空。,context,2026-09-v2,本地预制课堂素材；原创短句与场景模板,[],想象你也在这个场景里。用 up 说一句自己的话。
upset,KET,2,弄翻的；混乱的；心烦的,adj.,日常沟通,I feel upset today.,我今天感到弄翻的。,[],结合常用释义整体记忆。先听老师读，再用自己的生活场景解释。,0,,https://www.cambridgeenglish.org/images/506886-a2-key-2020-vocabulary-list.pdf,ʌp'set,https://github.com/skywind3000/ECDICT,offline-materials,upset,feeling,upset · 单词里的小故事,老师请大家用一个词说说今天的感受，小乐先举了手。我今天感到弄翻的。小乐说：“I feel upset today.”朋友听懂了，也想起自己遇到过的事。,,I feel __________ today.,upset,我今天感到弄翻的。,context,2026-09-v2,本地预制课堂素材；原创短句与场景模板,[],想象你也在这个场景里。用 upset 说一句自己的话。
us,KET,1,我们,pron.,日常沟通,Please come with us.,请和我们一起来。,[],结合常用释义整体记忆。先听老师读，再用自己的生活场景解释。,1,,https://www.cambridgeenglish.org/images/506886-a2-key-2020-vocabulary-list.pdf,ʌs,https://github.com/skywind3000/ECDICT,offline-materials,us,authored,us · 单词里的小故事,小乐和朋友交换今天的小发现。请和我们一起来。小乐说：“Please come with us.”朋友听懂了，也想起自己遇到过的事。,,Please come with __________.,us,请和我们一起来。,context,2026-09-v2,本地预制课堂素材；原创短句与场景模板,[],想象你也在这个场景里。用 us 说一句自己的话。
use,KET,1,使用；用途,v.,日常沟通,May I use your pen?,我可以用你的笔吗？,"[{""text"": ""use"", ""kind"": ""root"", ""meaning"": ""用处""}]",这个词本身可以作为词基，与相关派生词联系起来理解。,1,,https://www.cambridgeenglish.org/images/506886-a2-key-2020-vocabulary-list.pdf,ju:s,常用义教学修订；原词典见 ECDICT-LICENSE.txt,offline-materials,use,authored,use · 单词里的小故事,小乐和朋友交换今天的小发现。我可以用你的笔吗？小乐说：“May I use your pen?”朋友听懂了，也想起自己遇到过的事。,,May I __________ your pen?,use,我可以用你的笔吗？,context,2026-09-v2,本地预制课堂素材；原创短句与场景模板,[],想象你也在这个场景里。用 use 说一句自己的话。
variety,KET,1,多样；种类；变种,n.,日常沟通,We talked about the variety today.,我们今天谈到了多样。,[],结合常用释义整体记忆。先听老师读，再用自己的生活场景解释。,0,,https://www.cambridgeenglish.org/images/506886-a2-key-2020-vocabulary-list.pdf,vә'raiәti,https://github.com/skywind3000/ECDICT,offline-materials,variety,discussion,variety · 单词里的小故事,小乐和朋友聊起今天的一件事。我们今天谈到了多样。小乐说：“We talked about the variety today.”朋友听懂了，也想起自己遇到过的事。,,We talked about the __________ today.,variety,我们今天谈到了多样。,context,2026-09-v2,本地预制课堂素材；原创短句与场景模板,[],想象你也在这个场景里。用 variety 说一句自己的话。
various,KET,1,不同的；各种的；多方面的,adj.,日常沟通,We tried various games.,我们试了各种游戏。,[],结合常用释义整体记忆。先听老师读，再用自己的生活场景解释。,0,,https://www.cambridgeenglish.org/images/506886-a2-key-2020-vocabulary-list.pdf,'vєәriәs,https://github.com/skywind3000/ECDICT,offline-materials,various,authored,various · 单词里的小故事,小乐和朋友交换今天的小发现。我们试了各种游戏。小乐说：“We tried various games.”朋友听懂了，也想起自己遇到过的事。,,We tried __________ games.,various,我们试了各种游戏。,context,2026-09-v2,本地预制课堂素材；原创短句与场景模板,[],想象你也在这个场景里。用 various 说一句自己的话。
video,KET,1,影像；电视,n.,日常沟通,We need the video today.,我们今天需要影像。,[],结合常用释义整体记忆。先听老师读，再用自己的生活场景解释。,0,,https://www.cambridgeenglish.org/images/506886-a2-key-2020-vocabulary-list.pdf,'vidiәu,https://github.com/skywind3000/ECDICT,offline-materials,video,equipment,video · 单词里的小故事,班级活动开始前，小乐负责核对需要的东西。我们今天需要影像。小乐说：“We need the video today.”朋友听懂了，也想起自己遇到过的事。,,We need the __________ today.,video,我们今天需要影像。,context,2026-09-v2,本地预制课堂素材；原创短句与场景模板,[],想象你也在这个场景里。用 video 说一句自己的话。
video game,KET,2,电子游戏,n.,日常沟通,This video game is about a journey.,这个电子游戏讲的是一次旅程。,"[{""text"": ""video"", ""kind"": ""compound"", ""meaning"": ""影像""}, {""text"": ""game"", ""kind"": ""compound"", ""meaning"": ""游戏""}]",两个已有成分组合成一个词。结合它们的意思理解整体词义，但不要把这种现代拆分当作完整的历史词源。,0,,https://www.cambridgeenglish.org/images/506886-a2-key-2020-vocabulary-list.pdf,,原创课堂释义与例句,offline-materials,video game,authored,video game · 单词里的小故事,小乐和朋友交换今天的小发现。这个电子游戏讲的是一次旅程。小乐说：“This video game is about a journey.”朋友听懂了，也想起自己遇到过的事。,,This __________ is about a journey.,video game,这个电子游戏讲的是一次旅程。,context,2026-09-v2,本地预制课堂素材；原创短句与场景模板,[],想象你也在这个场景里。用 video game 说一句自己的话。
view,KET,1,景色；观点,n.,日常沟通,We talked about the view today.,我们今天谈到了景色。,[],结合常用释义整体记忆。先听老师读，再用自己的生活场景解释。,0,,https://www.cambridgeenglish.org/images/506886-a2-key-2020-vocabulary-list.pdf,vju:,常用义教学修订；原词典见 ECDICT-LICENSE.txt,offline-materials,view,discussion,view · 单词里的小故事,小乐和朋友聊起今天的一件事。我们今天谈到了景色。小乐说：“We talked about the view today.”朋友听懂了，也想起自己遇到过的事。,,We talked about the __________ today.,view,我们今天谈到了景色。,context,2026-09-v2,本地预制课堂素材；原创短句与场景模板,[],想象你也在这个场景里。用 view 说一句自己的话。
visit,KET,1,拜访；访问；游览,n.,日常沟通,We talked about the visit today.,我们今天谈到了拜访。,"[{""text"": ""visit"", ""kind"": ""root"", ""meaning"": ""参观；拜访""}]",这个词本身可以作为词基，与相关派生词联系起来理解。,0,,https://www.cambridgeenglish.org/images/506886-a2-key-2020-vocabulary-list.pdf,'vizit,https://github.com/skywind3000/ECDICT,offline-materials,visit,discussion,visit · 单词里的小故事,小乐和朋友聊起今天的一件事。我们今天谈到了拜访。小乐说：“We talked about the visit today.”朋友听懂了，也想起自己遇到过的事。,,We talked about the __________ today.,visit,我们今天谈到了拜访。,context,2026-09-v2,本地预制课堂素材；原创短句与场景模板,[],想象你也在这个场景里。用 visit 说一句自己的话。
vocabulary,KET,2,词汇(量)；词汇表,n.,日常沟通,We learn about vocabulary at school.,我们在学校学习词汇。,[],结合常用释义整体记忆。先听老师读，再用自己的生活场景解释。,0,,https://www.cambridgeenglish.org/images/506886-a2-key-2020-vocabulary-list.pdf,vә'kæbjulәri,https://github.com/skywind3000/ECDICT,offline-materials,vocabulary,school,vocabulary · 单词里的小故事,小乐把今天在学校学到的内容讲给家人听。我们在学校学习词汇。小乐说：“We learn about vocabulary at school.”朋友听懂了，也想起自己遇到过的事。,,We learn about __________ at school.,vocabulary,我们在学校学习词汇。,context,2026-09-v2,本地预制课堂素材；原创短句与场景模板,[],想象你也在这个场景里。用 vocabulary 说一句自己的话。
wait,KET,1,等候；期待；延缓,v.,日常沟通,Please wait for me.,请等我。,"[{""text"": ""wait"", ""kind"": ""root"", ""meaning"": ""等候；侍候""}]",这个词本身可以作为词基，与相关派生词联系起来理解。,0,,https://www.cambridgeenglish.org/images/506886-a2-key-2020-vocabulary-list.pdf,weit,https://github.com/skywind3000/ECDICT,offline-materials,wait,authored,wait · 单词里的小故事,小乐和朋友交换今天的小发现。请等我。小乐说：“Please wait for me.”朋友听懂了，也想起自己遇到过的事。,,Please __________ for me.,wait,请等我。,context,2026-09-v2,本地预制课堂素材；原创短句与场景模板,[],想象你也在这个场景里。用 wait 说一句自己的话。
waitress,KET,3,女侍者；女服务员,n.,日常沟通,This story is about a waitress.,这个故事讲的是一位女侍者。,[],结合常用释义整体记忆。先听老师读，再用自己的生活场景解释。,0,,https://www.cambridgeenglish.org/images/506886-a2-key-2020-vocabulary-list.pdf,'weitris,https://github.com/skywind3000/ECDICT,offline-materials,waitress,person,waitress · 单词里的小故事,读书会轮到小乐介绍故事里的一个人物。这个故事讲的是一位女侍者。小乐说：“This story is about a waitress.”朋友听懂了，也想起自己遇到过的事。,,This story is about a __________.,waitress,这个故事讲的是一位女侍者。,context,2026-09-v2,本地预制课堂素材；原创短句与场景模板,[],想象你也在这个场景里。用 waitress 说一句自己的话。
wake,KET,2,叫醒；激发,v.,日常沟通,Please do not wake the baby.,请不要叫醒婴儿。,[],结合常用释义整体记忆。先听老师读，再用自己的生活场景解释。,0,,https://www.cambridgeenglish.org/images/506886-a2-key-2020-vocabulary-list.pdf,weik,https://github.com/skywind3000/ECDICT,offline-materials,wake,authored,wake · 单词里的小故事,小乐和朋友交换今天的小发现。请不要叫醒婴儿。小乐说：“Please do not wake the baby.”朋友听懂了，也想起自己遇到过的事。,,Please do not __________ the baby.,wake,请不要叫醒婴儿。,context,2026-09-v2,本地预制课堂素材；原创短句与场景模板,[],想象你也在这个场景里。用 wake 说一句自己的话。
wake up,KET,3,醒来,phr v.,日常沟通,I wake up at seven.,我七点醒来。,[],结合常用释义整体记忆。先听老师读，再用自己的生活场景解释。,0,,https://www.cambridgeenglish.org/images/506886-a2-key-2020-vocabulary-list.pdf,,https://github.com/skywind3000/ECDICT,offline-materials,wake up,authored,wake up · 单词里的小故事,小乐和朋友交换今天的小发现。我七点醒来。小乐说：“I wake up at seven.”朋友听懂了，也想起自己遇到过的事。,,I __________ at seven.,wake up,我七点醒来。,context,2026-09-v2,本地预制课堂素材；原创短句与场景模板,[],想象你也在这个场景里。用 wake up 说一句自己的话。
walk,KET,1,走路；步行；处世,v; n.,日常沟通,We walk to school.,我们走路上学。,"[{""text"": ""walk"", ""kind"": ""root"", ""meaning"": ""步行""}]",这个词本身可以作为词基，与相关派生词联系起来理解。,1,,https://www.cambridgeenglish.org/images/506886-a2-key-2020-vocabulary-list.pdf,wɒ:k,https://github.com/skywind3000/ECDICT,offline-materials,walk,authored,walk · 单词里的小故事,小乐和朋友交换今天的小发现。我们走路上学。小乐说：“We walk to school.”朋友听懂了，也想起自己遇到过的事。,,We __________ to school.,walk,我们走路上学。,context,2026-09-v2,本地预制课堂素材；原创短句与场景模板,[],想象你也在这个场景里。用 walk 说一句自己的话。
walking,KET,2,步行；步态,n.,日常沟通,I want to learn more about walking.,我想多了解一些步行。,"[{""text"": ""walk"", ""kind"": ""root"", ""meaning"": ""步行""}, {""text"": ""-ing"", ""kind"": ""suffix"", ""meaning"": ""把动作当作活动或事物来表达"", ""story"": ""把动作变成名词的 -ing，可以追溯到古英语的 -ung、-ing。一个动作加上这样的结尾，就能作为一种活动来谈论。注意句子里的位置：-ing 也会用于进行时和形容词。"", ""source"": ""https://www.merriam-webster.com/dictionary/-ing""}]",先理解词基，再看词缀如何改变含义或词性。,0,,https://www.cambridgeenglish.org/images/506886-a2-key-2020-vocabulary-list.pdf,'wɒ:kiŋ,https://github.com/skywind3000/ECDICT,offline-materials,walking,activity,walking · 单词里的小故事,班级要举办兴趣日，小乐选了自己想了解的活动。我想多了解一些步行。小乐说：“I want to learn more about walking.”朋友听懂了，也想起自己遇到过的事。,,I want to learn more about __________.,walking,我想多了解一些步行。,context,2026-09-v2,本地预制课堂素材；原创短句与场景模板,[],想象你也在这个场景里。用 walking 说一句自己的话。
wall,KET,1,墙；墙壁；垣,n.,日常沟通,We talked about the wall today.,我们今天谈到了墙。,[],结合常用释义整体记忆。先听老师读，再用自己的生活场景解释。,1,,https://www.cambridgeenglish.org/images/506886-a2-key-2020-vocabulary-list.pdf,wɒ:l,https://github.com/skywind3000/ECDICT,offline-materials,wall,discussion,wall · 单词里的小故事,小乐和朋友聊起今天的一件事。我们今天谈到了墙。小乐说：“We talked about the wall today.”朋友听懂了，也想起自己遇到过的事。,,We talked about the __________ today.,wall,我们今天谈到了墙。,context,2026-09-v2,本地预制课堂素材；原创短句与场景模板,[],想象你也在这个场景里。用 wall 说一句自己的话。
wallet,KET,3,皮夹,n.,日常沟通,We need the wallet today.,我们今天需要皮夹。,[],结合常用释义整体记忆。先听老师读，再用自己的生活场景解释。,0,,https://www.cambridgeenglish.org/images/506886-a2-key-2020-vocabulary-list.pdf,'wɒlit,https://github.com/skywind3000/ECDICT,offline-materials,wallet,equipment,wallet · 单词里的小故事,班级活动开始前，小乐负责核对需要的东西。我们今天需要皮夹。小乐说：“We need the wallet today.”朋友听懂了，也想起自己遇到过的事。,,We need the __________ today.,wallet,我们今天需要皮夹。,context,2026-09-v2,本地预制课堂素材；原创短句与场景模板,[],想象你也在这个场景里。用 wallet 说一句自己的话。
want,KET,1,要；希望；应该,v.,日常沟通,I want a glass of water.,我想要一杯水。,[],结合常用释义整体记忆。先听老师读，再用自己的生活场景解释。,1,,https://www.cambridgeenglish.org/images/506886-a2-key-2020-vocabulary-list.pdf,wɒnt,https://github.com/skywind3000/ECDICT,offline-materials,want,authored,want · 单词里的小故事,小乐和朋友交换今天的小发现。我想要一杯水。小乐说：“I want a glass of water.”朋友听懂了，也想起自己遇到过的事。,,I __________ a glass of water.,want,我想要一杯水。,context,2026-09-v2,本地预制课堂素材；原创短句与场景模板,[],想象你也在这个场景里。用 want 说一句自己的话。
wardrobe,KET,2,衣橱；衣室；全部衣服,n.,日常沟通,We need the wardrobe today.,我们今天需要衣橱。,[],结合常用释义整体记忆。先听老师读，再用自己的生活场景解释。,0,,https://www.cambridgeenglish.org/images/506886-a2-key-2020-vocabulary-list.pdf,'wɒ:drәub,https://github.com/skywind3000/ECDICT,offline-materials,wardrobe,equipment,wardrobe · 单词里的小故事,班级活动开始前，小乐负责核对需要的东西。我们今天需要衣橱。小乐说：“We need the wardrobe today.”朋友听懂了，也想起自己遇到过的事。,,We need the __________ today.,wardrobe,我们今天需要衣橱。,context,2026-09-v2,本地预制课堂素材；原创短句与场景模板,[],想象你也在这个场景里。用 wardrobe 说一句自己的话。
warm,KET,1,暖和的；暖的；温暖的,adj.,日常沟通,This box is warm.,这个盒子是暖和的。,[],结合常用释义整体记忆。先听老师读，再用自己的生活场景解释。,1,,https://www.cambridgeenglish.org/images/506886-a2-key-2020-vocabulary-list.pdf,wɒ:m,https://github.com/skywind3000/ECDICT,offline-materials,warm,object-quality,warm · 单词里的小故事,朋友闭上眼睛，让小乐描述面前的盒子。这个盒子是暖和的。小乐说：“This box is warm.”朋友听懂了，也想起自己遇到过的事。,,This box is __________.,warm,这个盒子是暖和的。,context,2026-09-v2,本地预制课堂素材；原创短句与场景模板,[],想象你也在这个场景里。用 warm 说一句自己的话。
wash up,KET,3,洗手洗脸；洗餐具,phr v.,日常沟通,We wash up after dinner.,我们晚饭后洗碗。,[],结合常用释义整体记忆。先听老师读，再用自己的生活场景解释。,0,,https://www.cambridgeenglish.org/images/506886-a2-key-2020-vocabulary-list.pdf,,https://github.com/skywind3000/ECDICT,offline-materials,wash up,authored,wash up · 单词里的小故事,小乐和朋友交换今天的小发现。我们晚饭后洗碗。小乐说：“We wash up after dinner.”朋友听懂了，也想起自己遇到过的事。,,We __________ after dinner.,wash up,我们晚饭后洗碗。,context,2026-09-v2,本地预制课堂素材；原创短句与场景模板,[],想象你也在这个场景里。用 wash up 说一句自己的话。
washing machine,KET,3,洗衣机,n.,日常沟通,We need the washing machine today.,我们今天需要洗衣机。,[],结合常用释义整体记忆。先听老师读，再用自己的生活场景解释。,0,,https://www.cambridgeenglish.org/images/506886-a2-key-2020-vocabulary-list.pdf,,https://github.com/skywind3000/ECDICT,offline-materials,washing machine,equipment,washing machine · 单词里的小故事,班级活动开始前，小乐负责核对需要的东西。我们今天需要洗衣机。小乐说：“We need the washing machine today.”朋友听懂了，也想起自己遇到过的事。,,We need the __________ today.,washing machine,我们今天需要洗衣机。,context,2026-09-v2,本地预制课堂素材；原创短句与场景模板,[],想象你也在这个场景里。用 washing machine 说一句自己的话。
washing-up,KET,3,洗餐具；待洗餐具,n.,日常沟通,We talked about the washing-up today.,我们今天谈到了洗餐具。,[],结合常用释义整体记忆。先听老师读，再用自己的生活场景解释。,0,,https://www.cambridgeenglish.org/images/506886-a2-key-2020-vocabulary-list.pdf,,https://github.com/skywind3000/ECDICT,offline-materials,washing-up,discussion,washing-up · 单词里的小故事,小乐和朋友聊起今天的一件事。我们今天谈到了洗餐具。小乐说：“We talked about the washing-up today.”朋友听懂了，也想起自己遇到过的事。,,We talked about the __________ today.,washing-up,我们今天谈到了洗餐具。,context,2026-09-v2,本地预制课堂素材；原创短句与场景模板,[],想象你也在这个场景里。用 washing-up 说一句自己的话。
watch,KET,1,手表；观看,n; v.,日常沟通,We talked about the watch today.,我们今天谈到了手表。,[],结合常用释义整体记忆。先听老师读，再用自己的生活场景解释。,0,,https://www.cambridgeenglish.org/images/506886-a2-key-2020-vocabulary-list.pdf,wɒtʃ,常用义教学修订；原词典见 ECDICT-LICENSE.txt,offline-materials,watch,discussion,watch · 单词里的小故事,小乐和朋友聊起今天的一件事。我们今天谈到了手表。小乐说：“We talked about the watch today.”朋友听懂了，也想起自己遇到过的事。,,We talked about the __________ today.,watch,我们今天谈到了手表。,context,2026-09-v2,本地预制课堂素材；原创短句与场景模板,[],想象你也在这个场景里。用 watch 说一句自己的话。
water,KET,1,水；雨水；海水,n.,日常沟通,This water tastes good.,这份水味道很好。,[],结合常用释义整体记忆。先听老师读，再用自己的生活场景解释。,1,,https://www.cambridgeenglish.org/images/506886-a2-key-2020-vocabulary-list.pdf,'wɒ:tә,https://github.com/skywind3000/ECDICT,offline-materials,water,food,water · 单词里的小故事,小乐第一次给家人当小帮手，端出一份食物。这份水味道很好。小乐说：“This water tastes good.”朋友听懂了，也想起自己遇到过的事。,,This __________ tastes good.,water,这份水味道很好。,context,2026-09-v2,本地预制课堂素材；原创短句与场景模板,[],想象你也在这个场景里。用 water 说一句自己的话。
way,KET,1,方式；道路,n.,日常沟通,We talked about the way today.,我们今天谈到了方式。,[],结合常用释义整体记忆。先听老师读，再用自己的生活场景解释。,0,,https://www.cambridgeenglish.org/images/506886-a2-key-2020-vocabulary-list.pdf,wei,常用义教学修订；原词典见 ECDICT-LICENSE.txt,offline-materials,way,discussion,way · 单词里的小故事,小乐和朋友聊起今天的一件事。我们今天谈到了方式。小乐说：“We talked about the way today.”朋友听懂了，也想起自己遇到过的事。,,We talked about the __________ today.,way,我们今天谈到了方式。,context,2026-09-v2,本地预制课堂素材；原创短句与场景模板,[],想象你也在这个场景里。用 way 说一句自己的话。
we,KET,1,我们,pron.,日常沟通,We like reading together.,我们喜欢一起阅读。,[],结合常用释义整体记忆。先听老师读，再用自己的生活场景解释。,1,,https://www.cambridgeenglish.org/images/506886-a2-key-2020-vocabulary-list.pdf,wi:,https://github.com/skywind3000/ECDICT,offline-materials,we,authored,we · 单词里的小故事,小乐和朋友交换今天的小发现。我们喜欢一起阅读。小乐说：“We like reading together.”朋友听懂了，也想起自己遇到过的事。,,__________ like reading together.,We,我们喜欢一起阅读。,context,2026-09-v2,本地预制课堂素材；原创短句与场景模板,[],想象你也在这个场景里。用 we 说一句自己的话。
wear,KET,1,穿着；戴；留(须、发等),v.,日常沟通,I wear a hat in the sun.,我在阳光下戴帽子。,[],结合常用释义整体记忆。先听老师读，再用自己的生活场景解释。,0,,https://www.cambridgeenglish.org/images/506886-a2-key-2020-vocabulary-list.pdf,wєә,https://github.com/skywind3000/ECDICT,offline-materials,wear,authored,wear · 单词里的小故事,小乐和朋友交换今天的小发现。我在阳光下戴帽子。小乐说：“I wear a hat in the sun.”朋友听懂了，也想起自己遇到过的事。,,I __________ a hat in the sun.,wear,我在阳光下戴帽子。,context,2026-09-v2,本地预制课堂素材；原创短句与场景模板,[],想象你也在这个场景里。用 wear 说一句自己的话。
web,KET,2,网；蛛丝；蹼,n.,日常沟通,We talked about the web today.,我们今天谈到了网。,[],结合常用释义整体记忆。先听老师读，再用自己的生活场景解释。,0,,https://www.cambridgeenglish.org/images/506886-a2-key-2020-vocabulary-list.pdf,web,https://github.com/skywind3000/ECDICT,offline-materials,web,discussion,web · 单词里的小故事,小乐和朋友聊起今天的一件事。我们今天谈到了网。小乐说：“We talked about the web today.”朋友听懂了，也想起自己遇到过的事。,,We talked about the __________ today.,web,我们今天谈到了网。,context,2026-09-v2,本地预制课堂素材；原创短句与场景模板,[],想象你也在这个场景里。用 web 说一句自己的话。
web page,KET,3,网页,n.,日常沟通,Open the school web page.,打开学校的网页。,[],结合常用释义整体记忆。先听老师读，再用自己的生活场景解释。,0,,https://www.cambridgeenglish.org/images/506886-a2-key-2020-vocabulary-list.pdf,,常用义教学修订；原词典见 ECDICT-LICENSE.txt,offline-materials,web page,authored,web page · 单词里的小故事,小乐和朋友交换今天的小发现。打开学校的网页。小乐说：“Open the school web page.”朋友听懂了，也想起自己遇到过的事。,,Open the school __________.,web page,打开学校的网页。,context,2026-09-v2,本地预制课堂素材；原创短句与场景模板,[],想象你也在这个场景里。用 web page 说一句自己的话。
wednesday,KET,1,星期三,n.,日常沟通,Our class meets on Wednesday.,我们班在星期三上课。,[],结合常用释义整体记忆。先听老师读，再用自己的生活场景解释。,1,,https://www.cambridgeenglish.org/images/506886-a2-key-2020-vocabulary-list.pdf,'wenzdi,https://github.com/skywind3000/ECDICT,offline-materials,Wednesday,date,Wednesday · 单词里的小故事,小乐在日历上画了一个圈，提醒自己别忘记这个日子。我们班在星期三上课。小乐说：“Our class meets on Wednesday.”朋友听懂了，也想起自己遇到过的事。,,Our class meets on __________.,Wednesday,我们班在星期三上课。,context,2026-09-v2,本地预制课堂素材；原创短句与场景模板,[],想象你也在这个场景里。用 Wednesday 说一句自己的话。
week,KET,1,星期；周,n.,日常沟通,We talked about the week today.,我们今天谈到了星期。,[],结合常用释义整体记忆。先听老师读，再用自己的生活场景解释。,1,,https://www.cambridgeenglish.org/images/506886-a2-key-2020-vocabulary-list.pdf,wi:k,https://github.com/skywind3000/ECDICT,offline-materials,week,discussion,week · 单词里的小故事,小乐和朋友聊起今天的一件事。我们今天谈到了星期。小乐说：“We talked about the week today.”朋友听懂了，也想起自己遇到过的事。,,We talked about the __________ today.,week,我们今天谈到了星期。,context,2026-09-v2,本地预制课堂素材；原创短句与场景模板,[],想象你也在这个场景里。用 week 说一句自己的话。
weekly,KET,2,每周的；一周一次的；周刊的,adj; adv.,日常沟通,We have a weekly meeting.,我们有每周的会议。,[],结合常用释义整体记忆。先听老师读，再用自己的生活场景解释。,0,,https://www.cambridgeenglish.org/images/506886-a2-key-2020-vocabulary-list.pdf,'wi:kli,https://github.com/skywind3000/ECDICT,offline-materials,weekly,repeat,weekly · 单词里的小故事,小乐做了一张时间表，不想错过下一次碰面。我们有每周的会议。小乐说：“We have a weekly meeting.”朋友听懂了，也想起自己遇到过的事。,,We have a __________ meeting.,weekly,我们有每周的会议。,context,2026-09-v2,本地预制课堂素材；原创短句与场景模板,"[{""en"": ""We have a weekly game after school."", ""zh"": ""我们每周放学后玩一次游戏。""}]",想象你也在这个场景里。用 weekly 说一句自己的话。
well,KET,1,好；健康的,adv; adj.,日常沟通,I do not feel well today.,我今天感觉不舒服。,[],结合常用释义整体记忆。先听老师读，再用自己的生活场景解释。,0,,https://www.cambridgeenglish.org/images/506886-a2-key-2020-vocabulary-list.pdf,wel,常用义教学修订；原词典见 ECDICT-LICENSE.txt,offline-materials,well,authored,well · 单词里的小故事,小乐和朋友交换今天的小发现。我今天感觉不舒服。小乐说：“I do not feel well today.”朋友听懂了，也想起自己遇到过的事。,,I do not feel __________ today.,well,我今天感觉不舒服。,context,2026-09-v2,本地预制课堂素材；原创短句与场景模板,[],想象你也在这个场景里。用 well 说一句自己的话。
well known,KET,3,众所周知的；出名的,adj.,日常沟通,The story is well known.,这个故事很有名。,[],结合常用释义整体记忆。先听老师读，再用自己的生活场景解释。,0,,https://www.cambridgeenglish.org/images/506886-a2-key-2020-vocabulary-list.pdf,wel nəʊn,https://github.com/skywind3000/ECDICT,offline-materials,well known,authored,well known · 单词里的小故事,小乐和朋友交换今天的小发现。这个故事很有名。小乐说：“The story is well known.”朋友听懂了，也想起自己遇到过的事。,,The story is __________.,well known,这个故事很有名。,context,2026-09-v2,本地预制课堂素材；原创短句与场景模板,[],想象你也在这个场景里。用 well known 说一句自己的话。
west,KET,1,西方；西部,"n, adj; adv.",日常沟通,The sun sets in the west.,太阳在西方落下。,[],结合常用释义整体记忆。先听老师读，再用自己的生活场景解释。,0,,https://www.cambridgeenglish.org/images/506886-a2-key-2020-vocabulary-list.pdf,west,https://github.com/skywind3000/ECDICT,offline-materials,west,authored,west · 单词里的小故事,小乐和朋友交换今天的小发现。太阳在西方落下。小乐说：“The sun sets in the west.”朋友听懂了，也想起自己遇到过的事。,,The sun sets in the __________.,west,太阳在西方落下。,context,2026-09-v2,本地预制课堂素材；原创短句与场景模板,[],想象你也在这个场景里。用 west 说一句自己的话。
wet,KET,2,湿的；潮的；搞错的,adj.,日常沟通,This box is wet.,这个盒子是湿的。,[],结合常用释义整体记忆。先听老师读，再用自己的生活场景解释。,0,,https://www.cambridgeenglish.org/images/506886-a2-key-2020-vocabulary-list.pdf,wet,https://github.com/skywind3000/ECDICT,offline-materials,wet,object-quality,wet · 单词里的小故事,朋友闭上眼睛，让小乐描述面前的盒子。这个盒子是湿的。小乐说：“This box is wet.”朋友听懂了，也想起自己遇到过的事。,,This box is __________.,wet,这个盒子是湿的。,context,2026-09-v2,本地预制课堂素材；原创短句与场景模板,[],想象你也在这个场景里。用 wet 说一句自己的话。
what,KET,1,什么,det; pron.,日常沟通,What is in your bag?,你的包里有什么？,[],结合常用释义整体记忆。先听老师读，再用自己的生活场景解释。,1,,https://www.cambridgeenglish.org/images/506886-a2-key-2020-vocabulary-list.pdf,hwɒt,https://github.com/skywind3000/ECDICT,offline-materials,what,authored,what · 单词里的小故事,小乐和朋友交换今天的小发现。你的包里有什么？小乐说：“What is in your bag?”朋友听懂了，也想起自己遇到过的事。,,__________ is in your bag?,What,你的包里有什么？,context,2026-09-v2,本地预制课堂素材；原创短句与场景模板,[],想象你也在这个场景里。用 what 说一句自己的话。
wheel,KET,2,轮子；车轮；轮,n.,日常沟通,We need the wheel today.,我们今天需要轮子。,[],结合常用释义整体记忆。先听老师读，再用自己的生活场景解释。,0,,https://www.cambridgeenglish.org/images/506886-a2-key-2020-vocabulary-list.pdf,hwi:l,https://github.com/skywind3000/ECDICT,offline-materials,wheel,equipment,wheel · 单词里的小故事,班级活动开始前，小乐负责核对需要的东西。我们今天需要轮子。小乐说：“We need the wheel today.”朋友听懂了，也想起自己遇到过的事。,,We need the __________ today.,wheel,我们今天需要轮子。,context,2026-09-v2,本地预制课堂素材；原创短句与场景模板,[],想象你也在这个场景里。用 wheel 说一句自己的话。
when,KET,1,何时；什么时候,adv.,日常沟通,When does the class start?,这节课什么时候开始？,[],结合常用释义整体记忆。先听老师读，再用自己的生活场景解释。,1,,https://www.cambridgeenglish.org/images/506886-a2-key-2020-vocabulary-list.pdf,hwen,https://github.com/skywind3000/ECDICT,offline-materials,when,authored,when · 单词里的小故事,小乐和朋友交换今天的小发现。这节课什么时候开始？小乐说：“When does the class start?”朋友听懂了，也想起自己遇到过的事。,,__________ does the class start?,When,这节课什么时候开始？,context,2026-09-v2,本地预制课堂素材；原创短句与场景模板,[],想象你也在这个场景里。用 when 说一句自己的话。
where,KET,1,在哪里,adv.,日常沟通,Where is my book?,我的书在哪里？,[],结合常用释义整体记忆。先听老师读，再用自己的生活场景解释。,1,,https://www.cambridgeenglish.org/images/506886-a2-key-2020-vocabulary-list.pdf,hwєә,https://github.com/skywind3000/ECDICT,offline-materials,where,authored,where · 单词里的小故事,小乐和朋友交换今天的小发现。我的书在哪里？小乐说：“Where is my book?”朋友听懂了，也想起自己遇到过的事。,,__________ is my book?,Where,我的书在哪里？,context,2026-09-v2,本地预制课堂素材；原创短句与场景模板,[],想象你也在这个场景里。用 where 说一句自己的话。
which,KET,1,哪一个；那一个,det; pron.,日常沟通,Which book do you want?,你想要哪本书？,[],结合常用释义整体记忆。先听老师读，再用自己的生活场景解释。,1,,https://www.cambridgeenglish.org/images/506886-a2-key-2020-vocabulary-list.pdf,hwitʃ,https://github.com/skywind3000/ECDICT,offline-materials,which,authored,which · 单词里的小故事,小乐和朋友交换今天的小发现。你想要哪本书？小乐说：“Which book do you want?”朋友听懂了，也想起自己遇到过的事。,,__________ book do you want?,Which,你想要哪本书？,context,2026-09-v2,本地预制课堂素材；原创短句与场景模板,[],想象你也在这个场景里。用 which 说一句自己的话。
while,KET,1,当……的时候；一会儿,conj.,日常沟通,I read while my brother plays.,弟弟玩耍时，我在阅读。,[],结合常用释义整体记忆。先听老师读，再用自己的生活场景解释。,1,,https://www.cambridgeenglish.org/images/506886-a2-key-2020-vocabulary-list.pdf,hwail,常用义教学修订；原词典见 ECDICT-LICENSE.txt,offline-materials,while,authored,while · 单词里的小故事,小乐和朋友交换今天的小发现。弟弟玩耍时，我在阅读。小乐说：“I read while my brother plays.”朋友听懂了，也想起自己遇到过的事。,,I read __________ my brother plays.,while,弟弟玩耍时，我在阅读。,context,2026-09-v2,本地预制课堂素材；原创短句与场景模板,[],想象你也在这个场景里。用 while 说一句自己的话。
white,KET,1,白色的；纯洁的；白种的,adj.,日常沟通,This box is white.,这个盒子是白色的。,[],结合常用释义整体记忆。先听老师读，再用自己的生活场景解释。,1,,https://www.cambridgeenglish.org/images/506886-a2-key-2020-vocabulary-list.pdf,hwait,https://github.com/skywind3000/ECDICT,offline-materials,white,object-quality,white · 单词里的小故事,朋友闭上眼睛，让小乐描述面前的盒子。这个盒子是白色的。小乐说：“This box is white.”朋友听懂了，也想起自己遇到过的事。,,This box is __________.,white,这个盒子是白色的。,context,2026-09-v2,本地预制课堂素材；原创短句与场景模板,[],想象你也在这个场景里。用 white 说一句自己的话。
who,KET,1,谁,pron.,日常沟通,Who is at the door?,谁在门口？,[],结合常用释义整体记忆。先听老师读，再用自己的生活场景解释。,1,,https://www.cambridgeenglish.org/images/506886-a2-key-2020-vocabulary-list.pdf,hu:,https://github.com/skywind3000/ECDICT,offline-materials,who,authored,who · 单词里的小故事,小乐和朋友交换今天的小发现。谁在门口？小乐说：“Who is at the door?”朋友听懂了，也想起自己遇到过的事。,,__________ is at the door?,Who,谁在门口？,context,2026-09-v2,本地预制课堂素材；原创短句与场景模板,[],想象你也在这个场景里。用 who 说一句自己的话。
whole,KET,1,整个的；完整的,adj; n.,日常沟通,We spent the whole day together.,我们一起度过了一整天。,[],结合常用释义整体记忆。先听老师读，再用自己的生活场景解释。,0,,https://www.cambridgeenglish.org/images/506886-a2-key-2020-vocabulary-list.pdf,hәul,常用义教学修订；原词典见 ECDICT-LICENSE.txt,offline-materials,whole,authored,whole · 单词里的小故事,小乐和朋友交换今天的小发现。我们一起度过了一整天。小乐说：“We spent the whole day together.”朋友听懂了，也想起自己遇到过的事。,,We spent the __________ day together.,whole,我们一起度过了一整天。,context,2026-09-v2,本地预制课堂素材；原创短句与场景模板,[],想象你也在这个场景里。用 whole 说一句自己的话。
whose,KET,1,谁的,det; pron.,日常沟通,Whose bag is this?,这是谁的包？,[],结合常用释义整体记忆。先听老师读，再用自己的生活场景解释。,1,,https://www.cambridgeenglish.org/images/506886-a2-key-2020-vocabulary-list.pdf,hu:z,https://github.com/skywind3000/ECDICT,offline-materials,whose,authored,whose · 单词里的小故事,小乐和朋友交换今天的小发现。这是谁的包？小乐说：“Whose bag is this?”朋友听懂了，也想起自己遇到过的事。,,__________ bag is this?,Whose,这是谁的包？,context,2026-09-v2,本地预制课堂素材；原创短句与场景模板,[],想象你也在这个场景里。用 whose 说一句自己的话。
why,KET,1,为什么,adv.,日常沟通,Why are you laughing?,你为什么在笑？,[],结合常用释义整体记忆。先听老师读，再用自己的生活场景解释。,1,,https://www.cambridgeenglish.org/images/506886-a2-key-2020-vocabulary-list.pdf,hwai,https://github.com/skywind3000/ECDICT,offline-materials,why,authored,why · 单词里的小故事,小乐和朋友交换今天的小发现。你为什么在笑？小乐说：“Why are you laughing?”朋友听懂了，也想起自己遇到过的事。,,__________ are you laughing?,Why,你为什么在笑？,context,2026-09-v2,本地预制课堂素材；原创短句与场景模板,[],想象你也在这个场景里。用 why 说一句自己的话。
wifi,KET,3,基于IEEE 802.11b标准的无线局域网（Wireless Fidelity）；无线网络模块,n.,日常沟通,We talked about the wifi today.,我们今天谈到了基于IEEE 802.11b标准的无线局域网。,[],结合常用释义整体记忆。先听老师读，再用自己的生活场景解释。,0,,https://www.cambridgeenglish.org/images/506886-a2-key-2020-vocabulary-list.pdf,,https://github.com/skywind3000/ECDICT,offline-materials,wifi,discussion,wifi · 单词里的小故事,小乐和朋友聊起今天的一件事。我们今天谈到了基于IEEE 802.11b标准的无线局域网。小乐说：“We talked about the wifi today.”朋友听懂了，也想起自己遇到过的事。,,We talked about the __________ today.,wifi,我们今天谈到了基于IEEE 802.11b标准的无线局域网。,context,2026-09-v2,本地预制课堂素材；原创短句与场景模板,[],想象你也在这个场景里。用 wifi 说一句自己的话。
wild,KET,1,野性的；野蛮的；野生的,adj.,日常沟通,The person in the story is wild.,故事里的那个人是野性的。,[],结合常用释义整体记忆。先听老师读，再用自己的生活场景解释。,0,,https://www.cambridgeenglish.org/images/506886-a2-key-2020-vocabulary-list.pdf,waild,https://github.com/skywind3000/ECDICT,offline-materials,wild,person-quality,wild · 单词里的小故事,同学们在给故事人物选词卡，小乐找到了合适的一张。故事里的那个人是野性的。小乐说：“The person in the story is wild.”朋友听懂了，也想起自己遇到过的事。,,The person in the story is __________.,wild,故事里的那个人是野性的。,context,2026-09-v2,本地预制课堂素材；原创短句与场景模板,[],想象你也在这个场景里。用 wild 说一句自己的话。
will,KET,1,将；愿意,mv.,日常沟通,I will help you tomorrow.,我明天会帮你。,[],结合常用释义整体记忆。先听老师读，再用自己的生活场景解释。,1,,https://www.cambridgeenglish.org/images/506886-a2-key-2020-vocabulary-list.pdf,wil,常用义教学修订；原词典见 ECDICT-LICENSE.txt,offline-materials,will,authored,will · 单词里的小故事,小乐和朋友交换今天的小发现。我明天会帮你。小乐说：“I will help you tomorrow.”朋友听懂了，也想起自己遇到过的事。,,I __________ help you tomorrow.,will,我明天会帮你。,context,2026-09-v2,本地预制课堂素材；原创短句与场景模板,[],想象你也在这个场景里。用 will 说一句自己的话。
win,KET,1,赢得；打胜；成功,v.,日常沟通,We want to win the game.,我们想赢得比赛。,[],结合常用释义整体记忆。先听老师读，再用自己的生活场景解释。,0,,https://www.cambridgeenglish.org/images/506886-a2-key-2020-vocabulary-list.pdf,win,https://github.com/skywind3000/ECDICT,offline-materials,win,authored,win · 单词里的小故事,小乐和朋友交换今天的小发现。我们想赢得比赛。小乐说：“We want to win the game.”朋友听懂了，也想起自己遇到过的事。,,We want to __________ the game.,win,我们想赢得比赛。,context,2026-09-v2,本地预制课堂素材；原创短句与场景模板,[],想象你也在这个场景里。用 win 说一句自己的话。
wind,KET,1,风；气息；气味,n.,日常沟通,We talked about the wind today.,我们今天谈到了风。,[],结合常用释义整体记忆。先听老师读，再用自己的生活场景解释。,0,,https://www.cambridgeenglish.org/images/506886-a2-key-2020-vocabulary-list.pdf,wind,https://github.com/skywind3000/ECDICT,offline-materials,wind,nature,wind · 单词里的小故事,小乐观察完身边的世界，回教室讲了一件事。我们今天谈到了风。小乐说：“We talked about the wind today.”朋友听懂了，也想起自己遇到过的事。,,We talked about the __________ today.,wind,我们今天谈到了风。,context,2026-09-v2,本地预制课堂素材；原创短句与场景模板,[],想象你也在这个场景里。用 wind 说一句自己的话。
window,KET,1,窗户；窗子；窗口,n.,日常沟通,We need the window today.,我们今天需要窗户。,[],结合常用释义整体记忆。先听老师读，再用自己的生活场景解释。,1,,https://www.cambridgeenglish.org/images/506886-a2-key-2020-vocabulary-list.pdf,'windәu,https://github.com/skywind3000/ECDICT,offline-materials,window,equipment,window · 单词里的小故事,班级活动开始前，小乐负责核对需要的东西。我们今天需要窗户。小乐说：“We need the window today.”朋友听懂了，也想起自己遇到过的事。,,We need the __________ today.,window,我们今天需要窗户。,context,2026-09-v2,本地预制课堂素材；原创短句与场景模板,[],想象你也在这个场景里。用 window 说一句自己的话。
windsurfing,KET,3,帆板运动,n.,日常沟通,I want to learn more about windsurfing.,我想多了解一些帆板运动。,"[{""text"": ""wind"", ""kind"": ""compound"", ""meaning"": ""风""}, {""text"": ""surfing"", ""kind"": ""compound"", ""meaning"": ""冲浪""}]",两个已有成分组合成一个词。结合它们的意思理解整体词义，但不要把这种现代拆分当作完整的历史词源。,0,,https://www.cambridgeenglish.org/images/506886-a2-key-2020-vocabulary-list.pdf,'wind.sә:fiŋ,https://github.com/skywind3000/ECDICT,offline-materials,windsurfing,activity,windsurfing · 单词里的小故事,班级要举办兴趣日，小乐选了自己想了解的活动。我想多了解一些帆板运动。小乐说：“I want to learn more about windsurfing.”朋友听懂了，也想起自己遇到过的事。,,I want to learn more about __________.,windsurfing,我想多了解一些帆板运动。,context,2026-09-v2,本地预制课堂素材；原创短句与场景模板,[],想象你也在这个场景里。用 windsurfing 说一句自己的话。
wing,KET,1,翅膀；翼；机翼,n.,日常沟通,We talked about the wing today.,我们今天谈到了翅膀。,[],结合常用释义整体记忆。先听老师读，再用自己的生活场景解释。,0,,https://www.cambridgeenglish.org/images/506886-a2-key-2020-vocabulary-list.pdf,wiŋ,https://github.com/skywind3000/ECDICT,offline-materials,wing,discussion,wing · 单词里的小故事,小乐和朋友聊起今天的一件事。我们今天谈到了翅膀。小乐说：“We talked about the wing today.”朋友听懂了，也想起自己遇到过的事。,,We talked about the __________ today.,wing,我们今天谈到了翅膀。,context,2026-09-v2,本地预制课堂素材；原创短句与场景模板,[],想象你也在这个场景里。用 wing 说一句自己的话。
wish,KET,1,愿望；希望,n.,日常沟通,We talked about the wish today.,我们今天谈到了愿望。,[],结合常用释义整体记忆。先听老师读，再用自己的生活场景解释。,0,,https://www.cambridgeenglish.org/images/506886-a2-key-2020-vocabulary-list.pdf,wiʃ,常用义教学修订；原词典见 ECDICT-LICENSE.txt,offline-materials,wish,discussion,wish · 单词里的小故事,小乐和朋友聊起今天的一件事。我们今天谈到了愿望。小乐说：“We talked about the wish today.”朋友听懂了，也想起自己遇到过的事。,,We talked about the __________ today.,wish,我们今天谈到了愿望。,context,2026-09-v2,本地预制课堂素材；原创短句与场景模板,[],想象你也在这个场景里。用 wish 说一句自己的话。
with,KET,1,和...在一起；以；由于,prep.,日常沟通,I live with my family.,我和家人住在一起。,[],结合常用释义整体记忆。先听老师读，再用自己的生活场景解释。,1,,https://www.cambridgeenglish.org/images/506886-a2-key-2020-vocabulary-list.pdf,wið,https://github.com/skywind3000/ECDICT,offline-materials,with,authored,with · 单词里的小故事,小乐和朋友交换今天的小发现。我和家人住在一起。小乐说：“I live with my family.”朋友听懂了，也想起自己遇到过的事。,,I live __________ my family.,with,我和家人住在一起。,context,2026-09-v2,本地预制课堂素材；原创短句与场景模板,[],想象你也在这个场景里。用 with 说一句自己的话。
without,KET,1,没有；不；在...之外,prep.,日常沟通,Do not go out without a coat.,不穿外套就不要出去。,[],结合常用释义整体记忆。先听老师读，再用自己的生活场景解释。,1,,https://www.cambridgeenglish.org/images/506886-a2-key-2020-vocabulary-list.pdf,wi'ðaut,https://github.com/skywind3000/ECDICT,offline-materials,without,authored,without · 单词里的小故事,小乐和朋友交换今天的小发现。不穿外套就不要出去。小乐说：“Do not go out without a coat.”朋友听懂了，也想起自己遇到过的事。,,Do not go out __________ a coat.,without,不穿外套就不要出去。,context,2026-09-v2,本地预制课堂素材；原创短句与场景模板,[],想象你也在这个场景里。用 without 说一句自己的话。
woman,KET,1,女人；妇女；女仆,n.,日常沟通,This story is about a woman.,这个故事讲的是一位女人。,[],结合常用释义整体记忆。先听老师读，再用自己的生活场景解释。,1,,https://www.cambridgeenglish.org/images/506886-a2-key-2020-vocabulary-list.pdf,'wumәn,https://github.com/skywind3000/ECDICT,offline-materials,woman,person,woman · 单词里的小故事,读书会轮到小乐介绍故事里的一个人物。这个故事讲的是一位女人。小乐说：“This story is about a woman.”朋友听懂了，也想起自己遇到过的事。,,This story is about a __________.,woman,这个故事讲的是一位女人。,context,2026-09-v2,本地预制课堂素材；原创短句与场景模板,[],想象你也在这个场景里。用 woman 说一句自己的话。
wood,KET,1,木材；木制品,n.,日常沟通,We need the wood today.,我们今天需要木材。,[],结合常用释义整体记忆。先听老师读，再用自己的生活场景解释。,0,,https://www.cambridgeenglish.org/images/506886-a2-key-2020-vocabulary-list.pdf,wud,https://github.com/skywind3000/ECDICT,offline-materials,wood,equipment,wood · 单词里的小故事,班级活动开始前，小乐负责核对需要的东西。我们今天需要木材。小乐说：“We need the wood today.”朋友听懂了，也想起自己遇到过的事。,,We need the __________ today.,wood,我们今天需要木材。,context,2026-09-v2,本地预制课堂素材；原创短句与场景模板,[],想象你也在这个场景里。用 wood 说一句自己的话。
wooden,KET,2,木制的；呆笨的；木然的,adj.,日常沟通,This box is wooden.,这个盒子是木制的。,[],结合常用释义整体记忆。先听老师读，再用自己的生活场景解释。,0,,https://www.cambridgeenglish.org/images/506886-a2-key-2020-vocabulary-list.pdf,'wudn,https://github.com/skywind3000/ECDICT,offline-materials,wooden,object-quality,wooden · 单词里的小故事,朋友闭上眼睛，让小乐描述面前的盒子。这个盒子是木制的。小乐说：“This box is wooden.”朋友听懂了，也想起自己遇到过的事。,,This box is __________.,wooden,这个盒子是木制的。,context,2026-09-v2,本地预制课堂素材；原创短句与场景模板,[],想象你也在这个场景里。用 wooden 说一句自己的话。
wool,KET,2,羊毛；毛织物；毛线,n.,日常沟通,We need the wool today.,我们今天需要羊毛。,[],结合常用释义整体记忆。先听老师读，再用自己的生活场景解释。,0,,https://www.cambridgeenglish.org/images/506886-a2-key-2020-vocabulary-list.pdf,wul,https://github.com/skywind3000/ECDICT,offline-materials,wool,equipment,wool · 单词里的小故事,班级活动开始前，小乐负责核对需要的东西。我们今天需要羊毛。小乐说：“We need the wool today.”朋友听懂了，也想起自己遇到过的事。,,We need the __________ today.,wool,我们今天需要羊毛。,context,2026-09-v2,本地预制课堂素材；原创短句与场景模板,[],想象你也在这个场景里。用 wool 说一句自己的话。
word,KET,1,话；消息；词,n.,日常沟通,We talked about the word today.,我们今天谈到了话。,[],结合常用释义整体记忆。先听老师读，再用自己的生活场景解释。,0,,https://www.cambridgeenglish.org/images/506886-a2-key-2020-vocabulary-list.pdf,wә:d,https://github.com/skywind3000/ECDICT,offline-materials,word,discussion,word · 单词里的小故事,小乐和朋友聊起今天的一件事。我们今天谈到了话。小乐说：“We talked about the word today.”朋友听懂了，也想起自己遇到过的事。,,We talked about the __________ today.,word,我们今天谈到了话。,context,2026-09-v2,本地预制课堂素材；原创短句与场景模板,[],想象你也在这个场景里。用 word 说一句自己的话。
work out,KET,3,设计出；作出；计算出,phr v.,日常沟通,Can you work out the answer?,你能算出答案吗？,[],结合常用释义整体记忆。先听老师读，再用自己的生活场景解释。,0,,https://www.cambridgeenglish.org/images/506886-a2-key-2020-vocabulary-list.pdf,,https://github.com/skywind3000/ECDICT,offline-materials,work out,authored,work out · 单词里的小故事,小乐和朋友交换今天的小发现。你能算出答案吗？小乐说：“Can you work out the answer?”朋友听懂了，也想起自己遇到过的事。,,Can you __________ the answer?,work out,你能算出答案吗？,context,2026-09-v2,本地预制课堂素材；原创短句与场景模板,[],想象你也在这个场景里。用 work out 说一句自己的话。
working hours,KET,2,工作时间,n. pl.,日常沟通,Her working hours are from nine to five.,她的工作时间是九点到五点。,[],结合例句和场景整体记忆。,0,,https://www.cambridgeenglish.org/images/506886-a2-key-2020-vocabulary-list.pdf,,原创课堂释义与例句,offline-materials,working hours,authored,working hours · 单词里的小故事,小乐和朋友交换今天的小发现。她的工作时间是九点到五点。小乐说：“Her working hours are from nine to five.”朋友听懂了，也想起自己遇到过的事。,,Her __________ are from nine to five.,working hours,她的工作时间是九点到五点。,context,2026-09-v2,本地预制课堂素材；原创短句与场景模板,[],想象你也在这个场景里。用 working hours 说一句自己的话。
world,KET,1,世界；地球；宇宙,n.,日常沟通,We learn about the world at school.,我们在学校了解世界。,[],结合常用释义整体记忆。先听老师读，再用自己的生活场景解释。,0,,https://www.cambridgeenglish.org/images/506886-a2-key-2020-vocabulary-list.pdf,wә:ld,https://github.com/skywind3000/ECDICT,offline-materials,world,authored,world · 单词里的小故事,小乐和朋友交换今天的小发现。我们在学校了解世界。小乐说：“We learn about the world at school.”朋友听懂了，也想起自己遇到过的事。,,We learn about the __________ at school.,world,我们在学校了解世界。,context,2026-09-v2,本地预制课堂素材；原创短句与场景模板,[],想象你也在这个场景里。用 world 说一句自己的话。
worry,KET,1,使烦恼；使焦虑；使苦恼,v.,日常沟通,Do not worry about the test.,不要担心考试。,[],结合常用释义整体记忆。先听老师读，再用自己的生活场景解释。,0,,https://www.cambridgeenglish.org/images/506886-a2-key-2020-vocabulary-list.pdf,'wʌri,https://github.com/skywind3000/ECDICT,offline-materials,worry,authored,worry · 单词里的小故事,小乐和朋友交换今天的小发现。不要担心考试。小乐说：“Do not worry about the test.”朋友听懂了，也想起自己遇到过的事。,,Do not __________ about the test.,worry,不要担心考试。,context,2026-09-v2,本地预制课堂素材；原创短句与场景模板,[],想象你也在这个场景里。用 worry 说一句自己的话。
worse,KET,2,更坏的；更恶劣的,adj.,日常沟通,The weather is worse today.,今天天气更糟。,[],结合常用释义整体记忆。先听老师读，再用自己的生活场景解释。,0,,https://www.cambridgeenglish.org/images/506886-a2-key-2020-vocabulary-list.pdf,wә:s,https://github.com/skywind3000/ECDICT,offline-materials,worse,authored,worse · 单词里的小故事,小乐和朋友交换今天的小发现。今天天气更糟。小乐说：“The weather is worse today.”朋友听懂了，也想起自己遇到过的事。,,The weather is __________ today.,worse,今天天气更糟。,context,2026-09-v2,本地预制课堂素材；原创短句与场景模板,[],想象你也在这个场景里。用 worse 说一句自己的话。
worst,KET,3,最坏的；最恶劣的；最不利的,adj.,日常沟通,That was the worst part of the trip.,那是旅程中最糟的部分。,[],结合常用释义整体记忆。先听老师读，再用自己的生活场景解释。,0,,https://www.cambridgeenglish.org/images/506886-a2-key-2020-vocabulary-list.pdf,wә:st,https://github.com/skywind3000/ECDICT,offline-materials,worst,authored,worst · 单词里的小故事,小乐和朋友交换今天的小发现。那是旅程中最糟的部分。小乐说：“That was the worst part of the trip.”朋友听懂了，也想起自己遇到过的事。,,That was the __________ part of the trip.,worst,那是旅程中最糟的部分。,context,2026-09-v2,本地预制课堂素材；原创短句与场景模板,[],想象你也在这个场景里。用 worst 说一句自己的话。
would,KET,1,会；愿意,mv.,日常沟通,I would like some water.,我想要一些水。,[],结合常用释义整体记忆。先听老师读，再用自己的生活场景解释。,1,,https://www.cambridgeenglish.org/images/506886-a2-key-2020-vocabulary-list.pdf,wud,常用义教学修订；原词典见 ECDICT-LICENSE.txt,offline-materials,would,authored,would · 单词里的小故事,小乐和朋友交换今天的小发现。我想要一些水。小乐说：“I would like some water.”朋友听懂了，也想起自己遇到过的事。,,I __________ like some water.,would,我想要一些水。,context,2026-09-v2,本地预制课堂素材；原创短句与场景模板,[],想象你也在这个场景里。用 would 说一句自己的话。
wow,KET,3,(非正式)哇,exclam.,日常沟通,Wow! That is a big cake!,哇！好大的蛋糕！,[],结合常用释义整体记忆。先听老师读，再用自己的生活场景解释。,0,,https://www.cambridgeenglish.org/images/506886-a2-key-2020-vocabulary-list.pdf,wau,https://github.com/skywind3000/ECDICT,offline-materials,wow,authored,wow · 单词里的小故事,小乐和朋友交换今天的小发现。哇！好大的蛋糕！小乐说：“Wow! That is a big cake!”朋友听懂了，也想起自己遇到过的事。,,__________! That is a big cake!,Wow,哇！好大的蛋糕！,context,2026-09-v2,本地预制课堂素材；原创短句与场景模板,[],想象你也在这个场景里。用 wow 说一句自己的话。
write down,KET,3,写下；写文章贬低；降低地位,phr v.,日常沟通,Please write down your name.,请写下你的名字。,[],结合常用释义整体记忆。先听老师读，再用自己的生活场景解释。,0,,https://www.cambridgeenglish.org/images/506886-a2-key-2020-vocabulary-list.pdf,,https://github.com/skywind3000/ECDICT,offline-materials,write down,authored,write down · 单词里的小故事,小乐和朋友交换今天的小发现。请写下你的名字。小乐说：“Please write down your name.”朋友听懂了，也想起自己遇到过的事。,,Please __________ your name.,write down,请写下你的名字。,context,2026-09-v2,本地预制课堂素材；原创短句与场景模板,[],想象你也在这个场景里。用 write down 说一句自己的话。
wrong,KET,1,错误的；不正当的；失常的,adj.,日常沟通,This answer is wrong.,这个答案不对。,[],结合常用释义整体记忆。先听老师读，再用自己的生活场景解释。,1,,https://www.cambridgeenglish.org/images/506886-a2-key-2020-vocabulary-list.pdf,rɒŋ,https://github.com/skywind3000/ECDICT,offline-materials,wrong,authored,wrong · 单词里的小故事,小乐和朋友交换今天的小发现。这个答案不对。小乐说：“This answer is wrong.”朋友听懂了，也想起自己遇到过的事。,,This answer is __________.,wrong,这个答案不对。,context,2026-09-v2,本地预制课堂素材；原创短句与场景模板,[],想象你也在这个场景里。用 wrong 说一句自己的话。
year,KET,1,年；年度；年龄,n.,日常沟通,We talked about the year today.,我们今天谈到了年。,[],结合常用释义整体记忆。先听老师读，再用自己的生活场景解释。,1,,https://www.cambridgeenglish.org/images/506886-a2-key-2020-vocabulary-list.pdf,jiә,https://github.com/skywind3000/ECDICT,offline-materials,year,discussion,year · 单词里的小故事,小乐和朋友聊起今天的一件事。我们今天谈到了年。小乐说：“We talked about the year today.”朋友听懂了，也想起自己遇到过的事。,,We talked about the __________ today.,year,我们今天谈到了年。,context,2026-09-v2,本地预制课堂素材；原创短句与场景模板,[],想象你也在这个场景里。用 year 说一句自己的话。
yellow,KET,1,黄色的,adj.,日常沟通,This box is yellow.,这个盒子是黄色的。,[],结合常用释义整体记忆。先听老师读，再用自己的生活场景解释。,1,,https://www.cambridgeenglish.org/images/506886-a2-key-2020-vocabulary-list.pdf,'jelәu,https://github.com/skywind3000/ECDICT,offline-materials,yellow,object-quality,yellow · 单词里的小故事,朋友闭上眼睛，让小乐描述面前的盒子。这个盒子是黄色的。小乐说：“This box is yellow.”朋友听懂了，也想起自己遇到过的事。,,This box is __________.,yellow,这个盒子是黄色的。,context,2026-09-v2,本地预制课堂素材；原创短句与场景模板,[],想象你也在这个场景里。用 yellow 说一句自己的话。
yes,KET,1,是,adv.,日常沟通,"Yes, I can help you.",是的，我可以帮你。,[],结合常用释义整体记忆。先听老师读，再用自己的生活场景解释。,1,,https://www.cambridgeenglish.org/images/506886-a2-key-2020-vocabulary-list.pdf,jes,https://github.com/skywind3000/ECDICT,offline-materials,yes,authored,yes · 单词里的小故事,"小乐和朋友交换今天的小发现。是的，我可以帮你。小乐说：“Yes, I can help you.”朋友听懂了，也想起自己遇到过的事。",,"__________, I can help you.",Yes,是的，我可以帮你。,context,2026-09-v2,本地预制课堂素材；原创短句与场景模板,[],想象你也在这个场景里。用 yes 说一句自己的话。
yet,KET,1,还；尚；仍然,adv.,日常沟通,I have not finished yet.,我还没有完成。,[],结合常用释义整体记忆。先听老师读，再用自己的生活场景解释。,0,,https://www.cambridgeenglish.org/images/506886-a2-key-2020-vocabulary-list.pdf,jet,https://github.com/skywind3000/ECDICT,offline-materials,yet,authored,yet · 单词里的小故事,小乐和朋友交换今天的小发现。我还没有完成。小乐说：“I have not finished yet.”朋友听懂了，也想起自己遇到过的事。,,I have not finished __________.,yet,我还没有完成。,context,2026-09-v2,本地预制课堂素材；原创短句与场景模板,[],想象你也在这个场景里。用 yet 说一句自己的话。
you,KET,1,你；你们,pron.,日常沟通,You are my friend.,你是我的朋友。,[],结合常用释义整体记忆。先听老师读，再用自己的生活场景解释。,1,,https://www.cambridgeenglish.org/images/506886-a2-key-2020-vocabulary-list.pdf,ju:,https://github.com/skywind3000/ECDICT,offline-materials,you,authored,you · 单词里的小故事,小乐和朋友交换今天的小发现。你是我的朋友。小乐说：“You are my friend.”朋友听懂了，也想起自己遇到过的事。,,__________ are my friend.,You,你是我的朋友。,context,2026-09-v2,本地预制课堂素材；原创短句与场景模板,[],想象你也在这个场景里。用 you 说一句自己的话。
young,KET,1,年轻的；无经验的；朝气蓬勃的,adj.,日常沟通,The person in the story is young.,故事里的那个人是年轻的。,[],结合常用释义整体记忆。先听老师读，再用自己的生活场景解释。,1,,https://www.cambridgeenglish.org/images/506886-a2-key-2020-vocabulary-list.pdf,jʌŋ,https://github.com/skywind3000/ECDICT,offline-materials,young,person-quality,young · 单词里的小故事,同学们在给故事人物选词卡，小乐找到了合适的一张。故事里的那个人是年轻的。小乐说：“The person in the story is young.”朋友听懂了，也想起自己遇到过的事。,,The person in the story is __________.,young,故事里的那个人是年轻的。,context,2026-09-v2,本地预制课堂素材；原创短句与场景模板,[],想象你也在这个场景里。用 young 说一句自己的话。
your,KET,1,你的；你们的,det.,日常沟通,Is this your book?,这是你的书吗？,[],结合常用释义整体记忆。先听老师读，再用自己的生活场景解释。,1,,https://www.cambridgeenglish.org/images/506886-a2-key-2020-vocabulary-list.pdf,juә,https://github.com/skywind3000/ECDICT,offline-materials,your,authored,your · 单词里的小故事,小乐和朋友交换今天的小发现。这是你的书吗？小乐说：“Is this your book?”朋友听懂了，也想起自己遇到过的事。,,Is this __________ book?,your,这是你的书吗？,context,2026-09-v2,本地预制课堂素材；原创短句与场景模板,[],想象你也在这个场景里。用 your 说一句自己的话。
yours,KET,1,你的(东西)；你们的(东西),pron.,日常沟通,The blue cup is yours.,蓝色的杯子是你的。,[],结合常用释义整体记忆。先听老师读，再用自己的生活场景解释。,1,,https://www.cambridgeenglish.org/images/506886-a2-key-2020-vocabulary-list.pdf,juәz,https://github.com/skywind3000/ECDICT,offline-materials,yours,authored,yours · 单词里的小故事,小乐和朋友交换今天的小发现。蓝色的杯子是你的。小乐说：“The blue cup is yours.”朋友听懂了，也想起自己遇到过的事。,,The blue cup is __________.,yours,蓝色的杯子是你的。,context,2026-09-v2,本地预制课堂素材；原创短句与场景模板,[],想象你也在这个场景里。用 yours 说一句自己的话。
yourself,KET,1,你自己,pron.,日常沟通,Please help yourself to some fruit.,请随意吃些水果。,[],结合常用释义整体记忆。先听老师读，再用自己的生活场景解释。,1,,https://www.cambridgeenglish.org/images/506886-a2-key-2020-vocabulary-list.pdf,juә'self,https://github.com/skywind3000/ECDICT,offline-materials,yourself,authored,yourself · 单词里的小故事,小乐和朋友交换今天的小发现。请随意吃些水果。小乐说：“Please help yourself to some fruit.”朋友听懂了，也想起自己遇到过的事。,,Please help __________ to some fruit.,yourself,请随意吃些水果。,context,2026-09-v2,本地预制课堂素材；原创短句与场景模板,[],想象你也在这个场景里。用 yourself 说一句自己的话。
zebra,KET,3,斑马,n.,日常沟通,We saw the zebra in a picture.,我们在图片里看到了斑马。,[],结合常用释义整体记忆。先听老师读，再用自己的生活场景解释。,0,,https://www.cambridgeenglish.org/images/506886-a2-key-2020-vocabulary-list.pdf,'zi:brә,https://github.com/skywind3000/ECDICT,offline-materials,zebra,animal,zebra · 单词里的小故事,小乐翻开一本动物画册，在其中一页停了下来。我们在图片里看到了斑马。小乐说：“We saw the zebra in a picture.”朋友听懂了，也想起自己遇到过的事。,,We saw the __________ in a picture.,zebra,我们在图片里看到了斑马。,context,2026-09-v2,本地预制课堂素材；原创短句与场景模板,[],想象你也在这个场景里。用 zebra 说一句自己的话。
zero,KET,2,零；零点；零度,n.,日常沟通,The score is zero.,得分是零。,[],结合常用释义整体记忆。先听老师读，再用自己的生活场景解释。,0,,https://www.cambridgeenglish.org/images/506886-a2-key-2020-vocabulary-list.pdf,'ziәrәu,https://github.com/skywind3000/ECDICT,offline-materials,zero,authored,zero · 单词里的小故事,小乐和朋友交换今天的小发现。得分是零。小乐说：“The score is zero.”朋友听懂了，也想起自己遇到过的事。,,The score is __________.,zero,得分是零。,context,2026-09-v2,本地预制课堂素材；原创短句与场景模板,[],想象你也在这个场景里。用 zero 说一句自己的话。
afternoon,KET,1,下午,n.,时间与方式,We have art in the afternoon.,我们下午上美术课。,[],结合例句与生活场景整体记忆，不按相同字母强行拆词。,1,,https://www.cambridgeenglish.org/images/506886-a2-key-2020-vocabulary-list.pdf,'ɑ:ftә'nu:n,原创课堂释义与例句,offline-materials,afternoon,authored,afternoon · 单词里的小故事,小乐和朋友交换今天的小发现。我们下午上美术课。小乐说：“We have art in the afternoon.”朋友听懂了，也想起自己遇到过的事。,,We have art in the __________.,afternoon,我们下午上美术课。,context,2026-09-v2,本地预制课堂素材；原创短句与场景模板,[],想象你也在这个场景里。用 afternoon 说一句自己的话。
already,KET,2,已经,adv.,时间与方式,I have already finished my lunch.,我已经吃完了午饭。,[],结合例句与生活场景整体记忆，不按相同字母强行拆词。,0,,https://www.cambridgeenglish.org/images/506886-a2-key-2020-vocabulary-list.pdf,ɒ:l'redi,原创课堂释义与例句,offline-materials,already,authored,already · 单词里的小故事,小乐和朋友交换今天的小发现。我已经吃完了午饭。小乐说：“I have already finished my lunch.”朋友听懂了，也想起自己遇到过的事。,,I have __________ finished my lunch.,already,我已经吃完了午饭。,context,2026-09-v2,本地预制课堂素材；原创短句与场景模板,[],想象你也在这个场景里。用 already 说一句自己的话。
carefully,KET,2,仔细地；小心地,adv.,时间与方式,Listen carefully to the teacher.,仔细听老师讲。,"[{""text"": ""careful"", ""kind"": ""root"", ""meaning"": ""仔细的""}, {""text"": ""-ly"", ""kind"": ""suffix"", ""meaning"": ""以……的方式（构成副词）"", ""story"": ""-ly 在古英语中有表示“像……的”的形容词形式，也有表示“以某种方式”的副词形式。今天同样的结尾仍有不同工作。先问它是在描写一个人或物，还是在说明怎样做事。"", ""source"": ""https://www.merriam-webster.com/dictionary/ly-""}]",这里的 -ly 把形容词变成副词，用来说明动作如何发生。,0,,https://www.cambridgeenglish.org/images/506886-a2-key-2020-vocabulary-list.pdf,'kєәfuli,原创课堂释义与例句,offline-materials,carefully,authored,carefully · 单词里的小故事,小乐和朋友交换今天的小发现。仔细听老师讲。小乐说：“Listen carefully to the teacher.”朋友听懂了，也想起自己遇到过的事。,,Listen __________ to the teacher.,carefully,仔细听老师讲。,context,2026-09-v2,本地预制课堂素材；原创短句与场景模板,"[{""en"": ""Read the question carefully before you write."", ""zh"": ""动笔前仔细读题。""}]",想象你也在这个场景里。用 carefully 说一句自己的话。
especially,KET,3,尤其,adv.,时间与方式,"I like fruit, especially grapes.",我喜欢水果尤其是葡萄。,[],结合例句与生活场景整体记忆，不按相同字母强行拆词。,0,,https://www.cambridgeenglish.org/images/506886-a2-key-2020-vocabulary-list.pdf,i'speʃәli,原创课堂释义与例句,offline-materials,especially,authored,especially · 单词里的小故事,"小乐和朋友交换今天的小发现。我喜欢水果尤其是葡萄。小乐说：“I like fruit, especially grapes.”朋友听懂了，也想起自己遇到过的事。",,"I like fruit, __________ grapes.",especially,我喜欢水果尤其是葡萄。,context,2026-09-v2,本地预制课堂素材；原创短句与场景模板,[],想象你也在这个场景里。用 especially 说一句自己的话。
evening,KET,1,傍晚；晚上,n.,时间与方式,I read in the evening.,我晚上看书。,[],结合例句与生活场景整体记忆，不按相同字母强行拆词。,1,,https://www.cambridgeenglish.org/images/506886-a2-key-2020-vocabulary-list.pdf,'i:vniŋ,原创课堂释义与例句,offline-materials,evening,authored,evening · 单词里的小故事,小乐和朋友交换今天的小发现。我晚上看书。小乐说：“I read in the evening.”朋友听懂了，也想起自己遇到过的事。,,I read in the __________.,evening,我晚上看书。,context,2026-09-v2,本地预制课堂素材；原创短句与场景模板,[],想象你也在这个场景里。用 evening 说一句自己的话。
later,KET,1,稍后；后来,adv.,时间与方式,See you later.,一会儿见。,[],结合例句与生活场景整体记忆，不按相同字母强行拆词。,0,,https://www.cambridgeenglish.org/images/506886-a2-key-2020-vocabulary-list.pdf,'leitә,原创课堂释义与例句,offline-materials,later,authored,later · 单词里的小故事,小乐和朋友交换今天的小发现。一会儿见。小乐说：“See you later.”朋友听懂了，也想起自己遇到过的事。,,See you __________.,later,一会儿见。,context,2026-09-v2,本地预制课堂素材；原创短句与场景模板,[],想象你也在这个场景里。用 later 说一句自己的话。
midnight,KET,2,午夜,n.,时间与方式,The train arrives at midnight.,火车午夜到达。,[],结合例句与生活场景整体记忆，不按相同字母强行拆词。,0,,https://www.cambridgeenglish.org/images/506886-a2-key-2020-vocabulary-list.pdf,'midnait,原创课堂释义与例句,offline-materials,midnight,authored,midnight · 单词里的小故事,小乐和朋友交换今天的小发现。火车午夜到达。小乐说：“The train arrives at midnight.”朋友听懂了，也想起自己遇到过的事。,,The train arrives at __________.,midnight,火车午夜到达。,context,2026-09-v2,本地预制课堂素材；原创短句与场景模板,[],想象你也在这个场景里。用 midnight 说一句自己的话。
never,KET,1,从不,adv.,时间与方式,I never leave my bike unlocked.,我从不让自行车不上锁。,[],结合例句与生活场景整体记忆，不按相同字母强行拆词。,0,,https://www.cambridgeenglish.org/images/506886-a2-key-2020-vocabulary-list.pdf,'nevә,原创课堂释义与例句,offline-materials,never,authored,never · 单词里的小故事,小乐和朋友交换今天的小发现。我从不让自行车不上锁。小乐说：“I never leave my bike unlocked.”朋友听懂了，也想起自己遇到过的事。,,I __________ leave my bike unlocked.,never,我从不让自行车不上锁。,context,2026-09-v2,本地预制课堂素材；原创短句与场景模板,[],想象你也在这个场景里。用 never 说一句自己的话。
perhaps,KET,2,也许,adv.,时间与方式,Perhaps we can try again.,也许我们可以再试一次。,[],结合例句与生活场景整体记忆，不按相同字母强行拆词。,0,,https://www.cambridgeenglish.org/images/506886-a2-key-2020-vocabulary-list.pdf,pә'hæps,原创课堂释义与例句,offline-materials,perhaps,authored,perhaps · 单词里的小故事,小乐和朋友交换今天的小发现。也许我们可以再试一次。小乐说：“Perhaps we can try again.”朋友听懂了，也想起自己遇到过的事。,,__________ we can try again.,Perhaps,也许我们可以再试一次。,context,2026-09-v2,本地预制课堂素材；原创短句与场景模板,[],想象你也在这个场景里。用 perhaps 说一句自己的话。
probably,KET,3,大概；很可能,adv.,时间与方式,It will probably rain tonight.,今晚很可能下雨。,[],结合例句与生活场景整体记忆，不按相同字母强行拆词。,0,,https://www.cambridgeenglish.org/images/506886-a2-key-2020-vocabulary-list.pdf,'prɒbәbli,原创课堂释义与例句,offline-materials,probably,authored,probably · 单词里的小故事,小乐和朋友交换今天的小发现。今晚很可能下雨。小乐说：“It will probably rain tonight.”朋友听懂了，也想起自己遇到过的事。,,It will __________ rain tonight.,probably,今晚很可能下雨。,context,2026-09-v2,本地预制课堂素材；原创短句与场景模板,[],想象你也在这个场景里。用 probably 说一句自己的话。
quickly,KET,1,迅速地,adv.,时间与方式,She finds the answer quickly.,她很快找到了答案。,"[{""text"": ""quick"", ""kind"": ""root"", ""meaning"": ""快的""}, {""text"": ""-ly"", ""kind"": ""suffix"", ""meaning"": ""以……的方式（构成副词）"", ""story"": ""-ly 在古英语中有表示“像……的”的形容词形式，也有表示“以某种方式”的副词形式。今天同样的结尾仍有不同工作。先问它是在描写一个人或物，还是在说明怎样做事。"", ""source"": ""https://www.merriam-webster.com/dictionary/ly-""}]",这里的 -ly 把形容词变成副词，用来说明动作如何发生。,0,,https://www.cambridgeenglish.org/images/506886-a2-key-2020-vocabulary-list.pdf,'kwikli,原创课堂释义与例句,offline-materials,quickly,authored,quickly · 单词里的小故事,小乐和朋友交换今天的小发现。她很快找到了答案。小乐说：“She finds the answer quickly.”朋友听懂了，也想起自己遇到过的事。,,She finds the answer __________.,quickly,她很快找到了答案。,context,2026-09-v2,本地预制课堂素材；原创短句与场景模板,"[{""en"": ""We must walk quickly to catch the bus."", ""zh"": ""我们必须走快点才能赶上公交车。""}]",想象你也在这个场景里。用 quickly 说一句自己的话。
slowly,KET,1,缓慢地,adv.,时间与方式,Read the sentence slowly.,慢慢读这个句子。,"[{""text"": ""slow"", ""kind"": ""root"", ""meaning"": ""慢的""}, {""text"": ""-ly"", ""kind"": ""suffix"", ""meaning"": ""以……的方式（构成副词）"", ""story"": ""-ly 在古英语中有表示“像……的”的形容词形式，也有表示“以某种方式”的副词形式。今天同样的结尾仍有不同工作。先问它是在描写一个人或物，还是在说明怎样做事。"", ""source"": ""https://www.merriam-webster.com/dictionary/ly-""}]",这里的 -ly 把形容词变成副词，用来说明动作如何发生。,0,,https://www.cambridgeenglish.org/images/506886-a2-key-2020-vocabulary-list.pdf,'slәuli,原创课堂释义与例句,offline-materials,slowly,authored,slowly · 单词里的小故事,小乐和朋友交换今天的小发现。慢慢读这个句子。小乐说：“Read the sentence slowly.”朋友听懂了，也想起自己遇到过的事。,,Read the sentence __________.,slowly,慢慢读这个句子。,context,2026-09-v2,本地预制课堂素材；原创短句与场景模板,"[{""en"": ""Please speak slowly so I can understand."", ""zh"": ""请说慢一点，让我能听懂。""}]",想象你也在这个场景里。用 slowly 说一句自己的话。
sometimes,KET,1,有时,adv.,时间与方式,We sometimes eat outside.,我们有时在外面吃饭。,[],结合例句与生活场景整体记忆，不按相同字母强行拆词。,0,,https://www.cambridgeenglish.org/images/506886-a2-key-2020-vocabulary-list.pdf,'sʌmtaimz,原创课堂释义与例句,offline-materials,sometimes,authored,sometimes · 单词里的小故事,小乐和朋友交换今天的小发现。我们有时在外面吃饭。小乐说：“We sometimes eat outside.”朋友听懂了，也想起自己遇到过的事。,,We __________ eat outside.,sometimes,我们有时在外面吃饭。,context,2026-09-v2,本地预制课堂素材；原创短句与场景模板,[],想象你也在这个场景里。用 sometimes 说一句自己的话。
soon,KET,1,很快；不久,adv.,时间与方式,The bus will arrive soon.,公共汽车很快就到。,[],结合例句与生活场景整体记忆，不按相同字母强行拆词。,0,,https://www.cambridgeenglish.org/images/506886-a2-key-2020-vocabulary-list.pdf,su:n,原创课堂释义与例句,offline-materials,soon,authored,soon · 单词里的小故事,小乐和朋友交换今天的小发现。公共汽车很快就到。小乐说：“The bus will arrive soon.”朋友听懂了，也想起自己遇到过的事。,,The bus will arrive __________.,soon,公共汽车很快就到。,context,2026-09-v2,本地预制课堂素材；原创短句与场景模板,[],想象你也在这个场景里。用 soon 说一句自己的话。
suddenly,KET,3,突然,adv.,时间与方式,Suddenly the lights go out.,灯突然熄灭了。,"[{""text"": ""sudden"", ""kind"": ""root"", ""meaning"": ""突然的""}, {""text"": ""-ly"", ""kind"": ""suffix"", ""meaning"": ""以……的方式（构成副词）"", ""story"": ""-ly 在古英语中有表示“像……的”的形容词形式，也有表示“以某种方式”的副词形式。今天同样的结尾仍有不同工作。先问它是在描写一个人或物，还是在说明怎样做事。"", ""source"": ""https://www.merriam-webster.com/dictionary/ly-""}]",这里的 -ly 把形容词变成副词，用来说明动作如何发生。,0,,https://www.cambridgeenglish.org/images/506886-a2-key-2020-vocabulary-list.pdf,'sʌdәnli,原创课堂释义与例句,offline-materials,suddenly,authored,suddenly · 单词里的小故事,小乐和朋友交换今天的小发现。灯突然熄灭了。小乐说：“Suddenly the lights go out.”朋友听懂了，也想起自己遇到过的事。,,__________ the lights go out.,Suddenly,灯突然熄灭了。,context,2026-09-v2,本地预制课堂素材；原创短句与场景模板,"[{""en"": ""Suddenly, the lights went out."", ""zh"": ""突然，灯灭了。""}]",想象你也在这个场景里。用 suddenly 说一句自己的话。
tomorrow,KET,1,明天,adv.; n.,时间与方式,I will call you tomorrow.,我明天给你打电话。,[],结合例句与生活场景整体记忆，不按相同字母强行拆词。,1,,https://www.cambridgeenglish.org/images/506886-a2-key-2020-vocabulary-list.pdf,tә'mɒ:rәu,原创课堂释义与例句,offline-materials,tomorrow,authored,tomorrow · 单词里的小故事,小乐和朋友交换今天的小发现。我明天给你打电话。小乐说：“I will call you tomorrow.”朋友听懂了，也想起自己遇到过的事。,,I will call you __________.,tomorrow,我明天给你打电话。,context,2026-09-v2,本地预制课堂素材；原创短句与场景模板,[],想象你也在这个场景里。用 tomorrow 说一句自己的话。
usually,KET,1,通常,adv.,时间与方式,I usually walk to school.,我通常走路上学。,"[{""text"": ""usual"", ""kind"": ""root"", ""meaning"": ""通常的""}, {""text"": ""-ly"", ""kind"": ""suffix"", ""meaning"": ""以……的方式（构成副词）"", ""story"": ""-ly 在古英语中有表示“像……的”的形容词形式，也有表示“以某种方式”的副词形式。今天同样的结尾仍有不同工作。先问它是在描写一个人或物，还是在说明怎样做事。"", ""source"": ""https://www.merriam-webster.com/dictionary/ly-""}]",这里的 -ly 把形容词变成副词，用来说明动作如何发生。,0,,https://www.cambridgeenglish.org/images/506886-a2-key-2020-vocabulary-list.pdf,'ju:ʒuәli,原创课堂释义与例句,offline-materials,usually,authored,usually · 单词里的小故事,小乐和朋友交换今天的小发现。我通常走路上学。小乐说：“I usually walk to school.”朋友听懂了，也想起自己遇到过的事。,,I __________ walk to school.,usually,我通常走路上学。,context,2026-09-v2,本地预制课堂素材；原创短句与场景模板,"[{""en"": ""I usually walk to school with my sister."", ""zh"": ""我通常和姐姐一起步行上学。""}]",想象你也在这个场景里。用 usually 说一句自己的话。
weekday,KET,2,工作日,n.,时间与方式,I get up early on a weekday.,我工作日早起。,"[{""text"": ""week"", ""kind"": ""compound"", ""meaning"": ""周""}, {""text"": ""day"", ""kind"": ""compound"", ""meaning"": ""天""}]",这是现代英语中可以辨认的合成成分。把两个意思连起来理解，再用例句确认完整词义。,0,,https://www.cambridgeenglish.org/images/506886-a2-key-2020-vocabulary-list.pdf,'wi:kdei,原创课堂释义与例句,offline-materials,weekday,authored,weekday · 单词里的小故事,小乐和朋友交换今天的小发现。我工作日早起。小乐说：“I get up early on a weekday.”朋友听懂了，也想起自己遇到过的事。,,I get up early on a __________.,weekday,我工作日早起。,context,2026-09-v2,本地预制课堂素材；原创短句与场景模板,[],想象你也在这个场景里。用 weekday 说一句自己的话。
weekend,KET,1,周末,n.,时间与方式,We go hiking at the weekend.,我们周末去徒步。,"[{""text"": ""week"", ""kind"": ""compound"", ""meaning"": ""周""}, {""text"": ""end"", ""kind"": ""compound"", ""meaning"": ""末尾""}]",这是现代英语中可以辨认的合成成分。把两个意思连起来理解，再用例句确认完整词义。,0,,https://www.cambridgeenglish.org/images/506886-a2-key-2020-vocabulary-list.pdf,'wi:kend,原创课堂释义与例句,offline-materials,weekend,authored,weekend · 单词里的小故事,小乐和朋友交换今天的小发现。我们周末去徒步。小乐说：“We go hiking at the weekend.”朋友听懂了，也想起自己遇到过的事。,,We go hiking at the __________.,weekend,我们周末去徒步。,context,2026-09-v2,本地预制课堂素材；原创短句与场景模板,"[{""en"": ""What do you like to do at the weekend?"", ""zh"": ""你周末喜欢做什么？""}]",想象你也在这个场景里。用 weekend 说一句自己的话。
yesterday,KET,1,昨天,adv.; n.,时间与方式,We visited the zoo yesterday.,我们昨天去了动物园。,[],结合例句与生活场景整体记忆，不按相同字母强行拆词。,1,,https://www.cambridgeenglish.org/images/506886-a2-key-2020-vocabulary-list.pdf,'jestәdi,原创课堂释义与例句,offline-materials,yesterday,authored,yesterday · 单词里的小故事,小乐和朋友交换今天的小发现。我们昨天去了动物园。小乐说：“We visited the zoo yesterday.”朋友听懂了，也想起自己遇到过的事。,,We visited the zoo __________.,yesterday,我们昨天去了动物园。,context,2026-09-v2,本地预制课堂素材；原创短句与场景模板,[],想象你也在这个场景里。用 yesterday 说一句自己的话。
advertisement,KET,3,广告,n.,科技与信息,The advertisement shows a new bike.,这则广告展示了一辆新自行车。,[],结合例句与生活场景整体记忆，不按相同字母强行拆词。,0,,https://www.cambridgeenglish.org/images/506886-a2-key-2020-vocabulary-list.pdf,.ædvә'taizmәnt,原创课堂释义与例句,offline-materials,advertisement,authored,advertisement · 单词里的小故事,小乐和朋友交换今天的小发现。这则广告展示了一辆新自行车。小乐说：“The advertisement shows a new bike.”朋友听懂了，也想起自己遇到过的事。,,The __________ shows a new bike.,advertisement,这则广告展示了一辆新自行车。,context,2026-09-v2,本地预制课堂素材；原创短句与场景模板,[],想象你也在这个场景里。用 advertisement 说一句自己的话。
battery,KET,1,电池,n.,科技与信息,My camera needs a new battery.,我的相机需要新电池。,[],结合例句与生活场景整体记忆，不按相同字母强行拆词。,0,,https://www.cambridgeenglish.org/images/506886-a2-key-2020-vocabulary-list.pdf,'bætәri,原创课堂释义与例句,offline-materials,battery,authored,battery · 单词里的小故事,小乐和朋友交换今天的小发现。我的相机需要新电池。小乐说：“My camera needs a new battery.”朋友听懂了，也想起自己遇到过的事。,,My camera needs a new __________.,battery,我的相机需要新电池。,context,2026-09-v2,本地预制课堂素材；原创短句与场景模板,[],想象你也在这个场景里。用 battery 说一句自己的话。
camera,KET,1,照相机,n.,科技与信息,Take your camera on the trip.,旅行时带上你的相机。,[],结合例句与生活场景整体记忆，不按相同字母强行拆词。,0,,https://www.cambridgeenglish.org/images/506886-a2-key-2020-vocabulary-list.pdf,'kæmәrә,原创课堂释义与例句,offline-materials,camera,authored,camera · 单词里的小故事,小乐和朋友交换今天的小发现。旅行时带上你的相机。小乐说：“Take your camera on the trip.”朋友听懂了，也想起自己遇到过的事。,,Take your __________ on the trip.,camera,旅行时带上你的相机。,context,2026-09-v2,本地预制课堂素材；原创短句与场景模板,[],想象你也在这个场景里。用 camera 说一句自己的话。
computer,KET,1,电脑,n.,科技与信息,Our computer is on the desk.,我们的电脑在桌上。,[],结合例句与生活场景整体记忆，不按相同字母强行拆词。,0,,https://www.cambridgeenglish.org/images/506886-a2-key-2020-vocabulary-list.pdf,kәm'pju:tә,原创课堂释义与例句,offline-materials,computer,authored,computer · 单词里的小故事,小乐和朋友交换今天的小发现。我们的电脑在桌上。小乐说：“Our computer is on the desk.”朋友听懂了，也想起自己遇到过的事。,,Our __________ is on the desk.,computer,我们的电脑在桌上。,context,2026-09-v2,本地预制课堂素材；原创短句与场景模板,[],想象你也在这个场景里。用 computer 说一句自己的话。
download,KET,2,下载,v.; n.,科技与信息,You can download the worksheet.,你可以下载练习卷。,"[{""text"": ""down"", ""kind"": ""compound"", ""meaning"": ""向下（到本机）""}, {""text"": ""load"", ""kind"": ""compound"", ""meaning"": ""装载""}]",两个已有成分组合成一个词。结合它们的意思理解整体词义，但不要把这种现代拆分当作完整的历史词源。,0,,https://www.cambridgeenglish.org/images/506886-a2-key-2020-vocabulary-list.pdf,,原创课堂释义与例句,offline-materials,download,authored,download · 单词里的小故事,小乐和朋友交换今天的小发现。你可以下载练习卷。小乐说：“You can download the worksheet.”朋友听懂了，也想起自己遇到过的事。,,You can __________ the worksheet.,download,你可以下载练习卷。,context,2026-09-v2,本地预制课堂素材；原创短句与场景模板,[],想象你也在这个场景里。用 download 说一句自己的话。
electric,KET,3,电的；电动的,adj.,科技与信息,My uncle drives an electric car.,我的叔叔开电动汽车。,[],结合例句与生活场景整体记忆，不按相同字母强行拆词。,0,,https://www.cambridgeenglish.org/images/506886-a2-key-2020-vocabulary-list.pdf,i'lektik,原创课堂释义与例句,offline-materials,electric,authored,electric · 单词里的小故事,小乐和朋友交换今天的小发现。我的叔叔开电动汽车。小乐说：“My uncle drives an electric car.”朋友听懂了，也想起自己遇到过的事。,,My uncle drives an __________ car.,electric,我的叔叔开电动汽车。,context,2026-09-v2,本地预制课堂素材；原创短句与场景模板,[],想象你也在这个场景里。用 electric 说一句自己的话。
information,KET,3,信息,n.,科技与信息,The notice gives us useful information.,通知给了我们有用的信息。,"[{""text"": ""inform"", ""kind"": ""root"", ""meaning"": ""告知""}, {""text"": ""-ation"", ""kind"": ""suffix"", ""meaning"": ""动作或结果（构成名词）"", ""story"": ""-ation 的历史可以追溯到拉丁语。它常帮助我们给一个动作、过程或相关的结果取名字。观察本课的词基和完整单词：意思连着，拼写却可能有变化。"", ""source"": ""https://www.merriam-webster.com/dictionary/-ation""}]",先理解词基，再理解完整的词义。,0,,https://www.cambridgeenglish.org/images/506886-a2-key-2020-vocabulary-list.pdf,.infә'meiʃәn,原创课堂释义与例句,offline-materials,information,authored,information · 单词里的小故事,小乐和朋友交换今天的小发现。通知给了我们有用的信息。小乐说：“The notice gives us useful information.”朋友听懂了，也想起自己遇到过的事。,,The notice gives us useful __________.,information,通知给了我们有用的信息。,context,2026-09-v2,本地预制课堂素材；原创短句与场景模板,"[{""en"": ""You can find more information on the school website."", ""zh"": ""你可以在学校网站上找到更多信息。""}]",想象你也在这个场景里。用 information 说一句自己的话。
instructions,KET,3,指示；说明,n. pl.,科技与信息,Read the instructions before you start.,开始前阅读说明。,[],结合例句与生活场景整体记忆，不按相同字母强行拆词。,0,,https://www.cambridgeenglish.org/images/506886-a2-key-2020-vocabulary-list.pdf,,原创课堂释义与例句,offline-materials,instructions,authored,instructions · 单词里的小故事,小乐和朋友交换今天的小发现。开始前阅读说明。小乐说：“Read the instructions before you start.”朋友听懂了，也想起自己遇到过的事。,,Read the __________ before you start.,instructions,开始前阅读说明。,context,2026-09-v2,本地预制课堂素材；原创短句与场景模板,[],想象你也在这个场景里。用 instructions 说一句自己的话。
keyboard,KET,1,键盘,n.,科技与信息,This keyboard is very quiet.,这个键盘很安静。,"[{""text"": ""key"", ""kind"": ""compound"", ""meaning"": ""按键""}, {""text"": ""board"", ""kind"": ""compound"", ""meaning"": ""板""}]",这是现代英语中可以辨认的合成成分。把两个意思连起来理解，再用例句确认完整词义。,0,,https://www.cambridgeenglish.org/images/506886-a2-key-2020-vocabulary-list.pdf,'ki:bɒ:d,原创课堂释义与例句,offline-materials,keyboard,authored,keyboard · 单词里的小故事,小乐和朋友交换今天的小发现。这个键盘很安静。小乐说：“This keyboard is very quiet.”朋友听懂了，也想起自己遇到过的事。,,This __________ is very quiet.,keyboard,这个键盘很安静。,context,2026-09-v2,本地预制课堂素材；原创短句与场景模板,"[{""en"": ""Some of the letters on my keyboard are hard to see."", ""zh"": ""我的键盘上有些字母看不清了。""}]",想象你也在这个场景里。用 keyboard 说一句自己的话。
machine,KET,3,机器,n.,科技与信息,This machine makes ice cream.,这台机器制作冰淇淋。,[],结合例句与生活场景整体记忆，不按相同字母强行拆词。,0,,https://www.cambridgeenglish.org/images/506886-a2-key-2020-vocabulary-list.pdf,mә'ʃi:n,原创课堂释义与例句,offline-materials,machine,authored,machine · 单词里的小故事,小乐和朋友交换今天的小发现。这台机器制作冰淇淋。小乐说：“This machine makes ice cream.”朋友听懂了，也想起自己遇到过的事。,,This __________ makes ice cream.,machine,这台机器制作冰淇淋。,context,2026-09-v2,本地预制课堂素材；原创短句与场景模板,[],想象你也在这个场景里。用 machine 说一句自己的话。
magazine,KET,2,杂志,n.,科技与信息,This magazine is about animals.,这本杂志是关于动物的。,[],结合例句与生活场景整体记忆，不按相同字母强行拆词。,0,,https://www.cambridgeenglish.org/images/506886-a2-key-2020-vocabulary-list.pdf,.mægә'zi:n,原创课堂释义与例句,offline-materials,magazine,authored,magazine · 单词里的小故事,小乐和朋友交换今天的小发现。这本杂志是关于动物的。小乐说：“This magazine is about animals.”朋友听懂了，也想起自己遇到过的事。,,This __________ is about animals.,magazine,这本杂志是关于动物的。,context,2026-09-v2,本地预制课堂素材；原创短句与场景模板,[],想象你也在这个场景里。用 magazine 说一句自己的话。
message,KET,2,消息,n.,科技与信息,I leave a message for my friend.,我给朋友留了条消息。,[],结合例句与生活场景整体记忆，不按相同字母强行拆词。,0,,https://www.cambridgeenglish.org/images/506886-a2-key-2020-vocabulary-list.pdf,'mesidʒ,原创课堂释义与例句,offline-materials,message,authored,message · 单词里的小故事,小乐和朋友交换今天的小发现。我给朋友留了条消息。小乐说：“I leave a message for my friend.”朋友听懂了，也想起自己遇到过的事。,,I leave a __________ for my friend.,message,我给朋友留了条消息。,context,2026-09-v2,本地预制课堂素材；原创短句与场景模板,[],想象你也在这个场景里。用 message 说一句自己的话。
mobile phone,KET,2,手机,n.,科技与信息,Please turn off your mobile phone.,请关掉你的手机。,"[{""text"": ""mobile"", ""kind"": ""compound"", ""meaning"": ""移动的""}, {""text"": ""phone"", ""kind"": ""compound"", ""meaning"": ""电话""}]",两个已有成分组合成一个词。结合它们的意思理解整体词义，但不要把这种现代拆分当作完整的历史词源。,0,cell phone,https://www.cambridgeenglish.org/images/506886-a2-key-2020-vocabulary-list.pdf,ˈməubail fəun,原创课堂释义与例句,offline-materials,mobile phone,authored,mobile phone · 单词里的小故事,小乐和朋友交换今天的小发现。请关掉你的手机。小乐说：“Please turn off your mobile phone.”朋友听懂了，也想起自己遇到过的事。,,Please turn off your __________.,mobile phone,请关掉你的手机。,context,2026-09-v2,本地预制课堂素材；原创短句与场景模板,[],想象你也在这个场景里。用 mobile phone 说一句自己的话。
newspaper,KET,2,报纸,n.,科技与信息,Grandpa reads the newspaper after breakfast.,爷爷早饭后读报纸。,"[{""text"": ""news"", ""kind"": ""compound"", ""meaning"": ""新闻""}, {""text"": ""paper"", ""kind"": ""compound"", ""meaning"": ""纸；报纸""}]",这是现代英语中可以辨认的合成成分。把两个意思连起来理解，再用例句确认完整词义。,0,,https://www.cambridgeenglish.org/images/506886-a2-key-2020-vocabulary-list.pdf,'nju:z.peipә,原创课堂释义与例句,offline-materials,newspaper,authored,newspaper · 单词里的小故事,小乐和朋友交换今天的小发现。爷爷早饭后读报纸。小乐说：“Grandpa reads the newspaper after breakfast.”朋友听懂了，也想起自己遇到过的事。,,Grandpa reads the __________ after breakfast.,newspaper,爷爷早饭后读报纸。,context,2026-09-v2,本地预制课堂素材；原创短句与场景模板,[],想象你也在这个场景里。用 newspaper 说一句自己的话。
password,KET,2,密码,n.,科技与信息,Keep your password private.,保护好你的密码。,[],结合例句与生活场景整体记忆，不按相同字母强行拆词。,0,,https://www.cambridgeenglish.org/images/506886-a2-key-2020-vocabulary-list.pdf,'pæswә:d,原创课堂释义与例句,offline-materials,password,authored,password · 单词里的小故事,小乐和朋友交换今天的小发现。保护好你的密码。小乐说：“Keep your password private.”朋友听懂了，也想起自己遇到过的事。,,Keep your __________ private.,password,保护好你的密码。,context,2026-09-v2,本地预制课堂素材；原创短句与场景模板,[],想象你也在这个场景里。用 password 说一句自己的话。
photograph,KET,3,照片；拍照,n.; v.,科技与信息,This photograph shows our old house.,这张照片上是我们的老房子。,"[{""text"": ""photograph"", ""kind"": ""root"", ""meaning"": ""拍照""}]",这个词本身可以作为词基，与相关派生词联系起来理解。,0,,https://www.cambridgeenglish.org/images/506886-a2-key-2020-vocabulary-list.pdf,'fәutәgrɑ:f,原创课堂释义与例句,offline-materials,photograph,authored,photograph · 单词里的小故事,小乐和朋友交换今天的小发现。这张照片上是我们的老房子。小乐说：“This photograph shows our old house.”朋友听懂了，也想起自己遇到过的事。,,This __________ shows our old house.,photograph,这张照片上是我们的老房子。,context,2026-09-v2,本地预制课堂素材；原创短句与场景模板,[],想象你也在这个场景里。用 photograph 说一句自己的话。
printer,KET,1,打印机,n.,科技与信息,The printer needs more paper.,打印机需要更多纸。,"[{""text"": ""print"", ""kind"": ""root"", ""meaning"": ""打印""}, {""text"": ""-er"", ""kind"": ""suffix"", ""meaning"": ""做某事的人或物"", ""story"": ""表示做事者的 -er 有古英语 -ere 等历史来源。它常把动作变成做这个动作的人或工具。先找到动作，再问“谁来做”，就能串起一组词。比较级里的 -er 是另一种用法。"", ""source"": ""https://www.merriam-webster.com/dictionary/-er""}]",动作词 + -er，表示做这件事的人；printer 在本课指执行打印动作的机器。,0,,https://www.cambridgeenglish.org/images/506886-a2-key-2020-vocabulary-list.pdf,'printә,原创课堂释义与例句,offline-materials,printer,authored,printer · 单词里的小故事,小乐和朋友交换今天的小发现。打印机需要更多纸。小乐说：“The printer needs more paper.”朋友听懂了，也想起自己遇到过的事。,,The __________ needs more paper.,printer,打印机需要更多纸。,context,2026-09-v2,本地预制课堂素材；原创短句与场景模板,[],想象你也在这个场景里。用 printer 说一句自己的话。
screen,KET,1,屏幕,n.,科技与信息,The answer appears on the screen.,答案出现在屏幕上。,[],结合例句与生活场景整体记忆，不按相同字母强行拆词。,0,,https://www.cambridgeenglish.org/images/506886-a2-key-2020-vocabulary-list.pdf,skri:n,原创课堂释义与例句,offline-materials,screen,authored,screen · 单词里的小故事,小乐和朋友交换今天的小发现。答案出现在屏幕上。小乐说：“The answer appears on the screen.”朋友听懂了，也想起自己遇到过的事。,,The answer appears on the __________.,screen,答案出现在屏幕上。,context,2026-09-v2,本地预制课堂素材；原创短句与场景模板,[],想象你也在这个场景里。用 screen 说一句自己的话。
upload,KET,2,上传,v.; n.,科技与信息,I upload a photo of my painting.,我上传了一张画作的照片。,"[{""text"": ""up"", ""kind"": ""compound"", ""meaning"": ""向上（到服务器）""}, {""text"": ""load"", ""kind"": ""compound"", ""meaning"": ""装载""}]",两个已有成分组合成一个词。结合它们的意思理解整体词义，但不要把这种现代拆分当作完整的历史词源。,0,,https://www.cambridgeenglish.org/images/506886-a2-key-2020-vocabulary-list.pdf,"'ʌp,lәud",原创课堂释义与例句,offline-materials,upload,authored,upload · 单词里的小故事,小乐和朋友交换今天的小发现。我上传了一张画作的照片。小乐说：“I upload a photo of my painting.”朋友听懂了，也想起自己遇到过的事。,,I __________ a photo of my painting.,upload,我上传了一张画作的照片。,context,2026-09-v2,本地预制课堂素材；原创短句与场景模板,[],想象你也在这个场景里。用 upload 说一句自己的话。
website,KET,2,网站,n.,科技与信息,The school website has new photos.,学校网站有新照片。,"[{""text"": ""web"", ""kind"": ""compound"", ""meaning"": ""网络""}, {""text"": ""site"", ""kind"": ""compound"", ""meaning"": ""站点""}]",这是现代英语中可以辨认的合成成分。把两个意思连起来理解，再用例句确认完整词义。,0,,https://www.cambridgeenglish.org/images/506886-a2-key-2020-vocabulary-list.pdf,,原创课堂释义与例句,offline-materials,website,authored,website · 单词里的小故事,小乐和朋友交换今天的小发现。学校网站有新照片。小乐说：“The school website has new photos.”朋友听懂了，也想起自己遇到过的事。,,The school __________ has new photos.,website,学校网站有新照片。,context,2026-09-v2,本地预制课堂素材；原创短句与场景模板,[],想象你也在这个场景里。用 website 说一句自己的话。
autumn,KET,1,秋天,n.,自然与天气,The leaves turn yellow in autumn.,树叶在秋天变黄。,[],结合例句与生活场景整体记忆，不按相同字母强行拆词。,0,fall,https://www.cambridgeenglish.org/images/506886-a2-key-2020-vocabulary-list.pdf,'ɒ:tәm,原创课堂释义与例句,offline-materials,autumn,authored,autumn · 单词里的小故事,小乐和朋友交换今天的小发现。树叶在秋天变黄。小乐说：“The leaves turn yellow in autumn.”朋友听懂了，也想起自己遇到过的事。,,The leaves turn yellow in __________.,autumn,树叶在秋天变黄。,context,2026-09-v2,本地预制课堂素材；原创短句与场景模板,[],想象你也在这个场景里。用 autumn 说一句自己的话。
beach,KET,1,海滩,n.,自然与天气,The children play on the beach.,孩子们在海滩上玩。,[],结合例句与生活场景整体记忆，不按相同字母强行拆词。,0,,https://www.cambridgeenglish.org/images/506886-a2-key-2020-vocabulary-list.pdf,bi:tʃ,原创课堂释义与例句,offline-materials,beach,authored,beach · 单词里的小故事,小乐和朋友交换今天的小发现。孩子们在海滩上玩。小乐说：“The children play on the beach.”朋友听懂了，也想起自己遇到过的事。,,The children play on the __________.,beach,孩子们在海滩上玩。,context,2026-09-v2,本地预制课堂素材；原创短句与场景模板,[],想象你也在这个场景里。用 beach 说一句自己的话。
cloudy,KET,1,多云的,adj.,自然与天气,It is cloudy but warm.,天气多云但温暖。,"[{""text"": ""cloud"", ""kind"": ""root"", ""meaning"": ""云""}, {""text"": ""-y"", ""kind"": ""suffix"", ""meaning"": ""有……特征的"", ""story"": ""表示特征的 -y 可以追溯到古英语的 -ig。它常帮助我们描述一个事物有什么特点。先看看词基指什么，再想想“有这种特点的”会是什么样子。"", ""source"": ""https://www.merriam-webster.com/dictionary/-y""}]",sunny、foggy 双写末尾辅音；noisy 去掉 noise 的 e。只留意本词适用的变化。,0,,https://www.cambridgeenglish.org/images/506886-a2-key-2020-vocabulary-list.pdf,'klaudi,原创课堂释义与例句,offline-materials,cloudy,authored,cloudy · 单词里的小故事,小乐和朋友交换今天的小发现。天气多云但温暖。小乐说：“It is cloudy but warm.”朋友听懂了，也想起自己遇到过的事。,,It is __________ but warm.,cloudy,天气多云但温暖。,context,2026-09-v2,本地预制课堂素材；原创短句与场景模板,"[{""en"": ""It is cloudy, but it is not cold."", ""zh"": ""多云，但并不冷。""}]",想象你也在这个场景里。用 cloudy 说一句自己的话。
countryside,KET,3,乡村,n.,自然与天气,We cycle through the countryside.,我们骑车穿过乡村。,"[{""text"": ""country"", ""kind"": ""compound"", ""meaning"": ""乡村""}, {""text"": ""side"", ""kind"": ""compound"", ""meaning"": ""地区""}]",两个已有成分组合成一个词。结合它们的意思理解整体词义，但不要把这种现代拆分当作完整的历史词源。,0,,https://www.cambridgeenglish.org/images/506886-a2-key-2020-vocabulary-list.pdf,'kʌntrisaid,原创课堂释义与例句,offline-materials,countryside,authored,countryside · 单词里的小故事,小乐和朋友交换今天的小发现。我们骑车穿过乡村。小乐说：“We cycle through the countryside.”朋友听懂了，也想起自己遇到过的事。,,We cycle through the __________.,countryside,我们骑车穿过乡村。,context,2026-09-v2,本地预制课堂素材；原创短句与场景模板,[],想象你也在这个场景里。用 countryside 说一句自己的话。
environment,KET,3,环境,n.,自然与天气,We can help the environment.,我们可以帮助保护环境。,[],结合例句与生活场景整体记忆，不按相同字母强行拆词。,0,,https://www.cambridgeenglish.org/images/506886-a2-key-2020-vocabulary-list.pdf,in'vairәnmәnt,原创课堂释义与例句,offline-materials,environment,authored,environment · 单词里的小故事,小乐和朋友交换今天的小发现。我们可以帮助保护环境。小乐说：“We can help the environment.”朋友听懂了，也想起自己遇到过的事。,,We can help the __________.,environment,我们可以帮助保护环境。,context,2026-09-v2,本地预制课堂素材；原创短句与场景模板,[],想象你也在这个场景里。用 environment 说一句自己的话。
field,KET,2,田野；场地,n.,自然与天气,There are sheep in the field.,田野里有羊。,[],结合例句与生活场景整体记忆，不按相同字母强行拆词。,0,,https://www.cambridgeenglish.org/images/506886-a2-key-2020-vocabulary-list.pdf,fi:ld,原创课堂释义与例句,offline-materials,field,authored,field · 单词里的小故事,小乐和朋友交换今天的小发现。田野里有羊。小乐说：“There are sheep in the field.”朋友听懂了，也想起自己遇到过的事。,,There are sheep in the __________.,field,田野里有羊。,context,2026-09-v2,本地预制课堂素材；原创短句与场景模板,[],想象你也在这个场景里。用 field 说一句自己的话。
flower,KET,1,花,n.,自然与天气,This flower smells lovely.,这朵花闻起来很香。,[],本课整体记忆。相同字母不等于相同词根；请结合例句回忆实际含义。,0,,https://www.cambridgeenglish.org/images/506886-a2-key-2020-vocabulary-list.pdf,'flauә,原创课堂释义与例句,offline-materials,flower,authored,flower · 单词里的小故事,小乐和朋友交换今天的小发现。这朵花闻起来很香。小乐说：“This flower smells lovely.”朋友听懂了，也想起自己遇到过的事。,,This __________ smells lovely.,flower,这朵花闻起来很香。,context,2026-09-v2,本地预制课堂素材；原创短句与场景模板,[],想象你也在这个场景里。用 flower 说一句自己的话。
foggy,KET,1,有雾的,adj.,自然与天气,Drive slowly on a foggy morning.,有雾的早晨开车要慢。,"[{""text"": ""fog"", ""kind"": ""root"", ""meaning"": ""雾""}, {""text"": ""-y"", ""kind"": ""suffix"", ""meaning"": ""有……特征的"", ""story"": ""表示特征的 -y 可以追溯到古英语的 -ig。它常帮助我们描述一个事物有什么特点。先看看词基指什么，再想想“有这种特点的”会是什么样子。"", ""source"": ""https://www.merriam-webster.com/dictionary/-y""}]",sunny、foggy 双写末尾辅音；noisy 去掉 noise 的 e。只留意本词适用的变化。,0,,https://www.cambridgeenglish.org/images/506886-a2-key-2020-vocabulary-list.pdf,'fɒgi,原创课堂释义与例句,offline-materials,foggy,authored,foggy · 单词里的小故事,小乐和朋友交换今天的小发现。有雾的早晨开车要慢。小乐说：“Drive slowly on a foggy morning.”朋友听懂了，也想起自己遇到过的事。,,Drive slowly on a __________ morning.,foggy,有雾的早晨开车要慢。,context,2026-09-v2,本地预制课堂素材；原创短句与场景模板,[],想象你也在这个场景里。用 foggy 说一句自己的话。
forest,KET,1,森林,n.,自然与天气,A river runs through the forest.,一条河流穿过森林。,[],结合例句与生活场景整体记忆，不按相同字母强行拆词。,0,,https://www.cambridgeenglish.org/images/506886-a2-key-2020-vocabulary-list.pdf,'fɒrist,原创课堂释义与例句,offline-materials,forest,authored,forest · 单词里的小故事,小乐和朋友交换今天的小发现。一条河流穿过森林。小乐说：“A river runs through the forest.”朋友听懂了，也想起自己遇到过的事。,,A river runs through the __________.,forest,一条河流穿过森林。,context,2026-09-v2,本地预制课堂素材；原创短句与场景模板,[],想象你也在这个场景里。用 forest 说一句自己的话。
grass,KET,1,草,n.,自然与天气,The grass is wet this morning.,今天早晨草是湿的。,[],结合例句与生活场景整体记忆，不按相同字母强行拆词。,0,,https://www.cambridgeenglish.org/images/506886-a2-key-2020-vocabulary-list.pdf,græs,原创课堂释义与例句,offline-materials,grass,authored,grass · 单词里的小故事,小乐和朋友交换今天的小发现。今天早晨草是湿的。小乐说：“The grass is wet this morning.”朋友听懂了，也想起自己遇到过的事。,,The __________ is wet this morning.,grass,今天早晨草是湿的。,context,2026-09-v2,本地预制课堂素材；原创短句与场景模板,[],想象你也在这个场景里。用 grass 说一句自己的话。
island,KET,1,岛屿,n.,自然与天气,They visit an island by boat.,他们乘船游览一座岛屿。,[],结合例句与生活场景整体记忆，不按相同字母强行拆词。,0,,https://www.cambridgeenglish.org/images/506886-a2-key-2020-vocabulary-list.pdf,'ailәnd,原创课堂释义与例句,offline-materials,island,authored,island · 单词里的小故事,小乐和朋友交换今天的小发现。他们乘船游览一座岛屿。小乐说：“They visit an island by boat.”朋友听懂了，也想起自己遇到过的事。,,They visit an __________ by boat.,island,他们乘船游览一座岛屿。,context,2026-09-v2,本地预制课堂素材；原创短句与场景模板,[],想象你也在这个场景里。用 island 说一句自己的话。
lake,KET,1,湖,n.,自然与天气,We have a picnic beside the lake.,我们在湖边野餐。,[],结合例句与生活场景整体记忆，不按相同字母强行拆词。,0,,https://www.cambridgeenglish.org/images/506886-a2-key-2020-vocabulary-list.pdf,leik,原创课堂释义与例句,offline-materials,lake,authored,lake · 单词里的小故事,小乐和朋友交换今天的小发现。我们在湖边野餐。小乐说：“We have a picnic beside the lake.”朋友听懂了，也想起自己遇到过的事。,,We have a picnic beside the __________.,lake,我们在湖边野餐。,context,2026-09-v2,本地预制课堂素材；原创短句与场景模板,[],想象你也在这个场景里。用 lake 说一句自己的话。
mountain,KET,1,山,n.,自然与天气,The mountain is covered in snow.,这座山覆盖着白雪。,"[{""text"": ""mountain"", ""kind"": ""root"", ""meaning"": ""山""}]",这个词本身可以作为词基，与相关派生词联系起来理解。,0,,https://www.cambridgeenglish.org/images/506886-a2-key-2020-vocabulary-list.pdf,'mauntin,原创课堂释义与例句,offline-materials,mountain,authored,mountain · 单词里的小故事,小乐和朋友交换今天的小发现。这座山覆盖着白雪。小乐说：“The mountain is covered in snow.”朋友听懂了，也想起自己遇到过的事。,,The __________ is covered in snow.,mountain,这座山覆盖着白雪。,context,2026-09-v2,本地预制课堂素材；原创短句与场景模板,[],想象你也在这个场景里。用 mountain 说一句自己的话。
plant,KET,2,植物；种植,n.; v.,自然与天气,Let's plant a tree today.,我们今天种一棵树吧。,[],结合例句与生活场景整体记忆，不按相同字母强行拆词。,0,,https://www.cambridgeenglish.org/images/506886-a2-key-2020-vocabulary-list.pdf,plænt. plɑ:nt,原创课堂释义与例句,offline-materials,plant,authored,plant · 单词里的小故事,小乐和朋友交换今天的小发现。我们今天种一棵树吧。小乐说：“Let's plant a tree today.”朋友听懂了，也想起自己遇到过的事。,,Let's __________ a tree today.,plant,我们今天种一棵树吧。,context,2026-09-v2,本地预制课堂素材；原创短句与场景模板,[],想象你也在这个场景里。用 plant 说一句自己的话。
raincoat,KET,1,雨衣,n.,自然与天气,Take your raincoat to school.,把雨衣带去学校。,"[{""text"": ""rain"", ""kind"": ""compound"", ""meaning"": ""雨""}, {""text"": ""coat"", ""kind"": ""compound"", ""meaning"": ""外套""}]",这是现代英语中可以辨认的合成成分。把两个意思连起来理解，再用例句确认完整词义。,0,,https://www.cambridgeenglish.org/images/506886-a2-key-2020-vocabulary-list.pdf,'reinkәut,原创课堂释义与例句,offline-materials,raincoat,authored,raincoat · 单词里的小故事,出门时天还是亮的，小乐却把雨衣放进了包里。回家的路上下起了雨，她穿好雨衣，衣服一点也没有淋湿。这就是 raincoat 留下的画面。,,Take your __________ to school.,raincoat,把雨衣带去学校。,context,2026-09-v2,本地预制课堂素材；原创短句与场景模板,"[{""en"": ""Take your raincoat; it may rain later."", ""zh"": ""带上雨衣，晚些时候可能会下雨。""}]",如果天气预报说要下雨，你会带什么？
river,KET,1,河流,n.,自然与天气,The river is wide here.,这里的河面很宽。,[],结合例句与生活场景整体记忆，不按相同字母强行拆词。,0,,https://www.cambridgeenglish.org/images/506886-a2-key-2020-vocabulary-list.pdf,'rivә,原创课堂释义与例句,offline-materials,river,authored,river · 单词里的小故事,小乐和朋友交换今天的小发现。这里的河面很宽。小乐说：“The river is wide here.”朋友听懂了，也想起自己遇到过的事。,,The __________ is wide here.,river,这里的河面很宽。,context,2026-09-v2,本地预制课堂素材；原创短句与场景模板,[],想象你也在这个场景里。用 river 说一句自己的话。
spring,KET,1,春天,n.,自然与天气,The garden is colourful in spring.,花园在春天色彩缤纷。,[],结合例句与生活场景整体记忆，不按相同字母强行拆词。,0,,https://www.cambridgeenglish.org/images/506886-a2-key-2020-vocabulary-list.pdf,spriŋ,常用义教学修订；原词典见 ECDICT-LICENSE.txt,offline-materials,spring,authored,spring · 单词里的小故事,小乐和朋友交换今天的小发现。花园在春天色彩缤纷。小乐说：“The garden is colourful in spring.”朋友听懂了，也想起自己遇到过的事。,,The garden is colourful in __________.,spring,花园在春天色彩缤纷。,context,2026-09-v2,本地预制课堂素材；原创短句与场景模板,[],想象你也在这个场景里。用 spring 说一句自己的话。
storm,KET,2,暴风雨,n.,自然与天气,We stay inside during the storm.,暴风雨时我们待在室内。,"[{""text"": ""storm"", ""kind"": ""root"", ""meaning"": ""暴风雨""}]",这个词本身可以作为词基，与相关派生词联系起来理解。,0,,https://www.cambridgeenglish.org/images/506886-a2-key-2020-vocabulary-list.pdf,stɒ:m,原创课堂释义与例句,offline-materials,storm,authored,storm · 单词里的小故事,小乐和朋友交换今天的小发现。暴风雨时我们待在室内。小乐说：“We stay inside during the storm.”朋友听懂了，也想起自己遇到过的事。,,We stay inside during the __________.,storm,暴风雨时我们待在室内。,context,2026-09-v2,本地预制课堂素材；原创短句与场景模板,[],想象你也在这个场景里。用 storm 说一句自己的话。
summer,KET,1,夏天,n.,自然与天气,We swim in summer.,我们夏天游泳。,[],本课整体记忆。相同字母不等于相同词根；请结合例句回忆实际含义。,0,,https://www.cambridgeenglish.org/images/506886-a2-key-2020-vocabulary-list.pdf,'sʌmә,原创课堂释义与例句,offline-materials,summer,authored,summer · 单词里的小故事,小乐和朋友交换今天的小发现。我们夏天游泳。小乐说：“We swim in summer.”朋友听懂了，也想起自己遇到过的事。,,We swim in __________.,summer,我们夏天游泳。,context,2026-09-v2,本地预制课堂素材；原创短句与场景模板,[],想象你也在这个场景里。用 summer 说一句自己的话。
sunny,KET,1,晴朗的,adj.,自然与天气,It is sunny this morning.,今天早晨天气晴朗。,"[{""text"": ""sun"", ""kind"": ""root"", ""meaning"": ""太阳""}, {""text"": ""-y"", ""kind"": ""suffix"", ""meaning"": ""有……特征的"", ""story"": ""表示特征的 -y 可以追溯到古英语的 -ig。它常帮助我们描述一个事物有什么特点。先看看词基指什么，再想想“有这种特点的”会是什么样子。"", ""source"": ""https://www.merriam-webster.com/dictionary/-y""}]",sunny、foggy 双写末尾辅音；noisy 去掉 noise 的 e。只留意本词适用的变化。,0,,https://www.cambridgeenglish.org/images/506886-a2-key-2020-vocabulary-list.pdf,'sʌni,原创课堂释义与例句,offline-materials,sunny,authored,sunny · 单词里的小故事,小乐和朋友交换今天的小发现。今天早晨天气晴朗。小乐说：“It is sunny this morning.”朋友听懂了，也想起自己遇到过的事。,,It is __________ this morning.,sunny,今天早晨天气晴朗。,context,2026-09-v2,本地预制课堂素材；原创短句与场景模板,"[{""en"": ""It is sunny, so let's eat outside."", ""zh"": ""阳光很好，我们去外面吃吧。""}]",想象你也在这个场景里。用 sunny 说一句自己的话。
temperature,KET,3,温度,n.,自然与天气,The temperature drops at night.,夜晚温度下降。,[],结合例句与生活场景整体记忆，不按相同字母强行拆词。,0,,https://www.cambridgeenglish.org/images/506886-a2-key-2020-vocabulary-list.pdf,'temprәtʃә,原创课堂释义与例句,offline-materials,temperature,authored,temperature · 单词里的小故事,小乐和朋友交换今天的小发现。夜晚温度下降。小乐说：“The temperature drops at night.”朋友听懂了，也想起自己遇到过的事。,,The __________ drops at night.,temperature,夜晚温度下降。,context,2026-09-v2,本地预制课堂素材；原创短句与场景模板,[],想象你也在这个场景里。用 temperature 说一句自己的话。
thunderstorm,KET,3,雷暴,n.,自然与天气,A thunderstorm wakes me up.,雷暴把我吵醒了。,"[{""text"": ""thunder"", ""kind"": ""compound"", ""meaning"": ""雷""}, {""text"": ""storm"", ""kind"": ""compound"", ""meaning"": ""暴风雨""}]",这是现代英语中可以辨认的合成成分。把两个意思连起来理解，再用例句确认完整词义。,0,,https://www.cambridgeenglish.org/images/506886-a2-key-2020-vocabulary-list.pdf,'θʌndәstɒ:m,原创课堂释义与例句,offline-materials,thunderstorm,authored,thunderstorm · 单词里的小故事,小乐和朋友交换今天的小发现。雷暴把我吵醒了。小乐说：“A thunderstorm wakes me up.”朋友听懂了，也想起自己遇到过的事。,,A __________ wakes me up.,thunderstorm,雷暴把我吵醒了。,context,2026-09-v2,本地预制课堂素材；原创短句与场景模板,[],想象你也在这个场景里。用 thunderstorm 说一句自己的话。
weather,KET,2,天气,n.,自然与天气,The weather changes quickly here.,这里的天气变化很快。,[],结合例句与生活场景整体记忆，不按相同字母强行拆词。,0,,https://www.cambridgeenglish.org/images/506886-a2-key-2020-vocabulary-list.pdf,'weðә,原创课堂释义与例句,offline-materials,weather,authored,weather · 单词里的小故事,小乐和朋友交换今天的小发现。这里的天气变化很快。小乐说：“The weather changes quickly here.”朋友听懂了，也想起自己遇到过的事。,,The __________ changes quickly here.,weather,这里的天气变化很快。,context,2026-09-v2,本地预制课堂素材；原创短句与场景模板,[],想象你也在这个场景里。用 weather 说一句自己的话。
windy,KET,1,多风的,adj.,自然与天气,It is too windy for a picnic.,风太大不适合野餐。,"[{""text"": ""wind"", ""kind"": ""root"", ""meaning"": ""风""}, {""text"": ""-y"", ""kind"": ""suffix"", ""meaning"": ""有……特征的"", ""story"": ""表示特征的 -y 可以追溯到古英语的 -ig。它常帮助我们描述一个事物有什么特点。先看看词基指什么，再想想“有这种特点的”会是什么样子。"", ""source"": ""https://www.merriam-webster.com/dictionary/-y""}]",sunny、foggy 双写末尾辅音；noisy 去掉 noise 的 e。只留意本词适用的变化。,0,,https://www.cambridgeenglish.org/images/506886-a2-key-2020-vocabulary-list.pdf,'windi,原创课堂释义与例句,offline-materials,windy,authored,windy · 单词里的小故事,小乐和朋友交换今天的小发现。风太大不适合野餐。小乐说：“It is too windy for a picnic.”朋友听懂了，也想起自己遇到过的事。,,It is too __________ for a picnic.,windy,风太大不适合野餐。,context,2026-09-v2,本地预制课堂素材；原创短句与场景模板,"[{""en"": ""The beach is very windy today."", ""zh"": ""今天海滩的风很大。""}]",想象你也在这个场景里。用 windy 说一句自己的话。
winter,KET,1,冬天,n.,自然与天气,We wear warm coats in winter.,我们冬天穿暖和的外套。,[],结合例句与生活场景整体记忆，不按相同字母强行拆词。,0,,https://www.cambridgeenglish.org/images/506886-a2-key-2020-vocabulary-list.pdf,'wintә,原创课堂释义与例句,offline-materials,winter,authored,winter · 单词里的小故事,小乐和朋友交换今天的小发现。我们冬天穿暖和的外套。小乐说：“We wear warm coats in winter.”朋友听懂了，也想起自己遇到过的事。,,We wear warm coats in __________.,winter,我们冬天穿暖和的外套。,context,2026-09-v2,本地预制课堂素材；原创短句与场景模板,[],想象你也在这个场景里。用 winter 说一句自己的话。
cereal,KET,2,谷类食品；谷类植物,n.,自然与环境,This cereal tastes good.,这份谷类食品味道很好。,[],结合常用释义整体记忆。先听老师读，再用自己的生活场景解释。,0,,https://www.cambridgeenglish.org/images/506886-a2-key-2020-vocabulary-list.pdf,'siәriәl,https://github.com/skywind3000/ECDICT,offline-materials,cereal,food,cereal · 单词里的小故事,小乐第一次给家人当小帮手，端出一份食物。这份谷类食品味道很好。小乐说：“This cereal tastes good.”朋友听懂了，也想起自己遇到过的事。,,This __________ tastes good.,cereal,这份谷类食品味道很好。,context,2026-09-v2,本地预制课堂素材；原创短句与场景模板,[],想象你也在这个场景里。用 cereal 说一句自己的话。
creature,KET,2,人；动物；创造物,n.,自然与环境,We saw the creature in a picture.,我们在图片里看到了人。,[],结合常用释义整体记忆。先听老师读，再用自己的生活场景解释。,0,,https://www.cambridgeenglish.org/images/506886-a2-key-2020-vocabulary-list.pdf,'kri:tʃә,https://github.com/skywind3000/ECDICT,offline-materials,creature,animal,creature · 单词里的小故事,小乐翻开一本动物画册，在其中一页停了下来。我们在图片里看到了人。小乐说：“We saw the creature in a picture.”朋友听懂了，也想起自己遇到过的事。,,We saw the __________ in a picture.,creature,我们在图片里看到了人。,context,2026-09-v2,本地预制课堂素材；原创短句与场景模板,[],想象你也在这个场景里。用 creature 说一句自己的话。
dressed,KET,3,穿好衣服的,adj.,自然与环境,He is dressed for school.,他穿好了上学的衣服。,[],结合常用释义整体记忆。先听老师读，再用自己的生活场景解释。,0,,https://www.cambridgeenglish.org/images/506886-a2-key-2020-vocabulary-list.pdf,'dresid,常用义教学修订；原词典见 ECDICT-LICENSE.txt,offline-materials,dressed,authored,dressed · 单词里的小故事,小乐和朋友交换今天的小发现。他穿好了上学的衣服。小乐说：“He is dressed for school.”朋友听懂了，也想起自己遇到过的事。,,He is __________ for school.,dressed,他穿好了上学的衣服。,context,2026-09-v2,本地预制课堂素材；原创短句与场景模板,[],想象你也在这个场景里。用 dressed 说一句自己的话。
mobile,KET,2,手机,n.,自然与环境,We need the mobile today.,我们今天需要手机。,[],结合常用释义整体记忆。先听老师读，再用自己的生活场景解释。,0,,https://www.cambridgeenglish.org/images/506886-a2-key-2020-vocabulary-list.pdf,'mәubil,常用义教学修订；原词典见 ECDICT-LICENSE.txt,offline-materials,mobile,equipment,mobile · 单词里的小故事,班级活动开始前，小乐负责核对需要的东西。我们今天需要手机。小乐说：“We need the mobile today.”朋友听懂了，也想起自己遇到过的事。,,We need the __________ today.,mobile,我们今天需要手机。,context,2026-09-v2,本地预制课堂素材；原创短句与场景模板,[],想象你也在这个场景里。用 mobile 说一句自己的话。
puppy,KET,3,小狗；小动物；自负的年轻人,n.,自然与环境,We saw the puppy in a picture.,我们在图片里看到了小狗。,[],结合常用释义整体记忆。先听老师读，再用自己的生活场景解释。,0,,https://www.cambridgeenglish.org/images/506886-a2-key-2020-vocabulary-list.pdf,'pʌpi,https://github.com/skywind3000/ECDICT,offline-materials,puppy,animal,puppy · 单词里的小故事,小乐翻开一本动物画册，在其中一页停了下来。我们在图片里看到了小狗。小乐说：“We saw the puppy in a picture.”朋友听懂了，也想起自己遇到过的事。,,We saw the __________ in a picture.,puppy,我们在图片里看到了小狗。,context,2026-09-v2,本地预制课堂素材；原创短句与场景模板,[],想象你也在这个场景里。用 puppy 说一句自己的话。
wildlife,KET,2,野生动植物,n.,自然与环境,We saw the wildlife in a picture.,我们在图片里看到了野生动植物。,"[{""text"": ""wild"", ""kind"": ""compound"", ""meaning"": ""野生的""}, {""text"": ""life"", ""kind"": ""compound"", ""meaning"": ""生物""}]",两个已有成分组合成一个词。结合它们的意思理解整体词义，但不要把这种现代拆分当作完整的历史词源。,0,,https://www.cambridgeenglish.org/images/506886-a2-key-2020-vocabulary-list.pdf,'waildlaif,https://github.com/skywind3000/ECDICT,offline-materials,wildlife,animal,wildlife · 单词里的小故事,小乐翻开一本动物画册，在其中一页停了下来。我们在图片里看到了野生动植物。小乐说：“We saw the wildlife in a picture.”朋友听懂了，也想起自己遇到过的事。,,We saw the __________ in a picture.,wildlife,我们在图片里看到了野生动植物。,context,2026-09-v2,本地预制课堂素材；原创短句与场景模板,[],想象你也在这个场景里。用 wildlife 说一句自己的话。
zoo,KET,2,动物园,n.,自然与环境,We visited the zoo today.,我们今天参观了动物园。,[],结合常用释义整体记忆。先听老师读，再用自己的生活场景解释。,0,,https://www.cambridgeenglish.org/images/506886-a2-key-2020-vocabulary-list.pdf,zu:,https://github.com/skywind3000/ECDICT,offline-materials,zoo,place,zoo · 单词里的小故事,小乐把今天的外出经历记进了日记。我们今天参观了动物园。小乐说：“We visited the zoo today.”朋友听懂了，也想起自己遇到过的事。,,We visited the __________ today.,zoo,我们今天参观了动物园。,context,2026-09-v2,本地预制课堂素材；原创短句与场景模板,[],想象你也在这个场景里。用 zoo 说一句自己的话。
backpack,KET,1,背包,n.,衣服与购物,Put your lunch in your backpack.,把午饭放进背包。,"[{""text"": ""back"", ""kind"": ""compound"", ""meaning"": ""背""}, {""text"": ""pack"", ""kind"": ""compound"", ""meaning"": ""包""}]",这是现代英语中可以辨认的合成成分。把两个意思连起来理解，再用例句确认完整词义。,0,,https://www.cambridgeenglish.org/images/506886-a2-key-2020-vocabulary-list.pdf,'bækpæk,原创课堂释义与例句,offline-materials,backpack,authored,backpack · 单词里的小故事,小乐和朋友交换今天的小发现。把午饭放进背包。小乐说：“Put your lunch in your backpack.”朋友听懂了，也想起自己遇到过的事。,,Put your lunch in your __________.,backpack,把午饭放进背包。,context,2026-09-v2,本地预制课堂素材；原创短句与场景模板,"[{""en"": ""My backpack is full of books."", ""zh"": ""我的背包里装满了书。""}]",想象你也在这个场景里。用 backpack 说一句自己的话。
boot,KET,1,靴子,n.,衣服与购物,One boot is full of water.,一只靴子里都是水。,[],结合例句与生活场景整体记忆，不按相同字母强行拆词。,0,,https://www.cambridgeenglish.org/images/506886-a2-key-2020-vocabulary-list.pdf,bu:t,原创课堂释义与例句,offline-materials,boot,authored,boot · 单词里的小故事,小乐和朋友交换今天的小发现。一只靴子里都是水。小乐说：“One boot is full of water.”朋友听懂了，也想起自己遇到过的事。,,One __________ is full of water.,boot,一只靴子里都是水。,context,2026-09-v2,本地预制课堂素材；原创短句与场景模板,[],想象你也在这个场景里。用 boot 说一句自己的话。
cash,KET,2,现金,n.,衣服与购物,Can I pay in cash?,我可以用现金支付吗？,[],结合例句与生活场景整体记忆，不按相同字母强行拆词。,0,,https://www.cambridgeenglish.org/images/506886-a2-key-2020-vocabulary-list.pdf,kæʃ,原创课堂释义与例句,offline-materials,cash,authored,cash · 单词里的小故事,小乐和朋友交换今天的小发现。我可以用现金支付吗？小乐说：“Can I pay in cash?”朋友听懂了，也想起自己遇到过的事。,,Can I pay in __________?,cash,我可以用现金支付吗？,context,2026-09-v2,本地预制课堂素材；原创短句与场景模板,[],想象你也在这个场景里。用 cash 说一句自己的话。
cheap,KET,1,便宜的,adj.,衣服与购物,This small notebook is cheap.,这本小笔记本很便宜。,[],结合例句与生活场景整体记忆，不按相同字母强行拆词。,0,,https://www.cambridgeenglish.org/images/506886-a2-key-2020-vocabulary-list.pdf,tʃi:p,原创课堂释义与例句,offline-materials,cheap,authored,cheap · 单词里的小故事,小乐和朋友交换今天的小发现。这本小笔记本很便宜。小乐说：“This small notebook is cheap.”朋友听懂了，也想起自己遇到过的事。,,This small notebook is __________.,cheap,这本小笔记本很便宜。,context,2026-09-v2,本地预制课堂素材；原创短句与场景模板,[],想象你也在这个场景里。用 cheap 说一句自己的话。
choose,KET,2,选择,v.,衣服与购物,You can choose one colour.,你可以选一种颜色。,[],结合例句与生活场景整体记忆，不按相同字母强行拆词。,0,,https://www.cambridgeenglish.org/images/506886-a2-key-2020-vocabulary-list.pdf,tʃu:z,原创课堂释义与例句,offline-materials,choose,authored,choose · 单词里的小故事,小乐和朋友交换今天的小发现。你可以选一种颜色。小乐说：“You can choose one colour.”朋友听懂了，也想起自己遇到过的事。,,You can __________ one colour.,choose,你可以选一种颜色。,context,2026-09-v2,本地预制课堂素材；原创短句与场景模板,[],想象你也在这个场景里。用 choose 说一句自己的话。
comfortable,KET,3,舒适的,adj.,衣服与购物,These shoes are comfortable.,这双鞋很舒服。,"[{""text"": ""comfort"", ""kind"": ""root"", ""meaning"": ""舒适；安慰""}, {""text"": ""-able"", ""kind"": ""suffix"", ""meaning"": ""可以……的；适合……的"", ""story"": ""-able 经由法语进入英语，更早来自拉丁语的后缀形式。它常告诉我们“可以被这样做”或“适合这样做”。先认出动作，再想一想，这个东西能不能接受这个动作。"", ""source"": ""https://www.merriam-webster.com/dictionary/able""}]",先理解词基，再看词缀如何改变含义或词性。,0,,https://www.cambridgeenglish.org/images/506886-a2-key-2020-vocabulary-list.pdf,'kʌmfәtәbl,原创课堂释义与例句,offline-materials,comfortable,authored,comfortable · 单词里的小故事,小乐和朋友交换今天的小发现。这双鞋很舒服。小乐说：“These shoes are comfortable.”朋友听懂了，也想起自己遇到过的事。,,These shoes are __________.,comfortable,这双鞋很舒服。,context,2026-09-v2,本地预制课堂素材；原创短句与场景模板,"[{""en"": ""This chair is comfortable to sit in."", ""zh"": ""坐在这把椅子上很舒服。""}]",想象你也在这个场景里。用 comfortable 说一句自己的话。
cost,KET,2,花费；费用,v.; n.,衣服与购物,How much does this book cost?,这本书多少钱？,[],结合例句与生活场景整体记忆，不按相同字母强行拆词。,0,,https://www.cambridgeenglish.org/images/506886-a2-key-2020-vocabulary-list.pdf,kɒst,原创课堂释义与例句,offline-materials,cost,authored,cost · 单词里的小故事,小乐和朋友交换今天的小发现。这本书多少钱？小乐说：“How much does this book cost?”朋友听懂了，也想起自己遇到过的事。,,How much does this book __________?,cost,这本书多少钱？,context,2026-09-v2,本地预制课堂素材；原创短句与场景模板,[],想象你也在这个场景里。用 cost 说一句自己的话。
expensive,KET,3,昂贵的,adj.,衣服与购物,That bike is too expensive.,那辆自行车太贵了。,[],结合例句与生活场景整体记忆，不按相同字母强行拆词。,0,,https://www.cambridgeenglish.org/images/506886-a2-key-2020-vocabulary-list.pdf,ik'spensiv,原创课堂释义与例句,offline-materials,expensive,authored,expensive · 单词里的小故事,小乐和朋友交换今天的小发现。那辆自行车太贵了。小乐说：“That bike is too expensive.”朋友听懂了，也想起自己遇到过的事。,,That bike is too __________.,expensive,那辆自行车太贵了。,context,2026-09-v2,本地预制课堂素材；原创短句与场景模板,[],想象你也在这个场景里。用 expensive 说一句自己的话。
fashion,KET,3,时尚,n.,衣服与购物,She likes reading about fashion.,她喜欢阅读时尚方面的内容。,"[{""text"": ""fashion"", ""kind"": ""root"", ""meaning"": ""时尚""}]",这个词本身可以作为词基，与相关派生词联系起来理解。,0,,https://www.cambridgeenglish.org/images/506886-a2-key-2020-vocabulary-list.pdf,'fæʃәn,原创课堂释义与例句,offline-materials,fashion,authored,fashion · 单词里的小故事,小乐和朋友交换今天的小发现。她喜欢阅读时尚方面的内容。小乐说：“She likes reading about fashion.”朋友听懂了，也想起自己遇到过的事。,,She likes reading about __________.,fashion,她喜欢阅读时尚方面的内容。,context,2026-09-v2,本地预制课堂素材；原创短句与场景模板,[],想象你也在这个场景里。用 fashion 说一句自己的话。
glove,KET,1,手套,n.,衣服与购物,I lost one glove in the park.,我在公园丢了一只手套。,[],结合例句与生活场景整体记忆，不按相同字母强行拆词。,0,,https://www.cambridgeenglish.org/images/506886-a2-key-2020-vocabulary-list.pdf,glʌv,原创课堂释义与例句,offline-materials,glove,authored,glove · 单词里的小故事,小乐和朋友交换今天的小发现。我在公园丢了一只手套。小乐说：“I lost one glove in the park.”朋友听懂了，也想起自己遇到过的事。,,I lost one __________ in the park.,glove,我在公园丢了一只手套。,context,2026-09-v2,本地预制课堂素材；原创短句与场景模板,[],想象你也在这个场景里。用 glove 说一句自己的话。
handbag,KET,1,手提包,n.,衣服与购物,Her keys are in her handbag.,她的钥匙在手提包里。,"[{""text"": ""hand"", ""kind"": ""compound"", ""meaning"": ""手""}, {""text"": ""bag"", ""kind"": ""compound"", ""meaning"": ""包""}]",这是现代英语中可以辨认的合成成分。把两个意思连起来理解，再用例句确认完整词义。,0,,https://www.cambridgeenglish.org/images/506886-a2-key-2020-vocabulary-list.pdf,'hændbæg,原创课堂释义与例句,offline-materials,handbag,authored,handbag · 单词里的小故事,小乐和朋友交换今天的小发现。她的钥匙在手提包里。小乐说：“Her keys are in her handbag.”朋友听懂了，也想起自己遇到过的事。,,Her keys are in her __________.,handbag,她的钥匙在手提包里。,context,2026-09-v2,本地预制课堂素材；原创短句与场景模板,[],想象你也在这个场景里。用 handbag 说一句自己的话。
jacket,KET,1,夹克,n.,衣服与购物,Take a jacket for the evening.,带件夹克晚上穿。,[],结合例句与生活场景整体记忆，不按相同字母强行拆词。,0,,https://www.cambridgeenglish.org/images/506886-a2-key-2020-vocabulary-list.pdf,'dʒækit,原创课堂释义与例句,offline-materials,jacket,authored,jacket · 单词里的小故事,小乐和朋友交换今天的小发现。带件夹克晚上穿。小乐说：“Take a jacket for the evening.”朋友听懂了，也想起自己遇到过的事。,,Take a __________ for the evening.,jacket,带件夹克晚上穿。,context,2026-09-v2,本地预制课堂素材；原创短句与场景模板,[],想象你也在这个场景里。用 jacket 说一句自己的话。
jeans,KET,1,牛仔裤,n.,衣服与购物,I wear jeans at the weekend.,我周末穿牛仔裤。,[],结合例句与生活场景整体记忆，不按相同字母强行拆词。,0,,https://www.cambridgeenglish.org/images/506886-a2-key-2020-vocabulary-list.pdf,dʒi:nz,原创课堂释义与例句,offline-materials,jeans,authored,jeans · 单词里的小故事,小乐和朋友交换今天的小发现。我周末穿牛仔裤。小乐说：“I wear jeans at the weekend.”朋友听懂了，也想起自己遇到过的事。,,I wear __________ at the weekend.,jeans,我周末穿牛仔裤。,context,2026-09-v2,本地预制课堂素材；原创短句与场景模板,[],想象你也在这个场景里。用 jeans 说一句自己的话。
pocket,KET,1,口袋,n.,衣服与购物,My ticket is in my pocket.,我的票在口袋里。,[],结合例句与生活场景整体记忆，不按相同字母强行拆词。,0,,https://www.cambridgeenglish.org/images/506886-a2-key-2020-vocabulary-list.pdf,'pɒkit,原创课堂释义与例句,offline-materials,pocket,authored,pocket · 单词里的小故事,小乐和朋友交换今天的小发现。我的票在口袋里。小乐说：“My ticket is in my pocket.”朋友听懂了，也想起自己遇到过的事。,,My ticket is in my __________.,pocket,我的票在口袋里。,context,2026-09-v2,本地预制课堂素材；原创短句与场景模板,[],想象你也在这个场景里。用 pocket 说一句自己的话。
price,KET,2,价格,n.,衣服与购物,The price is on the box.,价格标在箱子上。,[],结合例句与生活场景整体记忆，不按相同字母强行拆词。,0,,https://www.cambridgeenglish.org/images/506886-a2-key-2020-vocabulary-list.pdf,prais,原创课堂释义与例句,offline-materials,price,authored,price · 单词里的小故事,小乐和朋友交换今天的小发现。价格标在箱子上。小乐说：“The price is on the box.”朋友听懂了，也想起自己遇到过的事。,,The __________ is on the box.,price,价格标在箱子上。,context,2026-09-v2,本地预制课堂素材；原创短句与场景模板,[],想象你也在这个场景里。用 price 说一句自己的话。
receipt,KET,3,收据,n.,衣服与购物,Keep the receipt for your shoes.,保留买鞋的收据。,[],结合例句与生活场景整体记忆，不按相同字母强行拆词。,0,,https://www.cambridgeenglish.org/images/506886-a2-key-2020-vocabulary-list.pdf,ri'si:t,原创课堂释义与例句,offline-materials,receipt,authored,receipt · 单词里的小故事,小乐和朋友交换今天的小发现。保留买鞋的收据。小乐说：“Keep the receipt for your shoes.”朋友听懂了，也想起自己遇到过的事。,,Keep the __________ for your shoes.,receipt,保留买鞋的收据。,context,2026-09-v2,本地预制课堂素材；原创短句与场景模板,[],想象你也在这个场景里。用 receipt 说一句自己的话。
scarf,KET,1,围巾,n.,衣服与购物,Grandma made me a scarf.,奶奶给我做了一条围巾。,[],结合例句与生活场景整体记忆，不按相同字母强行拆词。,0,,https://www.cambridgeenglish.org/images/506886-a2-key-2020-vocabulary-list.pdf,skɑ:f,原创课堂释义与例句,offline-materials,scarf,authored,scarf · 单词里的小故事,小乐和朋友交换今天的小发现。奶奶给我做了一条围巾。小乐说：“Grandma made me a scarf.”朋友听懂了，也想起自己遇到过的事。,,Grandma made me a __________.,scarf,奶奶给我做了一条围巾。,context,2026-09-v2,本地预制课堂素材；原创短句与场景模板,[],想象你也在这个场景里。用 scarf 说一句自己的话。
shorts,KET,1,短裤,n.,衣服与购物,These shorts are good for running.,这条短裤适合跑步。,[],结合例句与生活场景整体记忆，不按相同字母强行拆词。,0,,https://www.cambridgeenglish.org/images/506886-a2-key-2020-vocabulary-list.pdf,ʃɔ:ts,原创课堂释义与例句,offline-materials,shorts,authored,shorts · 单词里的小故事,小乐和朋友交换今天的小发现。这条短裤适合跑步。小乐说：“These shorts are good for running.”朋友听懂了，也想起自己遇到过的事。,,These __________ are good for running.,shorts,这条短裤适合跑步。,context,2026-09-v2,本地预制课堂素材；原创短句与场景模板,[],想象你也在这个场景里。用 shorts 说一句自己的话。
size,KET,2,尺寸,n.,衣服与购物,Do you have this in a smaller size?,这件有小一点的尺码吗？,[],结合例句与生活场景整体记忆，不按相同字母强行拆词。,0,,https://www.cambridgeenglish.org/images/506886-a2-key-2020-vocabulary-list.pdf,saiz,原创课堂释义与例句,offline-materials,size,authored,size · 单词里的小故事,小乐和朋友交换今天的小发现。这件有小一点的尺码吗？小乐说：“Do you have this in a smaller size?”朋友听懂了，也想起自己遇到过的事。,,Do you have this in a smaller __________?,size,这件有小一点的尺码吗？,context,2026-09-v2,本地预制课堂素材；原创短句与场景模板,[],想象你也在这个场景里。用 size 说一句自己的话。
skirt,KET,1,裙子,n.,衣服与购物,She chooses a green skirt.,她选了一条绿色的裙子。,[],结合例句与生活场景整体记忆，不按相同字母强行拆词。,0,,https://www.cambridgeenglish.org/images/506886-a2-key-2020-vocabulary-list.pdf,skә:t,原创课堂释义与例句,offline-materials,skirt,authored,skirt · 单词里的小故事,小乐和朋友交换今天的小发现。她选了一条绿色的裙子。小乐说：“She chooses a green skirt.”朋友听懂了，也想起自己遇到过的事。,,She chooses a green __________.,skirt,她选了一条绿色的裙子。,context,2026-09-v2,本地预制课堂素材；原创短句与场景模板,[],想象你也在这个场景里。用 skirt 说一句自己的话。
sock,KET,1,袜子,n.,衣服与购物,There is a sock under the bed.,床底下有一只袜子。,[],结合例句与生活场景整体记忆，不按相同字母强行拆词。,0,,https://www.cambridgeenglish.org/images/506886-a2-key-2020-vocabulary-list.pdf,sɒk,原创课堂释义与例句,offline-materials,sock,authored,sock · 单词里的小故事,小乐和朋友交换今天的小发现。床底下有一只袜子。小乐说：“There is a sock under the bed.”朋友听懂了，也想起自己遇到过的事。,,There is a __________ under the bed.,sock,床底下有一只袜子。,context,2026-09-v2,本地预制课堂素材；原创短句与场景模板,[],想象你也在这个场景里。用 sock 说一句自己的话。
sunglasses,KET,1,太阳镜,n.,衣服与购物,Wear sunglasses in bright sunshine.,阳光强烈时戴太阳镜。,"[{""text"": ""sun"", ""kind"": ""compound"", ""meaning"": ""太阳""}, {""text"": ""glasses"", ""kind"": ""compound"", ""meaning"": ""眼镜""}]",这是现代英语中可以辨认的合成成分。把两个意思连起来理解，再用例句确认完整词义。,0,,https://www.cambridgeenglish.org/images/506886-a2-key-2020-vocabulary-list.pdf,,原创课堂释义与例句,offline-materials,sunglasses,authored,sunglasses · 单词里的小故事,小乐和朋友交换今天的小发现。阳光强烈时戴太阳镜。小乐说：“Wear sunglasses in bright sunshine.”朋友听懂了，也想起自己遇到过的事。,,Wear __________ in bright sunshine.,sunglasses,阳光强烈时戴太阳镜。,context,2026-09-v2,本地预制课堂素材；原创短句与场景模板,[],想象你也在这个场景里。用 sunglasses 说一句自己的话。
sweater,KET,1,毛衣,n.,衣服与购物,This sweater is warm.,这件毛衣很暖和。,[],结合例句与生活场景整体记忆，不按相同字母强行拆词。,0,,https://www.cambridgeenglish.org/images/506886-a2-key-2020-vocabulary-list.pdf,'swetә,原创课堂释义与例句,offline-materials,sweater,authored,sweater · 单词里的小故事,小乐和朋友交换今天的小发现。这件毛衣很暖和。小乐说：“This sweater is warm.”朋友听懂了，也想起自己遇到过的事。,,This __________ is warm.,sweater,这件毛衣很暖和。,context,2026-09-v2,本地预制课堂素材；原创短句与场景模板,[],想象你也在这个场景里。用 sweater 说一句自己的话。
trousers,KET,1,裤子,n.,衣服与购物,His trousers are too long.,他的裤子太长了。,[],结合例句与生活场景整体记忆，不按相同字母强行拆词。,0,,https://www.cambridgeenglish.org/images/506886-a2-key-2020-vocabulary-list.pdf,'trauzәz,原创课堂释义与例句,offline-materials,trousers,authored,trousers · 单词里的小故事,小乐和朋友交换今天的小发现。他的裤子太长了。小乐说：“His trousers are too long.”朋友听懂了，也想起自己遇到过的事。,,His __________ are too long.,trousers,他的裤子太长了。,context,2026-09-v2,本地预制课堂素材；原创短句与场景模板,[],想象你也在这个场景里。用 trousers 说一句自己的话。
uniform,KET,2,制服；校服,n.,衣服与购物,We wear a uniform at school.,我们在学校穿校服。,[],结合例句与生活场景整体记忆，不按相同字母强行拆词。,0,,https://www.cambridgeenglish.org/images/506886-a2-key-2020-vocabulary-list.pdf,'ju:nifɒ:m,原创课堂释义与例句,offline-materials,uniform,authored,uniform · 单词里的小故事,小乐和朋友交换今天的小发现。我们在学校穿校服。小乐说：“We wear a uniform at school.”朋友听懂了，也想起自己遇到过的事。,,We wear a __________ at school.,uniform,我们在学校穿校服。,context,2026-09-v2,本地预制课堂素材；原创短句与场景模板,[],想象你也在这个场景里。用 uniform 说一句自己的话。
accident,KET,3,意外；事故,n.,身体与健康,He broke the cup by accident.,他不小心打碎了杯子。,[],结合例句与生活场景整体记忆，不按相同字母强行拆词。,0,,https://www.cambridgeenglish.org/images/506886-a2-key-2020-vocabulary-list.pdf,'æksidәnt,原创课堂释义与例句,offline-materials,accident,authored,accident · 单词里的小故事,小乐和朋友交换今天的小发现。他不小心打碎了杯子。小乐说：“He broke the cup by accident.”朋友听懂了，也想起自己遇到过的事。,,He broke the cup by __________.,accident,他不小心打碎了杯子。,context,2026-09-v2,本地预制课堂素材；原创短句与场景模板,[],想象你也在这个场景里。用 accident 说一句自己的话。
ambulance,KET,3,救护车,n.,身体与健康,The ambulance arrives quickly.,救护车很快就到了。,[],结合例句与生活场景整体记忆，不按相同字母强行拆词。,0,,https://www.cambridgeenglish.org/images/506886-a2-key-2020-vocabulary-list.pdf,'æmbjulәns,原创课堂释义与例句,offline-materials,ambulance,authored,ambulance · 单词里的小故事,小乐和朋友交换今天的小发现。救护车很快就到了。小乐说：“The ambulance arrives quickly.”朋友听懂了，也想起自己遇到过的事。,,The __________ arrives quickly.,ambulance,救护车很快就到了。,context,2026-09-v2,本地预制课堂素材；原创短句与场景模板,[],想象你也在这个场景里。用 ambulance 说一句自己的话。
appointment,KET,3,预约,n.,身体与健康,I have a dentist appointment tomorrow.,我明天预约了牙医。,[],结合例句与生活场景整体记忆，不按相同字母强行拆词。,0,,https://www.cambridgeenglish.org/images/506886-a2-key-2020-vocabulary-list.pdf,ә'pɒintmәnt,原创课堂释义与例句,offline-materials,appointment,authored,appointment · 单词里的小故事,小乐和朋友交换今天的小发现。我明天预约了牙医。小乐说：“I have a dentist appointment tomorrow.”朋友听懂了，也想起自己遇到过的事。,,I have a dentist __________ tomorrow.,appointment,我明天预约了牙医。,context,2026-09-v2,本地预制课堂素材；原创短句与场景模板,[],想象你也在这个场景里。用 appointment 说一句自己的话。
exercise,KET,2,锻炼；练习,n.; v.,身体与健康,A walk is good exercise.,散步是一种很好的锻炼。,[],结合例句与生活场景整体记忆，不按相同字母强行拆词。,0,,https://www.cambridgeenglish.org/images/506886-a2-key-2020-vocabulary-list.pdf,'eksәsaiz,原创课堂释义与例句,offline-materials,exercise,authored,exercise · 单词里的小故事,小乐和朋友交换今天的小发现。散步是一种很好的锻炼。小乐说：“A walk is good exercise.”朋友听懂了，也想起自己遇到过的事。,,A walk is good __________.,exercise,散步是一种很好的锻炼。,context,2026-09-v2,本地预制课堂素材；原创短句与场景模板,[],想象你也在这个场景里。用 exercise 说一句自己的话。
finger,KET,1,手指,n.,身体与健康,She points with one finger.,她用一根手指指着。,[],本课整体记忆。相同字母不等于相同词根；请结合例句回忆实际含义。,0,,https://www.cambridgeenglish.org/images/506886-a2-key-2020-vocabulary-list.pdf,'fiŋgә,原创课堂释义与例句,offline-materials,finger,authored,finger · 单词里的小故事,小乐和朋友交换今天的小发现。她用一根手指指着。小乐说：“She points with one finger.”朋友听懂了，也想起自己遇到过的事。,,She points with one __________.,finger,她用一根手指指着。,context,2026-09-v2,本地预制课堂素材；原创短句与场景模板,[],想象你也在这个场景里。用 finger 说一句自己的话。
headache,KET,2,头痛,n.,身体与健康,I have a headache today.,我今天头痛。,"[{""text"": ""head"", ""kind"": ""compound"", ""meaning"": ""头""}, {""text"": ""ache"", ""kind"": ""compound"", ""meaning"": ""疼痛""}]",这是现代英语中可以辨认的合成成分。把两个意思连起来理解，再用例句确认完整词义。,0,,https://www.cambridgeenglish.org/images/506886-a2-key-2020-vocabulary-list.pdf,'hedeik,原创课堂释义与例句,offline-materials,headache,authored,headache · 单词里的小故事,小乐正想继续看书，头却有些疼。她把书合上，告诉家人自己需要休息。过了一会儿，她感觉舒服了一些。这就是 headache 留下的画面。,,I have a __________ today.,headache,我今天头痛。,context,2026-09-v2,本地预制课堂素材；原创短句与场景模板,"[{""en"": ""I have a headache and need to rest."", ""zh"": ""我头痛，需要休息。""}]",这个词里的哪一部分告诉你疼在哪里？
healthy,KET,1,健康的,adj.,身体与健康,Sleep helps us stay healthy.,睡眠帮助我们保持健康。,"[{""text"": ""health"", ""kind"": ""root"", ""meaning"": ""健康""}, {""text"": ""-y"", ""kind"": ""suffix"", ""meaning"": ""有……特征的"", ""story"": ""表示特征的 -y 可以追溯到古英语的 -ig。它常帮助我们描述一个事物有什么特点。先看看词基指什么，再想想“有这种特点的”会是什么样子。"", ""source"": ""https://www.merriam-webster.com/dictionary/-y""}]",sunny、foggy 双写末尾辅音；noisy 去掉 noise 的 e。只留意本词适用的变化。,0,,https://www.cambridgeenglish.org/images/506886-a2-key-2020-vocabulary-list.pdf,'helθi,原创课堂释义与例句,offline-materials,healthy,authored,healthy · 单词里的小故事,小乐和朋友交换今天的小发现。睡眠帮助我们保持健康。小乐说：“Sleep helps us stay healthy.”朋友听懂了，也想起自己遇到过的事。,,Sleep helps us stay __________.,healthy,睡眠帮助我们保持健康。,context,2026-09-v2,本地预制课堂素材；原创短句与场景模板,"[{""en"": ""A healthy lunch can taste good too."", ""zh"": ""健康的午餐也可以很好吃。""}]",想象你也在这个场景里。用 healthy 说一句自己的话。
hospital,KET,1,医院,n.,身体与健康,My aunt works in a hospital.,我的姑姑在医院工作。,[],结合例句与生活场景整体记忆，不按相同字母强行拆词。,0,,https://www.cambridgeenglish.org/images/506886-a2-key-2020-vocabulary-list.pdf,'hɒspitәl,原创课堂释义与例句,offline-materials,hospital,authored,hospital · 单词里的小故事,小乐和朋友交换今天的小发现。我的姑姑在医院工作。小乐说：“My aunt works in a hospital.”朋友听懂了，也想起自己遇到过的事。,,My aunt works in a __________.,hospital,我的姑姑在医院工作。,context,2026-09-v2,本地预制课堂素材；原创短句与场景模板,[],想象你也在这个场景里。用 hospital 说一句自己的话。
hurt,KET,2,受伤；疼痛,v.,身体与健康,My feet hurt after the walk.,走路后我的脚疼。,[],结合例句与生活场景整体记忆，不按相同字母强行拆词。,0,,https://www.cambridgeenglish.org/images/506886-a2-key-2020-vocabulary-list.pdf,hә:t,原创课堂释义与例句,offline-materials,hurt,authored,hurt · 单词里的小故事,小乐和朋友交换今天的小发现。走路后我的脚疼。小乐说：“My feet hurt after the walk.”朋友听懂了，也想起自己遇到过的事。,,My feet __________ after the walk.,hurt,走路后我的脚疼。,context,2026-09-v2,本地预制课堂素材；原创短句与场景模板,[],想象你也在这个场景里。用 hurt 说一句自己的话。
ill,KET,1,生病的,adj.,身体与健康,My friend is ill today.,我的朋友今天生病了。,"[{""text"": ""ill"", ""kind"": ""root"", ""meaning"": ""生病的""}]",这个词本身可以作为词基，与相关派生词联系起来理解。,0,,https://www.cambridgeenglish.org/images/506886-a2-key-2020-vocabulary-list.pdf,il,原创课堂释义与例句,offline-materials,ill,authored,ill · 单词里的小故事,小乐和朋友交换今天的小发现。我的朋友今天生病了。小乐说：“My friend is ill today.”朋友听懂了，也想起自己遇到过的事。,,My friend is __________ today.,ill,我的朋友今天生病了。,context,2026-09-v2,本地预制课堂素材；原创短句与场景模板,[],想象你也在这个场景里。用 ill 说一句自己的话。
medicine,KET,3,药,n.,身体与健康,Keep the medicine in a safe place.,把药放在安全的地方。,[],结合例句与生活场景整体记忆，不按相同字母强行拆词。,0,,https://www.cambridgeenglish.org/images/506886-a2-key-2020-vocabulary-list.pdf,'medisin,原创课堂释义与例句,offline-materials,medicine,authored,medicine · 单词里的小故事,小乐和朋友交换今天的小发现。把药放在安全的地方。小乐说：“Keep the medicine in a safe place.”朋友听懂了，也想起自己遇到过的事。,,Keep the __________ in a safe place.,medicine,把药放在安全的地方。,context,2026-09-v2,本地预制课堂素材；原创短句与场景模板,[],想象你也在这个场景里。用 medicine 说一句自己的话。
neck,KET,1,脖子,n.,身体与健康,Wear a scarf around your neck.,在脖子上围一条围巾。,[],结合例句与生活场景整体记忆，不按相同字母强行拆词。,0,,https://www.cambridgeenglish.org/images/506886-a2-key-2020-vocabulary-list.pdf,nek,原创课堂释义与例句,offline-materials,neck,authored,neck · 单词里的小故事,小乐和朋友交换今天的小发现。在脖子上围一条围巾。小乐说：“Wear a scarf around your neck.”朋友听懂了，也想起自己遇到过的事。,,Wear a scarf around your __________.,neck,在脖子上围一条围巾。,context,2026-09-v2,本地预制课堂素材；原创短句与场景模板,[],想象你也在这个场景里。用 neck 说一句自己的话。
rest,KET,1,休息,n.; v.,身体与健康,Let's rest under this tree.,我们在这棵树下休息吧。,[],结合例句与生活场景整体记忆，不按相同字母强行拆词。,0,,https://www.cambridgeenglish.org/images/506886-a2-key-2020-vocabulary-list.pdf,rest,原创课堂释义与例句,offline-materials,rest,authored,rest · 单词里的小故事,小乐和朋友交换今天的小发现。我们在这棵树下休息吧。小乐说：“Let's rest under this tree.”朋友听懂了，也想起自己遇到过的事。,,Let's __________ under this tree.,rest,我们在这棵树下休息吧。,context,2026-09-v2,本地预制课堂素材；原创短句与场景模板,[],想象你也在这个场景里。用 rest 说一句自己的话。
stomach,KET,2,胃；腹部,n.,身体与健康,My stomach hurts.,我的肚子疼。,[],结合例句与生活场景整体记忆，不按相同字母强行拆词。,0,,https://www.cambridgeenglish.org/images/506886-a2-key-2020-vocabulary-list.pdf,'stʌmәk,原创课堂释义与例句,offline-materials,stomach,authored,stomach · 单词里的小故事,小乐和朋友交换今天的小发现。我的肚子疼。小乐说：“My stomach hurts.”朋友听懂了，也想起自己遇到过的事。,,My __________ hurts.,stomach,我的肚子疼。,context,2026-09-v2,本地预制课堂素材；原创短句与场景模板,[],想象你也在这个场景里。用 stomach 说一句自己的话。
toothache,KET,2,牙痛,n.,身体与健康,He cannot eat because of a toothache.,他因为牙痛吃不下东西。,"[{""text"": ""tooth"", ""kind"": ""compound"", ""meaning"": ""牙""}, {""text"": ""ache"", ""kind"": ""compound"", ""meaning"": ""疼痛""}]",这是现代英语中可以辨认的合成成分。把两个意思连起来理解，再用例句确认完整词义。,0,,https://www.cambridgeenglish.org/images/506886-a2-key-2020-vocabulary-list.pdf,'tu:θeik,原创课堂释义与例句,offline-materials,toothache,authored,toothache · 单词里的小故事,小乐和朋友交换今天的小发现。他因为牙痛吃不下东西。小乐说：“He cannot eat because of a toothache.”朋友听懂了，也想起自己遇到过的事。,,He cannot eat because of a __________.,toothache,他因为牙痛吃不下东西。,context,2026-09-v2,本地预制课堂素材；原创短句与场景模板,[],想象你也在这个场景里。用 toothache 说一句自己的话。
badminton,KET,1,羽毛球,n.,运动与兴趣,He plays badminton with his dad.,他和爸爸打羽毛球。,[],结合例句与生活场景整体记忆，不按相同字母强行拆词。,0,,https://www.cambridgeenglish.org/images/506886-a2-key-2020-vocabulary-list.pdf,'bædmintәn,原创课堂释义与例句,offline-materials,badminton,authored,badminton · 单词里的小故事,小乐和朋友交换今天的小发现。他和爸爸打羽毛球。小乐说：“He plays badminton with his dad.”朋友听懂了，也想起自己遇到过的事。,,He plays __________ with his dad.,badminton,他和爸爸打羽毛球。,context,2026-09-v2,本地预制课堂素材；原创短句与场景模板,[],想象你也在这个场景里。用 badminton 说一句自己的话。
basketball,KET,1,篮球,n.,运动与兴趣,My sister enjoys basketball.,我的姐姐喜欢篮球。,"[{""text"": ""basket"", ""kind"": ""compound"", ""meaning"": ""篮""}, {""text"": ""ball"", ""kind"": ""compound"", ""meaning"": ""球""}]",这是现代英语中可以辨认的合成成分。把两个意思连起来理解，再用例句确认完整词义。,0,,https://www.cambridgeenglish.org/images/506886-a2-key-2020-vocabulary-list.pdf,'bɑ:skitbɒ:l,原创课堂释义与例句,offline-materials,basketball,authored,basketball · 单词里的小故事,小乐和朋友交换今天的小发现。我的姐姐喜欢篮球。小乐说：“My sister enjoys basketball.”朋友听懂了，也想起自己遇到过的事。,,My sister enjoys __________.,basketball,我的姐姐喜欢篮球。,context,2026-09-v2,本地预制课堂素材；原创短句与场景模板,"[{""en"": ""Can you teach me to play basketball?"", ""zh"": ""你能教我打篮球吗？""}]",想象你也在这个场景里。用 basketball 说一句自己的话。
camping,KET,2,露营,n.,运动与兴趣,Our family goes camping in June.,我们一家六月去露营。,"[{""text"": ""camp"", ""kind"": ""root"", ""meaning"": ""露营""}, {""text"": ""-ing"", ""kind"": ""suffix"", ""meaning"": ""把动作当作活动或事物来表达"", ""story"": ""把动作变成名词的 -ing，可以追溯到古英语的 -ung、-ing。一个动作加上这样的结尾，就能作为一种活动来谈论。注意句子里的位置：-ing 也会用于进行时和形容词。"", ""source"": ""https://www.merriam-webster.com/dictionary/-ing""}]",本课选用名词用法。swimming 双写 m；cycling 去掉 cycle 末尾的 e。,0,,https://www.cambridgeenglish.org/images/506886-a2-key-2020-vocabulary-list.pdf,'kæmpiŋ,原创课堂释义与例句,offline-materials,camping,authored,camping · 单词里的小故事,小乐和朋友交换今天的小发现。我们一家六月去露营。小乐说：“Our family goes camping in June.”朋友听懂了，也想起自己遇到过的事。,,Our family goes __________ in June.,camping,我们一家六月去露营。,context,2026-09-v2,本地预制课堂素材；原创短句与场景模板,[],想象你也在这个场景里。用 camping 说一句自己的话。
climbing,KET,2,攀登；攀岩,n.,运动与兴趣,Climbing is my new hobby.,攀岩是我的新爱好。,"[{""text"": ""climb"", ""kind"": ""root"", ""meaning"": ""攀登""}, {""text"": ""-ing"", ""kind"": ""suffix"", ""meaning"": ""把动作当作活动或事物来表达"", ""story"": ""把动作变成名词的 -ing，可以追溯到古英语的 -ung、-ing。一个动作加上这样的结尾，就能作为一种活动来谈论。注意句子里的位置：-ing 也会用于进行时和形容词。"", ""source"": ""https://www.merriam-webster.com/dictionary/-ing""}]",本课选用名词用法。swimming 双写 m；cycling 去掉 cycle 末尾的 e。,0,,https://www.cambridgeenglish.org/images/506886-a2-key-2020-vocabulary-list.pdf,'klaimiŋ,原创课堂释义与例句,offline-materials,climbing,authored,climbing · 单词里的小故事,小乐和朋友交换今天的小发现。攀岩是我的新爱好。小乐说：“Climbing is my new hobby.”朋友听懂了，也想起自己遇到过的事。,,__________ is my new hobby.,Climbing,攀岩是我的新爱好。,context,2026-09-v2,本地预制课堂素材；原创短句与场景模板,[],想象你也在这个场景里。用 climbing 说一句自己的话。
collect,KET,2,收集,v.,运动与兴趣,I collect postcards.,我收集明信片。,"[{""text"": ""collect"", ""kind"": ""root"", ""meaning"": ""收集""}]",这个词本身可以作为词基，与相关派生词联系起来理解。,0,,https://www.cambridgeenglish.org/images/506886-a2-key-2020-vocabulary-list.pdf,kә'lekt,原创课堂释义与例句,offline-materials,collect,authored,collect · 单词里的小故事,小乐和朋友交换今天的小发现。我收集明信片。小乐说：“I collect postcards.”朋友听懂了，也想起自己遇到过的事。,,I __________ postcards.,collect,我收集明信片。,context,2026-09-v2,本地预制课堂素材；原创短句与场景模板,[],想象你也在这个场景里。用 collect 说一句自己的话。
competition,KET,3,比赛,n.,运动与兴趣,Our school has a drawing competition.,我们学校举办绘画比赛。,[],结合例句与生活场景整体记忆，不按相同字母强行拆词。,0,,https://www.cambridgeenglish.org/images/506886-a2-key-2020-vocabulary-list.pdf,.kɒmpi'tiʃәn,原创课堂释义与例句,offline-materials,competition,authored,competition · 单词里的小故事,小乐和朋友交换今天的小发现。我们学校举办绘画比赛。小乐说：“Our school has a drawing competition.”朋友听懂了，也想起自己遇到过的事。,,Our school has a drawing __________.,competition,我们学校举办绘画比赛。,context,2026-09-v2,本地预制课堂素材；原创短句与场景模板,"[{""en"": ""Our class won the singing competition."", ""zh"": ""我们班赢得了歌唱比赛。""}]",想象你也在这个场景里。用 competition 说一句自己的话。
concert,KET,3,音乐会,n.,运动与兴趣,We go to a concert on Saturday.,我们星期六去听音乐会。,[],结合例句与生活场景整体记忆，不按相同字母强行拆词。,0,,https://www.cambridgeenglish.org/images/506886-a2-key-2020-vocabulary-list.pdf,'kɒnsәt,原创课堂释义与例句,offline-materials,concert,authored,concert · 单词里的小故事,小乐和朋友交换今天的小发现。我们星期六去听音乐会。小乐说：“We go to a concert on Saturday.”朋友听懂了，也想起自己遇到过的事。,,We go to a __________ on Saturday.,concert,我们星期六去听音乐会。,context,2026-09-v2,本地预制课堂素材；原创短句与场景模板,[],想象你也在这个场景里。用 concert 说一句自己的话。
cycling,KET,2,骑自行车运动,n.,运动与兴趣,We go cycling in the park.,我们去公园骑自行车。,"[{""text"": ""cycle"", ""kind"": ""root"", ""meaning"": ""骑车""}, {""text"": ""-ing"", ""kind"": ""suffix"", ""meaning"": ""把动作当作活动或事物来表达"", ""story"": ""把动作变成名词的 -ing，可以追溯到古英语的 -ung、-ing。一个动作加上这样的结尾，就能作为一种活动来谈论。注意句子里的位置：-ing 也会用于进行时和形容词。"", ""source"": ""https://www.merriam-webster.com/dictionary/-ing""}]",本课选用名词用法。swimming 双写 m；cycling 去掉 cycle 末尾的 e。,0,,https://www.cambridgeenglish.org/images/506886-a2-key-2020-vocabulary-list.pdf,'saikliŋ,原创课堂释义与例句,offline-materials,cycling,authored,cycling · 单词里的小故事,小乐和朋友交换今天的小发现。我们去公园骑自行车。小乐说：“We go cycling in the park.”朋友听懂了，也想起自己遇到过的事。,,We go __________ in the park.,cycling,我们去公园骑自行车。,context,2026-09-v2,本地预制课堂素材；原创短句与场景模板,[],想象你也在这个场景里。用 cycling 说一句自己的话。
dance,KET,1,跳舞；舞蹈,v.; n.,运动与兴趣,Can you dance to this music?,你能跟着这段音乐跳舞吗？,"[{""text"": ""dance"", ""kind"": ""root"", ""meaning"": ""跳舞""}]",这个词本身可以作为词基，与相关派生词联系起来理解。,0,,https://www.cambridgeenglish.org/images/506886-a2-key-2020-vocabulary-list.pdf,dæns. dɑ:ns,原创课堂释义与例句,offline-materials,dance,authored,dance · 单词里的小故事,小乐和朋友交换今天的小发现。你能跟着这段音乐跳舞吗？小乐说：“Can you dance to this music?”朋友听懂了，也想起自己遇到过的事。,,Can you __________ to this music?,dance,你能跟着这段音乐跳舞吗？,context,2026-09-v2,本地预制课堂素材；原创短句与场景模板,[],想象你也在这个场景里。用 dance 说一句自己的话。
drawing,KET,1,绘画；图画,n.,运动与兴趣,I make a drawing of my dog.,我画了一张我的狗的画像。,"[{""text"": ""draw"", ""kind"": ""root"", ""meaning"": ""画""}, {""text"": ""-ing"", ""kind"": ""suffix"", ""meaning"": ""把动作当作活动或事物来表达"", ""story"": ""把动作变成名词的 -ing，可以追溯到古英语的 -ung、-ing。一个动作加上这样的结尾，就能作为一种活动来谈论。注意句子里的位置：-ing 也会用于进行时和形容词。"", ""source"": ""https://www.merriam-webster.com/dictionary/-ing""}]",本课选用名词用法。swimming 双写 m；cycling 去掉 cycle 末尾的 e。,0,,https://www.cambridgeenglish.org/images/506886-a2-key-2020-vocabulary-list.pdf,'drɒ:iŋ,原创课堂释义与例句,offline-materials,drawing,authored,drawing · 单词里的小故事,小乐和朋友交换今天的小发现。我画了一张我的狗的画像。小乐说：“I make a drawing of my dog.”朋友听懂了，也想起自己遇到过的事。,,I make a __________ of my dog.,drawing,我画了一张我的狗的画像。,context,2026-09-v2,本地预制课堂素材；原创短句与场景模板,[],想象你也在这个场景里。用 drawing 说一句自己的话。
festival,KET,3,节日；庆典,n.,运动与兴趣,The town has a music festival.,镇上有一个音乐节。,[],结合例句与生活场景整体记忆，不按相同字母强行拆词。,0,,https://www.cambridgeenglish.org/images/506886-a2-key-2020-vocabulary-list.pdf,'festәvәl,原创课堂释义与例句,offline-materials,festival,authored,festival · 单词里的小故事,小乐和朋友交换今天的小发现。镇上有一个音乐节。小乐说：“The town has a music festival.”朋友听懂了，也想起自己遇到过的事。,,The town has a music __________.,festival,镇上有一个音乐节。,context,2026-09-v2,本地预制课堂素材；原创短句与场景模板,[],想象你也在这个场景里。用 festival 说一句自己的话。
fishing,KET,1,钓鱼,n.,运动与兴趣,Grandpa takes me fishing.,爷爷带我去钓鱼。,"[{""text"": ""fish"", ""kind"": ""root"", ""meaning"": ""钓鱼""}, {""text"": ""-ing"", ""kind"": ""suffix"", ""meaning"": ""把动作当作活动或事物来表达"", ""story"": ""把动作变成名词的 -ing，可以追溯到古英语的 -ung、-ing。一个动作加上这样的结尾，就能作为一种活动来谈论。注意句子里的位置：-ing 也会用于进行时和形容词。"", ""source"": ""https://www.merriam-webster.com/dictionary/-ing""}]",本课选用名词用法。swimming 双写 m；cycling 去掉 cycle 末尾的 e。,0,,https://www.cambridgeenglish.org/images/506886-a2-key-2020-vocabulary-list.pdf,'fiʃiŋ,原创课堂释义与例句,offline-materials,fishing,authored,fishing · 单词里的小故事,小乐和朋友交换今天的小发现。爷爷带我去钓鱼。小乐说：“Grandpa takes me fishing.”朋友听懂了，也想起自己遇到过的事。,,Grandpa takes me __________.,fishing,爷爷带我去钓鱼。,context,2026-09-v2,本地预制课堂素材；原创短句与场景模板,[],想象你也在这个场景里。用 fishing 说一句自己的话。
football,KET,1,足球,n.,运动与兴趣,We play football after school.,我们放学后踢足球。,"[{""text"": ""foot"", ""kind"": ""compound"", ""meaning"": ""脚""}, {""text"": ""ball"", ""kind"": ""compound"", ""meaning"": ""球""}]",这是现代英语中可以辨认的合成成分。把两个意思连起来理解，再用例句确认完整词义。,0,soccer,https://www.cambridgeenglish.org/images/506886-a2-key-2020-vocabulary-list.pdf,'futbɒ:l,原创课堂释义与例句,offline-materials,football,authored,football · 单词里的小故事,小乐和朋友交换今天的小发现。我们放学后踢足球。小乐说：“We play football after school.”朋友听懂了，也想起自己遇到过的事。,,We play __________ after school.,football,我们放学后踢足球。,context,2026-09-v2,本地预制课堂素材；原创短句与场景模板,"[{""en"": ""We play football in the park after school."", ""zh"": ""放学后我们在公园踢足球。""}]",想象你也在这个场景里。用 football 说一句自己的话。
guitar,KET,1,吉他,n.,运动与兴趣,My brother plays the guitar.,我的哥哥弹吉他。,"[{""text"": ""guitar"", ""kind"": ""root"", ""meaning"": ""吉他""}]",这个词本身可以作为词基，与相关派生词联系起来理解。,0,,https://www.cambridgeenglish.org/images/506886-a2-key-2020-vocabulary-list.pdf,gi'tɑ:,原创课堂释义与例句,offline-materials,guitar,authored,guitar · 单词里的小故事,小乐和朋友交换今天的小发现。我的哥哥弹吉他。小乐说：“My brother plays the guitar.”朋友听懂了，也想起自己遇到过的事。,,My brother plays the __________.,guitar,我的哥哥弹吉他。,context,2026-09-v2,本地预制课堂素材；原创短句与场景模板,[],想象你也在这个场景里。用 guitar 说一句自己的话。
hobby,KET,1,爱好,n.,运动与兴趣,Tell me about your favourite hobby.,和我说说你最喜欢的爱好。,[],结合例句与生活场景整体记忆，不按相同字母强行拆词。,0,,https://www.cambridgeenglish.org/images/506886-a2-key-2020-vocabulary-list.pdf,'hɒbi,原创课堂释义与例句,offline-materials,hobby,authored,hobby · 单词里的小故事,小乐和朋友交换今天的小发现。和我说说你最喜欢的爱好。小乐说：“Tell me about your favourite hobby.”朋友听懂了，也想起自己遇到过的事。,,Tell me about your favourite __________.,hobby,和我说说你最喜欢的爱好。,context,2026-09-v2,本地预制课堂素材；原创短句与场景模板,[],想象你也在这个场景里。用 hobby 说一句自己的话。
match,KET,1,比赛；匹配,n.,运动与兴趣,The match starts at three.,比赛三点开始。,[],结合例句与生活场景整体记忆，不按相同字母强行拆词。,0,,https://www.cambridgeenglish.org/images/506886-a2-key-2020-vocabulary-list.pdf,mætʃ,常用义教学修订；原词典见 ECDICT-LICENSE.txt,offline-materials,match,authored,match · 单词里的小故事,小乐和朋友交换今天的小发现。比赛三点开始。小乐说：“The match starts at three.”朋友听懂了，也想起自己遇到过的事。,,The __________ starts at three.,match,比赛三点开始。,context,2026-09-v2,本地预制课堂素材；原创短句与场景模板,[],想象你也在这个场景里。用 match 说一句自己的话。
painting,KET,1,绘画；画作,n.,运动与兴趣,This painting shows a garden.,这幅画画的是花园。,"[{""text"": ""paint"", ""kind"": ""root"", ""meaning"": ""绘画""}, {""text"": ""-ing"", ""kind"": ""suffix"", ""meaning"": ""把动作当作活动或事物来表达"", ""story"": ""把动作变成名词的 -ing，可以追溯到古英语的 -ung、-ing。一个动作加上这样的结尾，就能作为一种活动来谈论。注意句子里的位置：-ing 也会用于进行时和形容词。"", ""source"": ""https://www.merriam-webster.com/dictionary/-ing""}]",本课选用名词用法。swimming 双写 m；cycling 去掉 cycle 末尾的 e。,0,,https://www.cambridgeenglish.org/images/506886-a2-key-2020-vocabulary-list.pdf,'peintiŋ,原创课堂释义与例句,offline-materials,painting,authored,painting · 单词里的小故事,小乐和朋友交换今天的小发现。这幅画画的是花园。小乐说：“This painting shows a garden.”朋友听懂了，也想起自己遇到过的事。,,This __________ shows a garden.,painting,这幅画画的是花园。,context,2026-09-v2,本地预制课堂素材；原创短句与场景模板,"[{""en"": ""Her painting of the garden is on the wall."", ""zh"": ""她画的花园挂在墙上。""}]",想象你也在这个场景里。用 painting 说一句自己的话。
piano,KET,1,钢琴,n.,运动与兴趣,There is a piano in our classroom.,我们的教室里有一架钢琴。,"[{""text"": ""piano"", ""kind"": ""root"", ""meaning"": ""钢琴""}]",这个词本身可以作为词基，与相关派生词联系起来理解。,0,,https://www.cambridgeenglish.org/images/506886-a2-key-2020-vocabulary-list.pdf,pi'ɑ:nәu,原创课堂释义与例句,offline-materials,piano,authored,piano · 单词里的小故事,小乐和朋友交换今天的小发现。我们的教室里有一架钢琴。小乐说：“There is a piano in our classroom.”朋友听懂了，也想起自己遇到过的事。,,There is a __________ in our classroom.,piano,我们的教室里有一架钢琴。,context,2026-09-v2,本地预制课堂素材；原创短句与场景模板,[],想象你也在这个场景里。用 piano 说一句自己的话。
prize,KET,2,奖品,n.,运动与兴趣,I won a prize for my story.,我写的故事获奖了。,[],结合例句与生活场景整体记忆，不按相同字母强行拆词。,0,,https://www.cambridgeenglish.org/images/506886-a2-key-2020-vocabulary-list.pdf,praiz,原创课堂释义与例句,offline-materials,prize,authored,prize · 单词里的小故事,小乐和朋友交换今天的小发现。我写的故事获奖了。小乐说：“I won a prize for my story.”朋友听懂了，也想起自己遇到过的事。,,I won a __________ for my story.,prize,我写的故事获奖了。,context,2026-09-v2,本地预制课堂素材；原创短句与场景模板,[],想象你也在这个场景里。用 prize 说一句自己的话。
reading,KET,1,阅读,n.,运动与兴趣,Reading helps me relax.,阅读帮助我放松。,"[{""text"": ""read"", ""kind"": ""root"", ""meaning"": ""阅读""}, {""text"": ""-ing"", ""kind"": ""suffix"", ""meaning"": ""把动作当作活动或事物来表达"", ""story"": ""把动作变成名词的 -ing，可以追溯到古英语的 -ung、-ing。一个动作加上这样的结尾，就能作为一种活动来谈论。注意句子里的位置：-ing 也会用于进行时和形容词。"", ""source"": ""https://www.merriam-webster.com/dictionary/-ing""}]",本课选用名词用法。swimming 双写 m；cycling 去掉 cycle 末尾的 e。,0,,https://www.cambridgeenglish.org/images/506886-a2-key-2020-vocabulary-list.pdf,'ri:diŋ,原创课堂释义与例句,offline-materials,reading,authored,reading · 单词里的小故事,小乐和朋友交换今天的小发现。阅读帮助我放松。小乐说：“Reading helps me relax.”朋友听懂了，也想起自己遇到过的事。,,__________ helps me relax.,Reading,阅读帮助我放松。,context,2026-09-v2,本地预制课堂素材；原创短句与场景模板,"[{""en"": ""Reading helps me learn about the world."", ""zh"": ""阅读帮助我了解世界。""}]",想象你也在这个场景里。用 reading 说一句自己的话。
sing,KET,1,唱歌,v.,运动与兴趣,Let's sing the song again.,我们再唱一遍这首歌吧。,"[{""text"": ""sing"", ""kind"": ""root"", ""meaning"": ""唱""}]",结合例句与生活场景整体记忆，不按相同字母强行拆词。,0,,https://www.cambridgeenglish.org/images/506886-a2-key-2020-vocabulary-list.pdf,siŋ,原创课堂释义与例句,offline-materials,sing,authored,sing · 单词里的小故事,小乐和朋友交换今天的小发现。我们再唱一遍这首歌吧。小乐说：“Let's sing the song again.”朋友听懂了，也想起自己遇到过的事。,,Let's __________ the song again.,sing,我们再唱一遍这首歌吧。,context,2026-09-v2,本地预制课堂素材；原创短句与场景模板,[],想象你也在这个场景里。用 sing 说一句自己的话。
skateboard,KET,3,滑板,n.,运动与兴趣,Always wear a helmet on a skateboard.,玩滑板时一定要戴头盔。,"[{""text"": ""skate"", ""kind"": ""compound"", ""meaning"": ""滑行""}, {""text"": ""board"", ""kind"": ""compound"", ""meaning"": ""板""}]",这是现代英语中可以辨认的合成成分。把两个意思连起来理解，再用例句确认完整词义。,0,,https://www.cambridgeenglish.org/images/506886-a2-key-2020-vocabulary-list.pdf,'skeitbɔ:d,原创课堂释义与例句,offline-materials,skateboard,authored,skateboard · 单词里的小故事,小乐和朋友交换今天的小发现。玩滑板时一定要戴头盔。小乐说：“Always wear a helmet on a skateboard.”朋友听懂了，也想起自己遇到过的事。,,Always wear a helmet on a __________.,skateboard,玩滑板时一定要戴头盔。,context,2026-09-v2,本地预制课堂素材；原创短句与场景模板,[],想象你也在这个场景里。用 skateboard 说一句自己的话。
surfboard,KET,3,冲浪板,n.,运动与兴趣,She carries her surfboard to the beach.,她把冲浪板带到海滩。,"[{""text"": ""surf"", ""kind"": ""compound"", ""meaning"": ""冲浪""}, {""text"": ""board"", ""kind"": ""compound"", ""meaning"": ""板""}]",这是现代英语中可以辨认的合成成分。把两个意思连起来理解，再用例句确认完整词义。,0,,https://www.cambridgeenglish.org/images/506886-a2-key-2020-vocabulary-list.pdf,'sә:fbɒ:d,原创课堂释义与例句,offline-materials,surfboard,authored,surfboard · 单词里的小故事,小乐和朋友交换今天的小发现。她把冲浪板带到海滩。小乐说：“She carries her surfboard to the beach.”朋友听懂了，也想起自己遇到过的事。,,She carries her __________ to the beach.,surfboard,她把冲浪板带到海滩。,context,2026-09-v2,本地预制课堂素材；原创短句与场景模板,[],想象你也在这个场景里。用 surfboard 说一句自己的话。
swimming,KET,1,游泳,n.,运动与兴趣,Swimming is fun in summer.,夏天游泳很有趣。,"[{""text"": ""swim"", ""kind"": ""root"", ""meaning"": ""游泳""}, {""text"": ""-ing"", ""kind"": ""suffix"", ""meaning"": ""把动作当作活动或事物来表达"", ""story"": ""把动作变成名词的 -ing，可以追溯到古英语的 -ung、-ing。一个动作加上这样的结尾，就能作为一种活动来谈论。注意句子里的位置：-ing 也会用于进行时和形容词。"", ""source"": ""https://www.merriam-webster.com/dictionary/-ing""}]",本课选用名词用法。swimming 双写 m；cycling 去掉 cycle 末尾的 e。,0,,https://www.cambridgeenglish.org/images/506886-a2-key-2020-vocabulary-list.pdf,'swimiŋ,原创课堂释义与例句,offline-materials,swimming,authored,swimming · 单词里的小故事,小乐和朋友交换今天的小发现。夏天游泳很有趣。小乐说：“Swimming is fun in summer.”朋友听懂了，也想起自己遇到过的事。,,__________ is fun in summer.,Swimming,夏天游泳很有趣。,context,2026-09-v2,本地预制课堂素材；原创短句与场景模板,"[{""en"": ""Swimming is my favourite sport."", ""zh"": ""游泳是我最喜欢的运动。""}]",想象你也在这个场景里。用 swimming 说一句自己的话。
team,KET,1,队；团队,n.,运动与兴趣,Our team wears blue shirts.,我们队穿蓝色衬衫。,[],结合例句与生活场景整体记忆，不按相同字母强行拆词。,0,,https://www.cambridgeenglish.org/images/506886-a2-key-2020-vocabulary-list.pdf,ti:m,原创课堂释义与例句,offline-materials,team,authored,team · 单词里的小故事,小乐和朋友交换今天的小发现。我们队穿蓝色衬衫。小乐说：“Our team wears blue shirts.”朋友听懂了，也想起自己遇到过的事。,,Our __________ wears blue shirts.,team,我们队穿蓝色衬衫。,context,2026-09-v2,本地预制课堂素材；原创短句与场景模板,[],想象你也在这个场景里。用 team 说一句自己的话。
tennis,KET,1,网球,n.,运动与兴趣,I have a tennis lesson today.,我今天有一节网球课。,[],结合例句与生活场景整体记忆，不按相同字母强行拆词。,0,,https://www.cambridgeenglish.org/images/506886-a2-key-2020-vocabulary-list.pdf,'tenis,原创课堂释义与例句,offline-materials,tennis,authored,tennis · 单词里的小故事,小乐和朋友交换今天的小发现。我今天有一节网球课。小乐说：“I have a tennis lesson today.”朋友听懂了，也想起自己遇到过的事。,,I have a __________ lesson today.,tennis,我今天有一节网球课。,context,2026-09-v2,本地预制课堂素材；原创短句与场景模板,[],想象你也在这个场景里。用 tennis 说一句自己的话。
violin,KET,3,小提琴,n.,运动与兴趣,She practises the violin every day.,她每天练习小提琴。,[],结合例句与生活场景整体记忆，不按相同字母强行拆词。,0,,https://www.cambridgeenglish.org/images/506886-a2-key-2020-vocabulary-list.pdf,.vaiә'lin,原创课堂释义与例句,offline-materials,violin,authored,violin · 单词里的小故事,小乐和朋友交换今天的小发现。她每天练习小提琴。小乐说：“She practises the violin every day.”朋友听懂了，也想起自己遇到过的事。,,She practises the __________ every day.,violin,她每天练习小提琴。,context,2026-09-v2,本地预制课堂素材；原创短句与场景模板,[],想象你也在这个场景里。用 violin 说一句自己的话。
volleyball,KET,1,排球,n.,运动与兴趣,We play volleyball on the beach.,我们在海滩上打排球。,"[{""text"": ""volley"", ""kind"": ""compound"", ""meaning"": ""空中击球""}, {""text"": ""ball"", ""kind"": ""compound"", ""meaning"": ""球""}]",这是现代英语中可以辨认的合成成分。把两个意思连起来理解，再用例句确认完整词义。,0,,https://www.cambridgeenglish.org/images/506886-a2-key-2020-vocabulary-list.pdf,'vɒlibɒ:l,原创课堂释义与例句,offline-materials,volleyball,authored,volleyball · 单词里的小故事,小乐和朋友交换今天的小发现。我们在海滩上打排球。小乐说：“We play volleyball on the beach.”朋友听懂了，也想起自己遇到过的事。,,We play __________ on the beach.,volleyball,我们在海滩上打排球。,context,2026-09-v2,本地预制课堂素材；原创短句与场景模板,[],想象你也在这个场景里。用 volleyball 说一句自己的话。
winner,KET,2,获胜者,n.,运动与兴趣,The winner gets a book.,获胜者得到一本书。,"[{""text"": ""win"", ""kind"": ""root"", ""meaning"": ""赢""}, {""text"": ""-er"", ""kind"": ""suffix"", ""meaning"": ""做某事的人或物"", ""story"": ""表示做事者的 -er 有古英语 -ere 等历史来源。它常把动作变成做这个动作的人或工具。先找到动作，再问“谁来做”，就能串起一组词。比较级里的 -er 是另一种用法。"", ""source"": ""https://www.merriam-webster.com/dictionary/-er""}]",注意拼写：末尾辅音字母双写后再接 -er。,0,,https://www.cambridgeenglish.org/images/506886-a2-key-2020-vocabulary-list.pdf,'winә,原创课堂释义与例句,offline-materials,winner,authored,winner · 单词里的小故事,小乐和朋友交换今天的小发现。获胜者得到一本书。小乐说：“The winner gets a book.”朋友听懂了，也想起自己遇到过的事。,,The __________ gets a book.,winner,获胜者得到一本书。,context,2026-09-v2,本地预制课堂素材；原创短句与场景模板,[],想象你也在这个场景里。用 winner 说一句自己的话。
bake,KET,2,烘烤,v.,食物与烹饪,Let's bake a cake for Dad.,我们给爸爸烤个蛋糕吧。,"[{""text"": ""bake"", ""kind"": ""root"", ""meaning"": ""烘烤""}]",这个词本身可以作为词基，与相关派生词联系起来理解。,0,,https://www.cambridgeenglish.org/images/506886-a2-key-2020-vocabulary-list.pdf,beik,原创课堂释义与例句,offline-materials,bake,authored,bake · 单词里的小故事,小乐和朋友交换今天的小发现。我们给爸爸烤个蛋糕吧。小乐说：“Let's bake a cake for Dad.”朋友听懂了，也想起自己遇到过的事。,,Let's __________ a cake for Dad.,bake,我们给爸爸烤个蛋糕吧。,context,2026-09-v2,本地预制课堂素材；原创短句与场景模板,[],想象你也在这个场景里。用 bake 说一句自己的话。
biscuit,KET,1,饼干,n.,食物与烹饪,Would you like a biscuit?,你想吃块饼干吗？,[],结合例句与生活场景整体记忆，不按相同字母强行拆词。,0,cookie,https://www.cambridgeenglish.org/images/506886-a2-key-2020-vocabulary-list.pdf,'biskit,原创课堂释义与例句,offline-materials,biscuit,authored,biscuit · 单词里的小故事,小乐和朋友交换今天的小发现。你想吃块饼干吗？小乐说：“Would you like a biscuit?”朋友听懂了，也想起自己遇到过的事。,,Would you like a __________?,biscuit,你想吃块饼干吗？,context,2026-09-v2,本地预制课堂素材；原创短句与场景模板,[],想象你也在这个场景里。用 biscuit 说一句自己的话。
boil,KET,2,煮沸；水煮,v.,食物与烹饪,Boil the water first.,先把水烧开。,[],结合例句与生活场景整体记忆，不按相同字母强行拆词。,0,,https://www.cambridgeenglish.org/images/506886-a2-key-2020-vocabulary-list.pdf,bɒil,原创课堂释义与例句,offline-materials,boil,authored,boil · 单词里的小故事,小乐和朋友交换今天的小发现。先把水烧开。小乐说：“Boil the water first.”朋友听懂了，也想起自己遇到过的事。,,__________ the water first.,Boil,先把水烧开。,context,2026-09-v2,本地预制课堂素材；原创短句与场景模板,[],想象你也在这个场景里。用 boil 说一句自己的话。
bowl,KET,1,碗,n.,食物与烹饪,The bowl is full of rice.,碗里盛满了米饭。,[],结合例句与生活场景整体记忆，不按相同字母强行拆词。,0,,https://www.cambridgeenglish.org/images/506886-a2-key-2020-vocabulary-list.pdf,bәul,原创课堂释义与例句,offline-materials,bowl,authored,bowl · 单词里的小故事,小乐和朋友交换今天的小发现。碗里盛满了米饭。小乐说：“The bowl is full of rice.”朋友听懂了，也想起自己遇到过的事。,,The __________ is full of rice.,bowl,碗里盛满了米饭。,context,2026-09-v2,本地预制课堂素材；原创短句与场景模板,[],想象你也在这个场景里。用 bowl 说一句自己的话。
breakfast,KET,1,早餐,n.,食物与烹饪,We have breakfast at seven.,我们七点吃早饭。,[],本课整体记忆。相同字母不等于相同词根；请结合例句回忆实际含义。,0,,https://www.cambridgeenglish.org/images/506886-a2-key-2020-vocabulary-list.pdf,'brekfәst,原创课堂释义与例句,offline-materials,breakfast,authored,breakfast · 单词里的小故事,小乐和朋友交换今天的小发现。我们七点吃早饭。小乐说：“We have breakfast at seven.”朋友听懂了，也想起自己遇到过的事。,,We have __________ at seven.,breakfast,我们七点吃早饭。,context,2026-09-v2,本地预制课堂素材；原创短句与场景模板,[],想象你也在这个场景里。用 breakfast 说一句自己的话。
butter,KET,1,黄油,n.,食物与烹饪,Spread butter on the warm bread.,在温热的面包上涂黄油。,[],本课整体记忆。相同字母不等于相同词根；请结合例句回忆实际含义。,0,,https://www.cambridgeenglish.org/images/506886-a2-key-2020-vocabulary-list.pdf,'bʌtә,原创课堂释义与例句,offline-materials,butter,authored,butter · 单词里的小故事,小乐和朋友交换今天的小发现。在温热的面包上涂黄油。小乐说：“Spread butter on the warm bread.”朋友听懂了，也想起自己遇到过的事。,,Spread __________ on the warm bread.,butter,在温热的面包上涂黄油。,context,2026-09-v2,本地预制课堂素材；原创短句与场景模板,[],想象你也在这个场景里。用 butter 说一句自己的话。
carrot,KET,1,胡萝卜,n.,食物与烹饪,The rabbit eats a carrot.,兔子吃一根胡萝卜。,[],结合例句与生活场景整体记忆，不按相同字母强行拆词。,0,,https://www.cambridgeenglish.org/images/506886-a2-key-2020-vocabulary-list.pdf,'kærәt,原创课堂释义与例句,offline-materials,carrot,authored,carrot · 单词里的小故事,小乐和朋友交换今天的小发现。兔子吃一根胡萝卜。小乐说：“The rabbit eats a carrot.”朋友听懂了，也想起自己遇到过的事。,,The rabbit eats a __________.,carrot,兔子吃一根胡萝卜。,context,2026-09-v2,本地预制课堂素材；原创短句与场景模板,[],想象你也在这个场景里。用 carrot 说一句自己的话。
cheese,KET,1,奶酪,n.,食物与烹饪,I put cheese on my bread.,我把奶酪放在面包上。,[],结合例句与生活场景整体记忆，不按相同字母强行拆词。,0,,https://www.cambridgeenglish.org/images/506886-a2-key-2020-vocabulary-list.pdf,tʃi:z,原创课堂释义与例句,offline-materials,cheese,authored,cheese · 单词里的小故事,小乐和朋友交换今天的小发现。我把奶酪放在面包上。小乐说：“I put cheese on my bread.”朋友听懂了，也想起自己遇到过的事。,,I put __________ on my bread.,cheese,我把奶酪放在面包上。,context,2026-09-v2,本地预制课堂素材；原创短句与场景模板,[],想象你也在这个场景里。用 cheese 说一句自己的话。
chocolate,KET,1,巧克力,n.,食物与烹饪,We share a small bar of chocolate.,我们分享一小块巧克力。,[],结合例句与生活场景整体记忆，不按相同字母强行拆词。,0,,https://www.cambridgeenglish.org/images/506886-a2-key-2020-vocabulary-list.pdf,'tʃɒkәlit,原创课堂释义与例句,offline-materials,chocolate,authored,chocolate · 单词里的小故事,小乐和朋友交换今天的小发现。我们分享一小块巧克力。小乐说：“We share a small bar of chocolate.”朋友听懂了，也想起自己遇到过的事。,,We share a small bar of __________.,chocolate,我们分享一小块巧克力。,context,2026-09-v2,本地预制课堂素材；原创短句与场景模板,[],想象你也在这个场景里。用 chocolate 说一句自己的话。
delicious,KET,3,美味的,adj.,食物与烹饪,Your soup is delicious.,你的汤很美味。,[],结合例句与生活场景整体记忆，不按相同字母强行拆词。,0,,https://www.cambridgeenglish.org/images/506886-a2-key-2020-vocabulary-list.pdf,di'liʃәs,原创课堂释义与例句,offline-materials,delicious,authored,delicious · 单词里的小故事,小乐和朋友交换今天的小发现。你的汤很美味。小乐说：“Your soup is delicious.”朋友听懂了，也想起自己遇到过的事。,,Your soup is __________.,delicious,你的汤很美味。,context,2026-09-v2,本地预制课堂素材；原创短句与场景模板,[],想象你也在这个场景里。用 delicious 说一句自己的话。
dinner,KET,1,晚餐；正餐,n.,食物与烹饪,Dinner is ready now.,晚饭现在好了。,[],结合例句与生活场景整体记忆，不按相同字母强行拆词。,0,,https://www.cambridgeenglish.org/images/506886-a2-key-2020-vocabulary-list.pdf,'dinә,原创课堂释义与例句,offline-materials,dinner,authored,dinner · 单词里的小故事,小乐和朋友交换今天的小发现。晚饭现在好了。小乐说：“Dinner is ready now.”朋友听懂了，也想起自己遇到过的事。,,__________ is ready now.,Dinner,晚饭现在好了。,context,2026-09-v2,本地预制课堂素材；原创短句与场景模板,[],想象你也在这个场景里。用 dinner 说一句自己的话。
fork,KET,1,叉子,n.,食物与烹饪,I eat the salad with a fork.,我用叉子吃沙拉。,[],结合例句与生活场景整体记忆，不按相同字母强行拆词。,0,,https://www.cambridgeenglish.org/images/506886-a2-key-2020-vocabulary-list.pdf,fɒ:k,原创课堂释义与例句,offline-materials,fork,authored,fork · 单词里的小故事,小乐和朋友交换今天的小发现。我用叉子吃沙拉。小乐说：“I eat the salad with a fork.”朋友听懂了，也想起自己遇到过的事。,,I eat the salad with a __________.,fork,我用叉子吃沙拉。,context,2026-09-v2,本地预制课堂素材；原创短句与场景模板,[],想象你也在这个场景里。用 fork 说一句自己的话。
fresh,KET,2,新鲜的,adj.,食物与烹饪,We buy fresh bread every morning.,我们每天早晨买新鲜面包。,[],结合例句与生活场景整体记忆，不按相同字母强行拆词。,0,,https://www.cambridgeenglish.org/images/506886-a2-key-2020-vocabulary-list.pdf,freʃ,原创课堂释义与例句,offline-materials,fresh,authored,fresh · 单词里的小故事,小乐和朋友交换今天的小发现。我们每天早晨买新鲜面包。小乐说：“We buy fresh bread every morning.”朋友听懂了，也想起自己遇到过的事。,,We buy __________ bread every morning.,fresh,我们每天早晨买新鲜面包。,context,2026-09-v2,本地预制课堂素材；原创短句与场景模板,[],想象你也在这个场景里。用 fresh 说一句自己的话。
grape,KET,1,葡萄,n.,食物与烹饪,This grape tastes sweet.,这颗葡萄尝起来很甜。,[],结合例句与生活场景整体记忆，不按相同字母强行拆词。,0,,https://www.cambridgeenglish.org/images/506886-a2-key-2020-vocabulary-list.pdf,greip,原创课堂释义与例句,offline-materials,grape,authored,grape · 单词里的小故事,小乐和朋友交换今天的小发现。这颗葡萄尝起来很甜。小乐说：“This grape tastes sweet.”朋友听懂了，也想起自己遇到过的事。,,This __________ tastes sweet.,grape,这颗葡萄尝起来很甜。,context,2026-09-v2,本地预制课堂素材；原创短句与场景模板,[],想象你也在这个场景里。用 grape 说一句自己的话。
honey,KET,1,蜂蜜,n.,食物与烹饪,The honey tastes sweet.,这蜂蜜尝起来很甜。,[],结合例句与生活场景整体记忆，不按相同字母强行拆词。,0,,https://www.cambridgeenglish.org/images/506886-a2-key-2020-vocabulary-list.pdf,'hʌni,原创课堂释义与例句,offline-materials,honey,authored,honey · 单词里的小故事,小乐和朋友交换今天的小发现。这蜂蜜尝起来很甜。小乐说：“The honey tastes sweet.”朋友听懂了，也想起自己遇到过的事。,,The __________ tastes sweet.,honey,这蜂蜜尝起来很甜。,context,2026-09-v2,本地预制课堂素材；原创短句与场景模板,[],想象你也在这个场景里。用 honey 说一句自己的话。
knife,KET,1,刀,n.,食物与烹饪,Use a knife to cut the bread.,用刀切面包。,[],结合例句与生活场景整体记忆，不按相同字母强行拆词。,0,,https://www.cambridgeenglish.org/images/506886-a2-key-2020-vocabulary-list.pdf,naif,原创课堂释义与例句,offline-materials,knife,authored,knife · 单词里的小故事,小乐和朋友交换今天的小发现。用刀切面包。小乐说：“Use a knife to cut the bread.”朋友听懂了，也想起自己遇到过的事。,,Use a __________ to cut the bread.,knife,用刀切面包。,context,2026-09-v2,本地预制课堂素材；原创短句与场景模板,[],想象你也在这个场景里。用 knife 说一句自己的话。
lemon,KET,1,柠檬,n.,食物与烹饪,Add some lemon to the water.,在水里加一些柠檬。,[],结合例句与生活场景整体记忆，不按相同字母强行拆词。,0,,https://www.cambridgeenglish.org/images/506886-a2-key-2020-vocabulary-list.pdf,'lemәn,原创课堂释义与例句,offline-materials,lemon,authored,lemon · 单词里的小故事,小乐和朋友交换今天的小发现。在水里加一些柠檬。小乐说：“Add some lemon to the water.”朋友听懂了，也想起自己遇到过的事。,,Add some __________ to the water.,lemon,在水里加一些柠檬。,context,2026-09-v2,本地预制课堂素材；原创短句与场景模板,[],想象你也在这个场景里。用 lemon 说一句自己的话。
lunch,KET,1,午餐,n.,食物与烹饪,I bring lunch to school.,我带午饭去学校。,[],结合例句与生活场景整体记忆，不按相同字母强行拆词。,0,,https://www.cambridgeenglish.org/images/506886-a2-key-2020-vocabulary-list.pdf,lʌntʃ,原创课堂释义与例句,offline-materials,lunch,authored,lunch · 单词里的小故事,小乐和朋友交换今天的小发现。我带午饭去学校。小乐说：“I bring lunch to school.”朋友听懂了，也想起自己遇到过的事。,,I bring __________ to school.,lunch,我带午饭去学校。,context,2026-09-v2,本地预制课堂素材；原创短句与场景模板,[],想象你也在这个场景里。用 lunch 说一句自己的话。
menu,KET,2,菜单,n.,食物与烹饪,May I see the menu?,我可以看看菜单吗？,[],结合例句与生活场景整体记忆，不按相同字母强行拆词。,0,,https://www.cambridgeenglish.org/images/506886-a2-key-2020-vocabulary-list.pdf,'menju:,原创课堂释义与例句,offline-materials,menu,authored,menu · 单词里的小故事,小乐和朋友交换今天的小发现。我可以看看菜单吗？小乐说：“May I see the menu?”朋友听懂了，也想起自己遇到过的事。,,May I see the __________?,menu,我可以看看菜单吗？,context,2026-09-v2,本地预制课堂素材；原创短句与场景模板,[],想象你也在这个场景里。用 menu 说一句自己的话。
onion,KET,2,洋葱,n.,食物与烹饪,Cut the onion into small pieces.,把洋葱切成小块。,[],结合例句与生活场景整体记忆，不按相同字母强行拆词。,0,,https://www.cambridgeenglish.org/images/506886-a2-key-2020-vocabulary-list.pdf,'ʌnjәn,原创课堂释义与例句,offline-materials,onion,authored,onion · 单词里的小故事,小乐和朋友交换今天的小发现。把洋葱切成小块。小乐说：“Cut the onion into small pieces.”朋友听懂了，也想起自己遇到过的事。,,Cut the __________ into small pieces.,onion,把洋葱切成小块。,context,2026-09-v2,本地预制课堂素材；原创短句与场景模板,[],想象你也在这个场景里。用 onion 说一句自己的话。
pepper,KET,2,胡椒粉；甜椒,n.,食物与烹饪,Add a little pepper to the soup.,在汤里加一点胡椒粉。,[],结合例句与生活场景整体记忆，不按相同字母强行拆词。,0,,https://www.cambridgeenglish.org/images/506886-a2-key-2020-vocabulary-list.pdf,'pepә,原创课堂释义与例句,offline-materials,pepper,authored,pepper · 单词里的小故事,小乐和朋友交换今天的小发现。在汤里加一点胡椒粉。小乐说：“Add a little pepper to the soup.”朋友听懂了，也想起自己遇到过的事。,,Add a little __________ to the soup.,pepper,在汤里加一点胡椒粉。,context,2026-09-v2,本地预制课堂素材；原创短句与场景模板,[],想象你也在这个场景里。用 pepper 说一句自己的话。
plate,KET,1,盘子,n.,食物与烹饪,Put the sandwich on a plate.,把三明治放在盘子上。,[],结合例句与生活场景整体记忆，不按相同字母强行拆词。,1,,https://www.cambridgeenglish.org/images/506886-a2-key-2020-vocabulary-list.pdf,pleit,原创课堂释义与例句,offline-materials,plate,authored,plate · 单词里的小故事,小乐和朋友交换今天的小发现。把三明治放在盘子上。小乐说：“Put the sandwich on a plate.”朋友听懂了，也想起自己遇到过的事。,,Put the sandwich on a __________.,plate,把三明治放在盘子上。,context,2026-09-v2,本地预制课堂素材；原创短句与场景模板,[],想象你也在这个场景里。用 plate 说一句自己的话。
potato,KET,1,土豆,n.,食物与烹饪,Put one potato in the soup.,在汤里放一个土豆。,[],结合例句与生活场景整体记忆，不按相同字母强行拆词。,0,,https://www.cambridgeenglish.org/images/506886-a2-key-2020-vocabulary-list.pdf,pә'teitәu,原创课堂释义与例句,offline-materials,potato,authored,potato · 单词里的小故事,小乐和朋友交换今天的小发现。在汤里放一个土豆。小乐说：“Put one potato in the soup.”朋友听懂了，也想起自己遇到过的事。,,Put one __________ in the soup.,potato,在汤里放一个土豆。,context,2026-09-v2,本地预制课堂素材；原创短句与场景模板,[],想象你也在这个场景里。用 potato 说一句自己的话。
recipe,KET,3,食谱,n.,食物与烹饪,This recipe is easy to follow.,这个食谱很容易照着做。,[],结合例句与生活场景整体记忆，不按相同字母强行拆词。,0,,https://www.cambridgeenglish.org/images/506886-a2-key-2020-vocabulary-list.pdf,'resipi,原创课堂释义与例句,offline-materials,recipe,authored,recipe · 单词里的小故事,小乐和朋友交换今天的小发现。这个食谱很容易照着做。小乐说：“This recipe is easy to follow.”朋友听懂了，也想起自己遇到过的事。,,This __________ is easy to follow.,recipe,这个食谱很容易照着做。,context,2026-09-v2,本地预制课堂素材；原创短句与场景模板,[],想象你也在这个场景里。用 recipe 说一句自己的话。
salad,KET,1,沙拉,n.,食物与烹饪,I add an egg to my salad.,我往沙拉里加了一个鸡蛋。,[],结合例句与生活场景整体记忆，不按相同字母强行拆词。,0,,https://www.cambridgeenglish.org/images/506886-a2-key-2020-vocabulary-list.pdf,'sælәd,原创课堂释义与例句,offline-materials,salad,authored,salad · 单词里的小故事,小乐和朋友交换今天的小发现。我往沙拉里加了一个鸡蛋。小乐说：“I add an egg to my salad.”朋友听懂了，也想起自己遇到过的事。,,I add an egg to my __________.,salad,我往沙拉里加了一个鸡蛋。,context,2026-09-v2,本地预制课堂素材；原创短句与场景模板,[],想象你也在这个场景里。用 salad 说一句自己的话。
salt,KET,1,盐,n.,食物与烹饪,The soup needs a little salt.,汤里需要加一点盐。,"[{""text"": ""salt"", ""kind"": ""root"", ""meaning"": ""盐""}]",这个词本身可以作为词基，与相关派生词联系起来理解。,0,,https://www.cambridgeenglish.org/images/506886-a2-key-2020-vocabulary-list.pdf,sɒ:lt,原创课堂释义与例句,offline-materials,salt,authored,salt · 单词里的小故事,小乐和朋友交换今天的小发现。汤里需要加一点盐。小乐说：“The soup needs a little salt.”朋友听懂了，也想起自己遇到过的事。,,The soup needs a little __________.,salt,汤里需要加一点盐。,context,2026-09-v2,本地预制课堂素材；原创短句与场景模板,[],想象你也在这个场景里。用 salt 说一句自己的话。
sandwich,KET,1,三明治,n.,食物与烹饪,I made a cheese sandwich.,我做了一个奶酪三明治。,[],结合例句与生活场景整体记忆，不按相同字母强行拆词。,0,,https://www.cambridgeenglish.org/images/506886-a2-key-2020-vocabulary-list.pdf,'sændwitʃ,原创课堂释义与例句,offline-materials,sandwich,authored,sandwich · 单词里的小故事,小乐和朋友交换今天的小发现。我做了一个奶酪三明治。小乐说：“I made a cheese sandwich.”朋友听懂了，也想起自己遇到过的事。,,I made a cheese __________.,sandwich,我做了一个奶酪三明治。,context,2026-09-v2,本地预制课堂素材；原创短句与场景模板,[],想象你也在这个场景里。用 sandwich 说一句自己的话。
spoon,KET,1,勺子,n.,食物与烹饪,Take a spoon for your soup.,拿个勺子喝汤。,[],结合例句与生活场景整体记忆，不按相同字母强行拆词。,0,,https://www.cambridgeenglish.org/images/506886-a2-key-2020-vocabulary-list.pdf,spu:n,原创课堂释义与例句,offline-materials,spoon,authored,spoon · 单词里的小故事,小乐和朋友交换今天的小发现。拿个勺子喝汤。小乐说：“Take a spoon for your soup.”朋友听懂了，也想起自己遇到过的事。,,Take a __________ for your soup.,spoon,拿个勺子喝汤。,context,2026-09-v2,本地预制课堂素材；原创短句与场景模板,[],想象你也在这个场景里。用 spoon 说一句自己的话。
strawberry,KET,3,草莓,n.,食物与烹饪,There is a strawberry on the cake.,蛋糕上有一颗草莓。,[],本课整体记忆。相同字母不等于相同词根；请结合例句回忆实际含义。,0,,https://www.cambridgeenglish.org/images/506886-a2-key-2020-vocabulary-list.pdf,'strɒ:bәri,原创课堂释义与例句,offline-materials,strawberry,authored,strawberry · 单词里的小故事,小乐和朋友交换今天的小发现。蛋糕上有一颗草莓。小乐说：“There is a strawberry on the cake.”朋友听懂了，也想起自己遇到过的事。,,There is a __________ on the cake.,strawberry,蛋糕上有一颗草莓。,context,2026-09-v2,本地预制课堂素材；原创短句与场景模板,[],想象你也在这个场景里。用 strawberry 说一句自己的话。
sugar,KET,1,糖,n.,食物与烹饪,This drink has too much sugar.,这杯饮料的糖太多了。,[],结合例句与生活场景整体记忆，不按相同字母强行拆词。,0,,https://www.cambridgeenglish.org/images/506886-a2-key-2020-vocabulary-list.pdf,'ʃugә,原创课堂释义与例句,offline-materials,sugar,authored,sugar · 单词里的小故事,小乐和朋友交换今天的小发现。这杯饮料的糖太多了。小乐说：“This drink has too much sugar.”朋友听懂了，也想起自己遇到过的事。,,This drink has too much __________.,sugar,这杯饮料的糖太多了。,context,2026-09-v2,本地预制课堂素材；原创短句与场景模板,[],想象你也在这个场景里。用 sugar 说一句自己的话。
tomato,KET,1,番茄,n.,食物与烹饪,This tomato is bright red.,这个番茄红彤彤的。,[],结合例句与生活场景整体记忆，不按相同字母强行拆词。,0,,https://www.cambridgeenglish.org/images/506886-a2-key-2020-vocabulary-list.pdf,tә'mɑ:tәu,原创课堂释义与例句,offline-materials,tomato,authored,tomato · 单词里的小故事,小乐和朋友交换今天的小发现。这个番茄红彤彤的。小乐说：“This tomato is bright red.”朋友听懂了，也想起自己遇到过的事。,,This __________ is bright red.,tomato,这个番茄红彤彤的。,context,2026-09-v2,本地预制课堂素材；原创短句与场景模板,[],想象你也在这个场景里。用 tomato 说一句自己的话。
vegetable,KET,3,蔬菜,n.,食物与烹饪,A carrot is my favourite vegetable.,胡萝卜是我最喜欢的蔬菜。,[],结合例句与生活场景整体记忆，不按相同字母强行拆词。,0,,https://www.cambridgeenglish.org/images/506886-a2-key-2020-vocabulary-list.pdf,'vedʒәtәbl,原创课堂释义与例句,offline-materials,vegetable,authored,vegetable · 单词里的小故事,小乐和朋友交换今天的小发现。胡萝卜是我最喜欢的蔬菜。小乐说：“A carrot is my favourite vegetable.”朋友听懂了，也想起自己遇到过的事。,,A carrot is my favourite __________.,vegetable,胡萝卜是我最喜欢的蔬菜。,context,2026-09-v2,本地预制课堂素材；原创短句与场景模板,[],想象你也在这个场景里。用 vegetable 说一句自己的话。
yogurt,KET,2,酸奶,n.,食物与烹饪,I eat yogurt with fruit.,我吃水果配酸奶。,[],结合例句与生活场景整体记忆，不按相同字母强行拆词。,0,yoghurt,https://www.cambridgeenglish.org/images/506886-a2-key-2020-vocabulary-list.pdf,'jɔ^әt,原创课堂释义与例句,offline-materials,yogurt,authored,yogurt · 单词里的小故事,小乐和朋友交换今天的小发现。我吃水果配酸奶。小乐说：“I eat yogurt with fruit.”朋友听懂了，也想起自己遇到过的事。,,I eat __________ with fruit.,yogurt,我吃水果配酸奶。,context,2026-09-v2,本地预制课堂素材；原创短句与场景模板,[],想象你也在这个场景里。用 yogurt 说一句自己的话。
bread,KET,1,面包；生计；食物,n.,食物与生活,This bread tastes good.,这份面包味道很好。,[],结合常用释义整体记忆。先听老师读，再用自己的生活场景解释。,1,,https://www.cambridgeenglish.org/images/506886-a2-key-2020-vocabulary-list.pdf,bred,https://github.com/skywind3000/ECDICT,offline-materials,bread,food,bread · 单词里的小故事,小乐第一次给家人当小帮手，端出一份食物。这份面包味道很好。小乐说：“This bread tastes good.”朋友听懂了，也想起自己遇到过的事。,,This __________ tastes good.,bread,这份面包味道很好。,context,2026-09-v2,本地预制课堂素材；原创短句与场景模板,[],想象你也在这个场景里。用 bread 说一句自己的话。
curry,KET,3,咖哩粉；咖哩饭菜,n.,食物与生活,This curry tastes good.,这份咖哩粉味道很好。,[],结合常用释义整体记忆。先听老师读，再用自己的生活场景解释。,0,,https://www.cambridgeenglish.org/images/506886-a2-key-2020-vocabulary-list.pdf,'kʌri. 'kә:ri,https://github.com/skywind3000/ECDICT,offline-materials,curry,food,curry · 单词里的小故事,小乐第一次给家人当小帮手，端出一份食物。这份咖哩粉味道很好。小乐说：“This curry tastes good.”朋友听懂了，也想起自己遇到过的事。,,This __________ tastes good.,curry,这份咖哩粉味道很好。,context,2026-09-v2,本地预制课堂素材；原创短句与场景模板,[],想象你也在这个场景里。用 curry 说一句自己的话。
food,KET,1,食物；养料,n.,食物与生活,This food tastes good.,这份食物味道很好。,[],结合常用释义整体记忆。先听老师读，再用自己的生活场景解释。,0,,https://www.cambridgeenglish.org/images/506886-a2-key-2020-vocabulary-list.pdf,fu:d,https://github.com/skywind3000/ECDICT,offline-materials,food,food,food · 单词里的小故事,小乐第一次给家人当小帮手，端出一份食物。这份食物味道很好。小乐说：“This food tastes good.”朋友听懂了，也想起自己遇到过的事。,,This __________ tastes good.,food,这份食物味道很好。,context,2026-09-v2,本地预制课堂素材；原创短句与场景模板,[],想象你也在这个场景里。用 food 说一句自己的话。
meat,KET,2,肉；餐；食物,n.,食物与生活,This meat tastes good.,这份肉味道很好。,[],结合常用释义整体记忆。先听老师读，再用自己的生活场景解释。,0,,https://www.cambridgeenglish.org/images/506886-a2-key-2020-vocabulary-list.pdf,mi:t,https://github.com/skywind3000/ECDICT,offline-materials,meat,food,meat · 单词里的小故事,小乐第一次给家人当小帮手，端出一份食物。这份肉味道很好。小乐说：“This meat tastes good.”朋友听懂了，也想起自己遇到过的事。,,This __________ tastes good.,meat,这份肉味道很好。,context,2026-09-v2,本地预制课堂素材；原创短句与场景模板,[],想象你也在这个场景里。用 meat 说一句自己的话。
animals,KET,1,动物（animal 的复数）,plural n.,动物与自然,The story has three funny animals.,这个故事里有三只有趣的动物。,"[{""text"": ""animal"", ""kind"": ""root"", ""meaning"": ""动物""}, {""text"": ""-s"", ""kind"": ""suffix"", ""meaning"": ""复数：不止一个""}]",animal + -s 变成复数 animals，表示不止一只动物。,0,,https://dictionary.cambridge.org/dictionary/english/animal,ˈæn.ɪ.məlz,原创课堂释义与例句；释义参照 Cambridge Dictionary,offline-materials,animals,authored,,,,The story has three funny __________.,animals,这个故事里有三只有趣的动物。,context,2026-09-v3,本地预制课堂素材；原创短句,"[{""en"": ""Some animals sleep in the day."", ""zh"": ""有些动物白天睡觉。""}, {""en"": ""Which animals can fly?"", ""zh"": ""哪些动物会飞？""}]",说说你最喜欢的 animals。
films,KET,1,电影（film 的复数）,plural n.,娱乐与媒体,Ben brings two short films to class.,本带了两部短片到班里。,"[{""text"": ""film"", ""kind"": ""root"", ""meaning"": ""电影""}, {""text"": ""-s"", ""kind"": ""suffix"", ""meaning"": ""复数：不止一部""}]",film + -s 变成复数 films，表示不止一部电影。,0,,https://dictionary.cambridge.org/dictionary/english/film,fɪlmz,原创课堂释义与例句；释义参照 Cambridge Dictionary,offline-materials,films,authored,,,,Ben brings two short __________ to class.,films,本带了两部短片到班里。,context,2026-09-v3,本地预制课堂素材；原创短句,"[{""en"": ""These films are for children."", ""zh"": ""这些电影适合儿童观看。""}, {""en"": ""We talk about our favourite films."", ""zh"": ""我们聊最喜欢的电影。""}]",说出你喜欢的 films，并选一部介绍。
have a good time,KET,1,玩得开心；过得愉快,phrase,日常活动,We have a good time at show and tell.,我们在展示分享活动中玩得很开心。,[],把 have a good time 作为一个完整词组记住，意思是“玩得开心”。,0,,https://dictionary.cambridge.org/dictionary/english/have-a-good-time,hæv ə ɡʊd taɪm,原创课堂释义与例句；释义参照 Cambridge Dictionary,offline-materials,have a good time,authored,,,,We __________ at show and tell.,have a good time,我们在展示分享活动中玩得很开心。,context,2026-09-v3,本地预制课堂素材；原创短句,"[{""en"": ""Have a good time at the party!"", ""zh"": ""祝你在聚会上玩得开心！""}, {""en"": ""Did you have a good time?"", ""zh"": ""你玩得开心吗？""}]",说说你在哪里 have a good time。
show and tell,KET,2,展示分享活动,n. phrase,学校活动,"Every Friday, we have show and tell.",每周五，我们都有展示分享活动。,[],活动中先 show（展示）一样东西，再 tell（讲述）它的故事。,0,,https://dictionary.cambridge.org/dictionary/english/show-and-tell,ˌʃəʊ ən ˈtel,原创课堂释义与例句；释义参照 Cambridge Dictionary,offline-materials,show and tell,authored,,,,"Every Friday, we have __________.",show and tell,每周五，我们都有展示分享活动。,context,2026-09-v3,本地预制课堂素材；原创短句,"[{""en"": ""My show and tell is about a tiny frog."", ""zh"": ""我的展示分享讲的是一只小青蛙。""}, {""en"": ""What will you bring for show and tell?"", ""zh"": ""你要带什么来做展示分享？""}]",想一件你会带到 show and tell 的物品。
