word,level,difficulty,meaning_zh,pos,topic,example,example_zh,parts_json,note,is_basic,accepted,source,phonetic,definition_source,content_status,display_word,example_kind,story_title,story_zh,teacher_prompt,cloze,cloze_answer,cloze_zh,cloze_type,materials_version,example_source,examples_json,student_prompt
accountant,PET,2,会计人员；会计师,n.,人物与社会,This story is about an accountant.,这个故事讲的是一位会计人员。,[],结合常用释义整体记忆。先听老师读，再用自己的生活场景解释。,0,,https://www.cambridgeenglish.org/images/506887-b1-preliminary-vocabulary-list.pdf,ә'kauntәnt,https://github.com/skywind3000/ECDICT,offline-materials,accountant,person,accountant · 单词里的小故事,读书会轮到小乐介绍故事里的一个人物。这个故事讲的是一位会计人员。小乐说：“This story is about an accountant.”朋友听懂了，也想起自己遇到过的事。,,This story is about an __________.,accountant,这个故事讲的是一位会计人员。,context,2026-09-v2,本地预制课堂素材；原创短句与场景模板,[],想象你也在这个场景里。用 accountant 说一句自己的话。
climate,PET,2,气候；社会趋势；气候区,n.,人物与社会,We talked about the climate today.,我们今天谈到了气候。,[],结合常用释义整体记忆。先听老师读，再用自己的生活场景解释。,0,,https://www.cambridgeenglish.org/images/506887-b1-preliminary-vocabulary-list.pdf,'klaimit,https://github.com/skywind3000/ECDICT,offline-materials,climate,nature,climate · 单词里的小故事,小乐观察完身边的世界，回教室讲了一件事。我们今天谈到了气候。小乐说：“We talked about the climate today.”朋友听懂了，也想起自己遇到过的事。,,We talked about the __________ today.,climate,我们今天谈到了气候。,context,2026-09-v2,本地预制课堂素材；原创短句与场景模板,[],想象你也在这个场景里。用 climate 说一句自己的话。
crew,PET,2,全体船员；工作人员,n.,人物与社会,The ship has a crew of ten.,这艘船有十名船员。,[],结合常用释义整体记忆。先听老师读，再用自己的生活场景解释。,0,,https://www.cambridgeenglish.org/images/506887-b1-preliminary-vocabulary-list.pdf,kru:,常用义教学修订；原词典见 ECDICT-LICENSE.txt,offline-materials,crew,authored,crew · 单词里的小故事,小乐和朋友交换今天的小发现。这艘船有十名船员。小乐说：“The ship has a crew of ten.”朋友听懂了，也想起自己遇到过的事。,,The ship has a __________ of ten.,crew,这艘船有十名船员。,context,2026-09-v2,本地预制课堂素材；原创短句与场景模板,[],想象你也在这个场景里。用 crew 说一句自己的话。
embassy,PET,2,大使馆；大使馆全体人员,n.,人物与社会,We visited the embassy today.,我们今天参观了大使馆。,[],结合常用释义整体记忆。先听老师读，再用自己的生活场景解释。,0,,https://www.cambridgeenglish.org/images/506887-b1-preliminary-vocabulary-list.pdf,'embәsi,https://github.com/skywind3000/ECDICT,offline-materials,embassy,place,embassy · 单词里的小故事,小乐把今天的外出经历记进了日记。我们今天参观了大使馆。小乐说：“We visited the embassy today.”朋友听懂了，也想起自己遇到过的事。,,We visited the __________ today.,embassy,我们今天参观了大使馆。,context,2026-09-v2,本地预制课堂素材；原创短句与场景模板,[],想象你也在这个场景里。用 embassy 说一句自己的话。
employee,PET,1,职员；员工；受雇人员,n.,人物与社会,This story is about an employee.,这个故事讲的是一位职员。,[],结合常用释义整体记忆。先听老师读，再用自己的生活场景解释。,0,,https://www.cambridgeenglish.org/images/506887-b1-preliminary-vocabulary-list.pdf,.emplɒi'i:,https://github.com/skywind3000/ECDICT,offline-materials,employee,person,employee · 单词里的小故事,读书会轮到小乐介绍故事里的一个人物。这个故事讲的是一位职员。小乐说：“This story is about an employee.”朋友听懂了，也想起自己遇到过的事。,,This story is about an __________.,employee,这个故事讲的是一位职员。,context,2026-09-v2,本地预制课堂素材；原创短句与场景模板,[],想象你也在这个场景里。用 employee 说一句自己的话。
employment,PET,1,雇用；职业；工作,n.,人物与社会,We talked about the employment today.,我们今天谈到了雇用。,"[{""text"": ""employ"", ""kind"": ""root"", ""meaning"": ""雇用""}, {""text"": ""-ment"", ""kind"": ""suffix"", ""meaning"": ""行为、结果或状态（构成名词）"", ""story"": ""-ment 经由法语进入英语，更早来自拉丁语 -mentum。它常给动作、结果或状态取名字。想象一个动作发生了，我们还想谈论这件事本身，这时就可能遇见它。"", ""source"": ""https://www.merriam-webster.com/dictionary/-ment""}]",先理解词基，再看词缀如何改变含义或词性。,0,,https://www.cambridgeenglish.org/images/506887-b1-preliminary-vocabulary-list.pdf,im'plɒimәnt,https://github.com/skywind3000/ECDICT,offline-materials,employment,discussion,employment · 单词里的小故事,小乐和朋友聊起今天的一件事。我们今天谈到了雇用。小乐说：“We talked about the employment today.”朋友听懂了，也想起自己遇到过的事。,,We talked about the __________ today.,employment,我们今天谈到了雇用。,context,2026-09-v2,本地预制课堂素材；原创短句与场景模板,[],想象你也在这个场景里。用 employment 说一句自己的话。
fashionable,PET,2,时髦的；上流社会的；流行的,adj.,人物与社会,She wears fashionable clothes.,她穿时髦的衣服。,"[{""text"": ""fashion"", ""kind"": ""root"", ""meaning"": ""时尚""}, {""text"": ""-able"", ""kind"": ""suffix"", ""meaning"": ""可以……的；适合……的"", ""story"": ""-able 经由法语进入英语，更早来自拉丁语的后缀形式。它常告诉我们“可以被这样做”或“适合这样做”。先认出动作，再想一想，这个东西能不能接受这个动作。"", ""source"": ""https://www.merriam-webster.com/dictionary/able""}]",先理解词基，再看词缀如何改变含义或词性。,0,,https://www.cambridgeenglish.org/images/506887-b1-preliminary-vocabulary-list.pdf,'fæʃәnәbl,https://github.com/skywind3000/ECDICT,offline-materials,fashionable,authored,fashionable · 单词里的小故事,小乐和朋友交换今天的小发现。她穿时髦的衣服。小乐说：“She wears fashionable clothes.”朋友听懂了，也想起自己遇到过的事。,,She wears __________ clothes.,fashionable,她穿时髦的衣服。,context,2026-09-v2,本地预制课堂素材；原创短句与场景模板,[],想象你也在这个场景里。用 fashionable 说一句自己的话。
profession,PET,2,职业；表白；声明,n.,人物与社会,We talked about the profession today.,我们今天谈到了职业。,[],结合常用释义整体记忆。先听老师读，再用自己的生活场景解释。,0,,https://www.cambridgeenglish.org/images/506887-b1-preliminary-vocabulary-list.pdf,prә'feʃәn,https://github.com/skywind3000/ECDICT,offline-materials,profession,discussion,profession · 单词里的小故事,小乐和朋友聊起今天的一件事。我们今天谈到了职业。小乐说：“We talked about the profession today.”朋友听懂了，也想起自己遇到过的事。,,We talked about the __________ today.,profession,我们今天谈到了职业。,context,2026-09-v2,本地预制课堂素材；原创短句与场景模板,[],想象你也在这个场景里。用 profession 说一句自己的话。
sociable,PET,3,好交际的；社交的；过社会生活的,adj.,人物与社会,The person in the story is sociable.,故事里的那个人是好交际的。,[],结合常用释义整体记忆。先听老师读，再用自己的生活场景解释。,0,,https://www.cambridgeenglish.org/images/506887-b1-preliminary-vocabulary-list.pdf,'sәuʃәbl,https://github.com/skywind3000/ECDICT,offline-materials,sociable,person-quality,sociable · 单词里的小故事,同学们在给故事人物选词卡，小乐找到了合适的一张。故事里的那个人是好交际的。小乐说：“The person in the story is sociable.”朋友听懂了，也想起自己遇到过的事。,,The person in the story is __________.,sociable,故事里的那个人是好交际的。,context,2026-09-v2,本地预制课堂素材；原创短句与场景模板,[],想象你也在这个场景里。用 sociable 说一句自己的话。
social,PET,1,社会的；群居的；社交的,adj.,人物与社会,We enjoy social activities.,我们喜欢社交活动。,[],结合常用释义整体记忆。先听老师读，再用自己的生活场景解释。,0,,https://www.cambridgeenglish.org/images/506887-b1-preliminary-vocabulary-list.pdf,'sәuʃәl,https://github.com/skywind3000/ECDICT,offline-materials,social,authored,social · 单词里的小故事,小乐和朋友交换今天的小发现。我们喜欢社交活动。小乐说：“We enjoy social activities.”朋友听懂了，也想起自己遇到过的事。,,We enjoy __________ activities.,social,我们喜欢社交活动。,context,2026-09-v2,本地预制课堂素材；原创短句与场景模板,[],想象你也在这个场景里。用 social 说一句自己的话。
society,PET,1,社会；社交界；交往,n.,人物与社会,We talked about the society today.,我们今天谈到了社会。,[],结合常用释义整体记忆。先听老师读，再用自己的生活场景解释。,0,,https://www.cambridgeenglish.org/images/506887-b1-preliminary-vocabulary-list.pdf,sә'saiәti,https://github.com/skywind3000/ECDICT,offline-materials,society,discussion,society · 单词里的小故事,小乐和朋友聊起今天的一件事。我们今天谈到了社会。小乐说：“We talked about the society today.”朋友听懂了，也想起自己遇到过的事。,,We talked about the __________ today.,society,我们今天谈到了社会。,context,2026-09-v2,本地预制课堂素材；原创短句与场景模板,[],想象你也在这个场景里。用 society 说一句自己的话。
bring up,PET,3,教育；培养；提出,phr v.,学校与学习,She wants to bring up her children here.,她想在这里养育孩子。,[],结合常用释义整体记忆。先听老师读，再用自己的生活场景解释。,0,,https://www.cambridgeenglish.org/images/506887-b1-preliminary-vocabulary-list.pdf,,https://github.com/skywind3000/ECDICT,offline-materials,bring up,authored,bring up · 单词里的小故事,小乐和朋友交换今天的小发现。她想在这里养育孩子。小乐说：“She wants to bring up her children here.”朋友听懂了，也想起自己遇到过的事。,,She wants to __________ her children here.,bring up,她想在这里养育孩子。,context,2026-09-v2,本地预制课堂素材；原创短句与场景模板,[],想象你也在这个场景里。用 bring up 说一句自己的话。
curriculum,PET,1,课程,n.,学校与学习,We learn about curriculum at school.,我们在学校学习课程。,[],结合常用释义整体记忆。先听老师读，再用自己的生活场景解释。,0,,https://www.cambridgeenglish.org/images/506887-b1-preliminary-vocabulary-list.pdf,kә'rikjulәm,https://github.com/skywind3000/ECDICT,offline-materials,curriculum,school,curriculum · 单词里的小故事,小乐把今天在学校学到的内容讲给家人听。我们在学校学习课程。小乐说：“We learn about curriculum at school.”朋友听懂了，也想起自己遇到过的事。,,We learn about __________ at school.,curriculum,我们在学校学习课程。,context,2026-09-v2,本地预制课堂素材；原创短句与场景模板,[],想象你也在这个场景里。用 curriculum 说一句自己的话。
education,PET,1,教育,n.,学校与学习,Good education helps children grow.,良好的教育帮助孩子成长。,"[{""text"": ""educate"", ""kind"": ""root"", ""meaning"": ""教育""}, {""text"": ""-ion"", ""kind"": ""suffix"", ""meaning"": ""动作或结果（构成名词）"", ""story"": ""-ion 经由法语进入英语，更早来自拉丁语。它常把一个动作、过程或状态当作一件可以谈论的事。词基像动作的起点，结尾则帮助我们给它取一个名字。"", ""source"": ""https://www.merriam-webster.com/dictionary/-ion""}]",这是词基与派生词的关系。拼写发生了变化，请把本课目标单词完整写对；构词成分不是原词的逐字切片。,0,,https://www.cambridgeenglish.org/images/506887-b1-preliminary-vocabulary-list.pdf,.edju'keiʃәn,原创课堂释义与例句,offline-materials,education,authored,education · 单词里的小故事,小乐和朋友交换今天的小发现。良好的教育帮助孩子成长。小乐说：“Good education helps children grow.”朋友听懂了，也想起自己遇到过的事。,,Good __________ helps children grow.,education,良好的教育帮助孩子成长。,context,2026-09-v2,本地预制课堂素材；原创短句与场景模板,"[{""en"": ""Every child needs a good education."", ""zh"": ""每个孩子都需要良好的教育。""}]",想象你也在这个场景里。用 education 说一句自己的话。
blind,PET,2,失明的,adj.,感受与表达,The person in the story is blind.,故事里的那个人是失明的。,[],结合常用释义整体记忆。先听老师读，再用自己的生活场景解释。,0,,https://www.cambridgeenglish.org/images/506887-b1-preliminary-vocabulary-list.pdf,blaind,常用义教学修订；原词典见 ECDICT-LICENSE.txt,offline-materials,blind,person-quality,blind · 单词里的小故事,同学们在给故事人物选词卡，小乐找到了合适的一张。故事里的那个人是失明的。小乐说：“The person in the story is blind.”朋友听懂了，也想起自己遇到过的事。,,The person in the story is __________.,blind,故事里的那个人是失明的。,context,2026-09-v2,本地预制课堂素材；原创短句与场景模板,[],想象你也在这个场景里。用 blind 说一句自己的话。
cheerful,PET,2,快活的；高兴的；兴高采烈的,adj.,感受与表达,I feel cheerful today.,我今天感到快活的。,[],结合常用释义整体记忆。先听老师读，再用自己的生活场景解释。,0,,https://www.cambridgeenglish.org/images/506887-b1-preliminary-vocabulary-list.pdf,'tʃiәful,https://github.com/skywind3000/ECDICT,offline-materials,cheerful,feeling,cheerful · 单词里的小故事,老师请大家用一个词说说今天的感受，小乐先举了手。我今天感到快活的。小乐说：“I feel cheerful today.”朋友听懂了，也想起自己遇到过的事。,,I feel __________ today.,cheerful,我今天感到快活的。,context,2026-09-v2,本地预制课堂素材；原创短句与场景模板,[],想象你也在这个场景里。用 cheerful 说一句自己的话。
consider,PET,1,考虑；思考；认为,v.,感受与表达,Please consider my idea.,请考虑一下我的想法。,[],结合常用释义整体记忆。先听老师读，再用自己的生活场景解释。,0,,https://www.cambridgeenglish.org/images/506887-b1-preliminary-vocabulary-list.pdf,kәn'sidŋ,https://github.com/skywind3000/ECDICT,offline-materials,consider,authored,consider · 单词里的小故事,小乐和朋友交换今天的小发现。请考虑一下我的想法。小乐说：“Please consider my idea.”朋友听懂了，也想起自己遇到过的事。,,Please __________ my idea.,consider,请考虑一下我的想法。,context,2026-09-v2,本地预制课堂素材；原创短句与场景模板,[],想象你也在这个场景里。用 consider 说一句自己的话。
delighted,PET,2,高兴的；快乐的,adj.,感受与表达,I feel delighted today.,我今天感到高兴的。,[],结合常用释义整体记忆。先听老师读，再用自己的生活场景解释。,0,,https://www.cambridgeenglish.org/images/506887-b1-preliminary-vocabulary-list.pdf,di'laitid,https://github.com/skywind3000/ECDICT,offline-materials,delighted,feeling,delighted · 单词里的小故事,老师请大家用一个词说说今天的感受，小乐先举了手。我今天感到高兴的。小乐说：“I feel delighted today.”朋友听懂了，也想起自己遇到过的事。,,I feel __________ today.,delighted,我今天感到高兴的。,context,2026-09-v2,本地预制课堂素材；原创短句与场景模板,[],想象你也在这个场景里。用 delighted 说一句自己的话。
feel like,PET,3,摸起来像是…；有…的感觉；想要…,v.,感受与表达,I feel like going for a walk.,我想去散步。,[],结合常用释义整体记忆。先听老师读，再用自己的生活场景解释。,0,,https://www.cambridgeenglish.org/images/506887-b1-preliminary-vocabulary-list.pdf,fi:l laik,https://github.com/skywind3000/ECDICT,offline-materials,feel like,authored,feel like · 单词里的小故事,小乐和朋友交换今天的小发现。我想去散步。小乐说：“I feel like going for a walk.”朋友听懂了，也想起自己遇到过的事。,,I __________ going for a walk.,feel like,我想去散步。,context,2026-09-v2,本地预制课堂素材；原创短句与场景模板,[],想象你也在这个场景里。用 feel like 说一句自己的话。
humour,PET,2,幽默；诙谐；情绪,n.,感受与表达,We talked about the humour today.,我们今天谈到了幽默。,[],结合常用释义整体记忆。先听老师读，再用自己的生活场景解释。,0,,https://www.cambridgeenglish.org/images/506887-b1-preliminary-vocabulary-list.pdf,'hju:mә,https://github.com/skywind3000/ECDICT,offline-materials,humour,discussion,humour · 单词里的小故事,小乐和朋友聊起今天的一件事。我们今天谈到了幽默。小乐说：“We talked about the humour today.”朋友听懂了，也想起自己遇到过的事。,,We talked about the __________ today.,humour,我们今天谈到了幽默。,context,2026-09-v2,本地预制课堂素材；原创短句与场景模板,[],想象你也在这个场景里。用 humour 说一句自己的话。
pleasure,PET,1,快乐；愉快；令人高兴的事,n.,感受与表达,We talked about the pleasure today.,我们今天谈到了快乐。,[],结合常用释义整体记忆。先听老师读，再用自己的生活场景解释。,0,,https://www.cambridgeenglish.org/images/506887-b1-preliminary-vocabulary-list.pdf,'pleʒә,https://github.com/skywind3000/ECDICT,offline-materials,pleasure,discussion,pleasure · 单词里的小故事,小乐和朋友聊起今天的一件事。我们今天谈到了快乐。小乐说：“We talked about the pleasure today.”朋友听懂了，也想起自己遇到过的事。,,We talked about the __________ today.,pleasure,我们今天谈到了快乐。,context,2026-09-v2,本地预制课堂素材；原创短句与场景模板,[],想象你也在这个场景里。用 pleasure 说一句自己的话。
sense,PET,1,感觉；含义,n.,感受与表达,We talked about the sense today.,我们今天谈到了感觉。,[],结合常用释义整体记忆。先听老师读，再用自己的生活场景解释。,0,,https://www.cambridgeenglish.org/images/506887-b1-preliminary-vocabulary-list.pdf,sens,常用义教学修订；原词典见 ECDICT-LICENSE.txt,offline-materials,sense,discussion,sense · 单词里的小故事,小乐和朋友聊起今天的一件事。我们今天谈到了感觉。小乐说：“We talked about the sense today.”朋友听懂了，也想起自己遇到过的事。,,We talked about the __________ today.,sense,我们今天谈到了感觉。,context,2026-09-v2,本地预制课堂素材；原创短句与场景模板,[],想象你也在这个场景里。用 sense 说一句自己的话。
sensible,PET,2,明智的；合理的,adj.,感受与表达,The person in the story is sensible.,故事里的那个人是明智的。,[],结合常用释义整体记忆。先听老师读，再用自己的生活场景解释。,0,,https://www.cambridgeenglish.org/images/506887-b1-preliminary-vocabulary-list.pdf,'sensәbl,常用义教学修订；原词典见 ECDICT-LICENSE.txt,offline-materials,sensible,person-quality,sensible · 单词里的小故事,同学们在给故事人物选词卡，小乐找到了合适的一张。故事里的那个人是明智的。小乐说：“The person in the story is sensible.”朋友听懂了，也想起自己遇到过的事。,,The person in the story is __________.,sensible,故事里的那个人是明智的。,context,2026-09-v2,本地预制课堂素材；原创短句与场景模板,[],想象你也在这个场景里。用 sensible 说一句自己的话。
sore,PET,2,悲伤的；痛的；引起痛苦的,adj.,感受与表达,I have a sore throat.,我喉咙痛。,[],结合常用释义整体记忆。先听老师读，再用自己的生活场景解释。,0,,https://www.cambridgeenglish.org/images/506887-b1-preliminary-vocabulary-list.pdf,sɒ:,https://github.com/skywind3000/ECDICT,offline-materials,sore,authored,sore · 单词里的小故事,小乐和朋友交换今天的小发现。我喉咙痛。小乐说：“I have a sore throat.”朋友听懂了，也想起自己遇到过的事。,,I have a __________ throat.,sore,我喉咙痛。,context,2026-09-v2,本地预制课堂素材；原创短句与场景模板,[],想象你也在这个场景里。用 sore 说一句自己的话。
suggestion,PET,1,提议；意见,n.,感受与表达,We talked about the suggestion today.,我们今天谈到了提议。,"[{""text"": ""suggest"", ""kind"": ""root"", ""meaning"": ""建议""}, {""text"": ""-ion"", ""kind"": ""suffix"", ""meaning"": ""动作或结果（构成名词）"", ""story"": ""-ion 经由法语进入英语，更早来自拉丁语。它常把一个动作、过程或状态当作一件可以谈论的事。词基像动作的起点，结尾则帮助我们给它取一个名字。"", ""source"": ""https://www.merriam-webster.com/dictionary/-ion""}]",先理解词基，再看词缀如何改变含义或词性。,0,,https://www.cambridgeenglish.org/images/506887-b1-preliminary-vocabulary-list.pdf,sә'dʒestʃәn,https://github.com/skywind3000/ECDICT,offline-materials,suggestion,discussion,suggestion · 单词里的小故事,小乐和朋友聊起今天的一件事。我们今天谈到了提议。小乐说：“We talked about the suggestion today.”朋友听懂了，也想起自己遇到过的事。,,We talked about the __________ today.,suggestion,我们今天谈到了提议。,context,2026-09-v2,本地预制课堂素材；原创短句与场景模板,[],想象你也在这个场景里。用 suggestion 说一句自己的话。
astronaut,PET,3,太空旅行者；宇航员,n.,旅行与城市,This story is about an astronaut.,这个故事讲的是一位太空旅行者。,[],结合常用释义整体记忆。先听老师读，再用自己的生活场景解释。,0,,https://www.cambridgeenglish.org/images/506887-b1-preliminary-vocabulary-list.pdf,'æstrәnɒ:t,https://github.com/skywind3000/ECDICT,offline-materials,astronaut,person,astronaut · 单词里的小故事,读书会轮到小乐介绍故事里的一个人物。这个故事讲的是一位太空旅行者。小乐说：“This story is about an astronaut.”朋友听懂了，也想起自己遇到过的事。,,This story is about an __________.,astronaut,这个故事讲的是一位太空旅行者。,context,2026-09-v2,本地预制课堂素材；原创短句与场景模板,[],想象你也在这个场景里。用 astronaut 说一句自己的话。
backpacker,PET,3,背包旅行者,n.,旅行与城市,This story is about a backpacker.,这个故事讲的是一位背包旅行者。,[],结合常用释义整体记忆。先听老师读，再用自己的生活场景解释。,0,,https://www.cambridgeenglish.org/images/506887-b1-preliminary-vocabulary-list.pdf,'bæk.pækә,https://github.com/skywind3000/ECDICT,offline-materials,backpacker,person,backpacker · 单词里的小故事,读书会轮到小乐介绍故事里的一个人物。这个故事讲的是一位背包旅行者。小乐说：“This story is about a backpacker.”朋友听懂了，也想起自己遇到过的事。,,This story is about a __________.,backpacker,这个故事讲的是一位背包旅行者。,context,2026-09-v2,本地预制课堂素材；原创短句与场景模板,[],想象你也在这个场景里。用 backpacker 说一句自己的话。
backpacking,PET,3,徒步旅行,n.,旅行与城市,We talked about the backpacking today.,我们今天谈到了徒步旅行。,[],结合常用释义整体记忆。先听老师读，再用自己的生活场景解释。,0,,https://www.cambridgeenglish.org/images/506887-b1-preliminary-vocabulary-list.pdf,"'bæk,pækɪŋ",https://github.com/skywind3000/ECDICT,offline-materials,backpacking,discussion,backpacking · 单词里的小故事,小乐和朋友聊起今天的一件事。我们今天谈到了徒步旅行。小乐说：“We talked about the backpacking today.”朋友听懂了，也想起自己遇到过的事。,,We talked about the __________ today.,backpacking,我们今天谈到了徒步旅行。,context,2026-09-v2,本地预制课堂素材；原创短句与场景模板,[],想象你也在这个场景里。用 backpacking 说一句自己的话。
boarding pass,PET,3,登机卡；飞机票,n.,旅行与城市,We talked about the boarding pass today.,我们今天谈到了登机卡。,[],结合常用释义整体记忆。先听老师读，再用自己的生活场景解释。,0,,https://www.cambridgeenglish.org/images/506887-b1-preliminary-vocabulary-list.pdf,,https://github.com/skywind3000/ECDICT,offline-materials,boarding pass,discussion,boarding pass · 单词里的小故事,小乐和朋友聊起今天的一件事。我们今天谈到了登机卡。小乐说：“We talked about the boarding pass today.”朋友听懂了，也想起自己遇到过的事。,,We talked about the __________ today.,boarding pass,我们今天谈到了登机卡。,context,2026-09-v2,本地预制课堂素材；原创短句与场景模板,[],想象你也在这个场景里。用 boarding pass 说一句自己的话。
hike,PET,3,步行；徒步旅行；上升,v.,旅行与城市,We hike in the hills at weekends.,我们周末在山间徒步。,[],结合常用释义整体记忆。先听老师读，再用自己的生活场景解释。,0,,https://www.cambridgeenglish.org/images/506887-b1-preliminary-vocabulary-list.pdf,haik,https://github.com/skywind3000/ECDICT,offline-materials,hike,authored,hike · 单词里的小故事,小乐和朋友交换今天的小发现。我们周末在山间徒步。小乐说：“We hike in the hills at weekends.”朋友听懂了，也想起自己遇到过的事。,,We __________ in the hills at weekends.,hike,我们周末在山间徒步。,context,2026-09-v2,本地预制课堂素材；原创短句与场景模板,[],想象你也在这个场景里。用 hike 说一句自己的话。
on board,PET,3,在船/车/飞机上；在公共交通车辆上,prep phr.,旅行与城市,All the children are on board the bus.,所有孩子都上了公交车。,[],结合常用释义整体记忆。先听老师读，再用自己的生活场景解释。,0,,https://www.cambridgeenglish.org/images/506887-b1-preliminary-vocabulary-list.pdf,,https://github.com/skywind3000/ECDICT,offline-materials,on board,authored,on board · 单词里的小故事,小乐和朋友交换今天的小发现。所有孩子都上了公交车。小乐说：“All the children are on board the bus.”朋友听懂了，也想起自己遇到过的事。,,All the children are __________ the bus.,on board,所有孩子都上了公交车。,context,2026-09-v2,本地预制课堂素材；原创短句与场景模板,[],想象你也在这个场景里。用 on board 说一句自己的话。
travel agent,PET,3,旅行代理人,n.,旅行与城市,This story is about a travel agent.,这个故事讲的是一位旅行代理人。,[],结合常用释义整体记忆。先听老师读，再用自己的生活场景解释。,0,,https://www.cambridgeenglish.org/images/506887-b1-preliminary-vocabulary-list.pdf,,https://github.com/skywind3000/ECDICT,offline-materials,travel agent,person,travel agent · 单词里的小故事,读书会轮到小乐介绍故事里的一个人物。这个故事讲的是一位旅行代理人。小乐说：“This story is about a travel agent.”朋友听懂了，也想起自己遇到过的事。,,This story is about a __________.,travel agent,这个故事讲的是一位旅行代理人。,context,2026-09-v2,本地预制课堂素材；原创短句与场景模板,[],想象你也在这个场景里。用 travel agent 说一句自己的话。
ability,PET,1,能力；才干,n.,日常沟通,We talked about the ability today.,我们今天谈到了能力。,[],结合常用释义整体记忆。先听老师读，再用自己的生活场景解释。,0,,https://www.cambridgeenglish.org/images/506887-b1-preliminary-vocabulary-list.pdf,ә'biliti,https://github.com/skywind3000/ECDICT,offline-materials,ability,discussion,ability · 单词里的小故事,小乐和朋友聊起今天的一件事。我们今天谈到了能力。小乐说：“We talked about the ability today.”朋友听懂了，也想起自己遇到过的事。,,We talked about the __________ today.,ability,我们今天谈到了能力。,context,2026-09-v2,本地预制课堂素材；原创短句与场景模板,[],想象你也在这个场景里。用 ability 说一句自己的话。
abroad,PET,2,往国外；到室外；到处,adv.,日常沟通,My aunt lives abroad.,我的阿姨住在国外。,[],结合常用释义整体记忆。先听老师读，再用自己的生活场景解释。,0,,https://www.cambridgeenglish.org/images/506887-b1-preliminary-vocabulary-list.pdf,ә'brɒ:d,https://github.com/skywind3000/ECDICT,offline-materials,abroad,authored,abroad · 单词里的小故事,小乐和朋友交换今天的小发现。我的阿姨住在国外。小乐说：“My aunt lives abroad.”朋友听懂了，也想起自己遇到过的事。,,My aunt lives __________.,abroad,我的阿姨住在国外。,context,2026-09-v2,本地预制课堂素材；原创短句与场景模板,[],想象你也在这个场景里。用 abroad 说一句自己的话。
absent,PET,2,缺席的；不在的；缺乏的,adj.,日常沟通,The person in the story is absent.,故事里的那个人是缺席的。,[],结合常用释义整体记忆。先听老师读，再用自己的生活场景解释。,0,,https://www.cambridgeenglish.org/images/506887-b1-preliminary-vocabulary-list.pdf,'æbsәnt,https://github.com/skywind3000/ECDICT,offline-materials,absent,person-quality,absent · 单词里的小故事,同学们在给故事人物选词卡，小乐找到了合适的一张。故事里的那个人是缺席的。小乐说：“The person in the story is absent.”朋友听懂了，也想起自己遇到过的事。,,The person in the story is __________.,absent,故事里的那个人是缺席的。,context,2026-09-v2,本地预制课堂素材；原创短句与场景模板,[],想象你也在这个场景里。用 absent 说一句自己的话。
absolutely,PET,1,完全地；绝对地；确确实实地,adv.,日常沟通,You are absolutely right.,你完全正确。,[],结合常用释义整体记忆。先听老师读，再用自己的生活场景解释。,0,,https://www.cambridgeenglish.org/images/506887-b1-preliminary-vocabulary-list.pdf,'æbsәlu:tli,https://github.com/skywind3000/ECDICT,offline-materials,absolutely,authored,absolutely · 单词里的小故事,小乐和朋友交换今天的小发现。你完全正确。小乐说：“You are absolutely right.”朋友听懂了，也想起自己遇到过的事。,,You are __________ right.,absolutely,你完全正确。,context,2026-09-v2,本地预制课堂素材；原创短句与场景模板,[],想象你也在这个场景里。用 absolutely 说一句自己的话。
accent,PET,2,重音；口音；特点,n.,日常沟通,We talked about the accent today.,我们今天谈到了重音。,[],结合常用释义整体记忆。先听老师读，再用自己的生活场景解释。,0,,https://www.cambridgeenglish.org/images/506887-b1-preliminary-vocabulary-list.pdf,'æksәnt,https://github.com/skywind3000/ECDICT,offline-materials,accent,discussion,accent · 单词里的小故事,小乐和朋友聊起今天的一件事。我们今天谈到了重音。小乐说：“We talked about the accent today.”朋友听懂了，也想起自己遇到过的事。,,We talked about the __________ today.,accent,我们今天谈到了重音。,context,2026-09-v2,本地预制课堂素材；原创短句与场景模板,[],想象你也在这个场景里。用 accent 说一句自己的话。
accept,PET,1,接受；承认；同意,v.,日常沟通,Please accept this small gift.,请收下这份小礼物。,[],结合常用释义整体记忆。先听老师读，再用自己的生活场景解释。,0,,https://www.cambridgeenglish.org/images/506887-b1-preliminary-vocabulary-list.pdf,әk'sept,https://github.com/skywind3000/ECDICT,offline-materials,accept,authored,accept · 单词里的小故事,小乐和朋友交换今天的小发现。请收下这份小礼物。小乐说：“Please accept this small gift.”朋友听懂了，也想起自己遇到过的事。,,Please __________ this small gift.,accept,请收下这份小礼物。,context,2026-09-v2,本地预制课堂素材；原创短句与场景模板,[],想象你也在这个场景里。用 accept 说一句自己的话。
acceptable,PET,2,可接受的；合意的；可忍受的,adj.,日常沟通,Your answer is acceptable.,你的回答可以接受。,[],结合常用释义整体记忆。先听老师读，再用自己的生活场景解释。,0,,https://www.cambridgeenglish.org/images/506887-b1-preliminary-vocabulary-list.pdf,әk'septәbl,https://github.com/skywind3000/ECDICT,offline-materials,acceptable,authored,acceptable · 单词里的小故事,小乐和朋友交换今天的小发现。你的回答可以接受。小乐说：“Your answer is acceptable.”朋友听懂了，也想起自己遇到过的事。,,Your answer is __________.,acceptable,你的回答可以接受。,context,2026-09-v2,本地预制课堂素材；原创短句与场景模板,[],想象你也在这个场景里。用 acceptable 说一句自己的话。
access,PET,1,通路；入口；接近,n.,日常沟通,We talked about the access today.,我们今天谈到了通路。,[],结合常用释义整体记忆。先听老师读，再用自己的生活场景解释。,0,,https://www.cambridgeenglish.org/images/506887-b1-preliminary-vocabulary-list.pdf,'ækses,https://github.com/skywind3000/ECDICT,offline-materials,access,discussion,access · 单词里的小故事,小乐和朋友聊起今天的一件事。我们今天谈到了通路。小乐说：“We talked about the access today.”朋友听懂了，也想起自己遇到过的事。,,We talked about the __________ today.,access,我们今天谈到了通路。,context,2026-09-v2,本地预制课堂素材；原创短句与场景模板,[],想象你也在这个场景里。用 access 说一句自己的话。
accompany,PET,1,陪伴；伴随；补充,v.,日常沟通,May I accompany you to the shop?,我可以陪你去商店吗？,[],结合常用释义整体记忆。先听老师读，再用自己的生活场景解释。,0,,https://www.cambridgeenglish.org/images/506887-b1-preliminary-vocabulary-list.pdf,ә'kʌmpәni,https://github.com/skywind3000/ECDICT,offline-materials,accompany,authored,accompany · 单词里的小故事,小乐和朋友交换今天的小发现。我可以陪你去商店吗？小乐说：“May I accompany you to the shop?”朋友听懂了，也想起自己遇到过的事。,,May I __________ you to the shop?,accompany,我可以陪你去商店吗？,context,2026-09-v2,本地预制课堂素材；原创短句与场景模板,[],想象你也在这个场景里。用 accompany 说一句自己的话。
according to,PET,3,根据；按照；取决于,prep phr.,日常沟通,"According to the map, the park is near.",根据地图，公园就在附近。,[],结合常用释义整体记忆。先听老师读，再用自己的生活场景解释。,0,,https://www.cambridgeenglish.org/images/506887-b1-preliminary-vocabulary-list.pdf,,https://github.com/skywind3000/ECDICT,offline-materials,according to,authored,according to · 单词里的小故事,"小乐和朋友交换今天的小发现。根据地图，公园就在附近。小乐说：“According to the map, the park is near.”朋友听懂了，也想起自己遇到过的事。",,"__________ the map, the park is near.",According to,根据地图，公园就在附近。,context,2026-09-v2,本地预制课堂素材；原创短句与场景模板,[],想象你也在这个场景里。用 according to 说一句自己的话。
account,PET,1,账户；说明,n.,日常沟通,We talked about the account today.,我们今天谈到了账户。,[],结合常用释义整体记忆。先听老师读，再用自己的生活场景解释。,0,,https://www.cambridgeenglish.org/images/506887-b1-preliminary-vocabulary-list.pdf,ә'kaunt,常用义教学修订；原词典见 ECDICT-LICENSE.txt,offline-materials,account,discussion,account · 单词里的小故事,小乐和朋友聊起今天的一件事。我们今天谈到了账户。小乐说：“We talked about the account today.”朋友听懂了，也想起自己遇到过的事。,,We talked about the __________ today.,account,我们今天谈到了账户。,context,2026-09-v2,本地预制课堂素材；原创短句与场景模板,[],想象你也在这个场景里。用 account 说一句自己的话。
accurate,PET,2,正确的；精确的,adj.,日常沟通,This clock is accurate.,这只钟很准。,[],结合常用释义整体记忆。先听老师读，再用自己的生活场景解释。,0,,https://www.cambridgeenglish.org/images/506887-b1-preliminary-vocabulary-list.pdf,'ækjurәt,https://github.com/skywind3000/ECDICT,offline-materials,accurate,authored,accurate · 单词里的小故事,小乐和朋友交换今天的小发现。这只钟很准。小乐说：“This clock is accurate.”朋友听懂了，也想起自己遇到过的事。,,This clock is __________.,accurate,这只钟很准。,context,2026-09-v2,本地预制课堂素材；原创短句与场景模板,[],想象你也在这个场景里。用 accurate 说一句自己的话。
ache,PET,3,疼痛,n.,日常沟通,We talked about the ache today.,我们今天谈到了疼痛。,[],结合常用释义整体记忆。先听老师读，再用自己的生活场景解释。,0,,https://www.cambridgeenglish.org/images/506887-b1-preliminary-vocabulary-list.pdf,eik,https://github.com/skywind3000/ECDICT,offline-materials,ache,discussion,ache · 单词里的小故事,小乐和朋友聊起今天的一件事。我们今天谈到了疼痛。小乐说：“We talked about the ache today.”朋友听懂了，也想起自己遇到过的事。,,We talked about the __________ today.,ache,我们今天谈到了疼痛。,context,2026-09-v2,本地预制课堂素材；原创短句与场景模板,[],想象你也在这个场景里。用 ache 说一句自己的话。
achieve,PET,1,完成；达到,v.,日常沟通,We can achieve our goal together.,我们能一起实现目标。,"[{""text"": ""achieve"", ""kind"": ""root"", ""meaning"": ""实现""}]",这个词本身可以作为词基，与相关派生词联系起来理解。,0,,https://www.cambridgeenglish.org/images/506887-b1-preliminary-vocabulary-list.pdf,ә'tʃi:v,https://github.com/skywind3000/ECDICT,offline-materials,achieve,authored,achieve · 单词里的小故事,小乐和朋友交换今天的小发现。我们能一起实现目标。小乐说：“We can achieve our goal together.”朋友听懂了，也想起自己遇到过的事。,,We can __________ our goal together.,achieve,我们能一起实现目标。,context,2026-09-v2,本地预制课堂素材；原创短句与场景模板,[],想象你也在这个场景里。用 achieve 说一句自己的话。
achievement,PET,1,成就,n.,日常沟通,Finishing the race is an achievement.,跑完全程是一项成就。,"[{""text"": ""achieve"", ""kind"": ""root"", ""meaning"": ""实现""}, {""text"": ""-ment"", ""kind"": ""suffix"", ""meaning"": ""行为、结果或状态（构成名词）"", ""story"": ""-ment 经由法语进入英语，更早来自拉丁语 -mentum。它常给动作、结果或状态取名字。想象一个动作发生了，我们还想谈论这件事本身，这时就可能遇见它。"", ""source"": ""https://www.merriam-webster.com/dictionary/-ment""}]",先理解词基，再看词缀如何改变含义或词性。,0,,https://www.cambridgeenglish.org/images/506887-b1-preliminary-vocabulary-list.pdf,ә'tʃi:vmәnt,原创课堂释义与例句,offline-materials,achievement,authored,achievement · 单词里的小故事,小乐和朋友交换今天的小发现。跑完全程是一项成就。小乐说：“Finishing the race is an achievement.”朋友听懂了，也想起自己遇到过的事。,,Finishing the race is an __________.,achievement,跑完全程是一项成就。,context,2026-09-v2,本地预制课堂素材；原创短句与场景模板,[],想象你也在这个场景里。用 achievement 说一句自己的话。
active,PET,1,活跃的；起作用的；积极的,adj.,日常沟通,The person in the story is active.,故事里的那个人是活跃的。,[],结合常用释义整体记忆。先听老师读，再用自己的生活场景解释。,0,,https://www.cambridgeenglish.org/images/506887-b1-preliminary-vocabulary-list.pdf,'æktiv,https://github.com/skywind3000/ECDICT,offline-materials,active,person-quality,active · 单词里的小故事,同学们在给故事人物选词卡，小乐找到了合适的一张。故事里的那个人是活跃的。小乐说：“The person in the story is active.”朋友听懂了，也想起自己遇到过的事。,,The person in the story is __________.,active,故事里的那个人是活跃的。,context,2026-09-v2,本地预制课堂素材；原创短句与场景模板,[],想象你也在这个场景里。用 active 说一句自己的话。
actress,PET,2,女演员,n.,日常沟通,This story is about an actress.,这个故事讲的是一位女演员。,[],结合常用释义整体记忆。先听老师读，再用自己的生活场景解释。,0,,https://www.cambridgeenglish.org/images/506887-b1-preliminary-vocabulary-list.pdf,'æktris,https://github.com/skywind3000/ECDICT,offline-materials,actress,person,actress · 单词里的小故事,读书会轮到小乐介绍故事里的一个人物。这个故事讲的是一位女演员。小乐说：“This story is about an actress.”朋友听懂了，也想起自己遇到过的事。,,This story is about an __________.,actress,这个故事讲的是一位女演员。,context,2026-09-v2,本地预制课堂素材；原创短句与场景模板,[],想象你也在这个场景里。用 actress 说一句自己的话。
addition,PET,2,加法；增加的人(或物),n.,日常沟通,We talked about the addition today.,我们今天谈到了加法。,[],结合常用释义整体记忆。先听老师读，再用自己的生活场景解释。,0,,https://www.cambridgeenglish.org/images/506887-b1-preliminary-vocabulary-list.pdf,ә'diʃәn,https://github.com/skywind3000/ECDICT,offline-materials,addition,discussion,addition · 单词里的小故事,小乐和朋友聊起今天的一件事。我们今天谈到了加法。小乐说：“We talked about the addition today.”朋友听懂了，也想起自己遇到过的事。,,We talked about the __________ today.,addition,我们今天谈到了加法。,context,2026-09-v2,本地预制课堂素材；原创短句与场景模板,[],想象你也在这个场景里。用 addition 说一句自己的话。
admire,PET,2,赞美；钦佩；爱慕,v.,日常沟通,I admire her beautiful pictures.,我欣赏她美丽的画作。,[],结合常用释义整体记忆。先听老师读，再用自己的生活场景解释。,0,,https://www.cambridgeenglish.org/images/506887-b1-preliminary-vocabulary-list.pdf,әd'maiә,https://github.com/skywind3000/ECDICT,offline-materials,admire,authored,admire · 单词里的小故事,小乐和朋友交换今天的小发现。我欣赏她美丽的画作。小乐说：“I admire her beautiful pictures.”朋友听懂了，也想起自己遇到过的事。,,I __________ her beautiful pictures.,admire,我欣赏她美丽的画作。,context,2026-09-v2,本地预制课堂素材；原创短句与场景模板,[],想象你也在这个场景里。用 admire 说一句自己的话。
admission,PET,2,准许进入；入场费；录用,n.,日常沟通,We talked about the admission today.,我们今天谈到了准许进入。,[],结合常用释义整体记忆。先听老师读，再用自己的生活场景解释。,0,,https://www.cambridgeenglish.org/images/506887-b1-preliminary-vocabulary-list.pdf,әd'miʃәn,https://github.com/skywind3000/ECDICT,offline-materials,admission,discussion,admission · 单词里的小故事,小乐和朋友聊起今天的一件事。我们今天谈到了准许进入。小乐说：“We talked about the admission today.”朋友听懂了，也想起自己遇到过的事。,,We talked about the __________ today.,admission,我们今天谈到了准许进入。,context,2026-09-v2,本地预制课堂素材；原创短句与场景模板,[],想象你也在这个场景里。用 admission 说一句自己的话。
admit,PET,1,承认；接受；允许进入,v.,日常沟通,I admit that I was wrong.,我承认我错了。,[],结合常用释义整体记忆。先听老师读，再用自己的生活场景解释。,0,,https://www.cambridgeenglish.org/images/506887-b1-preliminary-vocabulary-list.pdf,әd'mit,https://github.com/skywind3000/ECDICT,offline-materials,admit,authored,admit · 单词里的小故事,小乐和朋友交换今天的小发现。我承认我错了。小乐说：“I admit that I was wrong.”朋友听懂了，也想起自己遇到过的事。,,I __________ that I was wrong.,admit,我承认我错了。,context,2026-09-v2,本地预制课堂素材；原创短句与场景模板,[],想象你也在这个场景里。用 admit 说一句自己的话。
advance,PET,1,前进；进展；行过的路程,n.,日常沟通,We talked about the advance today.,我们今天谈到了前进。,[],结合常用释义整体记忆。先听老师读，再用自己的生活场景解释。,0,,https://www.cambridgeenglish.org/images/506887-b1-preliminary-vocabulary-list.pdf,әd'vɑ:ns,https://github.com/skywind3000/ECDICT,offline-materials,advance,discussion,advance · 单词里的小故事,小乐和朋友聊起今天的一件事。我们今天谈到了前进。小乐说：“We talked about the advance today.”朋友听懂了，也想起自己遇到过的事。,,We talked about the __________ today.,advance,我们今天谈到了前进。,context,2026-09-v2,本地预制课堂素材；原创短句与场景模板,[],想象你也在这个场景里。用 advance 说一句自己的话。
advantage,PET,1,优势；有利条件,n.,日常沟通,We talked about the advantage today.,我们今天谈到了优势。,[],结合常用释义整体记忆。先听老师读，再用自己的生活场景解释。,0,,https://www.cambridgeenglish.org/images/506887-b1-preliminary-vocabulary-list.pdf,әd'vɑ:ntidʒ,常用义教学修订；原词典见 ECDICT-LICENSE.txt,offline-materials,advantage,discussion,advantage · 单词里的小故事,小乐和朋友聊起今天的一件事。我们今天谈到了优势。小乐说：“We talked about the advantage today.”朋友听懂了，也想起自己遇到过的事。,,We talked about the __________ today.,advantage,我们今天谈到了优势。,context,2026-09-v2,本地预制课堂素材；原创短句与场景模板,[],想象你也在这个场景里。用 advantage 说一句自己的话。
advertise,PET,2,做广告；通知；公布,v.,日常沟通,We advertise our shop online.,我们在网上为商店做广告。,"[{""text"": ""advertise"", ""kind"": ""root"", ""meaning"": ""做广告""}]",这个词本身可以作为词基，与相关派生词联系起来理解。,0,,https://www.cambridgeenglish.org/images/506887-b1-preliminary-vocabulary-list.pdf,'ædvәtaiz,https://github.com/skywind3000/ECDICT,offline-materials,advertise,authored,advertise · 单词里的小故事,小乐和朋友交换今天的小发现。我们在网上为商店做广告。小乐说：“We advertise our shop online.”朋友听懂了，也想起自己遇到过的事。,,We __________ our shop online.,advertise,我们在网上为商店做广告。,context,2026-09-v2,本地预制课堂素材；原创短句与场景模板,[],想象你也在这个场景里。用 advertise 说一句自己的话。
advise,PET,1,劝告；给...出主意；通知,v.,日常沟通,I advise you to take a coat.,我建议你带一件外套。,[],结合常用释义整体记忆。先听老师读，再用自己的生活场景解释。,0,,https://www.cambridgeenglish.org/images/506887-b1-preliminary-vocabulary-list.pdf,әd'vaiz,https://github.com/skywind3000/ECDICT,offline-materials,advise,authored,advise · 单词里的小故事,小乐和朋友交换今天的小发现。我建议你带一件外套。小乐说：“I advise you to take a coat.”朋友听懂了，也想起自己遇到过的事。,,I __________ you to take a coat.,advise,我建议你带一件外套。,context,2026-09-v2,本地预制课堂素材；原创短句与场景模板,[],想象你也在这个场景里。用 advise 说一句自己的话。
affect,PET,1,影响；感动；假装,v.,日常沟通,Rain can affect our plans.,下雨会影响我们的计划。,[],结合常用释义整体记忆。先听老师读，再用自己的生活场景解释。,0,,https://www.cambridgeenglish.org/images/506887-b1-preliminary-vocabulary-list.pdf,ә'fekt,https://github.com/skywind3000/ECDICT,offline-materials,affect,authored,affect · 单词里的小故事,小乐和朋友交换今天的小发现。下雨会影响我们的计划。小乐说：“Rain can affect our plans.”朋友听懂了，也想起自己遇到过的事。,,Rain can __________ our plans.,affect,下雨会影响我们的计划。,context,2026-09-v2,本地预制课堂素材；原创短句与场景模板,[],想象你也在这个场景里。用 affect 说一句自己的话。
afford,PET,1,买得起；足以；给予,v.,日常沟通,We can afford a small car.,我们买得起一辆小汽车。,[],结合常用释义整体记忆。先听老师读，再用自己的生活场景解释。,0,,https://www.cambridgeenglish.org/images/506887-b1-preliminary-vocabulary-list.pdf,ә'fɒ:d,https://github.com/skywind3000/ECDICT,offline-materials,afford,authored,afford · 单词里的小故事,小乐和朋友交换今天的小发现。我们买得起一辆小汽车。小乐说：“We can afford a small car.”朋友听懂了，也想起自己遇到过的事。,,We can __________ a small car.,afford,我们买得起一辆小汽车。,context,2026-09-v2,本地预制课堂素材；原创短句与场景模板,[],想象你也在这个场景里。用 afford 说一句自己的话。
agency,PET,1,代理机构；经销商；中介,n.,日常沟通,We visited the agency today.,我们今天参观了代理机构。,[],结合常用释义整体记忆。先听老师读，再用自己的生活场景解释。,0,,https://www.cambridgeenglish.org/images/506887-b1-preliminary-vocabulary-list.pdf,'eidʒәnsi,https://github.com/skywind3000/ECDICT,offline-materials,agency,place,agency · 单词里的小故事,小乐把今天的外出经历记进了日记。我们今天参观了代理机构。小乐说：“We visited the agency today.”朋友听懂了，也想起自己遇到过的事。,,We visited the __________ today.,agency,我们今天参观了代理机构。,context,2026-09-v2,本地预制课堂素材；原创短句与场景模板,[],想象你也在这个场景里。用 agency 说一句自己的话。
ages,PET,3,年龄（age 的复数）；很长时间（口语）,n pl.,日常沟通,The children are of different ages.,孩子们的年龄各不相同。,[],结合常用释义整体记忆。先听老师读，再用自己的生活场景解释。,0,,https://www.cambridgeenglish.org/images/506887-b1-preliminary-vocabulary-list.pdf,,常用义教学修订；原词典见 ECDICT-LICENSE.txt,offline-materials,ages,authored,ages · 单词里的小故事,小乐和朋友交换今天的小发现。孩子们的年龄各不相同。小乐说：“The children are of different ages.”朋友听懂了，也想起自己遇到过的事。,,The children are of different __________.,ages,孩子们的年龄各不相同。,context,2026-09-v2,本地预制课堂素材；原创短句与场景模板,[],想象你也在这个场景里。用 ages 说一句自己的话。
ahead,PET,1,领先；预先；向前,adv.,日常沟通,Look at the road ahead.,看看前面的路。,[],结合常用释义整体记忆。先听老师读，再用自己的生活场景解释。,0,,https://www.cambridgeenglish.org/images/506887-b1-preliminary-vocabulary-list.pdf,ә'hed,https://github.com/skywind3000/ECDICT,offline-materials,ahead,authored,ahead · 单词里的小故事,小乐和朋友交换今天的小发现。看看前面的路。小乐说：“Look at the road ahead.”朋友听懂了，也想起自己遇到过的事。,,Look at the road __________.,ahead,看看前面的路。,context,2026-09-v2,本地预制课堂素材；原创短句与场景模板,[],想象你也在这个场景里。用 ahead 说一句自己的话。
aim,PET,1,目标；瞄准；击中目标的能力,n; v.,日常沟通,We talked about the aim today.,我们今天谈到了目标。,[],结合常用释义整体记忆。先听老师读，再用自己的生活场景解释。,0,,https://www.cambridgeenglish.org/images/506887-b1-preliminary-vocabulary-list.pdf,eim,https://github.com/skywind3000/ECDICT,offline-materials,aim,discussion,aim · 单词里的小故事,小乐和朋友聊起今天的一件事。我们今天谈到了目标。小乐说：“We talked about the aim today.”朋友听懂了，也想起自己遇到过的事。,,We talked about the __________ today.,aim,我们今天谈到了目标。,context,2026-09-v2,本地预制课堂素材；原创短句与场景模板,[],想象你也在这个场景里。用 aim 说一句自己的话。
air conditioning,PET,3,空调；空气调节,n.,日常沟通,This room has air conditioning.,这个房间有空调。,[],结合常用释义整体记忆。先听老师读，再用自己的生活场景解释。,0,,https://www.cambridgeenglish.org/images/506887-b1-preliminary-vocabulary-list.pdf,,常用义教学修订；原词典见 ECDICT-LICENSE.txt,offline-materials,air conditioning,authored,air conditioning · 单词里的小故事,小乐和朋友交换今天的小发现。这个房间有空调。小乐说：“This room has air conditioning.”朋友听懂了，也想起自己遇到过的事。,,This room has __________.,air conditioning,这个房间有空调。,context,2026-09-v2,本地预制课堂素材；原创短句与场景模板,[],想象你也在这个场景里。用 air conditioning 说一句自己的话。
air force,PET,3,空军；美国航空队,n.,日常沟通,He wants to join the air force.,他想加入空军。,[],结合常用释义整体记忆。先听老师读，再用自己的生活场景解释。,0,,https://www.cambridgeenglish.org/images/506887-b1-preliminary-vocabulary-list.pdf,,https://github.com/skywind3000/ECDICT,offline-materials,air force,authored,air force · 单词里的小故事,小乐和朋友交换今天的小发现。他想加入空军。小乐说：“He wants to join the air force.”朋友听懂了，也想起自己遇到过的事。,,He wants to join the __________.,air force,他想加入空军。,context,2026-09-v2,本地预制课堂素材；原创短句与场景模板,[],想象你也在这个场景里。用 air force 说一句自己的话。
airline,PET,2,航线；航线的设备；航空公司,n.,日常沟通,Look at the airline in this picture.,看看这张图片中的航线。,"[{""text"": ""air"", ""kind"": ""compound"", ""meaning"": ""空中""}, {""text"": ""line"", ""kind"": ""compound"", ""meaning"": ""路线""}]",两个已有成分组合成一个词。结合它们的意思理解整体词义，但不要把这种现代拆分当作完整的历史词源。,0,,https://www.cambridgeenglish.org/images/506887-b1-preliminary-vocabulary-list.pdf,'єәlain,https://github.com/skywind3000/ECDICT,offline-materials,airline,transport,airline · 单词里的小故事,小乐和朋友观察一张出行图片，轮流指出里面的东西。看看这张图片中的航线。小乐说：“Look at the airline in this picture.”朋友听懂了，也想起自己遇到过的事。,,Look at the __________ in this picture.,airline,看看这张图片中的航线。,context,2026-09-v2,本地预制课堂素材；原创短句与场景模板,[],想象你也在这个场景里。用 airline 说一句自己的话。
alarm,PET,2,惊恐；警报；警钟,n.,日常沟通,We need the alarm today.,我们今天需要惊恐。,[],结合常用释义整体记忆。先听老师读，再用自己的生活场景解释。,0,,https://www.cambridgeenglish.org/images/506887-b1-preliminary-vocabulary-list.pdf,ә'lɑ:m,https://github.com/skywind3000/ECDICT,offline-materials,alarm,equipment,alarm · 单词里的小故事,班级活动开始前，小乐负责核对需要的东西。我们今天需要惊恐。小乐说：“We need the alarm today.”朋友听懂了，也想起自己遇到过的事。,,We need the __________ today.,alarm,我们今天需要惊恐。,context,2026-09-v2,本地预制课堂素材；原创短句与场景模板,[],想象你也在这个场景里。用 alarm 说一句自己的话。
alike,PET,2,一样；以同样的方式,adv.,日常沟通,The two bags look alike.,这两个包看起来很像。,[],结合常用释义整体记忆。先听老师读，再用自己的生活场景解释。,0,,https://www.cambridgeenglish.org/images/506887-b1-preliminary-vocabulary-list.pdf,ә'laik,https://github.com/skywind3000/ECDICT,offline-materials,alike,authored,alike · 单词里的小故事,小乐和朋友交换今天的小发现。这两个包看起来很像。小乐说：“The two bags look alike.”朋友听懂了，也想起自己遇到过的事。,,The two bags look __________.,alike,这两个包看起来很像。,context,2026-09-v2,本地预制课堂素材；原创短句与场景模板,[],想象你也在这个场景里。用 alike 说一句自己的话。
alive,PET,2,活着的；活泼的；敏感的,adj.,日常沟通,The person in the story is alive.,故事里的那个人是活着的。,[],结合常用释义整体记忆。先听老师读，再用自己的生活场景解释。,0,,https://www.cambridgeenglish.org/images/506887-b1-preliminary-vocabulary-list.pdf,ә'laiv,https://github.com/skywind3000/ECDICT,offline-materials,alive,person-quality,alive · 单词里的小故事,同学们在给故事人物选词卡，小乐找到了合适的一张。故事里的那个人是活着的。小乐说：“The person in the story is alive.”朋友听懂了，也想起自己遇到过的事。,,The person in the story is __________.,alive,故事里的那个人是活着的。,context,2026-09-v2,本地预制课堂素材；原创短句与场景模板,[],想象你也在这个场景里。用 alive 说一句自己的话。
aloud,PET,2,出声地；大声地,adv.,日常沟通,Please read the story aloud.,请大声读这个故事。,[],结合常用释义整体记忆。先听老师读，再用自己的生活场景解释。,0,,https://www.cambridgeenglish.org/images/506887-b1-preliminary-vocabulary-list.pdf,ә'laud,https://github.com/skywind3000/ECDICT,offline-materials,aloud,authored,aloud · 单词里的小故事,小乐和朋友交换今天的小发现。请大声读这个故事。小乐说：“Please read the story aloud.”朋友听懂了，也想起自己遇到过的事。,,Please read the story __________.,aloud,请大声读这个故事。,context,2026-09-v2,本地预制课堂素材；原创短句与场景模板,[],想象你也在这个场景里。用 aloud 说一句自己的话。
alphabet,PET,3,字母,n.,日常沟通,We learn about alphabet at school.,我们在学校学习字母。,[],结合常用释义整体记忆。先听老师读，再用自己的生活场景解释。,0,,https://www.cambridgeenglish.org/images/506887-b1-preliminary-vocabulary-list.pdf,'ælfәbit,https://github.com/skywind3000/ECDICT,offline-materials,alphabet,school,alphabet · 单词里的小故事,小乐把今天在学校学到的内容讲给家人听。我们在学校学习字母。小乐说：“We learn about alphabet at school.”朋友听懂了，也想起自己遇到过的事。,,We learn about __________ at school.,alphabet,我们在学校学习字母。,context,2026-09-v2,本地预制课堂素材；原创短句与场景模板,[],想象你也在这个场景里。用 alphabet 说一句自己的话。
altogether,PET,2,完全地；总而言之,adv.,日常沟通,There are ten children altogether.,一共有十个孩子。,[],结合常用释义整体记忆。先听老师读，再用自己的生活场景解释。,0,,https://www.cambridgeenglish.org/images/506887-b1-preliminary-vocabulary-list.pdf,.ɒ:ltә'geðә,https://github.com/skywind3000/ECDICT,offline-materials,altogether,authored,altogether · 单词里的小故事,小乐和朋友交换今天的小发现。一共有十个孩子。小乐说：“There are ten children altogether.”朋友听懂了，也想起自己遇到过的事。,,There are ten children __________.,altogether,一共有十个孩子。,context,2026-09-v2,本地预制课堂素材；原创短句与场景模板,[],想象你也在这个场景里。用 altogether 说一句自己的话。
ambition,PET,2,野心；志向,n.,日常沟通,We talked about the ambition today.,我们今天谈到了野心。,[],结合常用释义整体记忆。先听老师读，再用自己的生活场景解释。,0,,https://www.cambridgeenglish.org/images/506887-b1-preliminary-vocabulary-list.pdf,æm'biʃәn,https://github.com/skywind3000/ECDICT,offline-materials,ambition,discussion,ambition · 单词里的小故事,小乐和朋友聊起今天的一件事。我们今天谈到了野心。小乐说：“We talked about the ambition today.”朋友听懂了，也想起自己遇到过的事。,,We talked about the __________ today.,ambition,我们今天谈到了野心。,context,2026-09-v2,本地预制课堂素材；原创短句与场景模板,[],想象你也在这个场景里。用 ambition 说一句自己的话。
amount,PET,1,总数；总额,n.,日常沟通,We need a small amount of water.,我们需要少量水。,[],结合常用释义整体记忆。先听老师读，再用自己的生活场景解释。,0,,https://www.cambridgeenglish.org/images/506887-b1-preliminary-vocabulary-list.pdf,ә'maunt,https://github.com/skywind3000/ECDICT,offline-materials,amount,authored,amount · 单词里的小故事,小乐和朋友交换今天的小发现。我们需要少量水。小乐说：“We need a small amount of water.”朋友听懂了，也想起自己遇到过的事。,,We need a small __________ of water.,amount,我们需要少量水。,context,2026-09-v2,本地预制课堂素材；原创短句与场景模板,[],想象你也在这个场景里。用 amount 说一句自己的话。
amusing,PET,2,有趣的；引人发笑的,adj.,日常沟通,It is an amusing story.,这是一个有趣的故事。,[],结合常用释义整体记忆。先听老师读，再用自己的生活场景解释。,0,,https://www.cambridgeenglish.org/images/506887-b1-preliminary-vocabulary-list.pdf,ә'mju:ziŋ,https://github.com/skywind3000/ECDICT,offline-materials,amusing,story-quality,amusing · 单词里的小故事,读完一本故事书，小乐想用一句话向朋友介绍它。这是一个有趣的故事。小乐说：“It is an amusing story.”朋友听懂了，也想起自己遇到过的事。,,It is an __________ story.,amusing,这是一个有趣的故事。,context,2026-09-v2,本地预制课堂素材；原创短句与场景模板,[],想象你也在这个场景里。用 amusing 说一句自己的话。
ancient,PET,1,古代的；古老的；年老的,adj.,日常沟通,It is an ancient story.,这是一个古代的故事。,[],结合常用释义整体记忆。先听老师读，再用自己的生活场景解释。,0,,https://www.cambridgeenglish.org/images/506887-b1-preliminary-vocabulary-list.pdf,'einʃәnt,https://github.com/skywind3000/ECDICT,offline-materials,ancient,story-quality,ancient · 单词里的小故事,读完一本故事书，小乐想用一句话向朋友介绍它。这是一个古代的故事。小乐说：“It is an ancient story.”朋友听懂了，也想起自己遇到过的事。,,It is an __________ story.,ancient,这是一个古代的故事。,context,2026-09-v2,本地预制课堂素材；原创短句与场景模板,[],想象你也在这个场景里。用 ancient 说一句自己的话。
ankle,PET,2,踝,n.,日常沟通,We learn about the ankle at school.,我们在学校了解踝。,[],结合常用释义整体记忆。先听老师读，再用自己的生活场景解释。,0,,https://www.cambridgeenglish.org/images/506887-b1-preliminary-vocabulary-list.pdf,'æŋkl,https://github.com/skywind3000/ECDICT,offline-materials,ankle,body,ankle · 单词里的小故事,小乐在课堂上做一张认识自己的知识卡。我们在学校了解踝。小乐说：“We learn about the ankle at school.”朋友听懂了，也想起自己遇到过的事。,,We learn about the __________ at school.,ankle,我们在学校了解踝。,context,2026-09-v2,本地预制课堂素材；原创短句与场景模板,[],想象你也在这个场景里。用 ankle 说一句自己的话。
anniversary,PET,2,周年纪念,n.,日常沟通,We talked about the anniversary today.,我们今天谈到了周年纪念。,[],结合常用释义整体记忆。先听老师读，再用自己的生活场景解释。,0,,https://www.cambridgeenglish.org/images/506887-b1-preliminary-vocabulary-list.pdf,æni'vә:sәri,https://github.com/skywind3000/ECDICT,offline-materials,anniversary,discussion,anniversary · 单词里的小故事,小乐和朋友聊起今天的一件事。我们今天谈到了周年纪念。小乐说：“We talked about the anniversary today.”朋友听懂了，也想起自己遇到过的事。,,We talked about the __________ today.,anniversary,我们今天谈到了周年纪念。,context,2026-09-v2,本地预制课堂素材；原创短句与场景模板,[],想象你也在这个场景里。用 anniversary 说一句自己的话。
announce,PET,1,宣布；声称；显示,v.,日常沟通,They will announce the result today.,他们今天会宣布结果。,"[{""text"": ""announce"", ""kind"": ""root"", ""meaning"": ""宣布""}]",这个词本身可以作为词基，与相关派生词联系起来理解。,0,,https://www.cambridgeenglish.org/images/506887-b1-preliminary-vocabulary-list.pdf,ә'nauns,https://github.com/skywind3000/ECDICT,offline-materials,announce,authored,announce · 单词里的小故事,小乐和朋友交换今天的小发现。他们今天会宣布结果。小乐说：“They will announce the result today.”朋友听懂了，也想起自己遇到过的事。,,They will __________ the result today.,announce,他们今天会宣布结果。,context,2026-09-v2,本地预制课堂素材；原创短句与场景模板,[],想象你也在这个场景里。用 announce 说一句自己的话。
announcement,PET,2,公告；发表；告知,n.,日常沟通,We talked about the announcement today.,我们今天谈到了公告。,"[{""text"": ""announce"", ""kind"": ""root"", ""meaning"": ""宣布""}, {""text"": ""-ment"", ""kind"": ""suffix"", ""meaning"": ""行为、结果或状态（构成名词）"", ""story"": ""-ment 经由法语进入英语，更早来自拉丁语 -mentum。它常给动作、结果或状态取名字。想象一个动作发生了，我们还想谈论这件事本身，这时就可能遇见它。"", ""source"": ""https://www.merriam-webster.com/dictionary/-ment""}]",先理解词基，再看词缀如何改变含义或词性。,0,,https://www.cambridgeenglish.org/images/506887-b1-preliminary-vocabulary-list.pdf,ә'naunsmәnt,https://github.com/skywind3000/ECDICT,offline-materials,announcement,discussion,announcement · 单词里的小故事,小乐和朋友聊起今天的一件事。我们今天谈到了公告。小乐说：“We talked about the announcement today.”朋友听懂了，也想起自己遇到过的事。,,We talked about the __________ today.,announcement,我们今天谈到了公告。,context,2026-09-v2,本地预制课堂素材；原创短句与场景模板,[],想象你也在这个场景里。用 announcement 说一句自己的话。
annoy,PET,3,使恼怒；骚扰,v.,日常沟通,Loud sounds annoy me.,很大的声音让我心烦。,[],结合常用释义整体记忆。先听老师读，再用自己的生活场景解释。,0,,https://www.cambridgeenglish.org/images/506887-b1-preliminary-vocabulary-list.pdf,ә'nɒi,https://github.com/skywind3000/ECDICT,offline-materials,annoy,authored,annoy · 单词里的小故事,小乐和朋友交换今天的小发现。很大的声音让我心烦。小乐说：“Loud sounds annoy me.”朋友听懂了，也想起自己遇到过的事。,,Loud sounds __________ me.,annoy,很大的声音让我心烦。,context,2026-09-v2,本地预制课堂素材；原创短句与场景模板,[],想象你也在这个场景里。用 annoy 说一句自己的话。
annoyed,PET,3,恼怒的；烦闷的,adj.,日常沟通,I feel annoyed today.,我今天感到恼怒的。,[],结合常用释义整体记忆。先听老师读，再用自己的生活场景解释。,0,,https://www.cambridgeenglish.org/images/506887-b1-preliminary-vocabulary-list.pdf,,https://github.com/skywind3000/ECDICT,offline-materials,annoyed,feeling,annoyed · 单词里的小故事,老师请大家用一个词说说今天的感受，小乐先举了手。我今天感到恼怒的。小乐说：“I feel annoyed today.”朋友听懂了，也想起自己遇到过的事。,,I feel __________ today.,annoyed,我今天感到恼怒的。,context,2026-09-v2,本地预制课堂素材；原创短句与场景模板,[],想象你也在这个场景里。用 annoyed 说一句自己的话。
annual,PET,1,每年的；一年一次的；全年的,adj.,日常沟通,We have an annual school party.,我们每年有一次学校聚会。,[],结合常用释义整体记忆。先听老师读，再用自己的生活场景解释。,0,,https://www.cambridgeenglish.org/images/506887-b1-preliminary-vocabulary-list.pdf,'ænjuәl,https://github.com/skywind3000/ECDICT,offline-materials,annual,authored,annual · 单词里的小故事,小乐和朋友交换今天的小发现。我们每年有一次学校聚会。小乐说：“We have an annual school party.”朋友听懂了，也想起自己遇到过的事。,,We have an __________ school party.,annual,我们每年有一次学校聚会。,context,2026-09-v2,本地预制课堂素材；原创短句与场景模板,[],想象你也在这个场景里。用 annual 说一句自己的话。
answerphone,PET,3,电话答录机,n.,日常沟通,We need the answerphone today.,我们今天需要电话答录机。,[],结合常用释义整体记忆。先听老师读，再用自己的生活场景解释。,0,,https://www.cambridgeenglish.org/images/506887-b1-preliminary-vocabulary-list.pdf,'ænsɚ'fon,https://github.com/skywind3000/ECDICT,offline-materials,answerphone,equipment,answerphone · 单词里的小故事,班级活动开始前，小乐负责核对需要的东西。我们今天需要电话答录机。小乐说：“We need the answerphone today.”朋友听懂了，也想起自己遇到过的事。,,We need the __________ today.,answerphone,我们今天需要电话答录机。,context,2026-09-v2,本地预制课堂素材；原创短句与场景模板,[],想象你也在这个场景里。用 answerphone 说一句自己的话。
ant,PET,2,蚂蚁,n.,日常沟通,We saw the ant in a picture.,我们在图片里看到了蚂蚁。,[],结合常用释义整体记忆。先听老师读，再用自己的生活场景解释。,0,,https://www.cambridgeenglish.org/images/506887-b1-preliminary-vocabulary-list.pdf,ænt,https://github.com/skywind3000/ECDICT,offline-materials,ant,animal,ant · 单词里的小故事,小乐翻开一本动物画册，在其中一页停了下来。我们在图片里看到了蚂蚁。小乐说：“We saw the ant in a picture.”朋友听懂了，也想起自己遇到过的事。,,We saw the __________ in a picture.,ant,我们在图片里看到了蚂蚁。,context,2026-09-v2,本地预制课堂素材；原创短句与场景模板,[],想象你也在这个场景里。用 ant 说一句自己的话。
antique,PET,2,古老的；古风的；旧式的,adj; n.,日常沟通,This is an antique clock.,这是一只古董钟。,[],结合常用释义整体记忆。先听老师读，再用自己的生活场景解释。,0,,https://www.cambridgeenglish.org/images/506887-b1-preliminary-vocabulary-list.pdf,æn'ti:k,https://github.com/skywind3000/ECDICT,offline-materials,antique,authored,antique · 单词里的小故事,小乐和朋友交换今天的小发现。这是一只古董钟。小乐说：“This is an antique clock.”朋友听懂了，也想起自己遇到过的事。,,This is an __________ clock.,antique,这是一只古董钟。,context,2026-09-v2,本地预制课堂素材；原创短句与场景模板,[],想象你也在这个场景里。用 antique 说一句自己的话。
anxious,PET,2,忧虑的；发愁的；渴望的,adj.,日常沟通,I feel anxious today.,我今天感到忧虑的。,[],结合常用释义整体记忆。先听老师读，再用自己的生活场景解释。,0,,https://www.cambridgeenglish.org/images/506887-b1-preliminary-vocabulary-list.pdf,'æŋʃәs,https://github.com/skywind3000/ECDICT,offline-materials,anxious,feeling,anxious · 单词里的小故事,老师请大家用一个词说说今天的感受，小乐先举了手。我今天感到忧虑的。小乐说：“I feel anxious today.”朋友听懂了，也想起自己遇到过的事。,,I feel __________ today.,anxious,我今天感到忧虑的。,context,2026-09-v2,本地预制课堂素材；原创短句与场景模板,[],想象你也在这个场景里。用 anxious 说一句自己的话。
apart,PET,2,成零碎；成距离；分别地,adv.,日常沟通,The two houses are far apart.,这两座房子相隔很远。,[],结合常用释义整体记忆。先听老师读，再用自己的生活场景解释。,0,,https://www.cambridgeenglish.org/images/506887-b1-preliminary-vocabulary-list.pdf,ә'pɑ:t,https://github.com/skywind3000/ECDICT,offline-materials,apart,authored,apart · 单词里的小故事,小乐和朋友交换今天的小发现。这两座房子相隔很远。小乐说：“The two houses are far apart.”朋友听懂了，也想起自己遇到过的事。,,The two houses are far __________.,apart,这两座房子相隔很远。,context,2026-09-v2,本地预制课堂素材；原创短句与场景模板,[],想象你也在这个场景里。用 apart 说一句自己的话。
apart from,PET,3,除了...之外,adv.,日常沟通,Everyone came apart from Tom.,除了汤姆，大家都来了。,[],结合常用释义整体记忆。先听老师读，再用自己的生活场景解释。,0,,https://www.cambridgeenglish.org/images/506887-b1-preliminary-vocabulary-list.pdf,,https://github.com/skywind3000/ECDICT,offline-materials,apart from,authored,apart from · 单词里的小故事,小乐和朋友交换今天的小发现。除了汤姆，大家都来了。小乐说：“Everyone came apart from Tom.”朋友听懂了，也想起自己遇到过的事。,,Everyone came __________ Tom.,apart from,除了汤姆，大家都来了。,context,2026-09-v2,本地预制课堂素材；原创短句与场景模板,[],想象你也在这个场景里。用 apart from 说一句自己的话。
apologise,PET,2,道歉（等于apologize）,v.,日常沟通,I want to apologise for being late.,我想为迟到道歉。,[],结合常用释义整体记忆。先听老师读，再用自己的生活场景解释。,0,,https://www.cambridgeenglish.org/images/506887-b1-preliminary-vocabulary-list.pdf,ә'pɔlәdʒaiz,https://github.com/skywind3000/ECDICT,offline-materials,apologise,authored,apologise · 单词里的小故事,小乐和朋友交换今天的小发现。我想为迟到道歉。小乐说：“I want to apologise for being late.”朋友听懂了，也想起自己遇到过的事。,,I want to __________ for being late.,apologise,我想为迟到道歉。,context,2026-09-v2,本地预制课堂素材；原创短句与场景模板,[],想象你也在这个场景里。用 apologise 说一句自己的话。
apology,PET,2,道歉；辩护,n.,日常沟通,We talked about the apology today.,我们今天谈到了道歉。,[],结合常用释义整体记忆。先听老师读，再用自己的生活场景解释。,0,,https://www.cambridgeenglish.org/images/506887-b1-preliminary-vocabulary-list.pdf,ә'pɒlәdʒi,https://github.com/skywind3000/ECDICT,offline-materials,apology,discussion,apology · 单词里的小故事,小乐和朋友聊起今天的一件事。我们今天谈到了道歉。小乐说：“We talked about the apology today.”朋友听懂了，也想起自己遇到过的事。,,We talked about the __________ today.,apology,我们今天谈到了道歉。,context,2026-09-v2,本地预制课堂素材；原创短句与场景模板,[],想象你也在这个场景里。用 apology 说一句自己的话。
appear,PET,1,出现；显得；来到,v.,日常沟通,Stars appear in the night sky.,星星出现在夜空中。,"[{""text"": ""appear"", ""kind"": ""root"", ""meaning"": ""出现""}]",这个词本身可以作为词基，与相关派生词联系起来理解。,0,,https://www.cambridgeenglish.org/images/506887-b1-preliminary-vocabulary-list.pdf,ә'piә,https://github.com/skywind3000/ECDICT,offline-materials,appear,authored,appear · 单词里的小故事,小乐和朋友交换今天的小发现。星星出现在夜空中。小乐说：“Stars appear in the night sky.”朋友听懂了，也想起自己遇到过的事。,,Stars __________ in the night sky.,appear,星星出现在夜空中。,context,2026-09-v2,本地预制课堂素材；原创短句与场景模板,[],想象你也在这个场景里。用 appear 说一句自己的话。
appearance,PET,1,外貌；出现,n.,日常沟通,We talked about the appearance today.,我们今天谈到了外貌。,[],结合常用释义整体记忆。先听老师读，再用自己的生活场景解释。,0,,https://www.cambridgeenglish.org/images/506887-b1-preliminary-vocabulary-list.pdf,ә'piәrәns,常用义教学修订；原词典见 ECDICT-LICENSE.txt,offline-materials,appearance,discussion,appearance · 单词里的小故事,小乐和朋友聊起今天的一件事。我们今天谈到了外貌。小乐说：“We talked about the appearance today.”朋友听懂了，也想起自己遇到过的事。,,We talked about the __________ today.,appearance,我们今天谈到了外貌。,context,2026-09-v2,本地预制课堂素材；原创短句与场景模板,[],想象你也在这个场景里。用 appearance 说一句自己的话。
application,PET,1,应用；申请；志愿书,n.,日常沟通,We talked about the application today.,我们今天谈到了应用。,[],结合常用释义整体记忆。先听老师读，再用自己的生活场景解释。,0,,https://www.cambridgeenglish.org/images/506887-b1-preliminary-vocabulary-list.pdf,.æpli'keiʃәn,https://github.com/skywind3000/ECDICT,offline-materials,application,discussion,application · 单词里的小故事,小乐和朋友聊起今天的一件事。我们今天谈到了应用。小乐说：“We talked about the application today.”朋友听懂了，也想起自己遇到过的事。,,We talked about the __________ today.,application,我们今天谈到了应用。,context,2026-09-v2,本地预制课堂素材；原创短句与场景模板,[],想象你也在这个场景里。用 application 说一句自己的话。
apply,PET,1,涂；应用,v.,日常沟通,I want to apply for this job.,我想申请这份工作。,[],结合常用释义整体记忆。先听老师读，再用自己的生活场景解释。,0,,https://www.cambridgeenglish.org/images/506887-b1-preliminary-vocabulary-list.pdf,ә'plai,https://github.com/skywind3000/ECDICT,offline-materials,apply,authored,apply · 单词里的小故事,小乐和朋友交换今天的小发现。我想申请这份工作。小乐说：“I want to apply for this job.”朋友听懂了，也想起自己遇到过的事。,,I want to __________ for this job.,apply,我想申请这份工作。,context,2026-09-v2,本地预制课堂素材；原创短句与场景模板,[],想象你也在这个场景里。用 apply 说一句自己的话。
approach,PET,1,接近；近似；找...商量,v.,日常沟通,Please approach the dog slowly.,请慢慢靠近那只狗。,[],结合常用释义整体记忆。先听老师读，再用自己的生活场景解释。,0,,https://www.cambridgeenglish.org/images/506887-b1-preliminary-vocabulary-list.pdf,ә'prәutʃ,https://github.com/skywind3000/ECDICT,offline-materials,approach,authored,approach · 单词里的小故事,小乐和朋友交换今天的小发现。请慢慢靠近那只狗。小乐说：“Please approach the dog slowly.”朋友听懂了，也想起自己遇到过的事。,,Please __________ the dog slowly.,approach,请慢慢靠近那只狗。,context,2026-09-v2,本地预制课堂素材；原创短句与场景模板,[],想象你也在这个场景里。用 approach 说一句自己的话。
approve,PET,1,赞同；核准；为...提供证据,v.,日常沟通,My parents approve of the plan.,我的父母赞成这个计划。,[],结合常用释义整体记忆。先听老师读，再用自己的生活场景解释。,0,,https://www.cambridgeenglish.org/images/506887-b1-preliminary-vocabulary-list.pdf,ә'pru:v,https://github.com/skywind3000/ECDICT,offline-materials,approve,authored,approve · 单词里的小故事,小乐和朋友交换今天的小发现。我的父母赞成这个计划。小乐说：“My parents approve of the plan.”朋友听懂了，也想起自己遇到过的事。,,My parents __________ of the plan.,approve,我的父母赞成这个计划。,context,2026-09-v2,本地预制课堂素材；原创短句与场景模板,[],想象你也在这个场景里。用 approve 说一句自己的话。
approximately,PET,2,大约；大致；近于,adv.,日常沟通,The trip takes approximately two hours.,这趟旅行大约需要两小时。,[],结合常用释义整体记忆。先听老师读，再用自己的生活场景解释。,0,,https://www.cambridgeenglish.org/images/506887-b1-preliminary-vocabulary-list.pdf,ә'prɒksimәtli,https://github.com/skywind3000/ECDICT,offline-materials,approximately,authored,approximately · 单词里的小故事,小乐和朋友交换今天的小发现。这趟旅行大约需要两小时。小乐说：“The trip takes approximately two hours.”朋友听懂了，也想起自己遇到过的事。,,The trip takes __________ two hours.,approximately,这趟旅行大约需要两小时。,context,2026-09-v2,本地预制课堂素材；原创短句与场景模板,[],想象你也在这个场景里。用 approximately 说一句自己的话。
architect,PET,2,建筑师；设计者；缔造者,n.,日常沟通,This story is about an architect.,这个故事讲的是一位建筑师。,[],结合常用释义整体记忆。先听老师读，再用自己的生活场景解释。,0,,https://www.cambridgeenglish.org/images/506887-b1-preliminary-vocabulary-list.pdf,'ɑ:kitekt,https://github.com/skywind3000/ECDICT,offline-materials,architect,person,architect · 单词里的小故事,读书会轮到小乐介绍故事里的一个人物。这个故事讲的是一位建筑师。小乐说：“This story is about an architect.”朋友听懂了，也想起自己遇到过的事。,,This story is about an __________.,architect,这个故事讲的是一位建筑师。,context,2026-09-v2,本地预制课堂素材；原创短句与场景模板,[],想象你也在这个场景里。用 architect 说一句自己的话。
architecture,PET,2,建筑学；建筑式样,n.,日常沟通,We talked about the architecture today.,我们今天谈到了建筑学。,[],结合常用释义整体记忆。先听老师读，再用自己的生活场景解释。,0,,https://www.cambridgeenglish.org/images/506887-b1-preliminary-vocabulary-list.pdf,'ɑ:kitektʃә,https://github.com/skywind3000/ECDICT,offline-materials,architecture,discussion,architecture · 单词里的小故事,小乐和朋友聊起今天的一件事。我们今天谈到了建筑学。小乐说：“We talked about the architecture today.”朋友听懂了，也想起自己遇到过的事。,,We talked about the __________ today.,architecture,我们今天谈到了建筑学。,context,2026-09-v2,本地预制课堂素材；原创短句与场景模板,[],想象你也在这个场景里。用 architecture 说一句自己的话。
argue,PET,1,提出理由；争论；辩论,v.,日常沟通,Please do not argue about the game.,请不要为这场游戏争吵。,[],结合常用释义整体记忆。先听老师读，再用自己的生活场景解释。,0,,https://www.cambridgeenglish.org/images/506887-b1-preliminary-vocabulary-list.pdf,'ɑ:gju,https://github.com/skywind3000/ECDICT,offline-materials,argue,authored,argue · 单词里的小故事,小乐和朋友交换今天的小发现。请不要为这场游戏争吵。小乐说：“Please do not argue about the game.”朋友听懂了，也想起自己遇到过的事。,,Please do not __________ about the game.,argue,请不要为这场游戏争吵。,context,2026-09-v2,本地预制课堂素材；原创短句与场景模板,[],想象你也在这个场景里。用 argue 说一句自己的话。
argument,PET,1,争论；论证；论据,n.,日常沟通,We talked about the argument today.,我们今天谈到了争论。,[],结合常用释义整体记忆。先听老师读，再用自己的生活场景解释。,0,,https://www.cambridgeenglish.org/images/506887-b1-preliminary-vocabulary-list.pdf,'ɑ:gjumәnt,https://github.com/skywind3000/ECDICT,offline-materials,argument,discussion,argument · 单词里的小故事,小乐和朋友聊起今天的一件事。我们今天谈到了争论。小乐说：“We talked about the argument today.”朋友听懂了，也想起自己遇到过的事。,,We talked about the __________ today.,argument,我们今天谈到了争论。,context,2026-09-v2,本地预制课堂素材；原创短句与场景模板,[],想象你也在这个场景里。用 argument 说一句自己的话。
arithmetic,PET,3,算术；算术知识,n.,日常沟通,We learn about arithmetic at school.,我们在学校学习算术。,[],结合常用释义整体记忆。先听老师读，再用自己的生活场景解释。,0,,https://www.cambridgeenglish.org/images/506887-b1-preliminary-vocabulary-list.pdf,ә'riθmәtik,https://github.com/skywind3000/ECDICT,offline-materials,arithmetic,school,arithmetic · 单词里的小故事,小乐把今天在学校学到的内容讲给家人听。我们在学校学习算术。小乐说：“We learn about arithmetic at school.”朋友听懂了，也想起自己遇到过的事。,,We learn about __________ at school.,arithmetic,我们在学校学习算术。,context,2026-09-v2,本地预制课堂素材；原创短句与场景模板,[],想象你也在这个场景里。用 arithmetic 说一句自己的话。
army,PET,1,军队,n.,日常沟通,We talked about the army today.,我们今天谈到了军队。,[],结合常用释义整体记忆。先听老师读，再用自己的生活场景解释。,0,,https://www.cambridgeenglish.org/images/506887-b1-preliminary-vocabulary-list.pdf,'ɑ:mi,常用义教学修订；原词典见 ECDICT-LICENSE.txt,offline-materials,army,discussion,army · 单词里的小故事,小乐和朋友聊起今天的一件事。我们今天谈到了军队。小乐说：“We talked about the army today.”朋友听懂了，也想起自己遇到过的事。,,We talked about the __________ today.,army,我们今天谈到了军队。,context,2026-09-v2,本地预制课堂素材；原创短句与场景模板,[],想象你也在这个场景里。用 army 说一句自己的话。
arrange,PET,1,安排；排列；达成协议,v.,日常沟通,We will arrange a time to meet.,我们会安排一个见面时间。,"[{""text"": ""arrange"", ""kind"": ""root"", ""meaning"": ""安排""}]",这个词本身可以作为词基，与相关派生词联系起来理解。,0,,https://www.cambridgeenglish.org/images/506887-b1-preliminary-vocabulary-list.pdf,ә'reindʒ,https://github.com/skywind3000/ECDICT,offline-materials,arrange,authored,arrange · 单词里的小故事,小乐和朋友交换今天的小发现。我们会安排一个见面时间。小乐说：“We will arrange a time to meet.”朋友听懂了，也想起自己遇到过的事。,,We will __________ a time to meet.,arrange,我们会安排一个见面时间。,context,2026-09-v2,本地预制课堂素材；原创短句与场景模板,[],想象你也在这个场景里。用 arrange 说一句自己的话。
arrangement,PET,1,安排,n.,日常沟通,Our travel arrangement is simple.,我们的旅行安排很简单。,"[{""text"": ""arrange"", ""kind"": ""root"", ""meaning"": ""安排""}, {""text"": ""-ment"", ""kind"": ""suffix"", ""meaning"": ""行为、结果或状态（构成名词）"", ""story"": ""-ment 经由法语进入英语，更早来自拉丁语 -mentum。它常给动作、结果或状态取名字。想象一个动作发生了，我们还想谈论这件事本身，这时就可能遇见它。"", ""source"": ""https://www.merriam-webster.com/dictionary/-ment""}]",先理解词基，再看词缀如何改变含义或词性。,0,,https://www.cambridgeenglish.org/images/506887-b1-preliminary-vocabulary-list.pdf,ә'reindʒmәnt,原创课堂释义与例句,offline-materials,arrangement,authored,arrangement · 单词里的小故事,小乐和朋友交换今天的小发现。我们的旅行安排很简单。小乐说：“Our travel arrangement is simple.”朋友听懂了，也想起自己遇到过的事。,,Our travel __________ is simple.,arrangement,我们的旅行安排很简单。,context,2026-09-v2,本地预制课堂素材；原创短句与场景模板,[],想象你也在这个场景里。用 arrangement 说一句自己的话。
arrest,PET,2,拘捕；抑制；吸引,v.,日常沟通,The police arrest the thief.,警察逮捕了小偷。,[],结合常用释义整体记忆。先听老师读，再用自己的生活场景解释。,0,,https://www.cambridgeenglish.org/images/506887-b1-preliminary-vocabulary-list.pdf,ә'rest,https://github.com/skywind3000/ECDICT,offline-materials,arrest,authored,arrest · 单词里的小故事,小乐和朋友交换今天的小发现。警察逮捕了小偷。小乐说：“The police arrest the thief.”朋友听懂了，也想起自己遇到过的事。,,The police __________ the thief.,arrest,警察逮捕了小偷。,context,2026-09-v2,本地预制课堂素材；原创短句与场景模板,[],想象你也在这个场景里。用 arrest 说一句自己的话。
arrival,PET,2,到达；抵达；到达者,n.,日常沟通,We talked about the arrival today.,我们今天谈到了到达。,[],结合常用释义整体记忆。先听老师读，再用自己的生活场景解释。,0,,https://www.cambridgeenglish.org/images/506887-b1-preliminary-vocabulary-list.pdf,ә'raivl,https://github.com/skywind3000/ECDICT,offline-materials,arrival,discussion,arrival · 单词里的小故事,小乐和朋友聊起今天的一件事。我们今天谈到了到达。小乐说：“We talked about the arrival today.”朋友听懂了，也想起自己遇到过的事。,,We talked about the __________ today.,arrival,我们今天谈到了到达。,context,2026-09-v2,本地预制课堂素材；原创短句与场景模板,[],想象你也在这个场景里。用 arrival 说一句自己的话。
ashamed,PET,2,惭愧的；羞耻的,adj.,日常沟通,I feel ashamed today.,我今天感到惭愧的。,[],结合常用释义整体记忆。先听老师读，再用自己的生活场景解释。,0,,https://www.cambridgeenglish.org/images/506887-b1-preliminary-vocabulary-list.pdf,ә'ʃeimd,https://github.com/skywind3000/ECDICT,offline-materials,ashamed,feeling,ashamed · 单词里的小故事,老师请大家用一个词说说今天的感受，小乐先举了手。我今天感到惭愧的。小乐说：“I feel ashamed today.”朋友听懂了，也想起自己遇到过的事。,,I feel __________ today.,ashamed,我今天感到惭愧的。,context,2026-09-v2,本地预制课堂素材；原创短句与场景模板,[],想象你也在这个场景里。用 ashamed 说一句自己的话。
asleep,PET,2,睡着的；长眠的；麻木的,adj.,日常沟通,The baby is asleep.,宝宝睡着了。,[],结合常用释义整体记忆。先听老师读，再用自己的生活场景解释。,0,,https://www.cambridgeenglish.org/images/506887-b1-preliminary-vocabulary-list.pdf,ә'sli:p,https://github.com/skywind3000/ECDICT,offline-materials,asleep,authored,asleep · 单词里的小故事,小乐和朋友交换今天的小发现。宝宝睡着了。小乐说：“The baby is asleep.”朋友听懂了，也想起自己遇到过的事。,,The baby is __________.,asleep,宝宝睡着了。,context,2026-09-v2,本地预制课堂素材；原创短句与场景模板,[],想象你也在这个场景里。用 asleep 说一句自己的话。
aspirin,PET,3,阿斯匹林,n.,日常沟通,We talked about the aspirin today.,我们今天谈到了阿斯匹林。,[],结合常用释义整体记忆。先听老师读，再用自己的生活场景解释。,0,,https://www.cambridgeenglish.org/images/506887-b1-preliminary-vocabulary-list.pdf,'æspәrin,https://github.com/skywind3000/ECDICT,offline-materials,aspirin,discussion,aspirin · 单词里的小故事,小乐和朋友聊起今天的一件事。我们今天谈到了阿斯匹林。小乐说：“We talked about the aspirin today.”朋友听懂了，也想起自己遇到过的事。,,We talked about the __________ today.,aspirin,我们今天谈到了阿斯匹林。,context,2026-09-v2,本地预制课堂素材；原创短句与场景模板,[],想象你也在这个场景里。用 aspirin 说一句自己的话。
assist,PET,2,帮助；促进,v.,日常沟通,Can you assist me with this box?,你能帮我搬这个箱子吗？,[],结合常用释义整体记忆。先听老师读，再用自己的生活场景解释。,0,,https://www.cambridgeenglish.org/images/506887-b1-preliminary-vocabulary-list.pdf,ә'sist,https://github.com/skywind3000/ECDICT,offline-materials,assist,authored,assist · 单词里的小故事,小乐和朋友交换今天的小发现。你能帮我搬这个箱子吗？小乐说：“Can you assist me with this box?”朋友听懂了，也想起自己遇到过的事。,,Can you __________ me with this box?,assist,你能帮我搬这个箱子吗？,context,2026-09-v2,本地预制课堂素材；原创短句与场景模板,[],想象你也在这个场景里。用 assist 说一句自己的话。
at first,PET,3,起先,prep phr.,日常沟通,"At first, I did not understand.",起初，我不明白。,[],结合常用释义整体记忆。先听老师读，再用自己的生活场景解释。,0,,https://www.cambridgeenglish.org/images/506887-b1-preliminary-vocabulary-list.pdf,,https://github.com/skywind3000/ECDICT,offline-materials,at first,authored,at first · 单词里的小故事,"小乐和朋友交换今天的小发现。起初，我不明白。小乐说：“At first, I did not understand.”朋友听懂了，也想起自己遇到过的事。",,"__________, I did not understand.",At first,起初，我不明白。,context,2026-09-v2,本地预制课堂素材；原创短句与场景模板,[],想象你也在这个场景里。用 at first 说一句自己的话。
at last,PET,3,终于,prep phr.,日常沟通,"At last, we found the key.",我们终于找到了钥匙。,[],结合常用释义整体记忆。先听老师读，再用自己的生活场景解释。,0,,https://www.cambridgeenglish.org/images/506887-b1-preliminary-vocabulary-list.pdf,,https://github.com/skywind3000/ECDICT,offline-materials,at last,authored,at last · 单词里的小故事,"小乐和朋友交换今天的小发现。我们终于找到了钥匙。小乐说：“At last, we found the key.”朋友听懂了，也想起自己遇到过的事。",,"__________, we found the key.",At last,我们终于找到了钥匙。,context,2026-09-v2,本地预制课堂素材；原创短句与场景模板,[],想象你也在这个场景里。用 at last 说一句自己的话。
at least,PET,3,至少,prep phr.,日常沟通,Please read at least one page.,请至少读一页。,[],结合常用释义整体记忆。先听老师读，再用自己的生活场景解释。,0,,https://www.cambridgeenglish.org/images/506887-b1-preliminary-vocabulary-list.pdf,,https://github.com/skywind3000/ECDICT,offline-materials,at least,authored,at least · 单词里的小故事,小乐和朋友交换今天的小发现。请至少读一页。小乐说：“Please read at least one page.”朋友听懂了，也想起自己遇到过的事。,,Please read __________ one page.,at least,请至少读一页。,context,2026-09-v2,本地预制课堂素材；原创短句与场景模板,[],想象你也在这个场景里。用 at least 说一句自己的话。
at once,PET,3,立刻,prep phr.,日常沟通,Please come at once.,请马上来。,[],结合常用释义整体记忆。先听老师读，再用自己的生活场景解释。,0,,https://www.cambridgeenglish.org/images/506887-b1-preliminary-vocabulary-list.pdf,,https://github.com/skywind3000/ECDICT,offline-materials,at once,authored,at once · 单词里的小故事,小乐和朋友交换今天的小发现。请马上来。小乐说：“Please come at once.”朋友听懂了，也想起自己遇到过的事。,,Please come __________.,at once,请马上来。,context,2026-09-v2,本地预制课堂素材；原创短句与场景模板,[],想象你也在这个场景里。用 at once 说一句自己的话。
at present,PET,3,现在；目前,prep phr.,日常沟通,I am busy at present.,我目前很忙。,[],结合常用释义整体记忆。先听老师读，再用自己的生活场景解释。,0,,https://www.cambridgeenglish.org/images/506887-b1-preliminary-vocabulary-list.pdf,,https://github.com/skywind3000/ECDICT,offline-materials,at present,authored,at present · 单词里的小故事,小乐和朋友交换今天的小发现。我目前很忙。小乐说：“I am busy at present.”朋友听懂了，也想起自己遇到过的事。,,I am busy __________.,at present,我目前很忙。,context,2026-09-v2,本地预制课堂素材；原创短句与场景模板,[],想象你也在这个场景里。用 at present 说一句自己的话。
at the same time,PET,3,同时；但是,prep phr.,日常沟通,We both spoke at the same time.,我们俩同时说了话。,[],结合常用释义整体记忆。先听老师读，再用自己的生活场景解释。,0,,https://www.cambridgeenglish.org/images/506887-b1-preliminary-vocabulary-list.pdf,,https://github.com/skywind3000/ECDICT,offline-materials,at the same time,authored,at the same time · 单词里的小故事,小乐和朋友交换今天的小发现。我们俩同时说了话。小乐说：“We both spoke at the same time.”朋友听懂了，也想起自己遇到过的事。,,We both spoke __________.,at the same time,我们俩同时说了话。,context,2026-09-v2,本地预制课堂素材；原创短句与场景模板,[],想象你也在这个场景里。用 at the same time 说一句自己的话。
athlete,PET,2,运动员；运动选手,n.,日常沟通,This story is about an athlete.,这个故事讲的是一位运动员。,[],结合常用释义整体记忆。先听老师读，再用自己的生活场景解释。,0,,https://www.cambridgeenglish.org/images/506887-b1-preliminary-vocabulary-list.pdf,'æθli:t,https://github.com/skywind3000/ECDICT,offline-materials,athlete,person,athlete · 单词里的小故事,读书会轮到小乐介绍故事里的一个人物。这个故事讲的是一位运动员。小乐说：“This story is about an athlete.”朋友听懂了，也想起自己遇到过的事。,,This story is about an __________.,athlete,这个故事讲的是一位运动员。,context,2026-09-v2,本地预制课堂素材；原创短句与场景模板,[],想象你也在这个场景里。用 athlete 说一句自己的话。
athletics,PET,3,体育运动,n.,日常沟通,I want to learn more about athletics.,我想多了解一些体育运动。,[],结合常用释义整体记忆。先听老师读，再用自己的生活场景解释。,0,,https://www.cambridgeenglish.org/images/506887-b1-preliminary-vocabulary-list.pdf,æθ'letiks,https://github.com/skywind3000/ECDICT,offline-materials,athletics,activity,athletics · 单词里的小故事,班级要举办兴趣日，小乐选了自己想了解的活动。我想多了解一些体育运动。小乐说：“I want to learn more about athletics.”朋友听懂了，也想起自己遇到过的事。,,I want to learn more about __________.,athletics,我想多了解一些体育运动。,context,2026-09-v2,本地预制课堂素材；原创短句与场景模板,[],想象你也在这个场景里。用 athletics 说一句自己的话。
atmosphere,PET,1,大气；空气；气氛,n.,日常沟通,We talked about the atmosphere today.,我们今天谈到了大气。,[],结合常用释义整体记忆。先听老师读，再用自己的生活场景解释。,0,,https://www.cambridgeenglish.org/images/506887-b1-preliminary-vocabulary-list.pdf,'ætmәsfiә,https://github.com/skywind3000/ECDICT,offline-materials,atmosphere,discussion,atmosphere · 单词里的小故事,小乐和朋友聊起今天的一件事。我们今天谈到了大气。小乐说：“We talked about the atmosphere today.”朋友听懂了，也想起自己遇到过的事。,,We talked about the __________ today.,atmosphere,我们今天谈到了大气。,context,2026-09-v2,本地预制课堂素材；原创短句与场景模板,[],想象你也在这个场景里。用 atmosphere 说一句自己的话。
attach,PET,1,附上；使依附；使附属,v.,日常沟通,Attach your name to the bag.,把你的名字贴在包上。,[],结合常用释义整体记忆。先听老师读，再用自己的生活场景解释。,0,,https://www.cambridgeenglish.org/images/506887-b1-preliminary-vocabulary-list.pdf,ә'tætʃ,https://github.com/skywind3000/ECDICT,offline-materials,attach,authored,attach · 单词里的小故事,小乐和朋友交换今天的小发现。把你的名字贴在包上。小乐说：“Attach your name to the bag.”朋友听懂了，也想起自己遇到过的事。,,__________ your name to the bag.,Attach,把你的名字贴在包上。,context,2026-09-v2,本地预制课堂素材；原创短句与场景模板,[],想象你也在这个场景里。用 attach 说一句自己的话。
attack,PET,1,攻击；抨击,n; v.,日常沟通,We talked about the attack today.,我们今天谈到了攻击。,[],结合常用释义整体记忆。先听老师读，再用自己的生活场景解释。,0,,https://www.cambridgeenglish.org/images/506887-b1-preliminary-vocabulary-list.pdf,ә'tæk,https://github.com/skywind3000/ECDICT,offline-materials,attack,discussion,attack · 单词里的小故事,小乐和朋友聊起今天的一件事。我们今天谈到了攻击。小乐说：“We talked about the attack today.”朋友听懂了，也想起自己遇到过的事。,,We talked about the __________ today.,attack,我们今天谈到了攻击。,context,2026-09-v2,本地预制课堂素材；原创短句与场景模板,[],想象你也在这个场景里。用 attack 说一句自己的话。
attempt,PET,1,尝试；企图,v.,日常沟通,We will attempt to climb the hill.,我们会尝试爬上这座山。,[],结合常用释义整体记忆。先听老师读，再用自己的生活场景解释。,0,,https://www.cambridgeenglish.org/images/506887-b1-preliminary-vocabulary-list.pdf,ә'tempt,https://github.com/skywind3000/ECDICT,offline-materials,attempt,authored,attempt · 单词里的小故事,小乐和朋友交换今天的小发现。我们会尝试爬上这座山。小乐说：“We will attempt to climb the hill.”朋友听懂了，也想起自己遇到过的事。,,We will __________ to climb the hill.,attempt,我们会尝试爬上这座山。,context,2026-09-v2,本地预制课堂素材；原创短句与场景模板,[],想象你也在这个场景里。用 attempt 说一句自己的话。
attend,PET,1,参加；照料；伴随,v.,日常沟通,I attend a music class every week.,我每周参加一节音乐课。,[],结合常用释义整体记忆。先听老师读，再用自己的生活场景解释。,0,,https://www.cambridgeenglish.org/images/506887-b1-preliminary-vocabulary-list.pdf,ә'tend,https://github.com/skywind3000/ECDICT,offline-materials,attend,authored,attend · 单词里的小故事,小乐和朋友交换今天的小发现。我每周参加一节音乐课。小乐说：“I attend a music class every week.”朋友听懂了，也想起自己遇到过的事。,,I __________ a music class every week.,attend,我每周参加一节音乐课。,context,2026-09-v2,本地预制课堂素材；原创短句与场景模板,[],想象你也在这个场景里。用 attend 说一句自己的话。
attention,PET,1,注意,n.,日常沟通,We talked about the attention today.,我们今天谈到了注意。,[],结合常用释义整体记忆。先听老师读，再用自己的生活场景解释。,0,,https://www.cambridgeenglish.org/images/506887-b1-preliminary-vocabulary-list.pdf,ә'tenʃәn,常用义教学修订；原词典见 ECDICT-LICENSE.txt,offline-materials,attention,discussion,attention · 单词里的小故事,小乐和朋友聊起今天的一件事。我们今天谈到了注意。小乐说：“We talked about the attention today.”朋友听懂了，也想起自己遇到过的事。,,We talked about the __________ today.,attention,我们今天谈到了注意。,context,2026-09-v2,本地预制课堂素材；原创短句与场景模板,[],想象你也在这个场景里。用 attention 说一句自己的话。
attitude,PET,1,态度,n.,日常沟通,We talked about the attitude today.,我们今天谈到了态度。,[],结合常用释义整体记忆。先听老师读，再用自己的生活场景解释。,0,,https://www.cambridgeenglish.org/images/506887-b1-preliminary-vocabulary-list.pdf,'ætitju:d,常用义教学修订；原词典见 ECDICT-LICENSE.txt,offline-materials,attitude,discussion,attitude · 单词里的小故事,小乐和朋友聊起今天的一件事。我们今天谈到了态度。小乐说：“We talked about the attitude today.”朋友听懂了，也想起自己遇到过的事。,,We talked about the __________ today.,attitude,我们今天谈到了态度。,context,2026-09-v2,本地预制课堂素材；原创短句与场景模板,[],想象你也在这个场景里。用 attitude 说一句自己的话。
attract,PET,1,吸引；诱惑,v.,日常沟通,Bright flowers attract bees.,鲜艳的花吸引蜜蜂。,[],结合常用释义整体记忆。先听老师读，再用自己的生活场景解释。,0,,https://www.cambridgeenglish.org/images/506887-b1-preliminary-vocabulary-list.pdf,ә'trækt,https://github.com/skywind3000/ECDICT,offline-materials,attract,authored,attract · 单词里的小故事,小乐和朋友交换今天的小发现。鲜艳的花吸引蜜蜂。小乐说：“Bright flowers attract bees.”朋友听懂了，也想起自己遇到过的事。,,Bright flowers __________ bees.,attract,鲜艳的花吸引蜜蜂。,context,2026-09-v2,本地预制课堂素材；原创短句与场景模板,[],想象你也在这个场景里。用 attract 说一句自己的话。
attraction,PET,2,有吸引力的事物；景点,n.,日常沟通,We talked about the attraction today.,我们今天谈到了有吸引力的事物。,[],结合常用释义整体记忆。先听老师读，再用自己的生活场景解释。,0,,https://www.cambridgeenglish.org/images/506887-b1-preliminary-vocabulary-list.pdf,ә'trækʃәn,常用义教学修订；原词典见 ECDICT-LICENSE.txt,offline-materials,attraction,discussion,attraction · 单词里的小故事,小乐和朋友聊起今天的一件事。我们今天谈到了有吸引力的事物。小乐说：“We talked about the attraction today.”朋友听懂了，也想起自己遇到过的事。,,We talked about the __________ today.,attraction,我们今天谈到了有吸引力的事物。,context,2026-09-v2,本地预制课堂素材；原创短句与场景模板,[],想象你也在这个场景里。用 attraction 说一句自己的话。
audience,PET,1,听众；观众；读者,n.,日常沟通,We talked about the audience today.,我们今天谈到了听众。,[],结合常用释义整体记忆。先听老师读，再用自己的生活场景解释。,0,,https://www.cambridgeenglish.org/images/506887-b1-preliminary-vocabulary-list.pdf,'ɒ:diәns,https://github.com/skywind3000/ECDICT,offline-materials,audience,discussion,audience · 单词里的小故事,小乐和朋友聊起今天的一件事。我们今天谈到了听众。小乐说：“We talked about the audience today.”朋友听懂了，也想起自己遇到过的事。,,We talked about the __________ today.,audience,我们今天谈到了听众。,context,2026-09-v2,本地预制课堂素材；原创短句与场景模板,[],想象你也在这个场景里。用 audience 说一句自己的话。
author,PET,1,作家；作家的著作；创始人,n.,日常沟通,This story is about an author.,这个故事讲的是一位作家。,[],结合常用释义整体记忆。先听老师读，再用自己的生活场景解释。,0,,https://www.cambridgeenglish.org/images/506887-b1-preliminary-vocabulary-list.pdf,'ɒ:θә,https://github.com/skywind3000/ECDICT,offline-materials,author,person,author · 单词里的小故事,读书会轮到小乐介绍故事里的一个人物。这个故事讲的是一位作家。小乐说：“This story is about an author.”朋友听懂了，也想起自己遇到过的事。,,This story is about an __________.,author,这个故事讲的是一位作家。,context,2026-09-v2,本地预制课堂素材；原创短句与场景模板,[],想象你也在这个场景里。用 author 说一句自己的话。
average,PET,1,平均的；平均数,adj; n.,日常沟通,The average age is ten.,平均年龄是十岁。,[],结合常用释义整体记忆。先听老师读，再用自己的生活场景解释。,0,,https://www.cambridgeenglish.org/images/506887-b1-preliminary-vocabulary-list.pdf,'ævәridʒ,常用义教学修订；原词典见 ECDICT-LICENSE.txt,offline-materials,average,authored,average · 单词里的小故事,小乐和朋友交换今天的小发现。平均年龄是十岁。小乐说：“The average age is ten.”朋友听懂了，也想起自己遇到过的事。,,The __________ age is ten.,average,平均年龄是十岁。,context,2026-09-v2,本地预制课堂素材；原创短句与场景模板,[],想象你也在这个场景里。用 average 说一句自己的话。
avoid,PET,1,避免；防止；撤消,v.,日常沟通,We leave early to avoid the crowds.,我们早出发以避开人群。,[],结合常用释义整体记忆。先听老师读，再用自己的生活场景解释。,0,,https://www.cambridgeenglish.org/images/506887-b1-preliminary-vocabulary-list.pdf,ә'vɒid,https://github.com/skywind3000/ECDICT,offline-materials,avoid,authored,avoid · 单词里的小故事,小乐和朋友交换今天的小发现。我们早出发以避开人群。小乐说：“We leave early to avoid the crowds.”朋友听懂了，也想起自己遇到过的事。,,We leave early to __________ the crowds.,avoid,我们早出发以避开人群。,context,2026-09-v2,本地预制课堂素材；原创短句与场景模板,[],想象你也在这个场景里。用 avoid 说一句自己的话。
awake,PET,2,醒着的,adj.,日常沟通,The person in the story is awake.,故事里的那个人是醒着的。,[],结合常用释义整体记忆。先听老师读，再用自己的生活场景解释。,0,,https://www.cambridgeenglish.org/images/506887-b1-preliminary-vocabulary-list.pdf,ә'weik,https://github.com/skywind3000/ECDICT,offline-materials,awake,person-quality,awake · 单词里的小故事,同学们在给故事人物选词卡，小乐找到了合适的一张。故事里的那个人是醒着的。小乐说：“The person in the story is awake.”朋友听懂了，也想起自己遇到过的事。,,The person in the story is __________.,awake,故事里的那个人是醒着的。,context,2026-09-v2,本地预制课堂素材；原创短句与场景模板,[],想象你也在这个场景里。用 awake 说一句自己的话。
babysit,PET,3,(代人临时)照看婴孩,v.,日常沟通,Can you babysit my little sister?,你能照看一下我的小妹妹吗？,[],结合常用释义整体记忆。先听老师读，再用自己的生活场景解释。,0,,https://www.cambridgeenglish.org/images/506887-b1-preliminary-vocabulary-list.pdf,,https://github.com/skywind3000/ECDICT,offline-materials,babysit,authored,babysit · 单词里的小故事,小乐和朋友交换今天的小发现。你能照看一下我的小妹妹吗？小乐说：“Can you babysit my little sister?”朋友听懂了，也想起自己遇到过的事。,,Can you __________ my little sister?,babysit,你能照看一下我的小妹妹吗？,context,2026-09-v2,本地预制课堂素材；原创短句与场景模板,[],想象你也在这个场景里。用 babysit 说一句自己的话。
babysitter,PET,3,临时照顾幼儿者,n.,日常沟通,This story is about a babysitter.,这个故事讲的是一位临时照顾幼儿者。,[],结合常用释义整体记忆。先听老师读，再用自己的生活场景解释。,0,,https://www.cambridgeenglish.org/images/506887-b1-preliminary-vocabulary-list.pdf,,https://github.com/skywind3000/ECDICT,offline-materials,babysitter,person,babysitter · 单词里的小故事,读书会轮到小乐介绍故事里的一个人物。这个故事讲的是一位临时照顾幼儿者。小乐说：“This story is about a babysitter.”朋友听懂了，也想起自己遇到过的事。,,This story is about a __________.,babysitter,这个故事讲的是一位临时照顾幼儿者。,context,2026-09-v2,本地预制课堂素材；原创短句与场景模板,[],想象你也在这个场景里。用 babysitter 说一句自己的话。
background,PET,1,背景；背景资料,n.,日常沟通,We talked about the background today.,我们今天谈到了背景。,[],结合常用释义整体记忆。先听老师读，再用自己的生活场景解释。,0,,https://www.cambridgeenglish.org/images/506887-b1-preliminary-vocabulary-list.pdf,'bækgraund,https://github.com/skywind3000/ECDICT,offline-materials,background,discussion,background · 单词里的小故事,小乐和朋友聊起今天的一件事。我们今天谈到了背景。小乐说：“We talked about the background today.”朋友听懂了，也想起自己遇到过的事。,,We talked about the __________ today.,background,我们今天谈到了背景。,context,2026-09-v2,本地预制课堂素材；原创短句与场景模板,[],想象你也在这个场景里。用 background 说一句自己的话。
backwards,PET,2,向后,adv.,日常沟通,The boy walked backwards.,男孩倒着走。,[],结合常用释义整体记忆。先听老师读，再用自己的生活场景解释。,0,,https://www.cambridgeenglish.org/images/506887-b1-preliminary-vocabulary-list.pdf,'bækwәdz,https://github.com/skywind3000/ECDICT,offline-materials,backwards,authored,backwards · 单词里的小故事,小乐和朋友交换今天的小发现。男孩倒着走。小乐说：“The boy walked backwards.”朋友听懂了，也想起自己遇到过的事。,,The boy walked __________.,backwards,男孩倒着走。,context,2026-09-v2,本地预制课堂素材；原创短句与场景模板,[],想象你也在这个场景里。用 backwards 说一句自己的话。
baggage,PET,3,行李,n.,日常沟通,We talked about the baggage today.,我们今天谈到了行李。,[],结合常用释义整体记忆。先听老师读，再用自己的生活场景解释。,0,,https://www.cambridgeenglish.org/images/506887-b1-preliminary-vocabulary-list.pdf,'bægidʒ,https://github.com/skywind3000/ECDICT,offline-materials,baggage,discussion,baggage · 单词里的小故事,小乐和朋友聊起今天的一件事。我们今天谈到了行李。小乐说：“We talked about the baggage today.”朋友听懂了，也想起自己遇到过的事。,,We talked about the __________ today.,baggage,我们今天谈到了行李。,context,2026-09-v2,本地预制课堂素材；原创短句与场景模板,[],想象你也在这个场景里。用 baggage 说一句自己的话。
baker,PET,2,面包师,n.,日常沟通,This story is about a baker.,这个故事讲的是一位面包师。,"[{""text"": ""bake"", ""kind"": ""root"", ""meaning"": ""烘烤""}, {""text"": ""-er"", ""kind"": ""suffix"", ""meaning"": ""做某事的人或物"", ""story"": ""表示做事者的 -er 有古英语 -ere 等历史来源。它常把动作变成做这个动作的人或工具。先找到动作，再问“谁来做”，就能串起一组词。比较级里的 -er 是另一种用法。"", ""source"": ""https://www.merriam-webster.com/dictionary/-er""}]",这是词基与派生词的关系。拼写发生了变化，请把本课目标单词完整写对；构词成分不是原词的逐字切片。,0,,https://www.cambridgeenglish.org/images/506887-b1-preliminary-vocabulary-list.pdf,'beikә,https://github.com/skywind3000/ECDICT,offline-materials,baker,person,baker · 单词里的小故事,读书会轮到小乐介绍故事里的一个人物。这个故事讲的是一位面包师。小乐说：“This story is about a baker.”朋友听懂了，也想起自己遇到过的事。,,This story is about a __________.,baker,这个故事讲的是一位面包师。,context,2026-09-v2,本地预制课堂素材；原创短句与场景模板,[],想象你也在这个场景里。用 baker 说一句自己的话。
balcony,PET,2,阳台；戏院楼厅,n.,日常沟通,We talked about the balcony today.,我们今天谈到了阳台。,[],结合常用释义整体记忆。先听老师读，再用自己的生活场景解释。,0,,https://www.cambridgeenglish.org/images/506887-b1-preliminary-vocabulary-list.pdf,'bælkәni,https://github.com/skywind3000/ECDICT,offline-materials,balcony,discussion,balcony · 单词里的小故事,小乐和朋友聊起今天的一件事。我们今天谈到了阳台。小乐说：“We talked about the balcony today.”朋友听懂了，也想起自己遇到过的事。,,We talked about the __________ today.,balcony,我们今天谈到了阳台。,context,2026-09-v2,本地预制课堂素材；原创短句与场景模板,[],想象你也在这个场景里。用 balcony 说一句自己的话。
bald,PET,3,秃头的；光秃的；单调的,adj.,日常沟通,The person in the story is bald.,故事里的那个人是秃头的。,[],结合常用释义整体记忆。先听老师读，再用自己的生活场景解释。,0,,https://www.cambridgeenglish.org/images/506887-b1-preliminary-vocabulary-list.pdf,bɒ:ld,https://github.com/skywind3000/ECDICT,offline-materials,bald,person-quality,bald · 单词里的小故事,同学们在给故事人物选词卡，小乐找到了合适的一张。故事里的那个人是秃头的。小乐说：“The person in the story is bald.”朋友听懂了，也想起自己遇到过的事。,,The person in the story is __________.,bald,故事里的那个人是秃头的。,context,2026-09-v2,本地预制课堂素材；原创短句与场景模板,[],想象你也在这个场景里。用 bald 说一句自己的话。
ballet,PET,2,芭蕾舞,n.,日常沟通,I want to learn more about ballet.,我想多了解一些芭蕾舞。,[],结合常用释义整体记忆。先听老师读，再用自己的生活场景解释。,0,,https://www.cambridgeenglish.org/images/506887-b1-preliminary-vocabulary-list.pdf,'bælei,https://github.com/skywind3000/ECDICT,offline-materials,ballet,activity,ballet · 单词里的小故事,班级要举办兴趣日，小乐选了自己想了解的活动。我想多了解一些芭蕾舞。小乐说：“I want to learn more about ballet.”朋友听懂了，也想起自己遇到过的事。,,I want to learn more about __________.,ballet,我想多了解一些芭蕾舞。,context,2026-09-v2,本地预制课堂素材；原创短句与场景模板,[],想象你也在这个场景里。用 ballet 说一句自己的话。
bandage,PET,3,绷带,n.,日常沟通,We need the bandage today.,我们今天需要绷带。,[],结合常用释义整体记忆。先听老师读，再用自己的生活场景解释。,0,,https://www.cambridgeenglish.org/images/506887-b1-preliminary-vocabulary-list.pdf,'bændidʒ,https://github.com/skywind3000/ECDICT,offline-materials,bandage,equipment,bandage · 单词里的小故事,班级活动开始前，小乐负责核对需要的东西。我们今天需要绷带。小乐说：“We need the bandage today.”朋友听懂了，也想起自己遇到过的事。,,We need the __________ today.,bandage,我们今天需要绷带。,context,2026-09-v2,本地预制课堂素材；原创短句与场景模板,[],想象你也在这个场景里。用 bandage 说一句自己的话。
bank account,PET,3,银行存款；银行往来帐户,n.,日常沟通,We talked about the bank account today.,我们今天谈到了银行存款。,[],结合常用释义整体记忆。先听老师读，再用自己的生活场景解释。,0,,https://www.cambridgeenglish.org/images/506887-b1-preliminary-vocabulary-list.pdf,,https://github.com/skywind3000/ECDICT,offline-materials,bank account,discussion,bank account · 单词里的小故事,小乐和朋友聊起今天的一件事。我们今天谈到了银行存款。小乐说：“We talked about the bank account today.”朋友听懂了，也想起自己遇到过的事。,,We talked about the __________ today.,bank account,我们今天谈到了银行存款。,context,2026-09-v2,本地预制课堂素材；原创短句与场景模板,[],想象你也在这个场景里。用 bank account 说一句自己的话。
banker,PET,2,银行家；庄家,n.,日常沟通,This story is about a banker.,这个故事讲的是一位银行家。,[],结合常用释义整体记忆。先听老师读，再用自己的生活场景解释。,0,,https://www.cambridgeenglish.org/images/506887-b1-preliminary-vocabulary-list.pdf,'bæŋkә,https://github.com/skywind3000/ECDICT,offline-materials,banker,person,banker · 单词里的小故事,读书会轮到小乐介绍故事里的一个人物。这个故事讲的是一位银行家。小乐说：“This story is about a banker.”朋友听懂了，也想起自己遇到过的事。,,This story is about a __________.,banker,这个故事讲的是一位银行家。,context,2026-09-v2,本地预制课堂素材；原创短句与场景模板,[],想象你也在这个场景里。用 banker 说一句自己的话。
banking,PET,2,银行业务,n.,日常沟通,We talked about the banking today.,我们今天谈到了银行业务。,[],结合常用释义整体记忆。先听老师读，再用自己的生活场景解释。,0,,https://www.cambridgeenglish.org/images/506887-b1-preliminary-vocabulary-list.pdf,'bæŋkiŋ,https://github.com/skywind3000/ECDICT,offline-materials,banking,discussion,banking · 单词里的小故事,小乐和朋友聊起今天的一件事。我们今天谈到了银行业务。小乐说：“We talked about the banking today.”朋友听懂了，也想起自己遇到过的事。,,We talked about the __________ today.,banking,我们今天谈到了银行业务。,context,2026-09-v2,本地预制课堂素材；原创短句与场景模板,[],想象你也在这个场景里。用 banking 说一句自己的话。
bar,PET,1,酒吧；条状物,n.,日常沟通,We visited the bar today.,我们今天参观了酒吧。,[],结合常用释义整体记忆。先听老师读，再用自己的生活场景解释。,0,,https://www.cambridgeenglish.org/images/506887-b1-preliminary-vocabulary-list.pdf,bɑ:,常用义教学修订；原词典见 ECDICT-LICENSE.txt,offline-materials,bar,place,bar · 单词里的小故事,小乐把今天的外出经历记进了日记。我们今天参观了酒吧。小乐说：“We visited the bar today.”朋友听懂了，也想起自己遇到过的事。,,We visited the __________ today.,bar,我们今天参观了酒吧。,context,2026-09-v2,本地预制课堂素材；原创短句与场景模板,[],想象你也在这个场景里。用 bar 说一句自己的话。
barber,PET,3,理发师,n.,日常沟通,This story is about a barber.,这个故事讲的是一位理发师。,[],结合常用释义整体记忆。先听老师读，再用自己的生活场景解释。,0,,https://www.cambridgeenglish.org/images/506887-b1-preliminary-vocabulary-list.pdf,'bɑ:bә,https://github.com/skywind3000/ECDICT,offline-materials,barber,person,barber · 单词里的小故事,读书会轮到小乐介绍故事里的一个人物。这个故事讲的是一位理发师。小乐说：“This story is about a barber.”朋友听懂了，也想起自己遇到过的事。,,This story is about a __________.,barber,这个故事讲的是一位理发师。,context,2026-09-v2,本地预制课堂素材；原创短句与场景模板,[],想象你也在这个场景里。用 barber 说一句自己的话。
bargain,PET,2,交易；买卖协定；特价商品,n.,日常沟通,We talked about the bargain today.,我们今天谈到了交易。,[],结合常用释义整体记忆。先听老师读，再用自己的生活场景解释。,0,,https://www.cambridgeenglish.org/images/506887-b1-preliminary-vocabulary-list.pdf,'bɑ:gin,https://github.com/skywind3000/ECDICT,offline-materials,bargain,discussion,bargain · 单词里的小故事,小乐和朋友聊起今天的一件事。我们今天谈到了交易。小乐说：“We talked about the bargain today.”朋友听懂了，也想起自己遇到过的事。,,We talked about the __________ today.,bargain,我们今天谈到了交易。,context,2026-09-v2,本地预制课堂素材；原创短句与场景模板,[],想象你也在这个场景里。用 bargain 说一句自己的话。
base on,PET,3,基于,phr v.,日常沟通,What can we base our answer on?,我们的回答可以基于什么？,[],结合常用释义整体记忆。先听老师读，再用自己的生活场景解释。,0,,https://www.cambridgeenglish.org/images/506887-b1-preliminary-vocabulary-list.pdf,,https://github.com/skywind3000/ECDICT,offline-materials,base on,authored,base on · 单词里的小故事,小乐和朋友交换今天的小发现。我们的回答可以基于什么？小乐说：“What can we base our answer on?”朋友听懂了，也想起自己遇到过的事。,,请根据中文和本课例句，写出词表中的目标词。,base on,基于,headword,2026-09-v2,本地预制课堂素材；原创短句与场景模板,[],想象你也在这个场景里。用 base on 说一句自己的话。
basic,PET,1,基本的；碱性的,adj.,日常沟通,We are learning basic English.,我们正在学习基础英语。,[],结合常用释义整体记忆。先听老师读，再用自己的生活场景解释。,0,,https://www.cambridgeenglish.org/images/506887-b1-preliminary-vocabulary-list.pdf,'beisik,https://github.com/skywind3000/ECDICT,offline-materials,basic,authored,basic · 单词里的小故事,小乐和朋友交换今天的小发现。我们正在学习基础英语。小乐说：“We are learning basic English.”朋友听懂了，也想起自己遇到过的事。,,We are learning __________ English.,basic,我们正在学习基础英语。,context,2026-09-v2,本地预制课堂素材；原创短句与场景模板,[],想象你也在这个场景里。用 basic 说一句自己的话。
basin,PET,2,盆；盆地,n.,日常沟通,We need the basin today.,我们今天需要盆。,[],结合常用释义整体记忆。先听老师读，再用自己的生活场景解释。,0,,https://www.cambridgeenglish.org/images/506887-b1-preliminary-vocabulary-list.pdf,'beisn,https://github.com/skywind3000/ECDICT,offline-materials,basin,equipment,basin · 单词里的小故事,班级活动开始前，小乐负责核对需要的东西。我们今天需要盆。小乐说：“We need the basin today.”朋友听懂了，也想起自己遇到过的事。,,We need the __________ today.,basin,我们今天需要盆。,context,2026-09-v2,本地预制课堂素材；原创短句与场景模板,[],想象你也在这个场景里。用 basin 说一句自己的话。
basket,PET,2,篮；篮子,n.,日常沟通,We need the basket today.,我们今天需要篮。,[],结合常用释义整体记忆。先听老师读，再用自己的生活场景解释。,0,,https://www.cambridgeenglish.org/images/506887-b1-preliminary-vocabulary-list.pdf,'bɑ:skit,https://github.com/skywind3000/ECDICT,offline-materials,basket,equipment,basket · 单词里的小故事,班级活动开始前，小乐负责核对需要的东西。我们今天需要篮。小乐说：“We need the basket today.”朋友听懂了，也想起自己遇到过的事。,,We need the __________ today.,basket,我们今天需要篮。,context,2026-09-v2,本地预制课堂素材；原创短句与场景模板,[],想象你也在这个场景里。用 basket 说一句自己的话。
battle,PET,1,战役,n.,日常沟通,We talked about the battle today.,我们今天谈到了战役。,[],结合常用释义整体记忆。先听老师读，再用自己的生活场景解释。,0,,https://www.cambridgeenglish.org/images/506887-b1-preliminary-vocabulary-list.pdf,'bætl,https://github.com/skywind3000/ECDICT,offline-materials,battle,discussion,battle · 单词里的小故事,小乐和朋友聊起今天的一件事。我们今天谈到了战役。小乐说：“We talked about the battle today.”朋友听懂了，也想起自己遇到过的事。,,We talked about the __________ today.,battle,我们今天谈到了战役。,context,2026-09-v2,本地预制课堂素材；原创短句与场景模板,[],想象你也在这个场景里。用 battle 说一句自己的话。
bay,PET,2,海湾；狗吠声；月桂,n.,日常沟通,We visited the bay today.,我们今天参观了海湾。,[],结合常用释义整体记忆。先听老师读，再用自己的生活场景解释。,0,,https://www.cambridgeenglish.org/images/506887-b1-preliminary-vocabulary-list.pdf,bei,https://github.com/skywind3000/ECDICT,offline-materials,bay,place,bay · 单词里的小故事,小乐把今天的外出经历记进了日记。我们今天参观了海湾。小乐说：“We visited the bay today.”朋友听懂了，也想起自己遇到过的事。,,We visited the __________ today.,bay,我们今天参观了海湾。,context,2026-09-v2,本地预制课堂素材；原创短句与场景模板,[],想象你也在这个场景里。用 bay 说一句自己的话。
be over,PET,3,完了；结束,phr v.,日常沟通,The game will be over soon.,比赛很快就要结束了。,[],结合常用释义整体记忆。先听老师读，再用自己的生活场景解释。,0,,https://www.cambridgeenglish.org/images/506887-b1-preliminary-vocabulary-list.pdf,,https://github.com/skywind3000/ECDICT,offline-materials,be over,authored,be over · 单词里的小故事,小乐和朋友交换今天的小发现。比赛很快就要结束了。小乐说：“The game will be over soon.”朋友听懂了，也想起自己遇到过的事。,,The game will __________ soon.,be over,比赛很快就要结束了。,context,2026-09-v2,本地预制课堂素材；原创短句与场景模板,[],想象你也在这个场景里。用 be over 说一句自己的话。
beat,PET,1,打；拍打；打败,v.,日常沟通,Our team can beat their team.,我们队能打败他们队。,[],结合常用释义整体记忆。先听老师读，再用自己的生活场景解释。,0,,https://www.cambridgeenglish.org/images/506887-b1-preliminary-vocabulary-list.pdf,bi:t,https://github.com/skywind3000/ECDICT,offline-materials,beat,authored,beat · 单词里的小故事,小乐和朋友交换今天的小发现。我们队能打败他们队。小乐说：“Our team can beat their team.”朋友听懂了，也想起自己遇到过的事。,,Our team can __________ their team.,beat,我们队能打败他们队。,context,2026-09-v2,本地预制课堂素材；原创短句与场景模板,[],想象你也在这个场景里。用 beat 说一句自己的话。
beauty,PET,2,美丽,n.,日常沟通,We talked about the beauty today.,我们今天谈到了美丽。,[],结合常用释义整体记忆。先听老师读，再用自己的生活场景解释。,0,,https://www.cambridgeenglish.org/images/506887-b1-preliminary-vocabulary-list.pdf,'bju:ti,常用义教学修订；原词典见 ECDICT-LICENSE.txt,offline-materials,beauty,discussion,beauty · 单词里的小故事,小乐和朋友聊起今天的一件事。我们今天谈到了美丽。小乐说：“We talked about the beauty today.”朋友听懂了，也想起自己遇到过的事。,,We talked about the __________ today.,beauty,我们今天谈到了美丽。,context,2026-09-v2,本地预制课堂素材；原创短句与场景模板,[],想象你也在这个场景里。用 beauty 说一句自己的话。
beef,PET,2,牛肉；肌肉,n.,日常沟通,This beef tastes good.,这份牛肉味道很好。,[],结合常用释义整体记忆。先听老师读，再用自己的生活场景解释。,0,,https://www.cambridgeenglish.org/images/506887-b1-preliminary-vocabulary-list.pdf,bi:f,https://github.com/skywind3000/ECDICT,offline-materials,beef,food,beef · 单词里的小故事,小乐第一次给家人当小帮手，端出一份食物。这份牛肉味道很好。小乐说：“This beef tastes good.”朋友听懂了，也想起自己遇到过的事。,,This __________ tastes good.,beef,这份牛肉味道很好。,context,2026-09-v2,本地预制课堂素材；原创短句与场景模板,[],想象你也在这个场景里。用 beef 说一句自己的话。
behave,PET,2,举止端正；行为规矩,v.,日常沟通,Please behave well in class.,请在课堂上表现好一些。,[],结合常用释义整体记忆。先听老师读，再用自己的生活场景解释。,0,,https://www.cambridgeenglish.org/images/506887-b1-preliminary-vocabulary-list.pdf,bi'heiv,https://github.com/skywind3000/ECDICT,offline-materials,behave,authored,behave · 单词里的小故事,小乐和朋友交换今天的小发现。请在课堂上表现好一些。小乐说：“Please behave well in class.”朋友听懂了，也想起自己遇到过的事。,,Please __________ well in class.,behave,请在课堂上表现好一些。,context,2026-09-v2,本地预制课堂素材；原创短句与场景模板,[],想象你也在这个场景里。用 behave 说一句自己的话。
behaviour,PET,1,行为；举止,n.,日常沟通,We talked about the behaviour today.,我们今天谈到了行为。,[],结合常用释义整体记忆。先听老师读，再用自己的生活场景解释。,0,,https://www.cambridgeenglish.org/images/506887-b1-preliminary-vocabulary-list.pdf,bi'heivjә,https://github.com/skywind3000/ECDICT,offline-materials,behaviour,discussion,behaviour · 单词里的小故事,小乐和朋友聊起今天的一件事。我们今天谈到了行为。小乐说：“We talked about the behaviour today.”朋友听懂了，也想起自己遇到过的事。,,We talked about the __________ today.,behaviour,我们今天谈到了行为。,context,2026-09-v2,本地预制课堂素材；原创短句与场景模板,[],想象你也在这个场景里。用 behaviour 说一句自己的话。
bell,PET,2,铃；钟,n.,日常沟通,We need the bell today.,我们今天需要铃。,[],结合常用释义整体记忆。先听老师读，再用自己的生活场景解释。,0,,https://www.cambridgeenglish.org/images/506887-b1-preliminary-vocabulary-list.pdf,bel,https://github.com/skywind3000/ECDICT,offline-materials,bell,equipment,bell · 单词里的小故事,班级活动开始前，小乐负责核对需要的东西。我们今天需要铃。小乐说：“We need the bell today.”朋友听懂了，也想起自己遇到过的事。,,We need the __________ today.,bell,我们今天需要铃。,context,2026-09-v2,本地预制课堂素材；原创短句与场景模板,[],想象你也在这个场景里。用 bell 说一句自己的话。
beneath,PET,1,在...下方,prep.,日常沟通,The bag is beneath the table.,包在桌子下面。,[],结合常用释义整体记忆。先听老师读，再用自己的生活场景解释。,0,,https://www.cambridgeenglish.org/images/506887-b1-preliminary-vocabulary-list.pdf,bi'ni:θ,https://github.com/skywind3000/ECDICT,offline-materials,beneath,authored,beneath · 单词里的小故事,小乐和朋友交换今天的小发现。包在桌子下面。小乐说：“The bag is beneath the table.”朋友听懂了，也想起自己遇到过的事。,,The bag is __________ the table.,beneath,包在桌子下面。,context,2026-09-v2,本地预制课堂素材；原创短句与场景模板,[],想象你也在这个场景里。用 beneath 说一句自己的话。
benefit,PET,1,好处；使受益,n; v.,日常沟通,We talked about the benefit today.,我们今天谈到了好处。,[],结合常用释义整体记忆。先听老师读，再用自己的生活场景解释。,0,,https://www.cambridgeenglish.org/images/506887-b1-preliminary-vocabulary-list.pdf,'benifit,常用义教学修订；原词典见 ECDICT-LICENSE.txt,offline-materials,benefit,discussion,benefit · 单词里的小故事,小乐和朋友聊起今天的一件事。我们今天谈到了好处。小乐说：“We talked about the benefit today.”朋友听懂了，也想起自己遇到过的事。,,We talked about the __________ today.,benefit,我们今天谈到了好处。,context,2026-09-v2,本地预制课堂素材；原创短句与场景模板,[],想象你也在这个场景里。用 benefit 说一句自己的话。
besides,PET,2,除...之外,prep.,日常沟通,Who else came besides Tom?,除了汤姆，还有谁来了？,[],结合常用释义整体记忆。先听老师读，再用自己的生活场景解释。,0,,https://www.cambridgeenglish.org/images/506887-b1-preliminary-vocabulary-list.pdf,bi'saidz,https://github.com/skywind3000/ECDICT,offline-materials,besides,authored,besides · 单词里的小故事,小乐和朋友交换今天的小发现。除了汤姆，还有谁来了？小乐说：“Who else came besides Tom?”朋友听懂了，也想起自己遇到过的事。,,Who else came __________ Tom?,besides,除了汤姆，还有谁来了？,context,2026-09-v2,本地预制课堂素材；原创短句与场景模板,[],想象你也在这个场景里。用 besides 说一句自己的话。
bestseller,PET,3,畅销书,n.,日常沟通,We talked about the bestseller today.,我们今天谈到了畅销书。,[],结合常用释义整体记忆。先听老师读，再用自己的生活场景解释。,0,,https://www.cambridgeenglish.org/images/506887-b1-preliminary-vocabulary-list.pdf,,https://github.com/skywind3000/ECDICT,offline-materials,bestseller,discussion,bestseller · 单词里的小故事,小乐和朋友聊起今天的一件事。我们今天谈到了畅销书。小乐说：“We talked about the bestseller today.”朋友听懂了，也想起自己遇到过的事。,,We talked about the __________ today.,bestseller,我们今天谈到了畅销书。,context,2026-09-v2,本地预制课堂素材；原创短句与场景模板,[],想象你也在这个场景里。用 bestseller 说一句自己的话。
beyond,PET,1,超过；在那一边；迟于,prep; adv.,日常沟通,The sea is beyond the hills.,海在山的那边。,[],结合常用释义整体记忆。先听老师读，再用自己的生活场景解释。,0,,https://www.cambridgeenglish.org/images/506887-b1-preliminary-vocabulary-list.pdf,bi'jɒnd,https://github.com/skywind3000/ECDICT,offline-materials,beyond,authored,beyond · 单词里的小故事,小乐和朋友交换今天的小发现。海在山的那边。小乐说：“The sea is beyond the hills.”朋友听懂了，也想起自己遇到过的事。,,The sea is __________ the hills.,beyond,海在山的那边。,context,2026-09-v2,本地预制课堂素材；原创短句与场景模板,[],想象你也在这个场景里。用 beyond 说一句自己的话。
biography,PET,2,传记,n.,日常沟通,We talked about the biography today.,我们今天谈到了传记。,[],结合常用释义整体记忆。先听老师读，再用自己的生活场景解释。,0,,https://www.cambridgeenglish.org/images/506887-b1-preliminary-vocabulary-list.pdf,bai'ɒgrәfi,https://github.com/skywind3000/ECDICT,offline-materials,biography,discussion,biography · 单词里的小故事,小乐和朋友聊起今天的一件事。我们今天谈到了传记。小乐说：“We talked about the biography today.”朋友听懂了，也想起自己遇到过的事。,,We talked about the __________ today.,biography,我们今天谈到了传记。,context,2026-09-v2,本地预制课堂素材；原创短句与场景模板,[],想象你也在这个场景里。用 biography 说一句自己的话。
bite,PET,2,咬；刺痛；穿透,v.,日常沟通,Be careful. The dog may bite.,小心。这只狗可能会咬人。,[],结合常用释义整体记忆。先听老师读，再用自己的生活场景解释。,0,,https://www.cambridgeenglish.org/images/506887-b1-preliminary-vocabulary-list.pdf,bait,https://github.com/skywind3000/ECDICT,offline-materials,bite,authored,bite · 单词里的小故事,小乐和朋友交换今天的小发现。小心。这只狗可能会咬人。小乐说：“Be careful. The dog may bite.”朋友听懂了，也想起自己遇到过的事。,,Be careful. The dog may __________.,bite,小心。这只狗可能会咬人。,context,2026-09-v2,本地预制课堂素材；原创短句与场景模板,[],想象你也在这个场景里。用 bite 说一句自己的话。
bitter,PET,2,苦的；痛苦的；怀恨的,adj.,日常沟通,This coffee tastes bitter.,这杯咖啡尝起来很苦。,[],结合常用释义整体记忆。先听老师读，再用自己的生活场景解释。,0,,https://www.cambridgeenglish.org/images/506887-b1-preliminary-vocabulary-list.pdf,'bitә,https://github.com/skywind3000/ECDICT,offline-materials,bitter,authored,bitter · 单词里的小故事,小乐和朋友交换今天的小发现。这杯咖啡尝起来很苦。小乐说：“This coffee tastes bitter.”朋友听懂了，也想起自己遇到过的事。,,This coffee tastes __________.,bitter,这杯咖啡尝起来很苦。,context,2026-09-v2,本地预制课堂素材；原创短句与场景模板,[],想象你也在这个场景里。用 bitter 说一句自己的话。
blame,PET,2,责备；归咎于,v.,日常沟通,Do not blame him for the mistake.,不要因为这个错误责怪他。,[],结合常用释义整体记忆。先听老师读，再用自己的生活场景解释。,0,,https://www.cambridgeenglish.org/images/506887-b1-preliminary-vocabulary-list.pdf,bleim,https://github.com/skywind3000/ECDICT,offline-materials,blame,authored,blame · 单词里的小故事,小乐和朋友交换今天的小发现。不要因为这个错误责怪他。小乐说：“Do not blame him for the mistake.”朋友听懂了，也想起自己遇到过的事。,,Do not __________ him for the mistake.,blame,不要因为这个错误责怪他。,context,2026-09-v2,本地预制课堂素材；原创短句与场景模板,[],想象你也在这个场景里。用 blame 说一句自己的话。
blank,PET,2,空白的；空虚的；完全的,adj.,日常沟通,Please write on the blank page.,请在空白页上写。,[],结合常用释义整体记忆。先听老师读，再用自己的生活场景解释。,0,,https://www.cambridgeenglish.org/images/506887-b1-preliminary-vocabulary-list.pdf,blæŋk,https://github.com/skywind3000/ECDICT,offline-materials,blank,authored,blank · 单词里的小故事,小乐和朋友交换今天的小发现。请在空白页上写。小乐说：“Please write on the blank page.”朋友听懂了，也想起自己遇到过的事。,,Please write on the __________ page.,blank,请在空白页上写。,context,2026-09-v2,本地预制课堂素材；原创短句与场景模板,[],想象你也在这个场景里。用 blank 说一句自己的话。
bleed,PET,2,流血；悲痛；渗出,v.,日常沟通,A small cut can bleed.,一个小伤口也会流血。,[],结合常用释义整体记忆。先听老师读，再用自己的生活场景解释。,0,,https://www.cambridgeenglish.org/images/506887-b1-preliminary-vocabulary-list.pdf,bli:d,https://github.com/skywind3000/ECDICT,offline-materials,bleed,authored,bleed · 单词里的小故事,小乐和朋友交换今天的小发现。一个小伤口也会流血。小乐说：“A small cut can bleed.”朋友听懂了，也想起自己遇到过的事。,,A small cut can __________.,bleed,一个小伤口也会流血。,context,2026-09-v2,本地预制课堂素材；原创短句与场景模板,[],想象你也在这个场景里。用 bleed 说一句自己的话。
blogger,PET,3,写博客的人；博客使用者,n.,日常沟通,We talked about the blogger today.,我们今天谈到了写博客的人。,[],结合常用释义整体记忆。先听老师读，再用自己的生活场景解释。,0,,https://www.cambridgeenglish.org/images/506887-b1-preliminary-vocabulary-list.pdf,,https://github.com/skywind3000/ECDICT,offline-materials,blogger,discussion,blogger · 单词里的小故事,小乐和朋友聊起今天的一件事。我们今天谈到了写博客的人。小乐说：“We talked about the blogger today.”朋友听懂了，也想起自己遇到过的事。,,We talked about the __________ today.,blogger,我们今天谈到了写博客的人。,context,2026-09-v2,本地预制课堂素材；原创短句与场景模板,[],想象你也在这个场景里。用 blogger 说一句自己的话。
blow,PET,1,吹；风吹；吹响,v.,日常沟通,"Blow out the candles, please.",请吹灭蜡烛。,[],结合常用释义整体记忆。先听老师读，再用自己的生活场景解释。,0,,https://www.cambridgeenglish.org/images/506887-b1-preliminary-vocabulary-list.pdf,blәu,https://github.com/skywind3000/ECDICT,offline-materials,blow,authored,blow · 单词里的小故事,"小乐和朋友交换今天的小发现。请吹灭蜡烛。小乐说：“Blow out the candles, please.”朋友听懂了，也想起自己遇到过的事。",,"__________ out the candles, please.",Blow,请吹灭蜡烛。,context,2026-09-v2,本地预制课堂素材；原创短句与场景模板,[],想象你也在这个场景里。用 blow 说一句自己的话。
bold,PET,2,大胆的,adj.,日常沟通,The person in the story is bold.,故事里的那个人是大胆的。,[],结合常用释义整体记忆。先听老师读，再用自己的生活场景解释。,0,,https://www.cambridgeenglish.org/images/506887-b1-preliminary-vocabulary-list.pdf,bәuld,常用义教学修订；原词典见 ECDICT-LICENSE.txt,offline-materials,bold,person-quality,bold · 单词里的小故事,同学们在给故事人物选词卡，小乐找到了合适的一张。故事里的那个人是大胆的。小乐说：“The person in the story is bold.”朋友听懂了，也想起自己遇到过的事。,,The person in the story is __________.,bold,故事里的那个人是大胆的。,context,2026-09-v2,本地预制课堂素材；原创短句与场景模板,[],想象你也在这个场景里。用 bold 说一句自己的话。
bomb,PET,2,炸弹,n; v.,日常沟通,We talked about the bomb today.,我们今天谈到了炸弹。,[],结合常用释义整体记忆。先听老师读，再用自己的生活场景解释。,0,,https://www.cambridgeenglish.org/images/506887-b1-preliminary-vocabulary-list.pdf,bɒm,https://github.com/skywind3000/ECDICT,offline-materials,bomb,discussion,bomb · 单词里的小故事,小乐和朋友聊起今天的一件事。我们今天谈到了炸弹。小乐说：“We talked about the bomb today.”朋友听懂了，也想起自己遇到过的事。,,We talked about the __________ today.,bomb,我们今天谈到了炸弹。,context,2026-09-v2,本地预制课堂素材；原创短句与场景模板,[],想象你也在这个场景里。用 bomb 说一句自己的话。
bone,PET,1,骨头；骨；骨制品,n.,日常沟通,We learn about the bone at school.,我们在学校了解骨头。,[],结合常用释义整体记忆。先听老师读，再用自己的生活场景解释。,0,,https://www.cambridgeenglish.org/images/506887-b1-preliminary-vocabulary-list.pdf,bәun,https://github.com/skywind3000/ECDICT,offline-materials,bone,body,bone · 单词里的小故事,小乐在课堂上做一张认识自己的知识卡。我们在学校了解骨头。小乐说：“We learn about the bone at school.”朋友听懂了，也想起自己遇到过的事。,,We learn about the __________ at school.,bone,我们在学校了解骨头。,context,2026-09-v2,本地预制课堂素材；原创短句与场景模板,[],想象你也在这个场景里。用 bone 说一句自己的话。
booking,PET,2,预约演出合同,n.,日常沟通,We visited the booking today.,我们今天参观了预约演出合同。,"[{""text"": ""book"", ""kind"": ""root"", ""meaning"": ""预订""}, {""text"": ""-ing"", ""kind"": ""suffix"", ""meaning"": ""把动作当作活动或事物来表达"", ""story"": ""把动作变成名词的 -ing，可以追溯到古英语的 -ung、-ing。一个动作加上这样的结尾，就能作为一种活动来谈论。注意句子里的位置：-ing 也会用于进行时和形容词。"", ""source"": ""https://www.merriam-webster.com/dictionary/-ing""}]",先理解词基，再看词缀如何改变含义或词性。,0,,https://www.cambridgeenglish.org/images/506887-b1-preliminary-vocabulary-list.pdf,'bukiŋ,https://github.com/skywind3000/ECDICT,offline-materials,booking,place,booking · 单词里的小故事,小乐把今天的外出经历记进了日记。我们今天参观了预约演出合同。小乐说：“We visited the booking today.”朋友听懂了，也想起自己遇到过的事。,,We visited the __________ today.,booking,我们今天参观了预约演出合同。,context,2026-09-v2,本地预制课堂素材；原创短句与场景模板,[],想象你也在这个场景里。用 booking 说一句自己的话。
booking office,PET,3,售票处,n.,日常沟通,We visited the booking office today.,我们今天参观了售票处。,[],结合常用释义整体记忆。先听老师读，再用自己的生活场景解释。,0,,https://www.cambridgeenglish.org/images/506887-b1-preliminary-vocabulary-list.pdf,,https://github.com/skywind3000/ECDICT,offline-materials,booking office,place,booking office · 单词里的小故事,小乐把今天的外出经历记进了日记。我们今天参观了售票处。小乐说：“We visited the booking office today.”朋友听懂了，也想起自己遇到过的事。,,We visited the __________ today.,booking office,我们今天参观了售票处。,context,2026-09-v2,本地预制课堂素材；原创短句与场景模板,[],想象你也在这个场景里。用 booking office 说一句自己的话。
border,PET,1,边缘；边境；边界,n.,日常沟通,We visited the border today.,我们今天参观了边缘。,[],结合常用释义整体记忆。先听老师读，再用自己的生活场景解释。,0,,https://www.cambridgeenglish.org/images/506887-b1-preliminary-vocabulary-list.pdf,'bɒ:dә,https://github.com/skywind3000/ECDICT,offline-materials,border,place,border · 单词里的小故事,小乐把今天的外出经历记进了日记。我们今天参观了边缘。小乐说：“We visited the border today.”朋友听懂了，也想起自己遇到过的事。,,We visited the __________ today.,border,我们今天参观了边缘。,context,2026-09-v2,本地预制课堂素材；原创短句与场景模板,[],想象你也在这个场景里。用 border 说一句自己的话。
bossy,PET,3,专横的；浮雕装饰的,adj.,日常沟通,The person in the story is bossy.,故事里的那个人是专横的。,[],结合常用释义整体记忆。先听老师读，再用自己的生活场景解释。,0,,https://www.cambridgeenglish.org/images/506887-b1-preliminary-vocabulary-list.pdf,'bɒsi,https://github.com/skywind3000/ECDICT,offline-materials,bossy,person-quality,bossy · 单词里的小故事,同学们在给故事人物选词卡，小乐找到了合适的一张。故事里的那个人是专横的。小乐说：“The person in the story is bossy.”朋友听懂了，也想起自己遇到过的事。,,The person in the story is __________.,bossy,故事里的那个人是专横的。,context,2026-09-v2,本地预制课堂素材；原创短句与场景模板,[],想象你也在这个场景里。用 bossy 说一句自己的话。
bottle bank,PET,3,玻璃瓶回收站,n.,日常沟通,We talked about the bottle bank today.,我们今天谈到了玻璃瓶回收站。,[],结合常用释义整体记忆。先听老师读，再用自己的生活场景解释。,0,,https://www.cambridgeenglish.org/images/506887-b1-preliminary-vocabulary-list.pdf,ˈbɔtl bæŋk,https://github.com/skywind3000/ECDICT,offline-materials,bottle bank,discussion,bottle bank · 单词里的小故事,小乐和朋友聊起今天的一件事。我们今天谈到了玻璃瓶回收站。小乐说：“We talked about the bottle bank today.”朋友听懂了，也想起自己遇到过的事。,,We talked about the __________ today.,bottle bank,我们今天谈到了玻璃瓶回收站。,context,2026-09-v2,本地预制课堂素材；原创短句与场景模板,[],想象你也在这个场景里。用 bottle bank 说一句自己的话。
boxing,PET,2,拳击,n.,日常沟通,I want to learn more about boxing.,我想多了解一些拳击。,[],结合常用释义整体记忆。先听老师读，再用自己的生活场景解释。,0,,https://www.cambridgeenglish.org/images/506887-b1-preliminary-vocabulary-list.pdf,'bɒksiŋ,https://github.com/skywind3000/ECDICT,offline-materials,boxing,activity,boxing · 单词里的小故事,班级要举办兴趣日，小乐选了自己想了解的活动。我想多了解一些拳击。小乐说：“I want to learn more about boxing.”朋友听懂了，也想起自己遇到过的事。,,I want to learn more about __________.,boxing,我想多了解一些拳击。,context,2026-09-v2,本地预制课堂素材；原创短句与场景模板,[],想象你也在这个场景里。用 boxing 说一句自己的话。
brake,PET,2,刹车；刹住,n; v.,日常沟通,We talked about the brake today.,我们今天谈到了刹车。,[],结合常用释义整体记忆。先听老师读，再用自己的生活场景解释。,0,,https://www.cambridgeenglish.org/images/506887-b1-preliminary-vocabulary-list.pdf,breik,常用义教学修订；原词典见 ECDICT-LICENSE.txt,offline-materials,brake,discussion,brake · 单词里的小故事,小乐和朋友聊起今天的一件事。我们今天谈到了刹车。小乐说：“We talked about the brake today.”朋友听懂了，也想起自己遇到过的事。,,We talked about the __________ today.,brake,我们今天谈到了刹车。,context,2026-09-v2,本地预制课堂素材；原创短句与场景模板,[],想象你也在这个场景里。用 brake 说一句自己的话。
branch,PET,1,树枝；支店；支流,n.,日常沟通,We talked about the branch today.,我们今天谈到了树枝。,[],结合常用释义整体记忆。先听老师读，再用自己的生活场景解释。,0,,https://www.cambridgeenglish.org/images/506887-b1-preliminary-vocabulary-list.pdf,bræntʃ,https://github.com/skywind3000/ECDICT,offline-materials,branch,discussion,branch · 单词里的小故事,小乐和朋友聊起今天的一件事。我们今天谈到了树枝。小乐说：“We talked about the branch today.”朋友听懂了，也想起自己遇到过的事。,,We talked about the __________ today.,branch,我们今天谈到了树枝。,context,2026-09-v2,本地预制课堂素材；原创短句与场景模板,[],想象你也在这个场景里。用 branch 说一句自己的话。
brand new,PET,3,崭新的；全新的,adj.,日常沟通,This box is brand new.,这个盒子是崭新的。,[],结合常用释义整体记忆。先听老师读，再用自己的生活场景解释。,0,,https://www.cambridgeenglish.org/images/506887-b1-preliminary-vocabulary-list.pdf,,https://github.com/skywind3000/ECDICT,offline-materials,brand new,object-quality,brand new · 单词里的小故事,朋友闭上眼睛，让小乐描述面前的盒子。这个盒子是崭新的。小乐说：“This box is brand new.”朋友听懂了，也想起自己遇到过的事。,,This box is __________.,brand new,这个盒子是崭新的。,context,2026-09-v2,本地预制课堂素材；原创短句与场景模板,[],想象你也在这个场景里。用 brand new 说一句自己的话。
break in,PET,3,训练；使经使用逐渐合用；闯入,phr v.,日常沟通,The police stopped a man trying to break in.,警察拦住了一个想闯入的人。,[],结合常用释义整体记忆。先听老师读，再用自己的生活场景解释。,0,,https://www.cambridgeenglish.org/images/506887-b1-preliminary-vocabulary-list.pdf,,https://github.com/skywind3000/ECDICT,offline-materials,break in,authored,break in · 单词里的小故事,小乐和朋友交换今天的小发现。警察拦住了一个想闯入的人。小乐说：“The police stopped a man trying to break in.”朋友听懂了，也想起自己遇到过的事。,,The police stopped a man trying to __________.,break in,警察拦住了一个想闯入的人。,context,2026-09-v2,本地预制课堂素材；原创短句与场景模板,[],想象你也在这个场景里。用 break in 说一句自己的话。
break up,PET,3,打碎；破碎；分裂,phr v.,日常沟通,We break up for the holidays on Friday.,我们周五开始放假。,[],结合常用释义整体记忆。先听老师读，再用自己的生活场景解释。,0,,https://www.cambridgeenglish.org/images/506887-b1-preliminary-vocabulary-list.pdf,,https://github.com/skywind3000/ECDICT,offline-materials,break up,authored,break up · 单词里的小故事,小乐和朋友交换今天的小发现。我们周五开始放假。小乐说：“We break up for the holidays on Friday.”朋友听懂了，也想起自己遇到过的事。,,We __________ for the holidays on Friday.,break up,我们周五开始放假。,context,2026-09-v2,本地预制课堂素材；原创短句与场景模板,[],想象你也在这个场景里。用 break up 说一句自己的话。
breath,PET,1,呼吸；气息；瞬间,n.,日常沟通,We learn about the breath at school.,我们在学校了解呼吸。,[],结合常用释义整体记忆。先听老师读，再用自己的生活场景解释。,0,,https://www.cambridgeenglish.org/images/506887-b1-preliminary-vocabulary-list.pdf,breθ,https://github.com/skywind3000/ECDICT,offline-materials,breath,body,breath · 单词里的小故事,小乐在课堂上做一张认识自己的知识卡。我们在学校了解呼吸。小乐说：“We learn about the breath at school.”朋友听懂了，也想起自己遇到过的事。,,We learn about the __________ at school.,breath,我们在学校了解呼吸。,context,2026-09-v2,本地预制课堂素材；原创短句与场景模板,[],想象你也在这个场景里。用 breath 说一句自己的话。
breathe,PET,2,呼吸；生存；低语,v.,日常沟通,Breathe slowly and try to relax.,慢慢呼吸，试着放松。,[],结合常用释义整体记忆。先听老师读，再用自己的生活场景解释。,0,,https://www.cambridgeenglish.org/images/506887-b1-preliminary-vocabulary-list.pdf,bri:ð,https://github.com/skywind3000/ECDICT,offline-materials,breathe,authored,breathe · 单词里的小故事,小乐和朋友交换今天的小发现。慢慢呼吸，试着放松。小乐说：“Breathe slowly and try to relax.”朋友听懂了，也想起自己遇到过的事。,,__________ slowly and try to relax.,Breathe,慢慢呼吸，试着放松。,context,2026-09-v2,本地预制课堂素材；原创短句与场景模板,[],想象你也在这个场景里。用 breathe 说一句自己的话。
breeze,PET,2,微风；煤屑；轻而易举的事,n.,日常沟通,We talked about the breeze today.,我们今天谈到了微风。,[],结合常用释义整体记忆。先听老师读，再用自己的生活场景解释。,0,,https://www.cambridgeenglish.org/images/506887-b1-preliminary-vocabulary-list.pdf,bri:z,https://github.com/skywind3000/ECDICT,offline-materials,breeze,nature,breeze · 单词里的小故事,小乐观察完身边的世界，回教室讲了一件事。我们今天谈到了微风。小乐说：“We talked about the breeze today.”朋友听懂了，也想起自己遇到过的事。,,We talked about the __________ today.,breeze,我们今天谈到了微风。,context,2026-09-v2,本地预制课堂素材；原创短句与场景模板,[],想象你也在这个场景里。用 breeze 说一句自己的话。
bride,PET,2,新娘,n.,日常沟通,This story is about a bride.,这个故事讲的是一位新娘。,[],结合常用释义整体记忆。先听老师读，再用自己的生活场景解释。,0,,https://www.cambridgeenglish.org/images/506887-b1-preliminary-vocabulary-list.pdf,braid,https://github.com/skywind3000/ECDICT,offline-materials,bride,person,bride · 单词里的小故事,读书会轮到小乐介绍故事里的一个人物。这个故事讲的是一位新娘。小乐说：“This story is about a bride.”朋友听懂了，也想起自己遇到过的事。,,This story is about a __________.,bride,这个故事讲的是一位新娘。,context,2026-09-v2,本地预制课堂素材；原创短句与场景模板,[],想象你也在这个场景里。用 bride 说一句自己的话。
brief,PET,1,简短的；短暂的,adj.,日常沟通,Please write a brief note.,请写一张简短的便条。,[],结合常用释义整体记忆。先听老师读，再用自己的生活场景解释。,0,,https://www.cambridgeenglish.org/images/506887-b1-preliminary-vocabulary-list.pdf,bri:f,https://github.com/skywind3000/ECDICT,offline-materials,brief,authored,brief · 单词里的小故事,小乐和朋友交换今天的小发现。请写一张简短的便条。小乐说：“Please write a brief note.”朋友听懂了，也想起自己遇到过的事。,,Please write a __________ note.,brief,请写一张简短的便条。,context,2026-09-v2,本地预制课堂素材；原创短句与场景模板,[],想象你也在这个场景里。用 brief 说一句自己的话。
broad,PET,1,宽的,adj.,日常沟通,The river is broad.,这条河很宽。,[],结合常用释义整体记忆。先听老师读，再用自己的生活场景解释。,0,,https://www.cambridgeenglish.org/images/506887-b1-preliminary-vocabulary-list.pdf,brɒ:d,常用义教学修订；原词典见 ECDICT-LICENSE.txt,offline-materials,broad,authored,broad · 单词里的小故事,小乐和朋友交换今天的小发现。这条河很宽。小乐说：“The river is broad.”朋友听懂了，也想起自己遇到过的事。,,The river is __________.,broad,这条河很宽。,context,2026-09-v2,本地预制课堂素材；原创短句与场景模板,[],想象你也在这个场景里。用 broad 说一句自己的话。
broccoli,PET,3,西兰花,n.,日常沟通,This broccoli tastes good.,这份西兰花味道很好。,[],结合常用释义整体记忆。先听老师读，再用自己的生活场景解释。,0,,https://www.cambridgeenglish.org/images/506887-b1-preliminary-vocabulary-list.pdf,'brɒkәli,常用义教学修订；原词典见 ECDICT-LICENSE.txt,offline-materials,broccoli,food,broccoli · 单词里的小故事,小乐第一次给家人当小帮手，端出一份食物。这份西兰花味道很好。小乐说：“This broccoli tastes good.”朋友听懂了，也想起自己遇到过的事。,,This __________ tastes good.,broccoli,这份西兰花味道很好。,context,2026-09-v2,本地预制课堂素材；原创短句与场景模板,[],想象你也在这个场景里。用 broccoli 说一句自己的话。
brochure,PET,2,小册子；小册,n.,日常沟通,We talked about the brochure today.,我们今天谈到了小册子。,[],结合常用释义整体记忆。先听老师读，再用自己的生活场景解释。,0,,https://www.cambridgeenglish.org/images/506887-b1-preliminary-vocabulary-list.pdf,'brәuʃә,https://github.com/skywind3000/ECDICT,offline-materials,brochure,discussion,brochure · 单词里的小故事,小乐和朋友聊起今天的一件事。我们今天谈到了小册子。小乐说：“We talked about the brochure today.”朋友听懂了，也想起自己遇到过的事。,,We talked about the __________ today.,brochure,我们今天谈到了小册子。,context,2026-09-v2,本地预制课堂素材；原创短句与场景模板,[],想象你也在这个场景里。用 brochure 说一句自己的话。
bucket,PET,2,桶,n.,日常沟通,We need the bucket today.,我们今天需要桶。,[],结合常用释义整体记忆。先听老师读，再用自己的生活场景解释。,0,,https://www.cambridgeenglish.org/images/506887-b1-preliminary-vocabulary-list.pdf,'bʌkit,https://github.com/skywind3000/ECDICT,offline-materials,bucket,equipment,bucket · 单词里的小故事,班级活动开始前，小乐负责核对需要的东西。我们今天需要桶。小乐说：“We need the bucket today.”朋友听懂了，也想起自己遇到过的事。,,We need the __________ today.,bucket,我们今天需要桶。,context,2026-09-v2,本地预制课堂素材；原创短句与场景模板,[],想象你也在这个场景里。用 bucket 说一句自己的话。
bug,PET,3,小虫；程序错误,n.,日常沟通,We saw the bug in a picture.,我们在图片里看到了小虫。,[],结合常用释义整体记忆。先听老师读，再用自己的生活场景解释。,0,,https://www.cambridgeenglish.org/images/506887-b1-preliminary-vocabulary-list.pdf,bʌg,常用义教学修订；原词典见 ECDICT-LICENSE.txt,offline-materials,bug,animal,bug · 单词里的小故事,小乐翻开一本动物画册，在其中一页停了下来。我们在图片里看到了小虫。小乐说：“We saw the bug in a picture.”朋友听懂了，也想起自己遇到过的事。,,We saw the __________ in a picture.,bug,我们在图片里看到了小虫。,context,2026-09-v2,本地预制课堂素材；原创短句与场景模板,[],想象你也在这个场景里。用 bug 说一句自己的话。
bulb,PET,2,球茎；电灯泡,n.,日常沟通,We need the bulb today.,我们今天需要球茎。,[],结合常用释义整体记忆。先听老师读，再用自己的生活场景解释。,0,,https://www.cambridgeenglish.org/images/506887-b1-preliminary-vocabulary-list.pdf,bʌlb,https://github.com/skywind3000/ECDICT,offline-materials,bulb,equipment,bulb · 单词里的小故事,班级活动开始前，小乐负责核对需要的东西。我们今天需要球茎。小乐说：“We need the bulb today.”朋友听懂了，也想起自己遇到过的事。,,We need the __________ today.,bulb,我们今天需要球茎。,context,2026-09-v2,本地预制课堂素材；原创短句与场景模板,[],想象你也在这个场景里。用 bulb 说一句自己的话。
bull,PET,2,公牛,n.,日常沟通,We saw the bull in a picture.,我们在图片里看到了公牛。,[],结合常用释义整体记忆。先听老师读，再用自己的生活场景解释。,0,,https://www.cambridgeenglish.org/images/506887-b1-preliminary-vocabulary-list.pdf,bul,https://github.com/skywind3000/ECDICT,offline-materials,bull,animal,bull · 单词里的小故事,小乐翻开一本动物画册，在其中一页停了下来。我们在图片里看到了公牛。小乐说：“We saw the bull in a picture.”朋友听懂了，也想起自己遇到过的事。,,We saw the __________ in a picture.,bull,我们在图片里看到了公牛。,context,2026-09-v2,本地预制课堂素材；原创短句与场景模板,[],想象你也在这个场景里。用 bull 说一句自己的话。
bunch,PET,2,一束；一串,n.,日常沟通,She gave me a bunch of flowers.,她给了我一束花。,[],结合常用释义整体记忆。先听老师读，再用自己的生活场景解释。,0,,https://www.cambridgeenglish.org/images/506887-b1-preliminary-vocabulary-list.pdf,bʌntʃ,常用义教学修订；原词典见 ECDICT-LICENSE.txt,offline-materials,bunch,authored,bunch · 单词里的小故事,小乐和朋友交换今天的小发现。她给了我一束花。小乐说：“She gave me a bunch of flowers.”朋友听懂了，也想起自己遇到过的事。,,She gave me a __________ of flowers.,bunch,她给了我一束花。,context,2026-09-v2,本地预制课堂素材；原创短句与场景模板,[],想象你也在这个场景里。用 bunch 说一句自己的话。
burn,PET,1,烧；烧毁；烧伤,v.,日常沟通,Do not touch the fire. It can burn you.,不要碰火。它会烧伤你。,[],结合常用释义整体记忆。先听老师读，再用自己的生活场景解释。,0,,https://www.cambridgeenglish.org/images/506887-b1-preliminary-vocabulary-list.pdf,bә:n,https://github.com/skywind3000/ECDICT,offline-materials,burn,authored,burn · 单词里的小故事,小乐和朋友交换今天的小发现。不要碰火。它会烧伤你。小乐说：“Do not touch the fire. It can burn you.”朋友听懂了，也想起自己遇到过的事。,,Do not touch the fire. It can __________ you.,burn,不要碰火。它会烧伤你。,context,2026-09-v2,本地预制课堂素材；原创短句与场景模板,[],想象你也在这个场景里。用 burn 说一句自己的话。
burning,PET,2,燃烧的；象燃烧一样的,adj.,日常沟通,This box is burning.,这个盒子是燃烧的。,[],结合常用释义整体记忆。先听老师读，再用自己的生活场景解释。,0,,https://www.cambridgeenglish.org/images/506887-b1-preliminary-vocabulary-list.pdf,'bә:niŋ,https://github.com/skywind3000/ECDICT,offline-materials,burning,object-quality,burning · 单词里的小故事,朋友闭上眼睛，让小乐描述面前的盒子。这个盒子是燃烧的。小乐说：“This box is burning.”朋友听懂了，也想起自己遇到过的事。,,This box is __________.,burning,这个盒子是燃烧的。,context,2026-09-v2,本地预制课堂素材；原创短句与场景模板,[],想象你也在这个场景里。用 burning 说一句自己的话。
bury,PET,2,埋葬；埋藏,v.,日常沟通,The dog likes to bury its toys.,这只狗喜欢把玩具埋起来。,[],结合常用释义整体记忆。先听老师读，再用自己的生活场景解释。,0,,https://www.cambridgeenglish.org/images/506887-b1-preliminary-vocabulary-list.pdf,'beri,https://github.com/skywind3000/ECDICT,offline-materials,bury,authored,bury · 单词里的小故事,小乐和朋友交换今天的小发现。这只狗喜欢把玩具埋起来。小乐说：“The dog likes to bury its toys.”朋友听懂了，也想起自己遇到过的事。,,The dog likes to __________ its toys.,bury,这只狗喜欢把玩具埋起来。,context,2026-09-v2,本地预制课堂素材；原创短句与场景模板,[],想象你也在这个场景里。用 bury 说一句自己的话。
bush,PET,2,矮树丛,n.,日常沟通,We talked about the bush today.,我们今天谈到了矮树丛。,[],结合常用释义整体记忆。先听老师读，再用自己的生活场景解释。,0,,https://www.cambridgeenglish.org/images/506887-b1-preliminary-vocabulary-list.pdf,buʃ,https://github.com/skywind3000/ECDICT,offline-materials,bush,discussion,bush · 单词里的小故事,小乐和朋友聊起今天的一件事。我们今天谈到了矮树丛。小乐说：“We talked about the bush today.”朋友听懂了，也想起自己遇到过的事。,,We talked about the __________ today.,bush,我们今天谈到了矮树丛。,context,2026-09-v2,本地预制课堂素材；原创短句与场景模板,[],想象你也在这个场景里。用 bush 说一句自己的话。
butcher,PET,3,屠夫；肉商；小贩,n.,日常沟通,This story is about a butcher.,这个故事讲的是一位屠夫。,[],结合常用释义整体记忆。先听老师读，再用自己的生活场景解释。,0,,https://www.cambridgeenglish.org/images/506887-b1-preliminary-vocabulary-list.pdf,'butʃә,https://github.com/skywind3000/ECDICT,offline-materials,butcher,person,butcher · 单词里的小故事,读书会轮到小乐介绍故事里的一个人物。这个故事讲的是一位屠夫。小乐说：“This story is about a butcher.”朋友听懂了，也想起自己遇到过的事。,,This story is about a __________.,butcher,这个故事讲的是一位屠夫。,context,2026-09-v2,本地预制课堂素材；原创短句与场景模板,[],想象你也在这个场景里。用 butcher 说一句自己的话。
button,PET,2,钮扣；按钮,n.,日常沟通,We need the button today.,我们今天需要钮扣。,[],结合常用释义整体记忆。先听老师读，再用自己的生活场景解释。,0,,https://www.cambridgeenglish.org/images/506887-b1-preliminary-vocabulary-list.pdf,'bʌtәn,https://github.com/skywind3000/ECDICT,offline-materials,button,equipment,button · 单词里的小故事,班级活动开始前，小乐负责核对需要的东西。我们今天需要钮扣。小乐说：“We need the button today.”朋友听懂了，也想起自己遇到过的事。,,We need the __________ today.,button,我们今天需要钮扣。,context,2026-09-v2,本地预制课堂素材；原创短句与场景模板,[],想象你也在这个场景里。用 button 说一句自己的话。
buyer,PET,2,买主；买方,n.,日常沟通,This story is about a buyer.,这个故事讲的是一位买主。,"[{""text"": ""buy"", ""kind"": ""root"", ""meaning"": ""购买""}, {""text"": ""-er"", ""kind"": ""suffix"", ""meaning"": ""做某事的人或物"", ""story"": ""表示做事者的 -er 有古英语 -ere 等历史来源。它常把动作变成做这个动作的人或工具。先找到动作，再问“谁来做”，就能串起一组词。比较级里的 -er 是另一种用法。"", ""source"": ""https://www.merriam-webster.com/dictionary/-er""}]",先理解词基，再看词缀如何改变含义或词性。,0,,https://www.cambridgeenglish.org/images/506887-b1-preliminary-vocabulary-list.pdf,'baiә,https://github.com/skywind3000/ECDICT,offline-materials,buyer,person,buyer · 单词里的小故事,读书会轮到小乐介绍故事里的一个人物。这个故事讲的是一位买主。小乐说：“This story is about a buyer.”朋友听懂了，也想起自己遇到过的事。,,This story is about a __________.,buyer,这个故事讲的是一位买主。,context,2026-09-v2,本地预制课堂素材；原创短句与场景模板,[],想象你也在这个场景里。用 buyer 说一句自己的话。
by hand,PET,3,用手,prep phr.,日常沟通,She made the card by hand.,她手工制作了这张卡片。,[],结合常用释义整体记忆。先听老师读，再用自己的生活场景解释。,0,,https://www.cambridgeenglish.org/images/506887-b1-preliminary-vocabulary-list.pdf,,https://github.com/skywind3000/ECDICT,offline-materials,by hand,authored,by hand · 单词里的小故事,小乐和朋友交换今天的小发现。她手工制作了这张卡片。小乐说：“She made the card by hand.”朋友听懂了，也想起自己遇到过的事。,,She made the card __________.,by hand,她手工制作了这张卡片。,context,2026-09-v2,本地预制课堂素材；原创短句与场景模板,[],想象你也在这个场景里。用 by hand 说一句自己的话。
by mistake,PET,3,由于差错,prep phr.,日常沟通,I took your pen by mistake.,我错拿了你的笔。,[],结合常用释义整体记忆。先听老师读，再用自己的生活场景解释。,0,,https://www.cambridgeenglish.org/images/506887-b1-preliminary-vocabulary-list.pdf,,https://github.com/skywind3000/ECDICT,offline-materials,by mistake,authored,by mistake · 单词里的小故事,小乐和朋友交换今天的小发现。我错拿了你的笔。小乐说：“I took your pen by mistake.”朋友听懂了，也想起自己遇到过的事。,,I took your pen __________.,by mistake,我错拿了你的笔。,context,2026-09-v2,本地预制课堂素材；原创短句与场景模板,[],想象你也在这个场景里。用 by mistake 说一句自己的话。
by name,PET,3,名叫...；用名字；凭名字,prep phr.,日常沟通,The teacher knows every child by name.,老师知道每个孩子的名字。,[],结合常用释义整体记忆。先听老师读，再用自己的生活场景解释。,0,,https://www.cambridgeenglish.org/images/506887-b1-preliminary-vocabulary-list.pdf,,https://github.com/skywind3000/ECDICT,offline-materials,by name,authored,by name · 单词里的小故事,小乐和朋友交换今天的小发现。老师知道每个孩子的名字。小乐说：“The teacher knows every child by name.”朋友听懂了，也想起自己遇到过的事。,,The teacher knows every child __________.,by name,老师知道每个孩子的名字。,context,2026-09-v2,本地预制课堂素材；原创短句与场景模板,[],想象你也在这个场景里。用 by name 说一句自己的话。
cab,PET,2,出租车；出租汽车；出租马车,n.,日常沟通,Look at the cab in this picture.,看看这张图片中的出租车。,[],结合常用释义整体记忆。先听老师读，再用自己的生活场景解释。,0,,https://www.cambridgeenglish.org/images/506887-b1-preliminary-vocabulary-list.pdf,kæb,https://github.com/skywind3000/ECDICT,offline-materials,cab,transport,cab · 单词里的小故事,小乐和朋友观察一张出行图片，轮流指出里面的东西。看看这张图片中的出租车。小乐说：“Look at the cab in this picture.”朋友听懂了，也想起自己遇到过的事。,,Look at the __________ in this picture.,cab,看看这张图片中的出租车。,context,2026-09-v2,本地预制课堂素材；原创短句与场景模板,[],想象你也在这个场景里。用 cab 说一句自己的话。
cabbage,PET,3,卷心菜,n.,日常沟通,This cabbage tastes good.,这份卷心菜味道很好。,[],结合常用释义整体记忆。先听老师读，再用自己的生活场景解释。,0,,https://www.cambridgeenglish.org/images/506887-b1-preliminary-vocabulary-list.pdf,'kæbidʒ,https://github.com/skywind3000/ECDICT,offline-materials,cabbage,food,cabbage · 单词里的小故事,小乐第一次给家人当小帮手，端出一份食物。这份卷心菜味道很好。小乐说：“This cabbage tastes good.”朋友听懂了，也想起自己遇到过的事。,,This __________ tastes good.,cabbage,这份卷心菜味道很好。,context,2026-09-v2,本地预制课堂素材；原创短句与场景模板,[],想象你也在这个场景里。用 cabbage 说一句自己的话。
cabin,PET,2,小屋；船舱,n.,日常沟通,We visited the cabin today.,我们今天参观了小屋。,[],结合常用释义整体记忆。先听老师读，再用自己的生活场景解释。,0,,https://www.cambridgeenglish.org/images/506887-b1-preliminary-vocabulary-list.pdf,'kæbin,常用义教学修订；原词典见 ECDICT-LICENSE.txt,offline-materials,cabin,place,cabin · 单词里的小故事,小乐把今天的外出经历记进了日记。我们今天参观了小屋。小乐说：“We visited the cabin today.”朋友听懂了，也想起自己遇到过的事。,,We visited the __________ today.,cabin,我们今天参观了小屋。,context,2026-09-v2,本地预制课堂素材；原创短句与场景模板,[],想象你也在这个场景里。用 cabin 说一句自己的话。
cable,PET,2,电缆；海底电报；缆,n.,日常沟通,We need the cable today.,我们今天需要电缆。,[],结合常用释义整体记忆。先听老师读，再用自己的生活场景解释。,0,,https://www.cambridgeenglish.org/images/506887-b1-preliminary-vocabulary-list.pdf,'keibl,https://github.com/skywind3000/ECDICT,offline-materials,cable,equipment,cable · 单词里的小故事,班级活动开始前，小乐负责核对需要的东西。我们今天需要电缆。小乐说：“We need the cable today.”朋友听懂了，也想起自己遇到过的事。,,We need the __________ today.,cable,我们今天需要电缆。,context,2026-09-v2,本地预制课堂素材；原创短句与场景模板,[],想象你也在这个场景里。用 cable 说一句自己的话。
calculator,PET,3,计算者；计算器,n.,日常沟通,We need the calculator today.,我们今天需要计算者。,[],结合常用释义整体记忆。先听老师读，再用自己的生活场景解释。,0,,https://www.cambridgeenglish.org/images/506887-b1-preliminary-vocabulary-list.pdf,'kælkjuleitә,https://github.com/skywind3000/ECDICT,offline-materials,calculator,equipment,calculator · 单词里的小故事,班级活动开始前，小乐负责核对需要的东西。我们今天需要计算者。小乐说：“We need the calculator today.”朋友听懂了，也想起自己遇到过的事。,,We need the __________ today.,calculator,我们今天需要计算者。,context,2026-09-v2,本地预制课堂素材；原创短句与场景模板,[],想象你也在这个场景里。用 calculator 说一句自己的话。
calf,PET,2,小牛；小腿,n.,日常沟通,We saw the calf in a picture.,我们在图片里看到了小牛。,[],结合常用释义整体记忆。先听老师读，再用自己的生活场景解释。,0,,https://www.cambridgeenglish.org/images/506887-b1-preliminary-vocabulary-list.pdf,kɑ:f,常用义教学修订；原词典见 ECDICT-LICENSE.txt,offline-materials,calf,animal,calf · 单词里的小故事,小乐翻开一本动物画册，在其中一页停了下来。我们在图片里看到了小牛。小乐说：“We saw the calf in a picture.”朋友听懂了，也想起自己遇到过的事。,,We saw the __________ in a picture.,calf,我们在图片里看到了小牛。,context,2026-09-v2,本地预制课堂素材；原创短句与场景模板,[],想象你也在这个场景里。用 calf 说一句自己的话。
call for,PET,3,叫(某人)来；要求；为...叫喊,phr v.,日常沟通,The teacher will call for help.,老师会呼叫求助。,[],结合常用释义整体记忆。先听老师读，再用自己的生活场景解释。,0,,https://www.cambridgeenglish.org/images/506887-b1-preliminary-vocabulary-list.pdf,,https://github.com/skywind3000/ECDICT,offline-materials,call for,authored,call for · 单词里的小故事,小乐和朋友交换今天的小发现。老师会呼叫求助。小乐说：“The teacher will call for help.”朋友听懂了，也想起自己遇到过的事。,,The teacher will __________ help.,call for,老师会呼叫求助。,context,2026-09-v2,本地预制课堂素材；原创短句与场景模板,[],想象你也在这个场景里。用 call for 说一句自己的话。
call in,PET,3,召集；召来；来访,phr v.,日常沟通,I will call in to see you tomorrow.,我明天会顺道来看你。,[],结合常用释义整体记忆。先听老师读，再用自己的生活场景解释。,0,,https://www.cambridgeenglish.org/images/506887-b1-preliminary-vocabulary-list.pdf,,https://github.com/skywind3000/ECDICT,offline-materials,call in,authored,call in · 单词里的小故事,小乐和朋友交换今天的小发现。我明天会顺道来看你。小乐说：“I will call in to see you tomorrow.”朋友听懂了，也想起自己遇到过的事。,,I will __________ to see you tomorrow.,call in,我明天会顺道来看你。,context,2026-09-v2,本地预制课堂素材；原创短句与场景模板,[],想象你也在这个场景里。用 call in 说一句自己的话。
calm,PET,2,平静的；冷静的,adj.,日常沟通,I feel calm today.,我今天感到平静的。,[],结合常用释义整体记忆。先听老师读，再用自己的生活场景解释。,0,,https://www.cambridgeenglish.org/images/506887-b1-preliminary-vocabulary-list.pdf,kɑ:m,https://github.com/skywind3000/ECDICT,offline-materials,calm,feeling,calm · 单词里的小故事,老师请大家用一个词说说今天的感受，小乐先举了手。我今天感到平静的。小乐说：“I feel calm today.”朋友听懂了，也想起自己遇到过的事。,,I feel __________ today.,calm,我今天感到平静的。,context,2026-09-v2,本地预制课堂素材；原创短句与场景模板,[],想象你也在这个场景里。用 calm 说一句自己的话。
canal,PET,2,运河；水道；管,n.,日常沟通,We visited the canal today.,我们今天参观了运河。,[],结合常用释义整体记忆。先听老师读，再用自己的生活场景解释。,0,,https://www.cambridgeenglish.org/images/506887-b1-preliminary-vocabulary-list.pdf,kә'næl,https://github.com/skywind3000/ECDICT,offline-materials,canal,place,canal · 单词里的小故事,小乐把今天的外出经历记进了日记。我们今天参观了运河。小乐说：“We visited the canal today.”朋友听懂了，也想起自己遇到过的事。,,We visited the __________ today.,canal,我们今天参观了运河。,context,2026-09-v2,本地预制课堂素材；原创短句与场景模板,[],想象你也在这个场景里。用 canal 说一句自己的话。
cancel,PET,2,取消；删去；抵销,v.,日常沟通,We must cancel the game because of rain.,由于下雨，我们必须取消比赛。,[],结合常用释义整体记忆。先听老师读，再用自己的生活场景解释。,0,,https://www.cambridgeenglish.org/images/506887-b1-preliminary-vocabulary-list.pdf,'kænsәl,https://github.com/skywind3000/ECDICT,offline-materials,cancel,authored,cancel · 单词里的小故事,小乐和朋友交换今天的小发现。由于下雨，我们必须取消比赛。小乐说：“We must cancel the game because of rain.”朋友听懂了，也想起自己遇到过的事。,,We must __________ the game because of rain.,cancel,由于下雨，我们必须取消比赛。,context,2026-09-v2,本地预制课堂素材；原创短句与场景模板,[],想象你也在这个场景里。用 cancel 说一句自己的话。
candidate,PET,1,候选人；投考者,n.,日常沟通,This story is about a candidate.,这个故事讲的是一位候选人。,[],结合常用释义整体记忆。先听老师读，再用自己的生活场景解释。,0,,https://www.cambridgeenglish.org/images/506887-b1-preliminary-vocabulary-list.pdf,'kændideit,https://github.com/skywind3000/ECDICT,offline-materials,candidate,person,candidate · 单词里的小故事,读书会轮到小乐介绍故事里的一个人物。这个故事讲的是一位候选人。小乐说：“This story is about a candidate.”朋友听懂了，也想起自己遇到过的事。,,This story is about a __________.,candidate,这个故事讲的是一位候选人。,context,2026-09-v2,本地预制课堂素材；原创短句与场景模板,[],想象你也在这个场景里。用 candidate 说一句自己的话。
candle,PET,2,蜡烛,n.,日常沟通,We need the candle today.,我们今天需要蜡烛。,[],结合常用释义整体记忆。先听老师读，再用自己的生活场景解释。,0,,https://www.cambridgeenglish.org/images/506887-b1-preliminary-vocabulary-list.pdf,'kændl,https://github.com/skywind3000/ECDICT,offline-materials,candle,equipment,candle · 单词里的小故事,班级活动开始前，小乐负责核对需要的东西。我们今天需要蜡烛。小乐说：“We need the candle today.”朋友听懂了，也想起自己遇到过的事。,,We need the __________ today.,candle,我们今天需要蜡烛。,context,2026-09-v2,本地预制课堂素材；原创短句与场景模板,[],想象你也在这个场景里。用 candle 说一句自己的话。
canteen,PET,3,水壶；军中俱乐部；临时流动餐馆,n.,日常沟通,We visited the canteen today.,我们今天参观了水壶。,[],结合常用释义整体记忆。先听老师读，再用自己的生活场景解释。,0,,https://www.cambridgeenglish.org/images/506887-b1-preliminary-vocabulary-list.pdf,kæn'ti:n,https://github.com/skywind3000/ECDICT,offline-materials,canteen,place,canteen · 单词里的小故事,小乐把今天的外出经历记进了日记。我们今天参观了水壶。小乐说：“We visited the canteen today.”朋友听懂了，也想起自己遇到过的事。,,We visited the __________ today.,canteen,我们今天参观了水壶。,context,2026-09-v2,本地预制课堂素材；原创短句与场景模板,[],想象你也在这个场景里。用 canteen 说一句自己的话。
captain,PET,1,船长；指挥官；海军上校,n.,日常沟通,This story is about a captain.,这个故事讲的是一位船长。,[],结合常用释义整体记忆。先听老师读，再用自己的生活场景解释。,0,,https://www.cambridgeenglish.org/images/506887-b1-preliminary-vocabulary-list.pdf,'kæptin,https://github.com/skywind3000/ECDICT,offline-materials,captain,person,captain · 单词里的小故事,读书会轮到小乐介绍故事里的一个人物。这个故事讲的是一位船长。小乐说：“This story is about a captain.”朋友听懂了，也想起自己遇到过的事。,,This story is about a __________.,captain,这个故事讲的是一位船长。,context,2026-09-v2,本地预制课堂素材；原创短句与场景模板,[],想象你也在这个场景里。用 captain 说一句自己的话。
cardboard,PET,3,薄纸板,adj; n.,日常沟通,This box is made of cardboard.,这个盒子是纸板做的。,[],结合常用释义整体记忆。先听老师读，再用自己的生活场景解释。,0,,https://www.cambridgeenglish.org/images/506887-b1-preliminary-vocabulary-list.pdf,'kɑ:dbɒ:d,https://github.com/skywind3000/ECDICT,offline-materials,cardboard,authored,cardboard · 单词里的小故事,小乐和朋友交换今天的小发现。这个盒子是纸板做的。小乐说：“This box is made of cardboard.”朋友听懂了，也想起自己遇到过的事。,,This box is made of __________.,cardboard,这个盒子是纸板做的。,context,2026-09-v2,本地预制课堂素材；原创短句与场景模板,[],想象你也在这个场景里。用 cardboard 说一句自己的话。
care,PET,1,小心；照料；忧虑,n; v.,日常沟通,We talked about the care today.,我们今天谈到了小心。,"[{""text"": ""care"", ""kind"": ""root"", ""meaning"": ""小心；关心""}]",这个词本身可以作为词基，与相关派生词联系起来理解。,0,,https://www.cambridgeenglish.org/images/506887-b1-preliminary-vocabulary-list.pdf,kєә,https://github.com/skywind3000/ECDICT,offline-materials,care,discussion,care · 单词里的小故事,小乐和朋友聊起今天的一件事。我们今天谈到了小心。小乐说：“We talked about the care today.”朋友听懂了，也想起自己遇到过的事。,,We talked about the __________ today.,care,我们今天谈到了小心。,context,2026-09-v2,本地预制课堂素材；原创短句与场景模板,[],想象你也在这个场景里。用 care 说一句自己的话。
careless,PET,3,粗心的,adj.,日常沟通,A careless mistake changes the result.,一个粗心的错误改变了结果。,"[{""text"": ""care"", ""kind"": ""root"", ""meaning"": ""小心；关心""}, {""text"": ""-less"", ""kind"": ""suffix"", ""meaning"": ""没有；缺少"", ""story"": ""-less 的历史形式来自古英语 -lēas，表示缺少。它像提醒我们看见一个空着的位置：这里少了什么？它与独立单词 less 的来历不能简单混在一起。"", ""source"": ""https://www.merriam-webster.com/dictionary/-less""}]",先理解词基，再看词缀如何改变含义或词性。,0,,https://www.cambridgeenglish.org/images/506887-b1-preliminary-vocabulary-list.pdf,'kєәlis,原创课堂释义与例句,offline-materials,careless,authored,careless · 单词里的小故事,小乐算对了每一步，却把最后的数字抄错了。她重新检查，终于找到了这个粗心的小错误。下一次，她决定多看一眼。这就是 careless 留下的画面。,,A __________ mistake changes the result.,careless,一个粗心的错误改变了结果。,context,2026-09-v2,本地预制课堂素材；原创短句与场景模板,"[{""en"": ""A careless mistake can make your answer wrong."", ""zh"": ""一个粗心的错误就可能让你的答案出错。""}]",你会怎样避免粗心的小错误？
carry on,PET,3,继续开展；行为愚蠢(或越轨),phr v.,日常沟通,Please carry on with your work.,请继续你的工作。,[],结合常用释义整体记忆。先听老师读，再用自己的生活场景解释。,0,,https://www.cambridgeenglish.org/images/506887-b1-preliminary-vocabulary-list.pdf,,https://github.com/skywind3000/ECDICT,offline-materials,carry on,authored,carry on · 单词里的小故事,小乐和朋友交换今天的小发现。请继续你的工作。小乐说：“Please carry on with your work.”朋友听懂了，也想起自己遇到过的事。,,Please __________ with your work.,carry on,请继续你的工作。,context,2026-09-v2,本地预制课堂素材；原创短句与场景模板,[],想象你也在这个场景里。用 carry on 说一句自己的话。
carry out,PET,3,进行；实现；贯彻,phr v.,日常沟通,We will carry out the plan together.,我们会一起执行计划。,[],结合常用释义整体记忆。先听老师读，再用自己的生活场景解释。,0,,https://www.cambridgeenglish.org/images/506887-b1-preliminary-vocabulary-list.pdf,,https://github.com/skywind3000/ECDICT,offline-materials,carry out,authored,carry out · 单词里的小故事,小乐和朋友交换今天的小发现。我们会一起执行计划。小乐说：“We will carry out the plan together.”朋友听懂了，也想起自己遇到过的事。,,We will __________ the plan together.,carry out,我们会一起执行计划。,context,2026-09-v2,本地预制课堂素材；原创短句与场景模板,[],想象你也在这个场景里。用 carry out 说一句自己的话。
cash machine,PET,3,自动取款机,n.,日常沟通,We talked about the cash machine today.,我们今天谈到了自动取款机。,[],结合常用释义整体记忆。先听老师读，再用自己的生活场景解释。,0,,https://www.cambridgeenglish.org/images/506887-b1-preliminary-vocabulary-list.pdf,,https://github.com/skywind3000/ECDICT,offline-materials,cash machine,discussion,cash machine · 单词里的小故事,小乐和朋友聊起今天的一件事。我们今天谈到了自动取款机。小乐说：“We talked about the cash machine today.”朋友听懂了，也想起自己遇到过的事。,,We talked about the __________ today.,cash machine,我们今天谈到了自动取款机。,context,2026-09-v2,本地预制课堂素材；原创短句与场景模板,[],想象你也在这个场景里。用 cash machine 说一句自己的话。
cashpoint,PET,2,自动取款机,n.,日常沟通,There is a cashpoint beside the bank.,银行旁边有一台自动取款机。,"[{""text"": ""cash"", ""kind"": ""compound"", ""meaning"": ""现金""}, {""text"": ""point"", ""kind"": ""compound"", ""meaning"": ""地点；机器点位""}]",两个已有成分组合成一个词。结合它们的意思理解整体词义，但不要把这种现代拆分当作完整的历史词源。,0,,https://www.cambridgeenglish.org/images/506887-b1-preliminary-vocabulary-list.pdf,,原创课堂释义与例句,offline-materials,cashpoint,authored,cashpoint · 单词里的小故事,小乐和朋友交换今天的小发现。银行旁边有一台自动取款机。小乐说：“There is a cashpoint beside the bank.”朋友听懂了，也想起自己遇到过的事。,,There is a __________ beside the bank.,cashpoint,银行旁边有一台自动取款机。,context,2026-09-v2,本地预制课堂素材；原创短句与场景模板,[],想象你也在这个场景里。用 cashpoint 说一句自己的话。
casual,PET,2,偶然的；不经意的；便装的,adj.,日常沟通,We can wear casual clothes today.,我们今天可以穿休闲服。,[],结合常用释义整体记忆。先听老师读，再用自己的生活场景解释。,0,,https://www.cambridgeenglish.org/images/506887-b1-preliminary-vocabulary-list.pdf,'kæʒjuәl,https://github.com/skywind3000/ECDICT,offline-materials,casual,authored,casual · 单词里的小故事,小乐和朋友交换今天的小发现。我们今天可以穿休闲服。小乐说：“We can wear casual clothes today.”朋友听懂了，也想起自己遇到过的事。,,We can wear __________ clothes today.,casual,我们今天可以穿休闲服。,context,2026-09-v2,本地预制课堂素材；原创短句与场景模板,[],想象你也在这个场景里。用 casual 说一句自己的话。
cathedral,PET,2,大教堂,n.,日常沟通,We visited the cathedral today.,我们今天参观了大教堂。,[],结合常用释义整体记忆。先听老师读，再用自己的生活场景解释。,0,,https://www.cambridgeenglish.org/images/506887-b1-preliminary-vocabulary-list.pdf,kә'θi:drәl,https://github.com/skywind3000/ECDICT,offline-materials,cathedral,place,cathedral · 单词里的小故事,小乐把今天的外出经历记进了日记。我们今天参观了大教堂。小乐说：“We visited the cathedral today.”朋友听懂了，也想起自己遇到过的事。,,We visited the __________ today.,cathedral,我们今天参观了大教堂。,context,2026-09-v2,本地预制课堂素材；原创短句与场景模板,[],想象你也在这个场景里。用 cathedral 说一句自己的话。
cattle,PET,2,牛；家畜,n.,日常沟通,The cattle are in the field.,牛群在田野里。,[],结合常用释义整体记忆。先听老师读，再用自己的生活场景解释。,0,,https://www.cambridgeenglish.org/images/506887-b1-preliminary-vocabulary-list.pdf,kætl,https://github.com/skywind3000/ECDICT,offline-materials,cattle,authored,cattle · 单词里的小故事,小乐和朋友交换今天的小发现。牛群在田野里。小乐说：“The cattle are in the field.”朋友听懂了，也想起自己遇到过的事。,,The __________ are in the field.,cattle,牛群在田野里。,context,2026-09-v2,本地预制课堂素材；原创短句与场景模板,[],想象你也在这个场景里。用 cattle 说一句自己的话。
cave,PET,2,洞；穴,n.,日常沟通,We visited the cave today.,我们今天参观了洞。,[],结合常用释义整体记忆。先听老师读，再用自己的生活场景解释。,0,,https://www.cambridgeenglish.org/images/506887-b1-preliminary-vocabulary-list.pdf,keiv,https://github.com/skywind3000/ECDICT,offline-materials,cave,place,cave · 单词里的小故事,小乐把今天的外出经历记进了日记。我们今天参观了洞。小乐说：“We visited the cave today.”朋友听懂了，也想起自己遇到过的事。,,We visited the __________ today.,cave,我们今天参观了洞。,context,2026-09-v2,本地预制课堂素材；原创短句与场景模板,[],想象你也在这个场景里。用 cave 说一句自己的话。
celebration,PET,2,庆祝；庆典,n.,日常沟通,We talked about the celebration today.,我们今天谈到了庆祝。,"[{""text"": ""celebrate"", ""kind"": ""root"", ""meaning"": ""庆祝""}, {""text"": ""-ion"", ""kind"": ""suffix"", ""meaning"": ""动作或结果（构成名词）"", ""story"": ""-ion 经由法语进入英语，更早来自拉丁语。它常把一个动作、过程或状态当作一件可以谈论的事。词基像动作的起点，结尾则帮助我们给它取一个名字。"", ""source"": ""https://www.merriam-webster.com/dictionary/-ion""}]",celebrate 去掉词尾不发音的 e，再接 -ion。,0,,https://www.cambridgeenglish.org/images/506887-b1-preliminary-vocabulary-list.pdf,.seli'breiʃәn,https://github.com/skywind3000/ECDICT,offline-materials,celebration,discussion,celebration · 单词里的小故事,小乐和朋友聊起今天的一件事。我们今天谈到了庆祝。小乐说：“We talked about the celebration today.”朋友听懂了，也想起自己遇到过的事。,,We talked about the __________ today.,celebration,我们今天谈到了庆祝。,context,2026-09-v2,本地预制课堂素材；原创短句与场景模板,"[{""en"": ""The whole family came to the celebration."", ""zh"": ""全家都来参加庆祝活动。""}]",想象你也在这个场景里。用 celebration 说一句自己的话。
central,PET,1,中央的；重要的,adj.,日常沟通,The park is in the central part of town.,公园在镇的中心地区。,[],结合常用释义整体记忆。先听老师读，再用自己的生活场景解释。,0,,https://www.cambridgeenglish.org/images/506887-b1-preliminary-vocabulary-list.pdf,'sentrәl,https://github.com/skywind3000/ECDICT,offline-materials,central,authored,central · 单词里的小故事,小乐和朋友交换今天的小发现。公园在镇的中心地区。小乐说：“The park is in the central part of town.”朋友听懂了，也想起自己遇到过的事。,,The park is in the __________ part of town.,central,公园在镇的中心地区。,context,2026-09-v2,本地预制课堂素材；原创短句与场景模板,[],想象你也在这个场景里。用 central 说一句自己的话。
central heating,PET,3,集中采暖(法),n.,日常沟通,We talked about the central heating today.,我们今天谈到了集中采暖。,[],结合常用释义整体记忆。先听老师读，再用自己的生活场景解释。,0,,https://www.cambridgeenglish.org/images/506887-b1-preliminary-vocabulary-list.pdf,,https://github.com/skywind3000/ECDICT,offline-materials,central heating,discussion,central heating · 单词里的小故事,小乐和朋友聊起今天的一件事。我们今天谈到了集中采暖。小乐说：“We talked about the central heating today.”朋友听懂了，也想起自己遇到过的事。,,We talked about the __________ today.,central heating,我们今天谈到了集中采暖。,context,2026-09-v2,本地预制课堂素材；原创短句与场景模板,[],想象你也在这个场景里。用 central heating 说一句自己的话。
ceremony,PET,2,典礼；仪式；礼节,n.,日常沟通,We talked about the ceremony today.,我们今天谈到了典礼。,[],结合常用释义整体记忆。先听老师读，再用自己的生活场景解释。,0,,https://www.cambridgeenglish.org/images/506887-b1-preliminary-vocabulary-list.pdf,'serimәni,https://github.com/skywind3000/ECDICT,offline-materials,ceremony,discussion,ceremony · 单词里的小故事,小乐和朋友聊起今天的一件事。我们今天谈到了典礼。小乐说：“We talked about the ceremony today.”朋友听懂了，也想起自己遇到过的事。,,We talked about the __________ today.,ceremony,我们今天谈到了典礼。,context,2026-09-v2,本地预制课堂素材；原创短句与场景模板,[],想象你也在这个场景里。用 ceremony 说一句自己的话。
certain,PET,1,确定的；某一个的；必然的,adj.,日常沟通,I am certain that this is your bag.,我肯定这是你的包。,"[{""text"": ""certain"", ""kind"": ""root"", ""meaning"": ""确定的""}]",这个词本身可以作为词基，与相关派生词联系起来理解。,0,,https://www.cambridgeenglish.org/images/506887-b1-preliminary-vocabulary-list.pdf,'sә:tәn,https://github.com/skywind3000/ECDICT,offline-materials,certain,authored,certain · 单词里的小故事,小乐和朋友交换今天的小发现。我肯定这是你的包。小乐说：“I am certain that this is your bag.”朋友听懂了，也想起自己遇到过的事。,,I am __________ that this is your bag.,certain,我肯定这是你的包。,context,2026-09-v2,本地预制课堂素材；原创短句与场景模板,[],想象你也在这个场景里。用 certain 说一句自己的话。
certificate,PET,2,证书；证明书,n.,日常沟通,We talked about the certificate today.,我们今天谈到了证书。,[],结合常用释义整体记忆。先听老师读，再用自己的生活场景解释。,0,,https://www.cambridgeenglish.org/images/506887-b1-preliminary-vocabulary-list.pdf,sә'tifikeit,https://github.com/skywind3000/ECDICT,offline-materials,certificate,discussion,certificate · 单词里的小故事,小乐和朋友聊起今天的一件事。我们今天谈到了证书。小乐说：“We talked about the certificate today.”朋友听懂了，也想起自己遇到过的事。,,We talked about the __________ today.,certificate,我们今天谈到了证书。,context,2026-09-v2,本地预制课堂素材；原创短句与场景模板,[],想象你也在这个场景里。用 certificate 说一句自己的话。
challenge,PET,1,挑战；盘问,n; v.,日常沟通,We talked about the challenge today.,我们今天谈到了挑战。,[],结合常用释义整体记忆。先听老师读，再用自己的生活场景解释。,0,,https://www.cambridgeenglish.org/images/506887-b1-preliminary-vocabulary-list.pdf,'tʃælindʒ,https://github.com/skywind3000/ECDICT,offline-materials,challenge,discussion,challenge · 单词里的小故事,小乐和朋友聊起今天的一件事。我们今天谈到了挑战。小乐说：“We talked about the challenge today.”朋友听懂了，也想起自己遇到过的事。,,We talked about the __________ today.,challenge,我们今天谈到了挑战。,context,2026-09-v2,本地预制课堂素材；原创短句与场景模板,[],想象你也在这个场景里。用 challenge 说一句自己的话。
challenging,PET,3,挑战的；引起争论的,adj.,日常沟通,This game is challenging.,这个游戏很有挑战性。,[],结合常用释义整体记忆。先听老师读，再用自己的生活场景解释。,0,,https://www.cambridgeenglish.org/images/506887-b1-preliminary-vocabulary-list.pdf,'tʃælindʒiŋ,https://github.com/skywind3000/ECDICT,offline-materials,challenging,authored,challenging · 单词里的小故事,小乐和朋友交换今天的小发现。这个游戏很有挑战性。小乐说：“This game is challenging.”朋友听懂了，也想起自己遇到过的事。,,This game is __________.,challenging,这个游戏很有挑战性。,context,2026-09-v2,本地预制课堂素材；原创短句与场景模板,[],想象你也在这个场景里。用 challenging 说一句自己的话。
champion,PET,1,冠军；拥护者；战士,n.,日常沟通,This story is about a champion.,这个故事讲的是一位冠军。,[],结合常用释义整体记忆。先听老师读，再用自己的生活场景解释。,0,,https://www.cambridgeenglish.org/images/506887-b1-preliminary-vocabulary-list.pdf,'tʃæmpiәn,https://github.com/skywind3000/ECDICT,offline-materials,champion,person,champion · 单词里的小故事,读书会轮到小乐介绍故事里的一个人物。这个故事讲的是一位冠军。小乐说：“This story is about a champion.”朋友听懂了，也想起自己遇到过的事。,,This story is about a __________.,champion,这个故事讲的是一位冠军。,context,2026-09-v2,本地预制课堂素材；原创短句与场景模板,[],想象你也在这个场景里。用 champion 说一句自己的话。
championship,PET,1,冠军身份；冠军称号；捍卫,n.,日常沟通,We talked about the championship today.,我们今天谈到了冠军身份。,[],结合常用释义整体记忆。先听老师读，再用自己的生活场景解释。,0,,https://www.cambridgeenglish.org/images/506887-b1-preliminary-vocabulary-list.pdf,'tʃæmpiәnʃip,https://github.com/skywind3000/ECDICT,offline-materials,championship,discussion,championship · 单词里的小故事,小乐和朋友聊起今天的一件事。我们今天谈到了冠军身份。小乐说：“We talked about the championship today.”朋友听懂了，也想起自己遇到过的事。,,We talked about the __________ today.,championship,我们今天谈到了冠军身份。,context,2026-09-v2,本地预制课堂素材；原创短句与场景模板,[],想象你也在这个场景里。用 championship 说一句自己的话。
chance,PET,1,机会；意外；可能性,n.,日常沟通,We talked about the chance today.,我们今天谈到了机会。,[],结合常用释义整体记忆。先听老师读，再用自己的生活场景解释。,0,,https://www.cambridgeenglish.org/images/506887-b1-preliminary-vocabulary-list.pdf,tʃæns. tʃɑ:ns,https://github.com/skywind3000/ECDICT,offline-materials,chance,discussion,chance · 单词里的小故事,小乐和朋友聊起今天的一件事。我们今天谈到了机会。小乐说：“We talked about the chance today.”朋友听懂了，也想起自己遇到过的事。,,We talked about the __________ today.,chance,我们今天谈到了机会。,context,2026-09-v2,本地预制课堂素材；原创短句与场景模板,[],想象你也在这个场景里。用 chance 说一句自己的话。
changing room,PET,3,更衣室,n.,日常沟通,We visited the changing room today.,我们今天参观了更衣室。,[],结合常用释义整体记忆。先听老师读，再用自己的生活场景解释。,0,,https://www.cambridgeenglish.org/images/506887-b1-preliminary-vocabulary-list.pdf,ˈtʃeindʒiŋ ru:m,https://github.com/skywind3000/ECDICT,offline-materials,changing room,place,changing room · 单词里的小故事,小乐把今天的外出经历记进了日记。我们今天参观了更衣室。小乐说：“We visited the changing room today.”朋友听懂了，也想起自己遇到过的事。,,We visited the __________ today.,changing room,我们今天参观了更衣室。,context,2026-09-v2,本地预制课堂素材；原创短句与场景模板,[],想象你也在这个场景里。用 changing room 说一句自己的话。
chapter,PET,1,章；篇；重要章节,n.,日常沟通,We talked about the chapter today.,我们今天谈到了章。,[],结合常用释义整体记忆。先听老师读，再用自己的生活场景解释。,0,,https://www.cambridgeenglish.org/images/506887-b1-preliminary-vocabulary-list.pdf,'tʃæptә,https://github.com/skywind3000/ECDICT,offline-materials,chapter,discussion,chapter · 单词里的小故事,小乐和朋友聊起今天的一件事。我们今天谈到了章。小乐说：“We talked about the chapter today.”朋友听懂了，也想起自己遇到过的事。,,We talked about the __________ today.,chapter,我们今天谈到了章。,context,2026-09-v2,本地预制课堂素材；原创短句与场景模板,[],想象你也在这个场景里。用 chapter 说一句自己的话。
charge,PET,1,收费；费用；充电,n; v.,日常沟通,We talked about the charge today.,我们今天谈到了收费。,[],结合常用释义整体记忆。先听老师读，再用自己的生活场景解释。,0,,https://www.cambridgeenglish.org/images/506887-b1-preliminary-vocabulary-list.pdf,tʃɑ:dʒ,常用义教学修订；原词典见 ECDICT-LICENSE.txt,offline-materials,charge,discussion,charge · 单词里的小故事,小乐和朋友聊起今天的一件事。我们今天谈到了收费。小乐说：“We talked about the charge today.”朋友听懂了，也想起自己遇到过的事。,,We talked about the __________ today.,charge,我们今天谈到了收费。,context,2026-09-v2,本地预制课堂素材；原创短句与场景模板,[],想象你也在这个场景里。用 charge 说一句自己的话。
charity,PET,2,慈悲；博爱；慈善团体,n.,日常沟通,We talked about the charity today.,我们今天谈到了慈悲。,[],结合常用释义整体记忆。先听老师读，再用自己的生活场景解释。,0,,https://www.cambridgeenglish.org/images/506887-b1-preliminary-vocabulary-list.pdf,'tʃæriti,https://github.com/skywind3000/ECDICT,offline-materials,charity,discussion,charity · 单词里的小故事,小乐和朋友聊起今天的一件事。我们今天谈到了慈悲。小乐说：“We talked about the charity today.”朋友听懂了，也想起自己遇到过的事。,,We talked about the __________ today.,charity,我们今天谈到了慈悲。,context,2026-09-v2,本地预制课堂素材；原创短句与场景模板,[],想象你也在这个场景里。用 charity 说一句自己的话。
charming,PET,2,迷人的；有吸引力的,adj.,日常沟通,The person in the story is charming.,故事里的那个人是迷人的。,[],结合常用释义整体记忆。先听老师读，再用自己的生活场景解释。,0,,https://www.cambridgeenglish.org/images/506887-b1-preliminary-vocabulary-list.pdf,'tʃɑ:miŋ,https://github.com/skywind3000/ECDICT,offline-materials,charming,person-quality,charming · 单词里的小故事,同学们在给故事人物选词卡，小乐找到了合适的一张。故事里的那个人是迷人的。小乐说：“The person in the story is charming.”朋友听懂了，也想起自己遇到过的事。,,The person in the story is __________.,charming,故事里的那个人是迷人的。,context,2026-09-v2,本地预制课堂素材；原创短句与场景模板,[],想象你也在这个场景里。用 charming 说一句自己的话。
chat show,PET,3,（电视或广播电台的）访谈节目,n.,日常沟通,We talked about the chat show today.,我们今天谈到了访谈节目。,[],结合常用释义整体记忆。先听老师读，再用自己的生活场景解释。,0,,https://www.cambridgeenglish.org/images/506887-b1-preliminary-vocabulary-list.pdf,tʃæt ʃəu,https://github.com/skywind3000/ECDICT,offline-materials,chat show,discussion,chat show · 单词里的小故事,小乐和朋友聊起今天的一件事。我们今天谈到了访谈节目。小乐说：“We talked about the chat show today.”朋友听懂了，也想起自己遇到过的事。,,We talked about the __________ today.,chat show,我们今天谈到了访谈节目。,context,2026-09-v2,本地预制课堂素材；原创短句与场景模板,[],想象你也在这个场景里。用 chat show 说一句自己的话。
cheat,PET,2,欺骗；逃脱；骗取,v.,日常沟通,It is wrong to cheat in a test.,考试作弊是不对的。,[],结合常用释义整体记忆。先听老师读，再用自己的生活场景解释。,0,,https://www.cambridgeenglish.org/images/506887-b1-preliminary-vocabulary-list.pdf,tʃi:t,https://github.com/skywind3000/ECDICT,offline-materials,cheat,authored,cheat · 单词里的小故事,小乐和朋友交换今天的小发现。考试作弊是不对的。小乐说：“It is wrong to cheat in a test.”朋友听懂了，也想起自己遇到过的事。,,It is wrong to __________ in a test.,cheat,考试作弊是不对的。,context,2026-09-v2,本地预制课堂素材；原创短句与场景模板,[],想象你也在这个场景里。用 cheat 说一句自己的话。
check in,PET,3,登记；报到,phr v.,日常沟通,We can check in at the hotel now.,我们现在可以在酒店办理入住。,[],结合常用释义整体记忆。先听老师读，再用自己的生活场景解释。,0,,https://www.cambridgeenglish.org/images/506887-b1-preliminary-vocabulary-list.pdf,,https://github.com/skywind3000/ECDICT,offline-materials,check in,authored,check in · 单词里的小故事,小乐和朋友交换今天的小发现。我们现在可以在酒店办理入住。小乐说：“We can check in at the hotel now.”朋友听懂了，也想起自己遇到过的事。,,We can __________ at the hotel now.,check in,我们现在可以在酒店办理入住。,context,2026-09-v2,本地预制课堂素材；原创短句与场景模板,[],想象你也在这个场景里。用 check in 说一句自己的话。
check out,PET,3,付帐后离开；检查；符合要求,phr v.,日常沟通,We must check out before ten.,我们必须在十点前退房。,[],结合常用释义整体记忆。先听老师读，再用自己的生活场景解释。,0,,https://www.cambridgeenglish.org/images/506887-b1-preliminary-vocabulary-list.pdf,,https://github.com/skywind3000/ECDICT,offline-materials,check out,authored,check out · 单词里的小故事,小乐和朋友交换今天的小发现。我们必须在十点前退房。小乐说：“We must check out before ten.”朋友听懂了，也想起自己遇到过的事。,,We must __________ before ten.,check out,我们必须在十点前退房。,context,2026-09-v2,本地预制课堂素材；原创短句与场景模板,[],想象你也在这个场景里。用 check out 说一句自己的话。
check-in,PET,3,报到；抵达；签到,n.,日常沟通,We talked about the check-in today.,我们今天谈到了报到。,[],结合常用释义整体记忆。先听老师读，再用自己的生活场景解释。,0,,https://www.cambridgeenglish.org/images/506887-b1-preliminary-vocabulary-list.pdf,,https://github.com/skywind3000/ECDICT,offline-materials,check-in,discussion,check-in · 单词里的小故事,小乐和朋友聊起今天的一件事。我们今天谈到了报到。小乐说：“We talked about the check-in today.”朋友听懂了，也想起自己遇到过的事。,,We talked about the __________ today.,check-in,我们今天谈到了报到。,context,2026-09-v2,本地预制课堂素材；原创短句与场景模板,[],想象你也在这个场景里。用 check-in 说一句自己的话。
checkout,PET,3,结帐台,n.,日常沟通,We talked about the checkout today.,我们今天谈到了结帐台。,[],结合常用释义整体记忆。先听老师读，再用自己的生活场景解释。,0,,https://www.cambridgeenglish.org/images/506887-b1-preliminary-vocabulary-list.pdf,'tʃekaut,https://github.com/skywind3000/ECDICT,offline-materials,checkout,discussion,checkout · 单词里的小故事,小乐和朋友聊起今天的一件事。我们今天谈到了结帐台。小乐说：“We talked about the checkout today.”朋友听懂了，也想起自己遇到过的事。,,We talked about the __________ today.,checkout,我们今天谈到了结帐台。,context,2026-09-v2,本地预制课堂素材；原创短句与场景模板,[],想象你也在这个场景里。用 checkout 说一句自己的话。
cheek,PET,2,颊；厚颜；脸蛋,n.,日常沟通,We learn about the cheek at school.,我们在学校了解颊。,[],结合常用释义整体记忆。先听老师读，再用自己的生活场景解释。,0,,https://www.cambridgeenglish.org/images/506887-b1-preliminary-vocabulary-list.pdf,tʃi:k,https://github.com/skywind3000/ECDICT,offline-materials,cheek,body,cheek · 单词里的小故事,小乐在课堂上做一张认识自己的知识卡。我们在学校了解颊。小乐说：“We learn about the cheek at school.”朋友听懂了，也想起自己遇到过的事。,,We learn about the __________ at school.,cheek,我们在学校了解颊。,context,2026-09-v2,本地预制课堂素材；原创短句与场景模板,[],想象你也在这个场景里。用 cheek 说一句自己的话。
chest of drawers,PET,3,抽屉柜,n.,日常沟通,My socks are in the chest of drawers.,我的袜子在抽屉柜里。,[],结合常用释义整体记忆。先听老师读，再用自己的生活场景解释。,0,,https://www.cambridgeenglish.org/images/506887-b1-preliminary-vocabulary-list.pdf,,常用义教学修订；原词典见 ECDICT-LICENSE.txt,offline-materials,chest of drawers,authored,chest of drawers · 单词里的小故事,小乐和朋友交换今天的小发现。我的袜子在抽屉柜里。小乐说：“My socks are in the chest of drawers.”朋友听懂了，也想起自己遇到过的事。,,My socks are in the __________.,chest of drawers,我的袜子在抽屉柜里。,context,2026-09-v2,本地预制课堂素材；原创短句与场景模板,[],想象你也在这个场景里。用 chest of drawers 说一句自己的话。
childhood,PET,2,孩童时期,n.,日常沟通,We talked about the childhood today.,我们今天谈到了孩童时期。,[],结合常用释义整体记忆。先听老师读，再用自己的生活场景解释。,0,,https://www.cambridgeenglish.org/images/506887-b1-preliminary-vocabulary-list.pdf,'tʃaildhud,https://github.com/skywind3000/ECDICT,offline-materials,childhood,discussion,childhood · 单词里的小故事,小乐和朋友聊起今天的一件事。我们今天谈到了孩童时期。小乐说：“We talked about the childhood today.”朋友听懂了，也想起自己遇到过的事。,,We talked about the __________ today.,childhood,我们今天谈到了孩童时期。,context,2026-09-v2,本地预制课堂素材；原创短句与场景模板,[],想象你也在这个场景里。用 childhood 说一句自己的话。
chill out,PET,3,放松；冷静下来,phr v.,日常沟通,Let's chill out after school.,放学后我们放松一下吧。,[],结合常用释义整体记忆。先听老师读，再用自己的生活场景解释。,0,,https://www.cambridgeenglish.org/images/506887-b1-preliminary-vocabulary-list.pdf,tʃil aut,常用义教学修订；原词典见 ECDICT-LICENSE.txt,offline-materials,chill out,authored,chill out · 单词里的小故事,小乐和朋友交换今天的小发现。放学后我们放松一下吧。小乐说：“Let's chill out after school.”朋友听懂了，也想起自己遇到过的事。,,Let's __________ after school.,chill out,放学后我们放松一下吧。,context,2026-09-v2,本地预制课堂素材；原创短句与场景模板,[],想象你也在这个场景里。用 chill out 说一句自己的话。
chin,PET,2,下巴；颏,n.,日常沟通,We learn about the chin at school.,我们在学校了解下巴。,[],结合常用释义整体记忆。先听老师读，再用自己的生活场景解释。,0,,https://www.cambridgeenglish.org/images/506887-b1-preliminary-vocabulary-list.pdf,tʃin,https://github.com/skywind3000/ECDICT,offline-materials,chin,body,chin · 单词里的小故事,小乐在课堂上做一张认识自己的知识卡。我们在学校了解下巴。小乐说：“We learn about the chin at school.”朋友听懂了，也想起自己遇到过的事。,,We learn about the __________ at school.,chin,我们在学校了解下巴。,context,2026-09-v2,本地预制课堂素材；原创短句与场景模板,[],想象你也在这个场景里。用 chin 说一句自己的话。
chip,PET,2,薯条；芯片,n.,日常沟通,This chip tastes good.,这份薯条味道很好。,[],结合常用释义整体记忆。先听老师读，再用自己的生活场景解释。,0,,https://www.cambridgeenglish.org/images/506887-b1-preliminary-vocabulary-list.pdf,tʃip,常用义教学修订；原词典见 ECDICT-LICENSE.txt,offline-materials,chip,food,chip · 单词里的小故事,小乐第一次给家人当小帮手，端出一份食物。这份薯条味道很好。小乐说：“This chip tastes good.”朋友听懂了，也想起自己遇到过的事。,,This __________ tastes good.,chip,这份薯条味道很好。,context,2026-09-v2,本地预制课堂素材；原创短句与场景模板,[],想象你也在这个场景里。用 chip 说一句自己的话。
choice,PET,1,选择,n.,日常沟通,We talked about the choice today.,我们今天谈到了选择。,[],结合常用释义整体记忆。先听老师读，再用自己的生活场景解释。,0,,https://www.cambridgeenglish.org/images/506887-b1-preliminary-vocabulary-list.pdf,tʃɒis,常用义教学修订；原词典见 ECDICT-LICENSE.txt,offline-materials,choice,discussion,choice · 单词里的小故事,小乐和朋友聊起今天的一件事。我们今天谈到了选择。小乐说：“We talked about the choice today.”朋友听懂了，也想起自己遇到过的事。,,We talked about the __________ today.,choice,我们今天谈到了选择。,context,2026-09-v2,本地预制课堂素材；原创短句与场景模板,[],想象你也在这个场景里。用 choice 说一句自己的话。
clap,PET,3,鼓掌；(使)啪地关上,v.,日常沟通,Please clap for the children.,请为孩子们鼓掌。,[],结合常用释义整体记忆。先听老师读，再用自己的生活场景解释。,0,,https://www.cambridgeenglish.org/images/506887-b1-preliminary-vocabulary-list.pdf,klæp,https://github.com/skywind3000/ECDICT,offline-materials,clap,authored,clap · 单词里的小故事,小乐和朋友交换今天的小发现。请为孩子们鼓掌。小乐说：“Please clap for the children.”朋友听懂了，也想起自己遇到过的事。,,Please __________ for the children.,clap,请为孩子们鼓掌。,context,2026-09-v2,本地预制课堂素材；原创短句与场景模板,[],想象你也在这个场景里。用 clap 说一句自己的话。
cliff,PET,2,悬崖；绝壁,n.,日常沟通,We talked about the cliff today.,我们今天谈到了悬崖。,[],结合常用释义整体记忆。先听老师读，再用自己的生活场景解释。,0,,https://www.cambridgeenglish.org/images/506887-b1-preliminary-vocabulary-list.pdf,klif,https://github.com/skywind3000/ECDICT,offline-materials,cliff,discussion,cliff · 单词里的小故事,小乐和朋友聊起今天的一件事。我们今天谈到了悬崖。小乐说：“We talked about the cliff today.”朋友听懂了，也想起自己遇到过的事。,,We talked about the __________ today.,cliff,我们今天谈到了悬崖。,context,2026-09-v2,本地预制课堂素材；原创短句与场景模板,[],想象你也在这个场景里。用 cliff 说一句自己的话。
climate change,PET,3,气候变化,n.,日常沟通,We talked about the climate change today.,我们今天谈到了气候变化。,[],结合常用释义整体记忆。先听老师读，再用自己的生活场景解释。,0,,https://www.cambridgeenglish.org/images/506887-b1-preliminary-vocabulary-list.pdf,ˈklaimit tʃeindʒ,https://github.com/skywind3000/ECDICT,offline-materials,climate change,nature,climate change · 单词里的小故事,小乐观察完身边的世界，回教室讲了一件事。我们今天谈到了气候变化。小乐说：“We talked about the climate change today.”朋友听懂了，也想起自己遇到过的事。,,We talked about the __________ today.,climate change,我们今天谈到了气候变化。,context,2026-09-v2,本地预制课堂素材；原创短句与场景模板,[],想象你也在这个场景里。用 climate change 说一句自己的话。
clinic,PET,2,诊所；临床教学,n.,日常沟通,We visited the clinic today.,我们今天参观了诊所。,[],结合常用释义整体记忆。先听老师读，再用自己的生活场景解释。,0,,https://www.cambridgeenglish.org/images/506887-b1-preliminary-vocabulary-list.pdf,'klinik,https://github.com/skywind3000/ECDICT,offline-materials,clinic,place,clinic · 单词里的小故事,小乐把今天的外出经历记进了日记。我们今天参观了诊所。小乐说：“We visited the clinic today.”朋友听懂了，也想起自己遇到过的事。,,We visited the __________ today.,clinic,我们今天参观了诊所。,context,2026-09-v2,本地预制课堂素材；原创短句与场景模板,[],想象你也在这个场景里。用 clinic 说一句自己的话。
clothing,PET,2,衣服,n.,日常沟通,I like your clothing.,我喜欢你的衣服。,[],结合常用释义整体记忆。先听老师读，再用自己的生活场景解释。,0,,https://www.cambridgeenglish.org/images/506887-b1-preliminary-vocabulary-list.pdf,'klәuðiŋ,https://github.com/skywind3000/ECDICT,offline-materials,clothing,clothes,clothing · 单词里的小故事,出门前，小乐注意到了朋友的穿着。我喜欢你的衣服。小乐说：“I like your clothing.”朋友听懂了，也想起自己遇到过的事。,,I like your __________.,clothing,我喜欢你的衣服。,context,2026-09-v2,本地预制课堂素材；原创短句与场景模板,[],想象你也在这个场景里。用 clothing 说一句自己的话。
coconut,PET,3,椰子,n.,日常沟通,This coconut tastes good.,这份椰子味道很好。,[],结合常用释义整体记忆。先听老师读，再用自己的生活场景解释。,0,,https://www.cambridgeenglish.org/images/506887-b1-preliminary-vocabulary-list.pdf,'kәukәnәt,https://github.com/skywind3000/ECDICT,offline-materials,coconut,food,coconut · 单词里的小故事,小乐第一次给家人当小帮手，端出一份食物。这份椰子味道很好。小乐说：“This coconut tastes good.”朋友听懂了，也想起自己遇到过的事。,,This __________ tastes good.,coconut,这份椰子味道很好。,context,2026-09-v2,本地预制课堂素材；原创短句与场景模板,[],想象你也在这个场景里。用 coconut 说一句自己的话。
cod,PET,3,鳕；欺骗；愚弄,n.,日常沟通,This cod tastes good.,这份鳕味道很好。,[],结合常用释义整体记忆。先听老师读，再用自己的生活场景解释。,0,,https://www.cambridgeenglish.org/images/506887-b1-preliminary-vocabulary-list.pdf,kɒd,https://github.com/skywind3000/ECDICT,offline-materials,cod,food,cod · 单词里的小故事,小乐第一次给家人当小帮手，端出一份食物。这份鳕味道很好。小乐说：“This cod tastes good.”朋友听懂了，也想起自己遇到过的事。,,This __________ tastes good.,cod,这份鳕味道很好。,context,2026-09-v2,本地预制课堂素材；原创短句与场景模板,[],想象你也在这个场景里。用 cod 说一句自己的话。
coin,PET,2,硬币；金钱；货币,n.,日常沟通,We talked about the coin today.,我们今天谈到了硬币。,[],结合常用释义整体记忆。先听老师读，再用自己的生活场景解释。,0,,https://www.cambridgeenglish.org/images/506887-b1-preliminary-vocabulary-list.pdf,kɒin,https://github.com/skywind3000/ECDICT,offline-materials,coin,discussion,coin · 单词里的小故事,小乐和朋友聊起今天的一件事。我们今天谈到了硬币。小乐说：“We talked about the coin today.”朋友听懂了，也想起自己遇到过的事。,,We talked about the __________ today.,coin,我们今天谈到了硬币。,context,2026-09-v2,本地预制课堂素材；原创短句与场景模板,[],想象你也在这个场景里。用 coin 说一句自己的话。
collar,PET,2,衣领；颈圈,n.,日常沟通,I like your collar.,我喜欢你的衣领。,[],结合常用释义整体记忆。先听老师读，再用自己的生活场景解释。,0,,https://www.cambridgeenglish.org/images/506887-b1-preliminary-vocabulary-list.pdf,'kɒlә,https://github.com/skywind3000/ECDICT,offline-materials,collar,clothes,collar · 单词里的小故事,出门前，小乐注意到了朋友的穿着。我喜欢你的衣领。小乐说：“I like your collar.”朋友听懂了，也想起自己遇到过的事。,,I like your __________.,collar,我喜欢你的衣领。,context,2026-09-v2,本地预制课堂素材；原创短句与场景模板,[],想象你也在这个场景里。用 collar 说一句自己的话。
collection,PET,1,收藏；收藏品,n.,日常沟通,We talked about the collection today.,我们今天谈到了收藏。,"[{""text"": ""collect"", ""kind"": ""root"", ""meaning"": ""收集""}, {""text"": ""-ion"", ""kind"": ""suffix"", ""meaning"": ""动作或结果（构成名词）"", ""story"": ""-ion 经由法语进入英语，更早来自拉丁语。它常把一个动作、过程或状态当作一件可以谈论的事。词基像动作的起点，结尾则帮助我们给它取一个名字。"", ""source"": ""https://www.merriam-webster.com/dictionary/-ion""}]",先理解词基，再看词缀如何改变含义或词性。,0,,https://www.cambridgeenglish.org/images/506887-b1-preliminary-vocabulary-list.pdf,kә'lekʃәn,常用义教学修订；原词典见 ECDICT-LICENSE.txt,offline-materials,collection,discussion,collection · 单词里的小故事,小乐和朋友聊起今天的一件事。我们今天谈到了收藏。小乐说：“We talked about the collection today.”朋友听懂了，也想起自己遇到过的事。,,We talked about the __________ today.,collection,我们今天谈到了收藏。,context,2026-09-v2,本地预制课堂素材；原创短句与场景模板,"[{""en"": ""This is my collection of old coins."", ""zh"": ""这是我收集的旧硬币。""}]",想象你也在这个场景里。用 collection 说一句自己的话。
colourful,PET,2,色彩丰富的,adj.,日常沟通,The market is full of colourful fruit.,集市里满是色彩缤纷的水果。,"[{""text"": ""colour"", ""kind"": ""root"", ""meaning"": ""颜色""}, {""text"": ""-ful"", ""kind"": ""suffix"", ""meaning"": ""有……特征的；充满……的"", ""story"": ""-ful 可以追溯到古英语中表示“满的”的 full。今天它常表示具有某种特征。可以把它想成“装着某种特点”的小口袋。注意：独立单词 full 有两个 l，后缀 -ful 只有一个。"", ""source"": ""https://www.merriam-webster.com/dictionary/-ful""}]",先理解词基，再看词缀如何改变含义或词性。,0,,https://www.cambridgeenglish.org/images/506887-b1-preliminary-vocabulary-list.pdf,'kʌlәful,原创课堂释义与例句,offline-materials,colourful,authored,colourful · 单词里的小故事,小乐和朋友交换今天的小发现。集市里满是色彩缤纷的水果。小乐说：“The market is full of colourful fruit.”朋友听懂了，也想起自己遇到过的事。,,The market is full of __________ fruit.,colourful,集市里满是色彩缤纷的水果。,context,2026-09-v2,本地预制课堂素材；原创短句与场景模板,"[{""en"": ""She wears a colourful dress to the party."", ""zh"": ""她穿着一条色彩鲜艳的裙子参加聚会。""}]",想象你也在这个场景里。用 colourful 说一句自己的话。
come on,PET,3,偶遇；进步；发生,phr v.,日常沟通,Come on! We can win!,加油！我们能赢！,[],结合常用释义整体记忆。先听老师读，再用自己的生活场景解释。,0,,https://www.cambridgeenglish.org/images/506887-b1-preliminary-vocabulary-list.pdf,,https://github.com/skywind3000/ECDICT,offline-materials,come on,authored,come on · 单词里的小故事,小乐和朋友交换今天的小发现。加油！我们能赢！小乐说：“Come on! We can win!”朋友听懂了，也想起自己遇到过的事。,,__________! We can win!,Come on,加油！我们能赢！,context,2026-09-v2,本地预制课堂素材；原创短句与场景模板,[],想象你也在这个场景里。用 come on 说一句自己的话。
comfort,PET,2,舒适；安慰,n.,日常沟通,We talked about the comfort today.,我们今天谈到了舒适。,"[{""text"": ""comfort"", ""kind"": ""root"", ""meaning"": ""舒适；安慰""}]",这个词本身可以作为词基，与相关派生词联系起来理解。,0,,https://www.cambridgeenglish.org/images/506887-b1-preliminary-vocabulary-list.pdf,'kʌmfәt,常用义教学修订；原词典见 ECDICT-LICENSE.txt,offline-materials,comfort,discussion,comfort · 单词里的小故事,小乐和朋友聊起今天的一件事。我们今天谈到了舒适。小乐说：“We talked about the comfort today.”朋友听懂了，也想起自己遇到过的事。,,We talked about the __________ today.,comfort,我们今天谈到了舒适。,context,2026-09-v2,本地预制课堂素材；原创短句与场景模板,[],想象你也在这个场景里。用 comfort 说一句自己的话。
comma,PET,3,逗点；逗号,n.,日常沟通,We talked about the comma today.,我们今天谈到了逗点。,[],结合常用释义整体记忆。先听老师读，再用自己的生活场景解释。,0,,https://www.cambridgeenglish.org/images/506887-b1-preliminary-vocabulary-list.pdf,'kɒmә,https://github.com/skywind3000/ECDICT,offline-materials,comma,discussion,comma · 单词里的小故事,小乐和朋友聊起今天的一件事。我们今天谈到了逗点。小乐说：“We talked about the comma today.”朋友听懂了，也想起自己遇到过的事。,,We talked about the __________ today.,comma,我们今天谈到了逗点。,context,2026-09-v2,本地预制课堂素材；原创短句与场景模板,[],想象你也在这个场景里。用 comma 说一句自己的话。
comment,PET,1,注解；批评；评论,n.,日常沟通,We talked about the comment today.,我们今天谈到了注解。,[],结合常用释义整体记忆。先听老师读，再用自己的生活场景解释。,0,,https://www.cambridgeenglish.org/images/506887-b1-preliminary-vocabulary-list.pdf,'kɒment,https://github.com/skywind3000/ECDICT,offline-materials,comment,discussion,comment · 单词里的小故事,小乐和朋友聊起今天的一件事。我们今天谈到了注解。小乐说：“We talked about the comment today.”朋友听懂了，也想起自己遇到过的事。,,We talked about the __________ today.,comment,我们今天谈到了注解。,context,2026-09-v2,本地预制课堂素材；原创短句与场景模板,[],想象你也在这个场景里。用 comment 说一句自己的话。
communicate,PET,2,显露；传达；感染,v.,日常沟通,We communicate by phone.,我们通过电话交流。,[],结合常用释义整体记忆。先听老师读，再用自己的生活场景解释。,0,,https://www.cambridgeenglish.org/images/506887-b1-preliminary-vocabulary-list.pdf,kә'mju:nikeit,https://github.com/skywind3000/ECDICT,offline-materials,communicate,authored,communicate · 单词里的小故事,小乐和朋友交换今天的小发现。我们通过电话交流。小乐说：“We communicate by phone.”朋友听懂了，也想起自己遇到过的事。,,We __________ by phone.,communicate,我们通过电话交流。,context,2026-09-v2,本地预制课堂素材；原创短句与场景模板,[],想象你也在这个场景里。用 communicate 说一句自己的话。
communication,PET,1,交流；交通；通讯,n.,日常沟通,We learn about communication at school.,我们在学校学习交流。,[],结合常用释义整体记忆。先听老师读，再用自己的生活场景解释。,0,,https://www.cambridgeenglish.org/images/506887-b1-preliminary-vocabulary-list.pdf,kә.mju:ni'keiʃәn,https://github.com/skywind3000/ECDICT,offline-materials,communication,school,communication · 单词里的小故事,小乐把今天在学校学到的内容讲给家人听。我们在学校学习交流。小乐说：“We learn about communication at school.”朋友听懂了，也想起自己遇到过的事。,,We learn about __________ at school.,communication,我们在学校学习交流。,context,2026-09-v2,本地预制课堂素材；原创短句与场景模板,[],想象你也在这个场景里。用 communication 说一句自己的话。
compare,PET,1,比较；比喻；对照,v.,日常沟通,Compare the two pictures.,比较这两幅图片。,[],结合常用释义整体记忆。先听老师读，再用自己的生活场景解释。,0,,https://www.cambridgeenglish.org/images/506887-b1-preliminary-vocabulary-list.pdf,kәm'pєә,https://github.com/skywind3000/ECDICT,offline-materials,compare,authored,compare · 单词里的小故事,小乐和朋友交换今天的小发现。比较这两幅图片。小乐说：“Compare the two pictures.”朋友听懂了，也想起自己遇到过的事。,,__________ the two pictures.,Compare,比较这两幅图片。,context,2026-09-v2,本地预制课堂素材；原创短句与场景模板,[],想象你也在这个场景里。用 compare 说一句自己的话。
compete,PET,2,竞争；对抗,v.,日常沟通,Ten teams will compete in the game.,十支队伍会参加比赛。,[],结合常用释义整体记忆。先听老师读，再用自己的生活场景解释。,0,,https://www.cambridgeenglish.org/images/506887-b1-preliminary-vocabulary-list.pdf,kәm'pi:t,https://github.com/skywind3000/ECDICT,offline-materials,compete,authored,compete · 单词里的小故事,小乐和朋友交换今天的小发现。十支队伍会参加比赛。小乐说：“Ten teams will compete in the game.”朋友听懂了，也想起自己遇到过的事。,,Ten teams will __________ in the game.,compete,十支队伍会参加比赛。,context,2026-09-v2,本地预制课堂素材；原创短句与场景模板,[],想象你也在这个场景里。用 compete 说一句自己的话。
competitor,PET,2,竞争者,n.,日常沟通,This story is about a competitor.,这个故事讲的是一位竞争者。,[],结合常用释义整体记忆。先听老师读，再用自己的生活场景解释。,0,,https://www.cambridgeenglish.org/images/506887-b1-preliminary-vocabulary-list.pdf,kәm'petitә,https://github.com/skywind3000/ECDICT,offline-materials,competitor,person,competitor · 单词里的小故事,读书会轮到小乐介绍故事里的一个人物。这个故事讲的是一位竞争者。小乐说：“This story is about a competitor.”朋友听懂了，也想起自己遇到过的事。,,This story is about a __________.,competitor,这个故事讲的是一位竞争者。,context,2026-09-v2,本地预制课堂素材；原创短句与场景模板,[],想象你也在这个场景里。用 competitor 说一句自己的话。
complain,PET,2,抱怨；抗议；控诉,v.,日常沟通,Do not just complain. Try to help.,不要只是抱怨。试着帮忙。,[],结合常用释义整体记忆。先听老师读，再用自己的生活场景解释。,0,,https://www.cambridgeenglish.org/images/506887-b1-preliminary-vocabulary-list.pdf,kәm'plein,https://github.com/skywind3000/ECDICT,offline-materials,complain,authored,complain · 单词里的小故事,小乐和朋友交换今天的小发现。不要只是抱怨。试着帮忙。小乐说：“Do not just complain. Try to help.”朋友听懂了，也想起自己遇到过的事。,,Do not just __________. Try to help.,complain,不要只是抱怨。试着帮忙。,context,2026-09-v2,本地预制课堂素材；原创短句与场景模板,[],想象你也在这个场景里。用 complain 说一句自己的话。
complaint,PET,1,抱怨；投诉,n.,日常沟通,We talked about the complaint today.,我们今天谈到了抱怨。,[],结合常用释义整体记忆。先听老师读，再用自己的生活场景解释。,0,,https://www.cambridgeenglish.org/images/506887-b1-preliminary-vocabulary-list.pdf,kәm'pleint,常用义教学修订；原词典见 ECDICT-LICENSE.txt,offline-materials,complaint,discussion,complaint · 单词里的小故事,小乐和朋友聊起今天的一件事。我们今天谈到了抱怨。小乐说：“We talked about the complaint today.”朋友听懂了，也想起自己遇到过的事。,,We talked about the __________ today.,complaint,我们今天谈到了抱怨。,context,2026-09-v2,本地预制课堂素材；原创短句与场景模板,[],想象你也在这个场景里。用 complaint 说一句自己的话。
completely,PET,1,完全地；十分地；圆满地,adv.,日常沟通,The box is completely empty.,箱子完全空了。,"[{""text"": ""complete"", ""kind"": ""root"", ""meaning"": ""完整的""}, {""text"": ""-ly"", ""kind"": ""suffix"", ""meaning"": ""以……的方式（构成副词）"", ""story"": ""-ly 在古英语中有表示“像……的”的形容词形式，也有表示“以某种方式”的副词形式。今天同样的结尾仍有不同工作。先问它是在描写一个人或物，还是在说明怎样做事。"", ""source"": ""https://www.merriam-webster.com/dictionary/ly-""}]",先理解词基，再看词缀如何改变含义或词性。,0,,https://www.cambridgeenglish.org/images/506887-b1-preliminary-vocabulary-list.pdf,kәm'pli:tli,https://github.com/skywind3000/ECDICT,offline-materials,completely,authored,completely · 单词里的小故事,小乐和朋友交换今天的小发现。箱子完全空了。小乐说：“The box is completely empty.”朋友听懂了，也想起自己遇到过的事。,,The box is __________ empty.,completely,箱子完全空了。,context,2026-09-v2,本地预制课堂素材；原创短句与场景模板,[],想象你也在这个场景里。用 completely 说一句自己的话。
complicated,PET,2,复杂的,adj.,日常沟通,The rules are complicated.,规则很复杂。,[],结合常用释义整体记忆。先听老师读，再用自己的生活场景解释。,0,,https://www.cambridgeenglish.org/images/506887-b1-preliminary-vocabulary-list.pdf,'kɒmplikeitid,https://github.com/skywind3000/ECDICT,offline-materials,complicated,authored,complicated · 单词里的小故事,小乐和朋友交换今天的小发现。规则很复杂。小乐说：“The rules are complicated.”朋友听懂了，也想起自己遇到过的事。,,The rules are __________.,complicated,规则很复杂。,context,2026-09-v2,本地预制课堂素材；原创短句与场景模板,[],想象你也在这个场景里。用 complicated 说一句自己的话。
composition,PET,2,作文；创作；组成,n.,日常沟通,We learn about composition at school.,我们在学校学习作文。,[],结合常用释义整体记忆。先听老师读，再用自己的生活场景解释。,0,,https://www.cambridgeenglish.org/images/506887-b1-preliminary-vocabulary-list.pdf,kɒmpә'ziʃәn,https://github.com/skywind3000/ECDICT,offline-materials,composition,school,composition · 单词里的小故事,小乐把今天在学校学到的内容讲给家人听。我们在学校学习作文。小乐说：“We learn about composition at school.”朋友听懂了，也想起自己遇到过的事。,,We learn about __________ at school.,composition,我们在学校学习作文。,context,2026-09-v2,本地预制课堂素材；原创短句与场景模板,[],想象你也在这个场景里。用 composition 说一句自己的话。
concentrate,PET,1,集中；专心,v.,日常沟通,I need a quiet room to concentrate.,我需要安静的房间来集中注意力。,[],结合常用释义整体记忆。先听老师读，再用自己的生活场景解释。,0,,https://www.cambridgeenglish.org/images/506887-b1-preliminary-vocabulary-list.pdf,'kɒnsәntreit,https://github.com/skywind3000/ECDICT,offline-materials,concentrate,authored,concentrate · 单词里的小故事,小乐和朋友交换今天的小发现。我需要安静的房间来集中注意力。小乐说：“I need a quiet room to concentrate.”朋友听懂了，也想起自己遇到过的事。,,I need a quiet room to __________.,concentrate,我需要安静的房间来集中注意力。,context,2026-09-v2,本地预制课堂素材；原创短句与场景模板,[],想象你也在这个场景里。用 concentrate 说一句自己的话。
conclusion,PET,1,结论,n.,日常沟通,We talked about the conclusion today.,我们今天谈到了结论。,[],结合常用释义整体记忆。先听老师读，再用自己的生活场景解释。,0,,https://www.cambridgeenglish.org/images/506887-b1-preliminary-vocabulary-list.pdf,kәn'klu:ʒәn,常用义教学修订；原词典见 ECDICT-LICENSE.txt,offline-materials,conclusion,discussion,conclusion · 单词里的小故事,小乐和朋友聊起今天的一件事。我们今天谈到了结论。小乐说：“We talked about the conclusion today.”朋友听懂了，也想起自己遇到过的事。,,We talked about the __________ today.,conclusion,我们今天谈到了结论。,context,2026-09-v2,本地预制课堂素材；原创短句与场景模板,[],想象你也在这个场景里。用 conclusion 说一句自己的话。
condition,PET,1,状况；条件,n.,日常沟通,We talked about the condition today.,我们今天谈到了状况。,[],结合常用释义整体记忆。先听老师读，再用自己的生活场景解释。,0,,https://www.cambridgeenglish.org/images/506887-b1-preliminary-vocabulary-list.pdf,kәn'diʃәn,常用义教学修订；原词典见 ECDICT-LICENSE.txt,offline-materials,condition,discussion,condition · 单词里的小故事,小乐和朋友聊起今天的一件事。我们今天谈到了状况。小乐说：“We talked about the condition today.”朋友听懂了，也想起自己遇到过的事。,,We talked about the __________ today.,condition,我们今天谈到了状况。,context,2026-09-v2,本地预制课堂素材；原创短句与场景模板,[],想象你也在这个场景里。用 condition 说一句自己的话。
conference,PET,1,会议,n.,日常沟通,We talked about the conference today.,我们今天谈到了会议。,[],结合常用释义整体记忆。先听老师读，再用自己的生活场景解释。,0,,https://www.cambridgeenglish.org/images/506887-b1-preliminary-vocabulary-list.pdf,'kɒnfәrәns,https://github.com/skywind3000/ECDICT,offline-materials,conference,discussion,conference · 单词里的小故事,小乐和朋友聊起今天的一件事。我们今天谈到了会议。小乐说：“We talked about the conference today.”朋友听懂了，也想起自己遇到过的事。,,We talked about the __________ today.,conference,我们今天谈到了会议。,context,2026-09-v2,本地预制课堂素材；原创短句与场景模板,[],想象你也在这个场景里。用 conference 说一句自己的话。
confident,PET,2,有信心的,adj.,日常沟通,I feel confident after practising.,练习后我感到有信心。,[],结合常用释义整体记忆。先听老师读，再用自己的生活场景解释。,0,,https://www.cambridgeenglish.org/images/506887-b1-preliminary-vocabulary-list.pdf,'kɒnfidәnt,原创课堂释义与例句,offline-materials,confident,authored,confident · 单词里的小故事,小乐和朋友交换今天的小发现。练习后我感到有信心。小乐说：“I feel confident after practising.”朋友听懂了，也想起自己遇到过的事。,,I feel __________ after practising.,confident,练习后我感到有信心。,context,2026-09-v2,本地预制课堂素材；原创短句与场景模板,[],想象你也在这个场景里。用 confident 说一句自己的话。
confirm,PET,1,证实；确定；批准,v.,日常沟通,Please confirm the time by email.,请通过邮件确认时间。,[],结合常用释义整体记忆。先听老师读，再用自己的生活场景解释。,0,,https://www.cambridgeenglish.org/images/506887-b1-preliminary-vocabulary-list.pdf,kәn'fә:m,https://github.com/skywind3000/ECDICT,offline-materials,confirm,authored,confirm · 单词里的小故事,小乐和朋友交换今天的小发现。请通过邮件确认时间。小乐说：“Please confirm the time by email.”朋友听懂了，也想起自己遇到过的事。,,Please __________ the time by email.,confirm,请通过邮件确认时间。,context,2026-09-v2,本地预制课堂素材；原创短句与场景模板,[],想象你也在这个场景里。用 confirm 说一句自己的话。
confused,PET,2,困惑的；混乱的,adj.,日常沟通,I feel confused today.,我今天感到困惑的。,[],结合常用释义整体记忆。先听老师读，再用自己的生活场景解释。,0,,https://www.cambridgeenglish.org/images/506887-b1-preliminary-vocabulary-list.pdf,kәn'fju:zd,https://github.com/skywind3000/ECDICT,offline-materials,confused,feeling,confused · 单词里的小故事,老师请大家用一个词说说今天的感受，小乐先举了手。我今天感到困惑的。小乐说：“I feel confused today.”朋友听懂了，也想起自己遇到过的事。,,I feel __________ today.,confused,我今天感到困惑的。,context,2026-09-v2,本地预制课堂素材；原创短句与场景模板,[],想象你也在这个场景里。用 confused 说一句自己的话。
confusing,PET,2,令人困惑的；混淆的；混乱的,adj.,日常沟通,It is a confusing story.,这是一个令人困惑的故事。,[],结合常用释义整体记忆。先听老师读，再用自己的生活场景解释。,0,,https://www.cambridgeenglish.org/images/506887-b1-preliminary-vocabulary-list.pdf,,https://github.com/skywind3000/ECDICT,offline-materials,confusing,story-quality,confusing · 单词里的小故事,读完一本故事书，小乐想用一句话向朋友介绍它。这是一个令人困惑的故事。小乐说：“It is a confusing story.”朋友听懂了，也想起自己遇到过的事。,,It is a __________ story.,confusing,这是一个令人困惑的故事。,context,2026-09-v2,本地预制课堂素材；原创短句与场景模板,[],想象你也在这个场景里。用 confusing 说一句自己的话。
connect,PET,2,连接；联合；联系,v.,日常沟通,This road can connect the two towns.,这条路能连接两个镇。,"[{""text"": ""connect"", ""kind"": ""root"", ""meaning"": ""连接""}]",这个词本身可以作为词基，与相关派生词联系起来理解。,0,,https://www.cambridgeenglish.org/images/506887-b1-preliminary-vocabulary-list.pdf,kә'nekt,https://github.com/skywind3000/ECDICT,offline-materials,connect,authored,connect · 单词里的小故事,小乐和朋友交换今天的小发现。这条路能连接两个镇。小乐说：“This road can connect the two towns.”朋友听懂了，也想起自己遇到过的事。,,This road can __________ the two towns.,connect,这条路能连接两个镇。,context,2026-09-v2,本地预制课堂素材；原创短句与场景模板,[],想象你也在这个场景里。用 connect 说一句自己的话。
connection,PET,1,联系；连接,n.,日常沟通,We talked about the connection today.,我们今天谈到了联系。,"[{""text"": ""connect"", ""kind"": ""root"", ""meaning"": ""连接""}, {""text"": ""-ion"", ""kind"": ""suffix"", ""meaning"": ""动作或结果（构成名词）"", ""story"": ""-ion 经由法语进入英语，更早来自拉丁语。它常把一个动作、过程或状态当作一件可以谈论的事。词基像动作的起点，结尾则帮助我们给它取一个名字。"", ""source"": ""https://www.merriam-webster.com/dictionary/-ion""}]",先理解词基，再看词缀如何改变含义或词性。,0,,https://www.cambridgeenglish.org/images/506887-b1-preliminary-vocabulary-list.pdf,kә'nekʃәn,常用义教学修订；原词典见 ECDICT-LICENSE.txt,offline-materials,connection,discussion,connection · 单词里的小故事,小乐和朋友聊起今天的一件事。我们今天谈到了联系。小乐说：“We talked about the connection today.”朋友听懂了，也想起自己遇到过的事。,,We talked about the __________ today.,connection,我们今天谈到了联系。,context,2026-09-v2,本地预制课堂素材；原创短句与场景模板,[],想象你也在这个场景里。用 connection 说一句自己的话。
consist,PET,1,组成；存在于；一致,v.,日常沟通,The team will consist of six children.,这个队将由六个孩子组成。,[],结合常用释义整体记忆。先听老师读，再用自己的生活场景解释。,0,,https://www.cambridgeenglish.org/images/506887-b1-preliminary-vocabulary-list.pdf,kәn'sist,https://github.com/skywind3000/ECDICT,offline-materials,consist,authored,consist · 单词里的小故事,小乐和朋友交换今天的小发现。这个队将由六个孩子组成。小乐说：“The team will consist of six children.”朋友听懂了，也想起自己遇到过的事。,,The team will __________ of six children.,consist,这个队将由六个孩子组成。,context,2026-09-v2,本地预制课堂素材；原创短句与场景模板,[],想象你也在这个场景里。用 consist 说一句自己的话。
consonant,PET,3,辅音,n.,日常沟通,We talked about the consonant today.,我们今天谈到了辅音。,[],结合常用释义整体记忆。先听老师读，再用自己的生活场景解释。,0,,https://www.cambridgeenglish.org/images/506887-b1-preliminary-vocabulary-list.pdf,'kɒnsәnәnt,https://github.com/skywind3000/ECDICT,offline-materials,consonant,discussion,consonant · 单词里的小故事,小乐和朋友聊起今天的一件事。我们今天谈到了辅音。小乐说：“We talked about the consonant today.”朋友听懂了，也想起自己遇到过的事。,,We talked about the __________ today.,consonant,我们今天谈到了辅音。,context,2026-09-v2,本地预制课堂素材；原创短句与场景模板,[],想象你也在这个场景里。用 consonant 说一句自己的话。
contain,PET,1,包含；容纳；控制,v.,日常沟通,These boxes contain books.,这些箱子里装着书。,[],结合常用释义整体记忆。先听老师读，再用自己的生活场景解释。,0,,https://www.cambridgeenglish.org/images/506887-b1-preliminary-vocabulary-list.pdf,kәn'tein,https://github.com/skywind3000/ECDICT,offline-materials,contain,authored,contain · 单词里的小故事,小乐和朋友交换今天的小发现。这些箱子里装着书。小乐说：“These boxes contain books.”朋友听懂了，也想起自己遇到过的事。,,These boxes __________ books.,contain,这些箱子里装着书。,context,2026-09-v2,本地预制课堂素材；原创短句与场景模板,[],想象你也在这个场景里。用 contain 说一句自己的话。
contents,PET,3,目录,n.,日常沟通,We talked about the contents today.,我们今天谈到了目录。,[],结合常用释义整体记忆。先听老师读，再用自己的生活场景解释。,0,,https://www.cambridgeenglish.org/images/506887-b1-preliminary-vocabulary-list.pdf,'kɒntents,https://github.com/skywind3000/ECDICT,offline-materials,contents,discussion,contents · 单词里的小故事,小乐和朋友聊起今天的一件事。我们今天谈到了目录。小乐说：“We talked about the contents today.”朋友听懂了，也想起自己遇到过的事。,,We talked about the __________ today.,contents,我们今天谈到了目录。,context,2026-09-v2,本地预制课堂素材；原创短句与场景模板,[],想象你也在这个场景里。用 contents 说一句自己的话。
contest,PET,2,竞赛；争论,n.,日常沟通,We talked about the contest today.,我们今天谈到了竞赛。,[],结合常用释义整体记忆。先听老师读，再用自己的生活场景解释。,0,,https://www.cambridgeenglish.org/images/506887-b1-preliminary-vocabulary-list.pdf,'kɒntest,https://github.com/skywind3000/ECDICT,offline-materials,contest,discussion,contest · 单词里的小故事,小乐和朋友聊起今天的一件事。我们今天谈到了竞赛。小乐说：“We talked about the contest today.”朋友听懂了，也想起自己遇到过的事。,,We talked about the __________ today.,contest,我们今天谈到了竞赛。,context,2026-09-v2,本地预制课堂素材；原创短句与场景模板,[],想象你也在这个场景里。用 contest 说一句自己的话。
continent,PET,2,大陆；洲,n.,日常沟通,We visited the continent today.,我们今天参观了大陆。,[],结合常用释义整体记忆。先听老师读，再用自己的生活场景解释。,0,,https://www.cambridgeenglish.org/images/506887-b1-preliminary-vocabulary-list.pdf,'kɒntinәnt,https://github.com/skywind3000/ECDICT,offline-materials,continent,place,continent · 单词里的小故事,小乐把今天的外出经历记进了日记。我们今天参观了大陆。小乐说：“We visited the continent today.”朋友听懂了，也想起自己遇到过的事。,,We visited the __________ today.,continent,我们今天参观了大陆。,context,2026-09-v2,本地预制课堂素材；原创短句与场景模板,[],想象你也在这个场景里。用 continent 说一句自己的话。
contract,PET,1,合同,n.,日常沟通,We talked about the contract today.,我们今天谈到了合同。,[],结合常用释义整体记忆。先听老师读，再用自己的生活场景解释。,0,,https://www.cambridgeenglish.org/images/506887-b1-preliminary-vocabulary-list.pdf,'kɒntrækt,常用义教学修订；原词典见 ECDICT-LICENSE.txt,offline-materials,contract,discussion,contract · 单词里的小故事,小乐和朋友聊起今天的一件事。我们今天谈到了合同。小乐说：“We talked about the contract today.”朋友听懂了，也想起自己遇到过的事。,,We talked about the __________ today.,contract,我们今天谈到了合同。,context,2026-09-v2,本地预制课堂素材；原创短句与场景模板,[],想象你也在这个场景里。用 contract 说一句自己的话。
control,PET,1,控制；管理；克制,n; v.,日常沟通,We talked about the control today.,我们今天谈到了控制。,[],结合常用释义整体记忆。先听老师读，再用自己的生活场景解释。,0,,https://www.cambridgeenglish.org/images/506887-b1-preliminary-vocabulary-list.pdf,kәn'trәul,https://github.com/skywind3000/ECDICT,offline-materials,control,discussion,control · 单词里的小故事,小乐和朋友聊起今天的一件事。我们今天谈到了控制。小乐说：“We talked about the control today.”朋友听懂了，也想起自己遇到过的事。,,We talked about the __________ today.,control,我们今天谈到了控制。,context,2026-09-v2,本地预制课堂素材；原创短句与场景模板,[],想象你也在这个场景里。用 control 说一句自己的话。
convenient,PET,2,方便的；合宜的,adj.,日常沟通,The bus is a convenient way to travel.,坐公交车是一种方便的出行方式。,[],结合常用释义整体记忆。先听老师读，再用自己的生活场景解释。,0,,https://www.cambridgeenglish.org/images/506887-b1-preliminary-vocabulary-list.pdf,kәn'vi:njәnt,https://github.com/skywind3000/ECDICT,offline-materials,convenient,authored,convenient · 单词里的小故事,小乐和朋友交换今天的小发现。坐公交车是一种方便的出行方式。小乐说：“The bus is a convenient way to travel.”朋友听懂了，也想起自己遇到过的事。,,The bus is a __________ way to travel.,convenient,坐公交车是一种方便的出行方式。,context,2026-09-v2,本地预制课堂素材；原创短句与场景模板,[],想象你也在这个场景里。用 convenient 说一句自己的话。
convince,PET,2,说服；使相信,v.,日常沟通,Can you convince him to join us?,你能说服他加入我们吗？,[],结合常用释义整体记忆。先听老师读，再用自己的生活场景解释。,0,,https://www.cambridgeenglish.org/images/506887-b1-preliminary-vocabulary-list.pdf,kәn'vins,https://github.com/skywind3000/ECDICT,offline-materials,convince,authored,convince · 单词里的小故事,小乐和朋友交换今天的小发现。你能说服他加入我们吗？小乐说：“Can you convince him to join us?”朋友听懂了，也想起自己遇到过的事。,,Can you __________ him to join us?,convince,你能说服他加入我们吗？,context,2026-09-v2,本地预制课堂素材；原创短句与场景模板,[],想象你也在这个场景里。用 convince 说一句自己的话。
cookery,PET,3,烹调法；烹调术,n.,日常沟通,We talked about the cookery today.,我们今天谈到了烹调法。,[],结合常用释义整体记忆。先听老师读，再用自己的生活场景解释。,0,,https://www.cambridgeenglish.org/images/506887-b1-preliminary-vocabulary-list.pdf,'kukәri,https://github.com/skywind3000/ECDICT,offline-materials,cookery,discussion,cookery · 单词里的小故事,小乐和朋友聊起今天的一件事。我们今天谈到了烹调法。小乐说：“We talked about the cookery today.”朋友听懂了，也想起自己遇到过的事。,,We talked about the __________ today.,cookery,我们今天谈到了烹调法。,context,2026-09-v2,本地预制课堂素材；原创短句与场景模板,[],想象你也在这个场景里。用 cookery 说一句自己的话。
corn,PET,2,玉米,n.,日常沟通,This corn tastes good.,这份玉米味道很好。,[],结合常用释义整体记忆。先听老师读，再用自己的生活场景解释。,0,,https://www.cambridgeenglish.org/images/506887-b1-preliminary-vocabulary-list.pdf,kɒ:n,常用义教学修订；原词典见 ECDICT-LICENSE.txt,offline-materials,corn,food,corn · 单词里的小故事,小乐第一次给家人当小帮手，端出一份食物。这份玉米味道很好。小乐说：“This corn tastes good.”朋友听懂了，也想起自己遇到过的事。,,This __________ tastes good.,corn,这份玉米味道很好。,context,2026-09-v2,本地预制课堂素材；原创短句与场景模板,[],想象你也在这个场景里。用 corn 说一句自己的话。
correction,PET,2,订正；改正；改正的地方,n.,日常沟通,We talked about the correction today.,我们今天谈到了订正。,[],结合常用释义整体记忆。先听老师读，再用自己的生活场景解释。,0,,https://www.cambridgeenglish.org/images/506887-b1-preliminary-vocabulary-list.pdf,kә'rekʃәn,https://github.com/skywind3000/ECDICT,offline-materials,correction,discussion,correction · 单词里的小故事,小乐和朋友聊起今天的一件事。我们今天谈到了订正。小乐说：“We talked about the correction today.”朋友听懂了，也想起自己遇到过的事。,,We talked about the __________ today.,correction,我们今天谈到了订正。,context,2026-09-v2,本地预制课堂素材；原创短句与场景模板,[],想象你也在这个场景里。用 correction 说一句自己的话。
cosy,PET,2,温暖舒适的,adj.,日常沟通,The small room is cosy.,这个小房间很舒适。,[],结合常用释义整体记忆。先听老师读，再用自己的生活场景解释。,0,,https://www.cambridgeenglish.org/images/506887-b1-preliminary-vocabulary-list.pdf,,https://github.com/skywind3000/ECDICT,offline-materials,cosy,authored,cosy · 单词里的小故事,小乐和朋友交换今天的小发现。这个小房间很舒适。小乐说：“The small room is cosy.”朋友听懂了，也想起自己遇到过的事。,,The small room is __________.,cosy,这个小房间很舒适。,context,2026-09-v2,本地预制课堂素材；原创短句与场景模板,[],想象你也在这个场景里。用 cosy 说一句自己的话。
cottage,PET,2,小屋；茅舍,n.,日常沟通,We visited the cottage today.,我们今天参观了小屋。,[],结合常用释义整体记忆。先听老师读，再用自己的生活场景解释。,0,,https://www.cambridgeenglish.org/images/506887-b1-preliminary-vocabulary-list.pdf,'kɒtidʒ,https://github.com/skywind3000/ECDICT,offline-materials,cottage,place,cottage · 单词里的小故事,小乐把今天的外出经历记进了日记。我们今天参观了小屋。小乐说：“We visited the cottage today.”朋友听懂了，也想起自己遇到过的事。,,We visited the __________ today.,cottage,我们今天参观了小屋。,context,2026-09-v2,本地预制课堂素材；原创短句与场景模板,[],想象你也在这个场景里。用 cottage 说一句自己的话。
cotton,PET,2,棉花,n.,日常沟通,We need the cotton today.,我们今天需要棉花。,[],结合常用释义整体记忆。先听老师读，再用自己的生活场景解释。,0,,https://www.cambridgeenglish.org/images/506887-b1-preliminary-vocabulary-list.pdf,'kɒtn,https://github.com/skywind3000/ECDICT,offline-materials,cotton,equipment,cotton · 单词里的小故事,班级活动开始前，小乐负责核对需要的东西。我们今天需要棉花。小乐说：“We need the cotton today.”朋友听懂了，也想起自己遇到过的事。,,We need the __________ today.,cotton,我们今天需要棉花。,context,2026-09-v2,本地预制课堂素材；原创短句与场景模板,[],想象你也在这个场景里。用 cotton 说一句自己的话。
cough,PET,2,咳嗽,n; v.,日常沟通,We talked about the cough today.,我们今天谈到了咳嗽。,[],结合常用释义整体记忆。先听老师读，再用自己的生活场景解释。,0,,https://www.cambridgeenglish.org/images/506887-b1-preliminary-vocabulary-list.pdf,kɒf,https://github.com/skywind3000/ECDICT,offline-materials,cough,discussion,cough · 单词里的小故事,小乐和朋友聊起今天的一件事。我们今天谈到了咳嗽。小乐说：“We talked about the cough today.”朋友听懂了，也想起自己遇到过的事。,,We talked about the __________ today.,cough,我们今天谈到了咳嗽。,context,2026-09-v2,本地预制课堂素材；原创短句与场景模板,[],想象你也在这个场景里。用 cough 说一句自己的话。
count,PET,1,计算；视为,v.,日常沟通,Count the apples in the bag.,数一数袋子里的苹果。,[],结合常用释义整体记忆。先听老师读，再用自己的生活场景解释。,0,,https://www.cambridgeenglish.org/images/506887-b1-preliminary-vocabulary-list.pdf,kaunt,https://github.com/skywind3000/ECDICT,offline-materials,count,authored,count · 单词里的小故事,小乐和朋友交换今天的小发现。数一数袋子里的苹果。小乐说：“Count the apples in the bag.”朋友听懂了，也想起自己遇到过的事。,,__________ the apples in the bag.,Count,数一数袋子里的苹果。,context,2026-09-v2,本地预制课堂素材；原创短句与场景模板,[],想象你也在这个场景里。用 count 说一句自己的话。
couple,PET,1,对；夫妇；数个,n.,日常沟通,We talked about the couple today.,我们今天谈到了对。,[],结合常用释义整体记忆。先听老师读，再用自己的生活场景解释。,0,,https://www.cambridgeenglish.org/images/506887-b1-preliminary-vocabulary-list.pdf,'kʌpl,https://github.com/skywind3000/ECDICT,offline-materials,couple,discussion,couple · 单词里的小故事,小乐和朋友聊起今天的一件事。我们今天谈到了对。小乐说：“We talked about the couple today.”朋友听懂了，也想起自己遇到过的事。,,We talked about the __________ today.,couple,我们今天谈到了对。,context,2026-09-v2,本地预制课堂素材；原创短句与场景模板,[],想象你也在这个场景里。用 couple 说一句自己的话。
courage,PET,2,勇气；胆量,n.,日常沟通,We talked about the courage today.,我们今天谈到了勇气。,[],结合常用释义整体记忆。先听老师读，再用自己的生活场景解释。,0,,https://www.cambridgeenglish.org/images/506887-b1-preliminary-vocabulary-list.pdf,'kʌridʒ,https://github.com/skywind3000/ECDICT,offline-materials,courage,discussion,courage · 单词里的小故事,小乐和朋友聊起今天的一件事。我们今天谈到了勇气。小乐说：“We talked about the courage today.”朋友听懂了，也想起自己遇到过的事。,,We talked about the __________ today.,courage,我们今天谈到了勇气。,context,2026-09-v2,本地预制课堂素材；原创短句与场景模板,[],想象你也在这个场景里。用 courage 说一句自己的话。
crash,PET,2,哗啦声；猛撞；崩溃,n; v.,日常沟通,We talked about the crash today.,我们今天谈到了哗啦声。,[],结合常用释义整体记忆。先听老师读，再用自己的生活场景解释。,0,,https://www.cambridgeenglish.org/images/506887-b1-preliminary-vocabulary-list.pdf,kræʃ,https://github.com/skywind3000/ECDICT,offline-materials,crash,discussion,crash · 单词里的小故事,小乐和朋友聊起今天的一件事。我们今天谈到了哗啦声。小乐说：“We talked about the crash today.”朋友听懂了，也想起自己遇到过的事。,,We talked about the __________ today.,crash,我们今天谈到了哗啦声。,context,2026-09-v2,本地预制课堂素材；原创短句与场景模板,[],想象你也在这个场景里。用 crash 说一句自己的话。
create,PET,1,创造；建造；引起,v.,日常沟通,Let's create a story together.,我们一起创作一个故事吧。,[],结合常用释义整体记忆。先听老师读，再用自己的生活场景解释。,0,,https://www.cambridgeenglish.org/images/506887-b1-preliminary-vocabulary-list.pdf,kri:'eit,https://github.com/skywind3000/ECDICT,offline-materials,create,authored,create · 单词里的小故事,小乐和朋友交换今天的小发现。我们一起创作一个故事吧。小乐说：“Let's create a story together.”朋友听懂了，也想起自己遇到过的事。,,Let's __________ a story together.,create,我们一起创作一个故事吧。,context,2026-09-v2,本地预制课堂素材；原创短句与场景模板,[],想象你也在这个场景里。用 create 说一句自己的话。
creative,PET,2,有创造力的,adj.,日常沟通,The students find a creative solution.,学生们找到了有创意的解决方法。,[],结合常用释义整体记忆。先听老师读，再用自己的生活场景解释。,0,,https://www.cambridgeenglish.org/images/506887-b1-preliminary-vocabulary-list.pdf,kri:'eitiv,原创课堂释义与例句,offline-materials,creative,authored,creative · 单词里的小故事,小乐和朋友交换今天的小发现。学生们找到了有创意的解决方法。小乐说：“The students find a creative solution.”朋友听懂了，也想起自己遇到过的事。,,The students find a __________ solution.,creative,学生们找到了有创意的解决方法。,context,2026-09-v2,本地预制课堂素材；原创短句与场景模板,[],想象你也在这个场景里。用 creative 说一句自己的话。
credit,PET,1,信用；信任；荣誉,n.,日常沟通,We talked about the credit today.,我们今天谈到了信用。,[],结合常用释义整体记忆。先听老师读，再用自己的生活场景解释。,0,,https://www.cambridgeenglish.org/images/506887-b1-preliminary-vocabulary-list.pdf,'kredit,https://github.com/skywind3000/ECDICT,offline-materials,credit,discussion,credit · 单词里的小故事,小乐和朋友聊起今天的一件事。我们今天谈到了信用。小乐说：“We talked about the credit today.”朋友听懂了，也想起自己遇到过的事。,,We talked about the __________ today.,credit,我们今天谈到了信用。,context,2026-09-v2,本地预制课堂素材；原创短句与场景模板,[],想象你也在这个场景里。用 credit 说一句自己的话。
crime,PET,1,犯罪；罪行；罪恶,n.,日常沟通,We talked about the crime today.,我们今天谈到了犯罪。,[],结合常用释义整体记忆。先听老师读，再用自己的生活场景解释。,0,,https://www.cambridgeenglish.org/images/506887-b1-preliminary-vocabulary-list.pdf,kraim,https://github.com/skywind3000/ECDICT,offline-materials,crime,discussion,crime · 单词里的小故事,小乐和朋友聊起今天的一件事。我们今天谈到了犯罪。小乐说：“We talked about the crime today.”朋友听懂了，也想起自己遇到过的事。,,We talked about the __________ today.,crime,我们今天谈到了犯罪。,context,2026-09-v2,本地预制课堂素材；原创短句与场景模板,[],想象你也在这个场景里。用 crime 说一句自己的话。
criminal,PET,2,罪犯；犯人；刑事,n.,日常沟通,This story is about a criminal.,这个故事讲的是一位罪犯。,[],结合常用释义整体记忆。先听老师读，再用自己的生活场景解释。,0,,https://www.cambridgeenglish.org/images/506887-b1-preliminary-vocabulary-list.pdf,'kriminәl,https://github.com/skywind3000/ECDICT,offline-materials,criminal,person,criminal · 单词里的小故事,读书会轮到小乐介绍故事里的一个人物。这个故事讲的是一位罪犯。小乐说：“This story is about a criminal.”朋友听懂了，也想起自己遇到过的事。,,This story is about a __________.,criminal,这个故事讲的是一位罪犯。,context,2026-09-v2,本地预制课堂素材；原创短句与场景模板,[],想象你也在这个场景里。用 criminal 说一句自己的话。
crop,PET,2,庄稼；作物,n.,日常沟通,We talked about the crop today.,我们今天谈到了庄稼。,[],结合常用释义整体记忆。先听老师读，再用自己的生活场景解释。,0,,https://www.cambridgeenglish.org/images/506887-b1-preliminary-vocabulary-list.pdf,krɒp,常用义教学修订；原词典见 ECDICT-LICENSE.txt,offline-materials,crop,discussion,crop · 单词里的小故事,小乐和朋友聊起今天的一件事。我们今天谈到了庄稼。小乐说：“We talked about the crop today.”朋友听懂了，也想起自己遇到过的事。,,We talked about the __________ today.,crop,我们今天谈到了庄稼。,context,2026-09-v2,本地预制课堂素材；原创短句与场景模板,[],想象你也在这个场景里。用 crop 说一句自己的话。
cross out,PET,2,划掉,phr. v.,日常沟通,Cross out the wrong answer.,划掉错误答案。,[],结合例句和场景整体记忆。,0,,https://www.cambridgeenglish.org/images/506887-b1-preliminary-vocabulary-list.pdf,,原创课堂释义与例句,offline-materials,cross out,authored,cross out · 单词里的小故事,小乐和朋友交换今天的小发现。划掉错误答案。小乐说：“Cross out the wrong answer.”朋友听懂了，也想起自己遇到过的事。,,__________ the wrong answer.,Cross out,划掉错误答案。,context,2026-09-v2,本地预制课堂素材；原创短句与场景模板,[],想象你也在这个场景里。用 cross out 说一句自己的话。
crossroads,PET,3,十字路口；交叉路口；聚会的中心地点,n.,日常沟通,We talked about the crossroads today.,我们今天谈到了十字路口。,"[{""text"": ""cross"", ""kind"": ""compound"", ""meaning"": ""交叉""}, {""text"": ""roads"", ""kind"": ""compound"", ""meaning"": ""道路""}]",两个已有成分组合成一个词。结合它们的意思理解整体词义，但不要把这种现代拆分当作完整的历史词源。,0,,https://www.cambridgeenglish.org/images/506887-b1-preliminary-vocabulary-list.pdf,,https://github.com/skywind3000/ECDICT,offline-materials,crossroads,discussion,crossroads · 单词里的小故事,小乐和朋友聊起今天的一件事。我们今天谈到了十字路口。小乐说：“We talked about the crossroads today.”朋友听懂了，也想起自己遇到过的事。,,We talked about the __________ today.,crossroads,我们今天谈到了十字路口。,context,2026-09-v2,本地预制课堂素材；原创短句与场景模板,[],想象你也在这个场景里。用 crossroads 说一句自己的话。
cruel,PET,2,残酷的；令人极痛苦的,adj.,日常沟通,The person in the story is cruel.,故事里的那个人是残酷的。,[],结合常用释义整体记忆。先听老师读，再用自己的生活场景解释。,0,,https://www.cambridgeenglish.org/images/506887-b1-preliminary-vocabulary-list.pdf,'kru:әl,https://github.com/skywind3000/ECDICT,offline-materials,cruel,person-quality,cruel · 单词里的小故事,同学们在给故事人物选词卡，小乐找到了合适的一张。故事里的那个人是残酷的。小乐说：“The person in the story is cruel.”朋友听懂了，也想起自己遇到过的事。,,The person in the story is __________.,cruel,故事里的那个人是残酷的。,context,2026-09-v2,本地预制课堂素材；原创短句与场景模板,[],想象你也在这个场景里。用 cruel 说一句自己的话。
cruise,PET,2,巡航；巡弋；漫游,n.,日常沟通,I want to learn more about cruise.,我想多了解一些巡航。,[],结合常用释义整体记忆。先听老师读，再用自己的生活场景解释。,0,,https://www.cambridgeenglish.org/images/506887-b1-preliminary-vocabulary-list.pdf,kru:z,https://github.com/skywind3000/ECDICT,offline-materials,cruise,activity,cruise · 单词里的小故事,班级要举办兴趣日，小乐选了自己想了解的活动。我想多了解一些巡航。小乐说：“I want to learn more about cruise.”朋友听懂了，也想起自己遇到过的事。,,I want to learn more about __________.,cruise,我想多了解一些巡航。,context,2026-09-v2,本地预制课堂素材；原创短句与场景模板,[],想象你也在这个场景里。用 cruise 说一句自己的话。
cucumber,PET,3,黄瓜,n.,日常沟通,This cucumber tastes good.,这份黄瓜味道很好。,[],结合常用释义整体记忆。先听老师读，再用自己的生活场景解释。,0,,https://www.cambridgeenglish.org/images/506887-b1-preliminary-vocabulary-list.pdf,'kju:kәmbә,https://github.com/skywind3000/ECDICT,offline-materials,cucumber,food,cucumber · 单词里的小故事,小乐第一次给家人当小帮手，端出一份食物。这份黄瓜味道很好。小乐说：“This cucumber tastes good.”朋友听懂了，也想起自己遇到过的事。,,This __________ tastes good.,cucumber,这份黄瓜味道很好。,context,2026-09-v2,本地预制课堂素材；原创短句与场景模板,[],想象你也在这个场景里。用 cucumber 说一句自己的话。
cultural,PET,1,文化的；教养的；修养的,adj.,日常沟通,Food is part of our cultural life.,食物是我们文化生活的一部分。,[],结合常用释义整体记忆。先听老师读，再用自己的生活场景解释。,0,,https://www.cambridgeenglish.org/images/506887-b1-preliminary-vocabulary-list.pdf,'kʌltʃәrәl,https://github.com/skywind3000/ECDICT,offline-materials,cultural,authored,cultural · 单词里的小故事,小乐和朋友交换今天的小发现。食物是我们文化生活的一部分。小乐说：“Food is part of our cultural life.”朋友听懂了，也想起自己遇到过的事。,,Food is part of our __________ life.,cultural,食物是我们文化生活的一部分。,context,2026-09-v2,本地预制课堂素材；原创短句与场景模板,[],想象你也在这个场景里。用 cultural 说一句自己的话。
culture,PET,1,文化；修养；耕种,n.,日常沟通,We learn about culture at school.,我们在学校学习文化。,[],结合常用释义整体记忆。先听老师读，再用自己的生活场景解释。,0,,https://www.cambridgeenglish.org/images/506887-b1-preliminary-vocabulary-list.pdf,'kʌltʃә,https://github.com/skywind3000/ECDICT,offline-materials,culture,school,culture · 单词里的小故事,小乐把今天在学校学到的内容讲给家人听。我们在学校学习文化。小乐说：“We learn about culture at school.”朋友听懂了，也想起自己遇到过的事。,,We learn about __________ at school.,culture,我们在学校学习文化。,context,2026-09-v2,本地预制课堂素材；原创短句与场景模板,[],想象你也在这个场景里。用 culture 说一句自己的话。
cure,PET,2,治疗；治愈；治疗法,n; v.,日常沟通,We talked about the cure today.,我们今天谈到了治疗。,[],结合常用释义整体记忆。先听老师读，再用自己的生活场景解释。,0,,https://www.cambridgeenglish.org/images/506887-b1-preliminary-vocabulary-list.pdf,kjuә,https://github.com/skywind3000/ECDICT,offline-materials,cure,discussion,cure · 单词里的小故事,小乐和朋友聊起今天的一件事。我们今天谈到了治疗。小乐说：“We talked about the cure today.”朋友听懂了，也想起自己遇到过的事。,,We talked about the __________ today.,cure,我们今天谈到了治疗。,context,2026-09-v2,本地预制课堂素材；原创短句与场景模板,[],想象你也在这个场景里。用 cure 说一句自己的话。
curious,PET,2,好奇的,adj.,日常沟通,The curious child asks many questions.,好奇的孩子问了许多问题。,[],结合常用释义整体记忆。先听老师读，再用自己的生活场景解释。,0,,https://www.cambridgeenglish.org/images/506887-b1-preliminary-vocabulary-list.pdf,'kjuәriәs,原创课堂释义与例句,offline-materials,curious,authored,curious · 单词里的小故事,小乐和朋友交换今天的小发现。好奇的孩子问了许多问题。小乐说：“The curious child asks many questions.”朋友听懂了，也想起自己遇到过的事。,,The __________ child asks many questions.,curious,好奇的孩子问了许多问题。,context,2026-09-v2,本地预制课堂素材；原创短句与场景模板,[],想象你也在这个场景里。用 curious 说一句自己的话。
curiously,PET,2,好奇地,adv.,日常沟通,The cat looked curiously at the box.,猫好奇地看着箱子。,[],结合常用释义整体记忆。先听老师读，再用自己的生活场景解释。,0,,https://www.cambridgeenglish.org/images/506887-b1-preliminary-vocabulary-list.pdf,'kjuәriәsli,https://github.com/skywind3000/ECDICT,offline-materials,curiously,authored,curiously · 单词里的小故事,小乐和朋友交换今天的小发现。猫好奇地看着箱子。小乐说：“The cat looked curiously at the box.”朋友听懂了，也想起自己遇到过的事。,,The cat looked __________ at the box.,curiously,猫好奇地看着箱子。,context,2026-09-v2,本地预制课堂素材；原创短句与场景模板,[],想象你也在这个场景里。用 curiously 说一句自己的话。
curly,PET,3,拳曲的；卷毛的；弯曲的,adj.,日常沟通,She has curly hair.,她有卷发。,[],结合常用释义整体记忆。先听老师读，再用自己的生活场景解释。,0,,https://www.cambridgeenglish.org/images/506887-b1-preliminary-vocabulary-list.pdf,'kә:li,https://github.com/skywind3000/ECDICT,offline-materials,curly,authored,curly · 单词里的小故事,小乐和朋友交换今天的小发现。她有卷发。小乐说：“She has curly hair.”朋友听懂了，也想起自己遇到过的事。,,She has __________ hair.,curly,她有卷发。,context,2026-09-v2,本地预制课堂素材；原创短句与场景模板,[],想象你也在这个场景里。用 curly 说一句自己的话。
currency,PET,2,货币；通货；流通,n.,日常沟通,We talked about the currency today.,我们今天谈到了货币。,[],结合常用释义整体记忆。先听老师读，再用自己的生活场景解释。,0,,https://www.cambridgeenglish.org/images/506887-b1-preliminary-vocabulary-list.pdf,'kʌrәnsi,https://github.com/skywind3000/ECDICT,offline-materials,currency,discussion,currency · 单词里的小故事,小乐和朋友聊起今天的一件事。我们今天谈到了货币。小乐说：“We talked about the currency today.”朋友听懂了，也想起自己遇到过的事。,,We talked about the __________ today.,currency,我们今天谈到了货币。,context,2026-09-v2,本地预制课堂素材；原创短句与场景模板,[],想象你也在这个场景里。用 currency 说一句自己的话。
cushion,PET,2,垫子；橡皮软垫,n.,日常沟通,We need the cushion today.,我们今天需要垫子。,[],结合常用释义整体记忆。先听老师读，再用自己的生活场景解释。,0,,https://www.cambridgeenglish.org/images/506887-b1-preliminary-vocabulary-list.pdf,'kuʃәn,https://github.com/skywind3000/ECDICT,offline-materials,cushion,equipment,cushion · 单词里的小故事,班级活动开始前，小乐负责核对需要的东西。我们今天需要垫子。小乐说：“We need the cushion today.”朋友听懂了，也想起自己遇到过的事。,,We need the __________ today.,cushion,我们今天需要垫子。,context,2026-09-v2,本地预制课堂素材；原创短句与场景模板,[],想象你也在这个场景里。用 cushion 说一句自己的话。
custom,PET,2,习俗,n.,日常沟通,We talked about the custom today.,我们今天谈到了习俗。,[],结合常用释义整体记忆。先听老师读，再用自己的生活场景解释。,0,,https://www.cambridgeenglish.org/images/506887-b1-preliminary-vocabulary-list.pdf,'kʌstәm,常用义教学修订；原词典见 ECDICT-LICENSE.txt,offline-materials,custom,discussion,custom · 单词里的小故事,小乐和朋友聊起今天的一件事。我们今天谈到了习俗。小乐说：“We talked about the custom today.”朋友听懂了，也想起自己遇到过的事。,,We talked about the __________ today.,custom,我们今天谈到了习俗。,context,2026-09-v2,本地预制课堂素材；原创短句与场景模板,[],想象你也在这个场景里。用 custom 说一句自己的话。
customs,PET,3,海关,n pl.,日常沟通,We talked about the customs today.,我们今天谈到了海关。,[],结合常用释义整体记忆。先听老师读，再用自己的生活场景解释。,0,,https://www.cambridgeenglish.org/images/506887-b1-preliminary-vocabulary-list.pdf,,常用义教学修订；原词典见 ECDICT-LICENSE.txt,offline-materials,customs,discussion,customs · 单词里的小故事,小乐和朋友聊起今天的一件事。我们今天谈到了海关。小乐说：“We talked about the customs today.”朋友听懂了，也想起自己遇到过的事。,,We talked about the __________ today.,customs,我们今天谈到了海关。,context,2026-09-v2,本地预制课堂素材；原创短句与场景模板,[],想象你也在这个场景里。用 customs 说一句自己的话。
cut up,PET,3,切碎；抨击；摧毁,phr v.,日常沟通,Cut up the fruit for the children.,把水果切碎给孩子们吃。,[],结合常用释义整体记忆。先听老师读，再用自己的生活场景解释。,0,,https://www.cambridgeenglish.org/images/506887-b1-preliminary-vocabulary-list.pdf,,https://github.com/skywind3000/ECDICT,offline-materials,cut up,authored,cut up · 单词里的小故事,小乐和朋友交换今天的小发现。把水果切碎给孩子们吃。小乐说：“Cut up the fruit for the children.”朋友听懂了，也想起自己遇到过的事。,,__________ the fruit for the children.,Cut up,把水果切碎给孩子们吃。,context,2026-09-v2,本地预制课堂素材；原创短句与场景模板,[],想象你也在这个场景里。用 cut up 说一句自己的话。
cute,PET,3,可爱的；聪明的；伶俐的,adj.,日常沟通,The person in the story is cute.,故事里的那个人是可爱的。,[],结合常用释义整体记忆。先听老师读，再用自己的生活场景解释。,0,,https://www.cambridgeenglish.org/images/506887-b1-preliminary-vocabulary-list.pdf,kju:t,https://github.com/skywind3000/ECDICT,offline-materials,cute,person-quality,cute · 单词里的小故事,同学们在给故事人物选词卡，小乐找到了合适的一张。故事里的那个人是可爱的。小乐说：“The person in the story is cute.”朋友听懂了，也想起自己遇到过的事。,,The person in the story is __________.,cute,故事里的那个人是可爱的。,context,2026-09-v2,本地预制课堂素材；原创短句与场景模板,[],想象你也在这个场景里。用 cute 说一句自己的话。
cv,PET,3,简历,n.,日常沟通,We talked about the cv today.,我们今天谈到了简历。,[],结合常用释义整体记忆。先听老师读，再用自己的生活场景解释。,0,,https://www.cambridgeenglish.org/images/506887-b1-preliminary-vocabulary-list.pdf,,常用义教学修订；原词典见 ECDICT-LICENSE.txt,offline-materials,cv,discussion,cv · 单词里的小故事,小乐和朋友聊起今天的一件事。我们今天谈到了简历。小乐说：“We talked about the cv today.”朋友听懂了，也想起自己遇到过的事。,,We talked about the __________ today.,cv,我们今天谈到了简历。,context,2026-09-v2,本地预制课堂素材；原创短句与场景模板,[],想象你也在这个场景里。用 cv 说一句自己的话。
cyclist,PET,2,骑脚踏车的人,n.,日常沟通,This story is about a cyclist.,这个故事讲的是一位骑脚踏车的人。,"[{""text"": ""cycle"", ""kind"": ""root"", ""meaning"": ""骑自行车""}, {""text"": ""-ist"", ""kind"": ""suffix"", ""meaning"": ""从事某种活动的人"", ""story"": ""-ist 经过法语和拉丁语，能追溯到古希腊语。它常出现在某种活动的参与者、乐器演奏者或专业人士的名字里。这个小小的结尾，好像在介绍一个人的本领。"", ""source"": ""https://www.merriam-webster.com/dictionary/-ist""}]",这是词基与派生词的关系。拼写发生了变化，请把本课目标单词完整写对；构词成分不是原词的逐字切片。,0,,https://www.cambridgeenglish.org/images/506887-b1-preliminary-vocabulary-list.pdf,'saiklist,https://github.com/skywind3000/ECDICT,offline-materials,cyclist,person,cyclist · 单词里的小故事,读书会轮到小乐介绍故事里的一个人物。这个故事讲的是一位骑脚踏车的人。小乐说：“This story is about a cyclist.”朋友听懂了，也想起自己遇到过的事。,,This story is about a __________.,cyclist,这个故事讲的是一位骑脚踏车的人。,context,2026-09-v2,本地预制课堂素材；原创短句与场景模板,"[{""en"": ""The cyclist turns left at the park."", ""zh"": ""骑自行车的人在公园处左转。""}]",想象你也在这个场景里。用 cyclist 说一句自己的话。
damage,PET,1,损害；伤害,n; v.,日常沟通,We talked about the damage today.,我们今天谈到了损害。,[],结合常用释义整体记忆。先听老师读，再用自己的生活场景解释。,0,,https://www.cambridgeenglish.org/images/506887-b1-preliminary-vocabulary-list.pdf,'dæmidʒ,https://github.com/skywind3000/ECDICT,offline-materials,damage,discussion,damage · 单词里的小故事,小乐和朋友聊起今天的一件事。我们今天谈到了损害。小乐说：“We talked about the damage today.”朋友听懂了，也想起自己遇到过的事。,,We talked about the __________ today.,damage,我们今天谈到了损害。,context,2026-09-v2,本地预制课堂素材；原创短句与场景模板,[],想象你也在这个场景里。用 damage 说一句自己的话。
damaged,PET,3,被损坏的,adj.,日常沟通,This box is damaged.,这个盒子是被损坏的。,[],结合常用释义整体记忆。先听老师读，再用自己的生活场景解释。,0,,https://www.cambridgeenglish.org/images/506887-b1-preliminary-vocabulary-list.pdf,'dæmidʒid,https://github.com/skywind3000/ECDICT,offline-materials,damaged,object-quality,damaged · 单词里的小故事,朋友闭上眼睛，让小乐描述面前的盒子。这个盒子是被损坏的。小乐说：“This box is damaged.”朋友听懂了，也想起自己遇到过的事。,,This box is __________.,damaged,这个盒子是被损坏的。,context,2026-09-v2,本地预制课堂素材；原创短句与场景模板,[],想象你也在这个场景里。用 damaged 说一句自己的话。
data,PET,1,资料；数据,n.,日常沟通,We talked about the data today.,我们今天谈到了资料。,[],结合常用释义整体记忆。先听老师读，再用自己的生活场景解释。,0,,https://www.cambridgeenglish.org/images/506887-b1-preliminary-vocabulary-list.pdf,'deitә,https://github.com/skywind3000/ECDICT,offline-materials,data,discussion,data · 单词里的小故事,小乐和朋友聊起今天的一件事。我们今天谈到了资料。小乐说：“We talked about the data today.”朋友听懂了，也想起自己遇到过的事。,,We talked about the __________ today.,data,我们今天谈到了资料。,context,2026-09-v2,本地预制课堂素材；原创短句与场景模板,[],想象你也在这个场景里。用 data 说一句自己的话。
deaf,PET,2,失聪的,adj.,日常沟通,The person in the story is deaf.,故事里的那个人是失聪的。,[],结合常用释义整体记忆。先听老师读，再用自己的生活场景解释。,0,,https://www.cambridgeenglish.org/images/506887-b1-preliminary-vocabulary-list.pdf,def,常用义教学修订；原词典见 ECDICT-LICENSE.txt,offline-materials,deaf,person-quality,deaf · 单词里的小故事,同学们在给故事人物选词卡，小乐找到了合适的一张。故事里的那个人是失聪的。小乐说：“The person in the story is deaf.”朋友听懂了，也想起自己遇到过的事。,,The person in the story is __________.,deaf,故事里的那个人是失聪的。,context,2026-09-v2,本地预制课堂素材；原创短句与场景模板,[],想象你也在这个场景里。用 deaf 说一句自己的话。
deal,PET,1,处理；应付；做生意,v.,日常沟通,Please deal the cards.,请发牌。,[],结合常用释义整体记忆。先听老师读，再用自己的生活场景解释。,0,,https://www.cambridgeenglish.org/images/506887-b1-preliminary-vocabulary-list.pdf,di:l,https://github.com/skywind3000/ECDICT,offline-materials,deal,authored,deal · 单词里的小故事,小乐和朋友交换今天的小发现。请发牌。小乐说：“Please deal the cards.”朋友听懂了，也想起自己遇到过的事。,,Please __________ the cards.,deal,请发牌。,context,2026-09-v2,本地预制课堂素材；原创短句与场景模板,[],想象你也在这个场景里。用 deal 说一句自己的话。
deal with,PET,3,安排；处理；涉及,phr v.,日常沟通,We can deal with this problem together.,我们能一起处理这个问题。,[],结合常用释义整体记忆。先听老师读，再用自己的生活场景解释。,0,,https://www.cambridgeenglish.org/images/506887-b1-preliminary-vocabulary-list.pdf,,https://github.com/skywind3000/ECDICT,offline-materials,deal with,authored,deal with · 单词里的小故事,小乐和朋友交换今天的小发现。我们能一起处理这个问题。小乐说：“We can deal with this problem together.”朋友听懂了，也想起自己遇到过的事。,,We can __________ this problem together.,deal with,我们能一起处理这个问题。,context,2026-09-v2,本地预制课堂素材；原创短句与场景模板,[],想象你也在这个场景里。用 deal with 说一句自己的话。
death,PET,1,死亡,n.,日常沟通,We talked about the death today.,我们今天谈到了死亡。,[],结合常用释义整体记忆。先听老师读，再用自己的生活场景解释。,0,,https://www.cambridgeenglish.org/images/506887-b1-preliminary-vocabulary-list.pdf,deθ,https://github.com/skywind3000/ECDICT,offline-materials,death,discussion,death · 单词里的小故事,小乐和朋友聊起今天的一件事。我们今天谈到了死亡。小乐说：“We talked about the death today.”朋友听懂了，也想起自己遇到过的事。,,We talked about the __________ today.,death,我们今天谈到了死亡。,context,2026-09-v2,本地预制课堂素材；原创短句与场景模板,[],想象你也在这个场景里。用 death 说一句自己的话。
decision,PET,1,决定,n.,日常沟通,We make the decision together.,我们一起做决定。,[],结合常用释义整体记忆。先听老师读，再用自己的生活场景解释。,0,,https://www.cambridgeenglish.org/images/506887-b1-preliminary-vocabulary-list.pdf,di'siʒәn,原创课堂释义与例句,offline-materials,decision,authored,decision · 单词里的小故事,小乐和朋友交换今天的小发现。我们一起做决定。小乐说：“We make the decision together.”朋友听懂了，也想起自己遇到过的事。,,We make the __________ together.,decision,我们一起做决定。,context,2026-09-v2,本地预制课堂素材；原创短句与场景模板,[],想象你也在这个场景里。用 decision 说一句自己的话。
declare,PET,1,宣布；声明；申报,v.,日常沟通,I declare the game open.,我宣布比赛开始。,[],结合常用释义整体记忆。先听老师读，再用自己的生活场景解释。,0,,https://www.cambridgeenglish.org/images/506887-b1-preliminary-vocabulary-list.pdf,di'klєә,https://github.com/skywind3000/ECDICT,offline-materials,declare,authored,declare · 单词里的小故事,小乐和朋友交换今天的小发现。我宣布比赛开始。小乐说：“I declare the game open.”朋友听懂了，也想起自己遇到过的事。,,I __________ the game open.,declare,我宣布比赛开始。,context,2026-09-v2,本地预制课堂素材；原创短句与场景模板,[],想象你也在这个场景里。用 declare 说一句自己的话。
decorate,PET,2,装饰,v.,日常沟通,We decorate the room with flowers.,我们用花装饰房间。,[],结合常用释义整体记忆。先听老师读，再用自己的生活场景解释。,0,,https://www.cambridgeenglish.org/images/506887-b1-preliminary-vocabulary-list.pdf,'dekәreit,https://github.com/skywind3000/ECDICT,offline-materials,decorate,authored,decorate · 单词里的小故事,小乐和朋友交换今天的小发现。我们用花装饰房间。小乐说：“We decorate the room with flowers.”朋友听懂了，也想起自己遇到过的事。,,We __________ the room with flowers.,decorate,我们用花装饰房间。,context,2026-09-v2,本地预制课堂素材；原创短句与场景模板,[],想象你也在这个场景里。用 decorate 说一句自己的话。
decrease,PET,2,减少；减少量,n; v.,日常沟通,We talked about the decrease today.,我们今天谈到了减少。,[],结合常用释义整体记忆。先听老师读，再用自己的生活场景解释。,0,,https://www.cambridgeenglish.org/images/506887-b1-preliminary-vocabulary-list.pdf,'di:kri:s,https://github.com/skywind3000/ECDICT,offline-materials,decrease,discussion,decrease · 单词里的小故事,小乐和朋友聊起今天的一件事。我们今天谈到了减少。小乐说：“We talked about the decrease today.”朋友听懂了，也想起自己遇到过的事。,,We talked about the __________ today.,decrease,我们今天谈到了减少。,context,2026-09-v2,本地预制课堂素材；原创短句与场景模板,[],想象你也在这个场景里。用 decrease 说一句自己的话。
defeat,PET,2,击败；失败,n; v.,日常沟通,We talked about the defeat today.,我们今天谈到了击败。,[],结合常用释义整体记忆。先听老师读，再用自己的生活场景解释。,0,,https://www.cambridgeenglish.org/images/506887-b1-preliminary-vocabulary-list.pdf,di'fi:t,常用义教学修订；原词典见 ECDICT-LICENSE.txt,offline-materials,defeat,discussion,defeat · 单词里的小故事,小乐和朋友聊起今天的一件事。我们今天谈到了击败。小乐说：“We talked about the defeat today.”朋友听懂了，也想起自己遇到过的事。,,We talked about the __________ today.,defeat,我们今天谈到了击败。,context,2026-09-v2,本地预制课堂素材；原创短句与场景模板,[],想象你也在这个场景里。用 defeat 说一句自己的话。
defence,PET,1,防卫；防卫设备,n.,日常沟通,We talked about the defence today.,我们今天谈到了防卫。,[],结合常用释义整体记忆。先听老师读，再用自己的生活场景解释。,0,,https://www.cambridgeenglish.org/images/506887-b1-preliminary-vocabulary-list.pdf,di'fens,https://github.com/skywind3000/ECDICT,offline-materials,defence,discussion,defence · 单词里的小故事,小乐和朋友聊起今天的一件事。我们今天谈到了防卫。小乐说：“We talked about the defence today.”朋友听懂了，也想起自己遇到过的事。,,We talked about the __________ today.,defence,我们今天谈到了防卫。,context,2026-09-v2,本地预制课堂素材；原创短句与场景模板,[],想象你也在这个场景里。用 defence 说一句自己的话。
defend,PET,2,防护；辩护；防卫,v.,日常沟通,The dog will defend its home.,这只狗会保卫它的家。,[],结合常用释义整体记忆。先听老师读，再用自己的生活场景解释。,0,,https://www.cambridgeenglish.org/images/506887-b1-preliminary-vocabulary-list.pdf,di'fend,https://github.com/skywind3000/ECDICT,offline-materials,defend,authored,defend · 单词里的小故事,小乐和朋友交换今天的小发现。这只狗会保卫它的家。小乐说：“The dog will defend its home.”朋友听懂了，也想起自己遇到过的事。,,The dog will __________ its home.,defend,这只狗会保卫它的家。,context,2026-09-v2,本地预制课堂素材；原创短句与场景模板,[],想象你也在这个场景里。用 defend 说一句自己的话。
definitely,PET,2,明确无疑地；清楚地,adv.,日常沟通,I will definitely come tomorrow.,我明天一定会来。,[],结合常用释义整体记忆。先听老师读，再用自己的生活场景解释。,0,,https://www.cambridgeenglish.org/images/506887-b1-preliminary-vocabulary-list.pdf,'definitli,https://github.com/skywind3000/ECDICT,offline-materials,definitely,authored,definitely · 单词里的小故事,小乐和朋友交换今天的小发现。我明天一定会来。小乐说：“I will definitely come tomorrow.”朋友听懂了，也想起自己遇到过的事。,,I will __________ come tomorrow.,definitely,我明天一定会来。,context,2026-09-v2,本地预制课堂素材；原创短句与场景模板,[],想象你也在这个场景里。用 definitely 说一句自己的话。
delete,PET,2,删除,v.,日常沟通,Please delete the old file.,请删除旧文件。,[],结合常用释义整体记忆。先听老师读，再用自己的生活场景解释。,0,,https://www.cambridgeenglish.org/images/506887-b1-preliminary-vocabulary-list.pdf,di'li:t,https://github.com/skywind3000/ECDICT,offline-materials,delete,authored,delete · 单词里的小故事,小乐和朋友交换今天的小发现。请删除旧文件。小乐说：“Please delete the old file.”朋友听懂了，也想起自己遇到过的事。,,Please __________ the old file.,delete,请删除旧文件。,context,2026-09-v2,本地预制课堂素材；原创短句与场景模板,[],想象你也在这个场景里。用 delete 说一句自己的话。
delivery,PET,2,递送；交付；分娩,n.,日常沟通,We talked about the delivery today.,我们今天谈到了递送。,[],结合常用释义整体记忆。先听老师读，再用自己的生活场景解释。,0,,https://www.cambridgeenglish.org/images/506887-b1-preliminary-vocabulary-list.pdf,di'livәri,https://github.com/skywind3000/ECDICT,offline-materials,delivery,discussion,delivery · 单词里的小故事,小乐和朋友聊起今天的一件事。我们今天谈到了递送。小乐说：“We talked about the delivery today.”朋友听懂了，也想起自己遇到过的事。,,We talked about the __________ today.,delivery,我们今天谈到了递送。,context,2026-09-v2,本地预制课堂素材；原创短句与场景模板,[],想象你也在这个场景里。用 delivery 说一句自己的话。
demand,PET,1,要求；需求；需要,n; v.,日常沟通,We talked about the demand today.,我们今天谈到了要求。,[],结合常用释义整体记忆。先听老师读，再用自己的生活场景解释。,0,,https://www.cambridgeenglish.org/images/506887-b1-preliminary-vocabulary-list.pdf,di'mɑ:nd,https://github.com/skywind3000/ECDICT,offline-materials,demand,discussion,demand · 单词里的小故事,小乐和朋友聊起今天的一件事。我们今天谈到了要求。小乐说：“We talked about the demand today.”朋友听懂了，也想起自己遇到过的事。,,We talked about the __________ today.,demand,我们今天谈到了要求。,context,2026-09-v2,本地预制课堂素材；原创短句与场景模板,[],想象你也在这个场景里。用 demand 说一句自己的话。
depart,PET,2,离开；出发；背离,v.,日常沟通,The train will depart at ten.,火车将在十点出发。,[],结合常用释义整体记忆。先听老师读，再用自己的生活场景解释。,0,,https://www.cambridgeenglish.org/images/506887-b1-preliminary-vocabulary-list.pdf,di'pɑ:t,https://github.com/skywind3000/ECDICT,offline-materials,depart,authored,depart · 单词里的小故事,小乐和朋友交换今天的小发现。火车将在十点出发。小乐说：“The train will depart at ten.”朋友听懂了，也想起自己遇到过的事。,,The train will __________ at ten.,depart,火车将在十点出发。,context,2026-09-v2,本地预制课堂素材；原创短句与场景模板,[],想象你也在这个场景里。用 depart 说一句自己的话。
departure,PET,2,离开；出发；违背,n.,日常沟通,We talked about the departure today.,我们今天谈到了离开。,[],结合常用释义整体记忆。先听老师读，再用自己的生活场景解释。,0,,https://www.cambridgeenglish.org/images/506887-b1-preliminary-vocabulary-list.pdf,di'pɑ:tʃә,https://github.com/skywind3000/ECDICT,offline-materials,departure,discussion,departure · 单词里的小故事,小乐和朋友聊起今天的一件事。我们今天谈到了离开。小乐说：“We talked about the departure today.”朋友听懂了，也想起自己遇到过的事。,,We talked about the __________ today.,departure,我们今天谈到了离开。,context,2026-09-v2,本地预制课堂素材；原创短句与场景模板,[],想象你也在这个场景里。用 departure 说一句自己的话。
depend,PET,1,靠；视...而定；信赖,v; phr v.,日常沟通,Children depend on their parents.,孩子们依靠父母。,[],结合常用释义整体记忆。先听老师读，再用自己的生活场景解释。,0,,https://www.cambridgeenglish.org/images/506887-b1-preliminary-vocabulary-list.pdf,di'pend,https://github.com/skywind3000/ECDICT,offline-materials,depend,authored,depend · 单词里的小故事,小乐和朋友交换今天的小发现。孩子们依靠父母。小乐说：“Children depend on their parents.”朋友听懂了，也想起自己遇到过的事。,,Children __________ on their parents.,depend,孩子们依靠父母。,context,2026-09-v2,本地预制课堂素材；原创短句与场景模板,[],想象你也在这个场景里。用 depend 说一句自己的话。
deposit,PET,2,押金；存款,n.,日常沟通,We talked about the deposit today.,我们今天谈到了押金。,[],结合常用释义整体记忆。先听老师读，再用自己的生活场景解释。,0,,https://www.cambridgeenglish.org/images/506887-b1-preliminary-vocabulary-list.pdf,di'pɒzit,常用义教学修订；原词典见 ECDICT-LICENSE.txt,offline-materials,deposit,discussion,deposit · 单词里的小故事,小乐和朋友聊起今天的一件事。我们今天谈到了押金。小乐说：“We talked about the deposit today.”朋友听懂了，也想起自己遇到过的事。,,We talked about the __________ today.,deposit,我们今天谈到了押金。,context,2026-09-v2,本地预制课堂素材；原创短句与场景模板,[],想象你也在这个场景里。用 deposit 说一句自己的话。
depressed,PET,2,沮丧的,adj.,日常沟通,I feel depressed today.,我今天感到沮丧的。,[],结合常用释义整体记忆。先听老师读，再用自己的生活场景解释。,0,,https://www.cambridgeenglish.org/images/506887-b1-preliminary-vocabulary-list.pdf,di'prest,常用义教学修订；原词典见 ECDICT-LICENSE.txt,offline-materials,depressed,feeling,depressed · 单词里的小故事,老师请大家用一个词说说今天的感受，小乐先举了手。我今天感到沮丧的。小乐说：“I feel depressed today.”朋友听懂了，也想起自己遇到过的事。,,I feel __________ today.,depressed,我今天感到沮丧的。,context,2026-09-v2,本地预制课堂素材；原创短句与场景模板,[],想象你也在这个场景里。用 depressed 说一句自己的话。
depth,PET,2,深度；深处；深奥,n.,日常沟通,We talked about the depth today.,我们今天谈到了深度。,[],结合常用释义整体记忆。先听老师读，再用自己的生活场景解释。,0,,https://www.cambridgeenglish.org/images/506887-b1-preliminary-vocabulary-list.pdf,depθ,https://github.com/skywind3000/ECDICT,offline-materials,depth,discussion,depth · 单词里的小故事,小乐和朋友聊起今天的一件事。我们今天谈到了深度。小乐说：“We talked about the depth today.”朋友听懂了，也想起自己遇到过的事。,,We talked about the __________ today.,depth,我们今天谈到了深度。,context,2026-09-v2,本地预制课堂素材；原创短句与场景模板,[],想象你也在这个场景里。用 depth 说一句自己的话。
description,PET,1,描述；说明；种类,n.,日常沟通,We talked about the description today.,我们今天谈到了描述。,[],结合常用释义整体记忆。先听老师读，再用自己的生活场景解释。,0,,https://www.cambridgeenglish.org/images/506887-b1-preliminary-vocabulary-list.pdf,di'skripʃәn,https://github.com/skywind3000/ECDICT,offline-materials,description,discussion,description · 单词里的小故事,小乐和朋友聊起今天的一件事。我们今天谈到了描述。小乐说：“We talked about the description today.”朋友听懂了，也想起自己遇到过的事。,,We talked about the __________ today.,description,我们今天谈到了描述。,context,2026-09-v2,本地预制课堂素材；原创短句与场景模板,[],想象你也在这个场景里。用 description 说一句自己的话。
deserve,PET,2,该得到；值得,v.,日常沟通,You deserve a rest after your work.,工作后你应该休息一下。,[],结合常用释义整体记忆。先听老师读，再用自己的生活场景解释。,0,,https://www.cambridgeenglish.org/images/506887-b1-preliminary-vocabulary-list.pdf,di'zә:v,https://github.com/skywind3000/ECDICT,offline-materials,deserve,authored,deserve · 单词里的小故事,小乐和朋友交换今天的小发现。工作后你应该休息一下。小乐说：“You deserve a rest after your work.”朋友听懂了，也想起自己遇到过的事。,,You __________ a rest after your work.,deserve,工作后你应该休息一下。,context,2026-09-v2,本地预制课堂素材；原创短句与场景模板,[],想象你也在这个场景里。用 deserve 说一句自己的话。
designer,PET,2,设计者；谋划者；制图者,n.,日常沟通,This story is about a designer.,这个故事讲的是一位设计者。,"[{""text"": ""design"", ""kind"": ""root"", ""meaning"": ""设计""}, {""text"": ""-er"", ""kind"": ""suffix"", ""meaning"": ""做某事的人或物"", ""story"": ""表示做事者的 -er 有古英语 -ere 等历史来源。它常把动作变成做这个动作的人或工具。先找到动作，再问“谁来做”，就能串起一组词。比较级里的 -er 是另一种用法。"", ""source"": ""https://www.merriam-webster.com/dictionary/-er""}]",先理解词基，再看词缀如何改变含义或词性。,0,,https://www.cambridgeenglish.org/images/506887-b1-preliminary-vocabulary-list.pdf,di'zainә,https://github.com/skywind3000/ECDICT,offline-materials,designer,person,designer · 单词里的小故事,读书会轮到小乐介绍故事里的一个人物。这个故事讲的是一位设计者。小乐说：“This story is about a designer.”朋友听懂了，也想起自己遇到过的事。,,This story is about a __________.,designer,这个故事讲的是一位设计者。,context,2026-09-v2,本地预制课堂素材；原创短句与场景模板,[],想象你也在这个场景里。用 designer 说一句自己的话。
despite,PET,1,轻视；憎恨,prep.,日常沟通,We played outside despite the rain.,尽管下雨了，我们还是在外面玩。,[],结合常用释义整体记忆。先听老师读，再用自己的生活场景解释。,0,,https://www.cambridgeenglish.org/images/506887-b1-preliminary-vocabulary-list.pdf,di'spait,https://github.com/skywind3000/ECDICT,offline-materials,despite,authored,despite · 单词里的小故事,小乐和朋友交换今天的小发现。尽管下雨了，我们还是在外面玩。小乐说：“We played outside despite the rain.”朋友听懂了，也想起自己遇到过的事。,,We played outside __________ the rain.,despite,尽管下雨了，我们还是在外面玩。,context,2026-09-v2,本地预制课堂素材；原创短句与场景模板,[],想象你也在这个场景里。用 despite 说一句自己的话。
destination,PET,2,目的地；目标；目的,n.,日常沟通,We visited the destination today.,我们今天参观了目的地。,[],结合常用释义整体记忆。先听老师读，再用自己的生活场景解释。,0,,https://www.cambridgeenglish.org/images/506887-b1-preliminary-vocabulary-list.pdf,.desti'neiʃәn,https://github.com/skywind3000/ECDICT,offline-materials,destination,place,destination · 单词里的小故事,小乐把今天的外出经历记进了日记。我们今天参观了目的地。小乐说：“We visited the destination today.”朋友听懂了，也想起自己遇到过的事。,,We visited the __________ today.,destination,我们今天参观了目的地。,context,2026-09-v2,本地预制课堂素材；原创短句与场景模板,[],想象你也在这个场景里。用 destination 说一句自己的话。
destroy,PET,1,破坏；毁坏；消灭,v.,日常沟通,Fire can destroy a house.,火会毁掉一座房子。,[],结合常用释义整体记忆。先听老师读，再用自己的生活场景解释。,0,,https://www.cambridgeenglish.org/images/506887-b1-preliminary-vocabulary-list.pdf,di'strɒi,https://github.com/skywind3000/ECDICT,offline-materials,destroy,authored,destroy · 单词里的小故事,小乐和朋友交换今天的小发现。火会毁掉一座房子。小乐说：“Fire can destroy a house.”朋友听懂了，也想起自己遇到过的事。,,Fire can __________ a house.,destroy,火会毁掉一座房子。,context,2026-09-v2,本地预制课堂素材；原创短句与场景模板,[],想象你也在这个场景里。用 destroy 说一句自己的话。
detail,PET,1,细节；详情,n.,日常沟通,We talked about the detail today.,我们今天谈到了细节。,[],结合常用释义整体记忆。先听老师读，再用自己的生活场景解释。,0,,https://www.cambridgeenglish.org/images/506887-b1-preliminary-vocabulary-list.pdf,'di:teil,https://github.com/skywind3000/ECDICT,offline-materials,detail,discussion,detail · 单词里的小故事,小乐和朋友聊起今天的一件事。我们今天谈到了细节。小乐说：“We talked about the detail today.”朋友听懂了，也想起自己遇到过的事。,,We talked about the __________ today.,detail,我们今天谈到了细节。,context,2026-09-v2,本地预制课堂素材；原创短句与场景模板,[],想象你也在这个场景里。用 detail 说一句自己的话。
detective,PET,2,侦探,n.,日常沟通,This story is about a detective.,这个故事讲的是一位侦探。,[],结合常用释义整体记忆。先听老师读，再用自己的生活场景解释。,0,,https://www.cambridgeenglish.org/images/506887-b1-preliminary-vocabulary-list.pdf,di'tektiv,https://github.com/skywind3000/ECDICT,offline-materials,detective,person,detective · 单词里的小故事,读书会轮到小乐介绍故事里的一个人物。这个故事讲的是一位侦探。小乐说：“This story is about a detective.”朋友听懂了，也想起自己遇到过的事。,,This story is about a __________.,detective,这个故事讲的是一位侦探。,context,2026-09-v2,本地预制课堂素材；原创短句与场景模板,[],想象你也在这个场景里。用 detective 说一句自己的话。
develop,PET,1,发展；使发达；进步,v.,日常沟通,Children develop new skills at school.,孩子们在学校发展新技能。,"[{""text"": ""develop"", ""kind"": ""root"", ""meaning"": ""发展""}]",这个词本身可以作为词基，与相关派生词联系起来理解。,0,,https://www.cambridgeenglish.org/images/506887-b1-preliminary-vocabulary-list.pdf,di'velәp,https://github.com/skywind3000/ECDICT,offline-materials,develop,authored,develop · 单词里的小故事,小乐和朋友交换今天的小发现。孩子们在学校发展新技能。小乐说：“Children develop new skills at school.”朋友听懂了，也想起自己遇到过的事。,,Children __________ new skills at school.,develop,孩子们在学校发展新技能。,context,2026-09-v2,本地预制课堂素材；原创短句与场景模板,[],想象你也在这个场景里。用 develop 说一句自己的话。
development,PET,1,发展,n.,日常沟通,The town's development brings new jobs.,城镇的发展带来了新工作。,"[{""text"": ""develop"", ""kind"": ""root"", ""meaning"": ""发展""}, {""text"": ""-ment"", ""kind"": ""suffix"", ""meaning"": ""行为、结果或状态（构成名词）"", ""story"": ""-ment 经由法语进入英语，更早来自拉丁语 -mentum。它常给动作、结果或状态取名字。想象一个动作发生了，我们还想谈论这件事本身，这时就可能遇见它。"", ""source"": ""https://www.merriam-webster.com/dictionary/-ment""}]",先理解词基，再看词缀如何改变含义或词性。,0,,https://www.cambridgeenglish.org/images/506887-b1-preliminary-vocabulary-list.pdf,di'velәpmәnt,原创课堂释义与例句,offline-materials,development,authored,development · 单词里的小故事,小乐和朋友交换今天的小发现。城镇的发展带来了新工作。小乐说：“The town's development brings new jobs.”朋友听懂了，也想起自己遇到过的事。,,The town's __________ brings new jobs.,development,城镇的发展带来了新工作。,context,2026-09-v2,本地预制课堂素材；原创短句与场景模板,"[{""en"": ""We watched the development of the small plant."", ""zh"": ""我们观察了那株小植物的生长。""}]",想象你也在这个场景里。用 development 说一句自己的话。
diagram,PET,2,图表；图解,n.,日常沟通,We need the diagram today.,我们今天需要图表。,[],结合常用释义整体记忆。先听老师读，再用自己的生活场景解释。,0,,https://www.cambridgeenglish.org/images/506887-b1-preliminary-vocabulary-list.pdf,'daiәɡræm,https://github.com/skywind3000/ECDICT,offline-materials,diagram,equipment,diagram · 单词里的小故事,班级活动开始前，小乐负责核对需要的东西。我们今天需要图表。小乐说：“We need the diagram today.”朋友听懂了，也想起自己遇到过的事。,,We need the __________ today.,diagram,我们今天需要图表。,context,2026-09-v2,本地预制课堂素材；原创短句与场景模板,[],想象你也在这个场景里。用 diagram 说一句自己的话。
dial,PET,3,拨,v.,日常沟通,Please dial this number.,请拨这个号码。,[],结合常用释义整体记忆。先听老师读，再用自己的生活场景解释。,0,,https://www.cambridgeenglish.org/images/506887-b1-preliminary-vocabulary-list.pdf,'daiәl,https://github.com/skywind3000/ECDICT,offline-materials,dial,authored,dial · 单词里的小故事,小乐和朋友交换今天的小发现。请拨这个号码。小乐说：“Please dial this number.”朋友听懂了，也想起自己遇到过的事。,,Please __________ this number.,dial,请拨这个号码。,context,2026-09-v2,本地预制课堂素材；原创短句与场景模板,[],想象你也在这个场景里。用 dial 说一句自己的话。
dial up,PET,3,以电话线网路来连结其他的电脑系统,phr v.,日常沟通,We used to dial up to go online.,我们以前拨号上网。,[],结合常用释义整体记忆。先听老师读，再用自己的生活场景解释。,0,,https://www.cambridgeenglish.org/images/506887-b1-preliminary-vocabulary-list.pdf,,https://github.com/skywind3000/ECDICT,offline-materials,dial up,authored,dial up · 单词里的小故事,小乐和朋友交换今天的小发现。我们以前拨号上网。小乐说：“We used to dial up to go online.”朋友听懂了，也想起自己遇到过的事。,,We used to __________ to go online.,dial up,我们以前拨号上网。,context,2026-09-v2,本地预制课堂素材；原创短句与场景模板,[],想象你也在这个场景里。用 dial up 说一句自己的话。
diet,PET,1,日常饮食,n.,日常沟通,We talked about the diet today.,我们今天谈到了日常饮食。,[],结合常用释义整体记忆。先听老师读，再用自己的生活场景解释。,0,,https://www.cambridgeenglish.org/images/506887-b1-preliminary-vocabulary-list.pdf,'daiәt,常用义教学修订；原词典见 ECDICT-LICENSE.txt,offline-materials,diet,discussion,diet · 单词里的小故事,小乐和朋友聊起今天的一件事。我们今天谈到了日常饮食。小乐说：“We talked about the diet today.”朋友听懂了，也想起自己遇到过的事。,,We talked about the __________ today.,diet,我们今天谈到了日常饮食。,context,2026-09-v2,本地预制课堂素材；原创短句与场景模板,[],想象你也在这个场景里。用 diet 说一句自己的话。
difficulty,PET,1,困难；难点,n.,日常沟通,We talked about the difficulty today.,我们今天谈到了困难。,[],结合常用释义整体记忆。先听老师读，再用自己的生活场景解释。,0,,https://www.cambridgeenglish.org/images/506887-b1-preliminary-vocabulary-list.pdf,'difikәlti,https://github.com/skywind3000/ECDICT,offline-materials,difficulty,discussion,difficulty · 单词里的小故事,小乐和朋友聊起今天的一件事。我们今天谈到了困难。小乐说：“We talked about the difficulty today.”朋友听懂了，也想起自己遇到过的事。,,We talked about the __________ today.,difficulty,我们今天谈到了困难。,context,2026-09-v2,本地预制课堂素材；原创短句与场景模板,[],想象你也在这个场景里。用 difficulty 说一句自己的话。
dig,PET,2,挖；翻土；发掘,v.,日常沟通,We dig a hole for the tree.,我们挖一个坑种树。,[],结合常用释义整体记忆。先听老师读，再用自己的生活场景解释。,0,,https://www.cambridgeenglish.org/images/506887-b1-preliminary-vocabulary-list.pdf,dig,https://github.com/skywind3000/ECDICT,offline-materials,dig,authored,dig · 单词里的小故事,小乐和朋友交换今天的小发现。我们挖一个坑种树。小乐说：“We dig a hole for the tree.”朋友听懂了，也想起自己遇到过的事。,,We __________ a hole for the tree.,dig,我们挖一个坑种树。,context,2026-09-v2,本地预制课堂素材；原创短句与场景模板,[],想象你也在这个场景里。用 dig 说一句自己的话。
direct,PET,1,直接的；指导,adj; v.,日常沟通,There is a direct bus to town.,有一班直达镇上的公交车。,"[{""text"": ""direct"", ""kind"": ""root"", ""meaning"": ""指导；执导""}]",这个词本身可以作为词基，与相关派生词联系起来理解。,0,,https://www.cambridgeenglish.org/images/506887-b1-preliminary-vocabulary-list.pdf,di'rekt,常用义教学修订；原词典见 ECDICT-LICENSE.txt,offline-materials,direct,authored,direct · 单词里的小故事,小乐和朋友交换今天的小发现。有一班直达镇上的公交车。小乐说：“There is a direct bus to town.”朋友听懂了，也想起自己遇到过的事。,,There is a __________ bus to town.,direct,有一班直达镇上的公交车。,context,2026-09-v2,本地预制课堂素材；原创短句与场景模板,[],想象你也在这个场景里。用 direct 说一句自己的话。
director,PET,1,主管；导演；董事,n.,日常沟通,This story is about a director.,这个故事讲的是一位主管。,"[{""text"": ""direct"", ""kind"": ""root"", ""meaning"": ""指导；执导""}, {""text"": ""-or"", ""kind"": ""suffix"", ""meaning"": ""做某事的人"", ""story"": ""-or 的一条来路是法语，更早能追到拉丁语。它常把注意力从一个动作，转到做这个动作的人身上。看到这样的结尾，可以先问：这是谁在做什么？"", ""source"": ""https://www.merriam-webster.com/dictionary/-or""}]",先理解词基，再看词缀如何改变含义或词性。,0,,https://www.cambridgeenglish.org/images/506887-b1-preliminary-vocabulary-list.pdf,di'rektә,https://github.com/skywind3000/ECDICT,offline-materials,director,person,director · 单词里的小故事,读书会轮到小乐介绍故事里的一个人物。这个故事讲的是一位主管。小乐说：“This story is about a director.”朋友听懂了，也想起自己遇到过的事。,,This story is about a __________.,director,这个故事讲的是一位主管。,context,2026-09-v2,本地预制课堂素材；原创短句与场景模板,[],想象你也在这个场景里。用 director 说一句自己的话。
dirt,PET,2,污垢；泥土,n.,日常沟通,We talked about the dirt today.,我们今天谈到了污垢。,"[{""text"": ""dirt"", ""kind"": ""root"", ""meaning"": ""污垢""}]",这个词本身可以作为词基，与相关派生词联系起来理解。,0,,https://www.cambridgeenglish.org/images/506887-b1-preliminary-vocabulary-list.pdf,dә:t,https://github.com/skywind3000/ECDICT,offline-materials,dirt,discussion,dirt · 单词里的小故事,小乐和朋友聊起今天的一件事。我们今天谈到了污垢。小乐说：“We talked about the dirt today.”朋友听懂了，也想起自己遇到过的事。,,We talked about the __________ today.,dirt,我们今天谈到了污垢。,context,2026-09-v2,本地预制课堂素材；原创短句与场景模板,[],想象你也在这个场景里。用 dirt 说一句自己的话。
disabled,PET,2,有残疾的,adj.,日常沟通,The person in the story is disabled.,故事里的那个人是有残疾的。,[],结合常用释义整体记忆。先听老师读，再用自己的生活场景解释。,0,,https://www.cambridgeenglish.org/images/506887-b1-preliminary-vocabulary-list.pdf,dis'eibld,常用义教学修订；原词典见 ECDICT-LICENSE.txt,offline-materials,disabled,person-quality,disabled · 单词里的小故事,同学们在给故事人物选词卡，小乐找到了合适的一张。故事里的那个人是有残疾的。小乐说：“The person in the story is disabled.”朋友听懂了，也想起自己遇到过的事。,,The person in the story is __________.,disabled,故事里的那个人是有残疾的。,context,2026-09-v2,本地预制课堂素材；原创短句与场景模板,[],想象你也在这个场景里。用 disabled 说一句自己的话。
disadvantage,PET,2,不利条件；缺点,n.,日常沟通,We talked about the disadvantage today.,我们今天谈到了不利条件。,[],结合常用释义整体记忆。先听老师读，再用自己的生活场景解释。,0,,https://www.cambridgeenglish.org/images/506887-b1-preliminary-vocabulary-list.pdf,.disәd'vɑ:ntidʒ,常用义教学修订；原词典见 ECDICT-LICENSE.txt,offline-materials,disadvantage,discussion,disadvantage · 单词里的小故事,小乐和朋友聊起今天的一件事。我们今天谈到了不利条件。小乐说：“We talked about the disadvantage today.”朋友听懂了，也想起自己遇到过的事。,,We talked about the __________ today.,disadvantage,我们今天谈到了不利条件。,context,2026-09-v2,本地预制课堂素材；原创短句与场景模板,[],想象你也在这个场景里。用 disadvantage 说一句自己的话。
disagree,PET,2,不同意,v.,日常沟通,We disagree about the best way to travel.,我们对最佳旅行方式意见不同。,"[{""text"": ""dis-"", ""kind"": ""prefix"", ""meaning"": ""不；相反；除去"", ""story"": ""dis- 的历史可追溯到拉丁语，早期带有“分开”的意思。今天它可以表示相反、没有或除去。把“原来的联系被改变了”作为联想，再用完整词义核对。"", ""source"": ""https://www.merriam-webster.com/dictionary/dis-""}, {""text"": ""agree"", ""kind"": ""root"", ""meaning"": ""同意""}]",先理解词基，再看词缀如何改变含义或词性。,0,,https://www.cambridgeenglish.org/images/506887-b1-preliminary-vocabulary-list.pdf,.disә'gri:,原创课堂释义与例句,offline-materials,disagree,authored,disagree · 单词里的小故事,小乐想去公园，朋友想去图书馆。两人的想法不同，于是各自讲了理由。最后，他们决定上午读书，下午再去公园。这就是 disagree 留下的画面。,,We __________ about the best way to travel.,disagree,我们对最佳旅行方式意见不同。,context,2026-09-v2,本地预制课堂素材；原创短句与场景模板,"[{""en"": ""We disagree, but we are still friends."", ""zh"": ""我们意见不同，但仍然是朋友。""}]",意见不同的时候，可以怎样把自己的想法说清楚？
disappear,PET,1,消失,v.,日常沟通,The boat disappears into the fog.,小船消失在雾中。,"[{""text"": ""dis-"", ""kind"": ""prefix"", ""meaning"": ""不；相反；除去"", ""story"": ""dis- 的历史可追溯到拉丁语，早期带有“分开”的意思。今天它可以表示相反、没有或除去。把“原来的联系被改变了”作为联想，再用完整词义核对。"", ""source"": ""https://www.merriam-webster.com/dictionary/dis-""}, {""text"": ""appear"", ""kind"": ""root"", ""meaning"": ""出现""}]",先理解词基，再看词缀如何改变含义或词性。,0,,https://www.cambridgeenglish.org/images/506887-b1-preliminary-vocabulary-list.pdf,.disә'piә,原创课堂释义与例句,offline-materials,disappear,authored,disappear · 单词里的小故事,太阳慢慢落到山后。小乐刚才还能看见一个小小的亮边，一眨眼，连亮边也不见了。天空开始暗下来。这就是 disappear 留下的画面。,,请根据中文和本课例句，写出词表中的目标词。,disappear,消失,headword,2026-09-v2,本地预制课堂素材；原创短句与场景模板,"[{""en"": ""I watch the sun disappear behind the hills."", ""zh"": ""我看着太阳消失在山后。""}]",你看过什么东西慢慢消失？
disappoint,PET,3,使失望,v.,日常沟通,I do not want to disappoint my team.,我不想让我的队伍失望。,[],结合常用释义整体记忆。先听老师读，再用自己的生活场景解释。,0,,https://www.cambridgeenglish.org/images/506887-b1-preliminary-vocabulary-list.pdf,.disә'pɒint,https://github.com/skywind3000/ECDICT,offline-materials,disappoint,authored,disappoint · 单词里的小故事,小乐和朋友交换今天的小发现。我不想让我的队伍失望。小乐说：“I do not want to disappoint my team.”朋友听懂了，也想起自己遇到过的事。,,I do not want to __________ my team.,disappoint,我不想让我的队伍失望。,context,2026-09-v2,本地预制课堂素材；原创短句与场景模板,[],想象你也在这个场景里。用 disappoint 说一句自己的话。
disappointed,PET,2,失望的,adj.,日常沟通,I feel disappointed today.,我今天感到失望的。,[],结合常用释义整体记忆。先听老师读，再用自己的生活场景解释。,0,,https://www.cambridgeenglish.org/images/506887-b1-preliminary-vocabulary-list.pdf,.disә'pɒintid,https://github.com/skywind3000/ECDICT,offline-materials,disappointed,feeling,disappointed · 单词里的小故事,老师请大家用一个词说说今天的感受，小乐先举了手。我今天感到失望的。小乐说：“I feel disappointed today.”朋友听懂了，也想起自己遇到过的事。,,I feel __________ today.,disappointed,我今天感到失望的。,context,2026-09-v2,本地预制课堂素材；原创短句与场景模板,[],想象你也在这个场景里。用 disappointed 说一句自己的话。
disappointing,PET,2,使失望的；期待落空的；令人沮丧的,adj.,日常沟通,The result was disappointing.,这个结果令人失望。,[],结合常用释义整体记忆。先听老师读，再用自己的生活场景解释。,0,,https://www.cambridgeenglish.org/images/506887-b1-preliminary-vocabulary-list.pdf,.disә'pɒintiŋ,https://github.com/skywind3000/ECDICT,offline-materials,disappointing,authored,disappointing · 单词里的小故事,小乐和朋友交换今天的小发现。这个结果令人失望。小乐说：“The result was disappointing.”朋友听懂了，也想起自己遇到过的事。,,The result was __________.,disappointing,这个结果令人失望。,context,2026-09-v2,本地预制课堂素材；原创短句与场景模板,[],想象你也在这个场景里。用 disappointing 说一句自己的话。
disappointment,PET,2,失望,n.,日常沟通,We talked about the disappointment today.,我们今天谈到了失望。,[],结合常用释义整体记忆。先听老师读，再用自己的生活场景解释。,0,,https://www.cambridgeenglish.org/images/506887-b1-preliminary-vocabulary-list.pdf,.disә'pɒintmәnt,https://github.com/skywind3000/ECDICT,offline-materials,disappointment,discussion,disappointment · 单词里的小故事,小乐和朋友聊起今天的一件事。我们今天谈到了失望。小乐说：“We talked about the disappointment today.”朋友听懂了，也想起自己遇到过的事。,,We talked about the __________ today.,disappointment,我们今天谈到了失望。,context,2026-09-v2,本地预制课堂素材；原创短句与场景模板,[],想象你也在这个场景里。用 disappointment 说一句自己的话。
disc,PET,2,圆盘；唱片,n.,日常沟通,We need the disc today.,我们今天需要圆盘。,[],结合常用释义整体记忆。先听老师读，再用自己的生活场景解释。,0,,https://www.cambridgeenglish.org/images/506887-b1-preliminary-vocabulary-list.pdf,disk,https://github.com/skywind3000/ECDICT,offline-materials,disc,equipment,disc · 单词里的小故事,班级活动开始前，小乐负责核对需要的东西。我们今天需要圆盘。小乐说：“We need the disc today.”朋友听懂了，也想起自己遇到过的事。,,We need the __________ today.,disc,我们今天需要圆盘。,context,2026-09-v2,本地预制课堂素材；原创短句与场景模板,[],想象你也在这个场景里。用 disc 说一句自己的话。
disc jockey,PET,3,唱片播放员；DJ,n.,日常沟通,We talked about the disc jockey today.,我们今天谈到了唱片播放员。,[],结合常用释义整体记忆。先听老师读，再用自己的生活场景解释。,0,,https://www.cambridgeenglish.org/images/506887-b1-preliminary-vocabulary-list.pdf,,常用义教学修订；原词典见 ECDICT-LICENSE.txt,offline-materials,disc jockey,discussion,disc jockey · 单词里的小故事,小乐和朋友聊起今天的一件事。我们今天谈到了唱片播放员。小乐说：“We talked about the disc jockey today.”朋友听懂了，也想起自己遇到过的事。,,We talked about the __________ today.,disc jockey,我们今天谈到了唱片播放员。,context,2026-09-v2,本地预制课堂素材；原创短句与场景模板,[],想象你也在这个场景里。用 disc jockey 说一句自己的话。
discovery,PET,2,发现；被发现的事物,n.,日常沟通,We talked about the discovery today.,我们今天谈到了发现。,[],结合常用释义整体记忆。先听老师读，再用自己的生活场景解释。,0,,https://www.cambridgeenglish.org/images/506887-b1-preliminary-vocabulary-list.pdf,dis'kʌvәri,https://github.com/skywind3000/ECDICT,offline-materials,discovery,discussion,discovery · 单词里的小故事,小乐和朋友聊起今天的一件事。我们今天谈到了发现。小乐说：“We talked about the discovery today.”朋友听懂了，也想起自己遇到过的事。,,We talked about the __________ today.,discovery,我们今天谈到了发现。,context,2026-09-v2,本地预制课堂素材；原创短句与场景模板,[],想象你也在这个场景里。用 discovery 说一句自己的话。
discussion,PET,1,讨论,n.,日常沟通,We talked about the discussion today.,我们今天谈到了讨论。,[],结合常用释义整体记忆。先听老师读，再用自己的生活场景解释。,0,,https://www.cambridgeenglish.org/images/506887-b1-preliminary-vocabulary-list.pdf,dis'kʌʃәn,https://github.com/skywind3000/ECDICT,offline-materials,discussion,discussion,discussion · 单词里的小故事,小乐和朋友聊起今天的一件事。我们今天谈到了讨论。小乐说：“We talked about the discussion today.”朋友听懂了，也想起自己遇到过的事。,,We talked about the __________ today.,discussion,我们今天谈到了讨论。,context,2026-09-v2,本地预制课堂素材；原创短句与场景模板,[],想象你也在这个场景里。用 discussion 说一句自己的话。
disease,PET,1,疾病；弊病,n.,日常沟通,We talked about the disease today.,我们今天谈到了疾病。,[],结合常用释义整体记忆。先听老师读，再用自己的生活场景解释。,0,,https://www.cambridgeenglish.org/images/506887-b1-preliminary-vocabulary-list.pdf,di'zi:z,https://github.com/skywind3000/ECDICT,offline-materials,disease,discussion,disease · 单词里的小故事,小乐和朋友聊起今天的一件事。我们今天谈到了疾病。小乐说：“We talked about the disease today.”朋友听懂了，也想起自己遇到过的事。,,We talked about the __________ today.,disease,我们今天谈到了疾病。,context,2026-09-v2,本地预制课堂素材；原创短句与场景模板,[],想象你也在这个场景里。用 disease 说一句自己的话。
disgusting,PET,2,令人厌恶的,adj.,日常沟通,The old food smells disgusting.,变质的食物气味令人恶心。,[],结合常用释义整体记忆。先听老师读，再用自己的生活场景解释。,0,,https://www.cambridgeenglish.org/images/506887-b1-preliminary-vocabulary-list.pdf,dis'gʌstiŋ,https://github.com/skywind3000/ECDICT,offline-materials,disgusting,authored,disgusting · 单词里的小故事,小乐和朋友交换今天的小发现。变质的食物气味令人恶心。小乐说：“The old food smells disgusting.”朋友听懂了，也想起自己遇到过的事。,,The old food smells __________.,disgusting,变质的食物气味令人恶心。,context,2026-09-v2,本地预制课堂素材；原创短句与场景模板,[],想象你也在这个场景里。用 disgusting 说一句自己的话。
dishwasher,PET,3,洗碗机；洗碗工,n.,日常沟通,We need the dishwasher today.,我们今天需要洗碗机。,"[{""text"": ""dish"", ""kind"": ""compound"", ""meaning"": ""餐具""}, {""text"": ""washer"", ""kind"": ""compound"", ""meaning"": ""清洗器""}]",两个已有成分组合成一个词。结合它们的意思理解整体词义，但不要把这种现代拆分当作完整的历史词源。,0,,https://www.cambridgeenglish.org/images/506887-b1-preliminary-vocabulary-list.pdf,'diʃwɒʃә,https://github.com/skywind3000/ECDICT,offline-materials,dishwasher,equipment,dishwasher · 单词里的小故事,班级活动开始前，小乐负责核对需要的东西。我们今天需要洗碗机。小乐说：“We need the dishwasher today.”朋友听懂了，也想起自己遇到过的事。,,We need the __________ today.,dishwasher,我们今天需要洗碗机。,context,2026-09-v2,本地预制课堂素材；原创短句与场景模板,[],想象你也在这个场景里。用 dishwasher 说一句自己的话。
disk,PET,2,圆盘；磁盘,n.,日常沟通,We need the disk today.,我们今天需要圆盘。,[],结合常用释义整体记忆。先听老师读，再用自己的生活场景解释。,0,,https://www.cambridgeenglish.org/images/506887-b1-preliminary-vocabulary-list.pdf,disk,https://github.com/skywind3000/ECDICT,offline-materials,disk,equipment,disk · 单词里的小故事,班级活动开始前，小乐负责核对需要的东西。我们今天需要圆盘。小乐说：“We need the disk today.”朋友听懂了，也想起自己遇到过的事。,,We need the __________ today.,disk,我们今天需要圆盘。,context,2026-09-v2,本地预制课堂素材；原创短句与场景模板,[],想象你也在这个场景里。用 disk 说一句自己的话。
dislike,PET,2,不喜欢,v.; n.,日常沟通,I dislike getting up in the dark.,我不喜欢天没亮就起床。,"[{""text"": ""dis-"", ""kind"": ""prefix"", ""meaning"": ""不；相反；除去"", ""story"": ""dis- 的历史可追溯到拉丁语，早期带有“分开”的意思。今天它可以表示相反、没有或除去。把“原来的联系被改变了”作为联想，再用完整词义核对。"", ""source"": ""https://www.merriam-webster.com/dictionary/dis-""}, {""text"": ""like"", ""kind"": ""root"", ""meaning"": ""喜欢""}]",先理解词基，再看词缀如何改变含义或词性。,0,,https://www.cambridgeenglish.org/images/506887-b1-preliminary-vocabulary-list.pdf,dis'laik,原创课堂释义与例句,offline-materials,dislike,authored,dislike · 单词里的小故事,小乐和朋友交换今天的小发现。我不喜欢天没亮就起床。小乐说：“I dislike getting up in the dark.”朋友听懂了，也想起自己遇到过的事。,,I __________ getting up in the dark.,dislike,我不喜欢天没亮就起床。,context,2026-09-v2,本地预制课堂素材；原创短句与场景模板,[],想象你也在这个场景里。用 dislike 说一句自己的话。
display,PET,1,显示；陈列；炫耀,n; v.,日常沟通,We talked about the display today.,我们今天谈到了显示。,[],结合常用释义整体记忆。先听老师读，再用自己的生活场景解释。,0,,https://www.cambridgeenglish.org/images/506887-b1-preliminary-vocabulary-list.pdf,dis'plei,https://github.com/skywind3000/ECDICT,offline-materials,display,discussion,display · 单词里的小故事,小乐和朋友聊起今天的一件事。我们今天谈到了显示。小乐说：“We talked about the display today.”朋友听懂了，也想起自己遇到过的事。,,We talked about the __________ today.,display,我们今天谈到了显示。,context,2026-09-v2,本地预制课堂素材；原创短句与场景模板,[],想象你也在这个场景里。用 display 说一句自己的话。
distance,PET,1,距离；远方；遥远,n.,日常沟通,We talked about the distance today.,我们今天谈到了距离。,[],结合常用释义整体记忆。先听老师读，再用自己的生活场景解释。,0,,https://www.cambridgeenglish.org/images/506887-b1-preliminary-vocabulary-list.pdf,'distәns,https://github.com/skywind3000/ECDICT,offline-materials,distance,discussion,distance · 单词里的小故事,小乐和朋友聊起今天的一件事。我们今天谈到了距离。小乐说：“We talked about the distance today.”朋友听懂了，也想起自己遇到过的事。,,We talked about the __________ today.,distance,我们今天谈到了距离。,context,2026-09-v2,本地预制课堂素材；原创短句与场景模板,[],想象你也在这个场景里。用 distance 说一句自己的话。
district,PET,1,区域；地方,n.,日常沟通,We visited the district today.,我们今天参观了区域。,[],结合常用释义整体记忆。先听老师读，再用自己的生活场景解释。,0,,https://www.cambridgeenglish.org/images/506887-b1-preliminary-vocabulary-list.pdf,'distrikt,https://github.com/skywind3000/ECDICT,offline-materials,district,place,district · 单词里的小故事,小乐把今天的外出经历记进了日记。我们今天参观了区域。小乐说：“We visited the district today.”朋友听懂了，也想起自己遇到过的事。,,We visited the __________ today.,district,我们今天参观了区域。,context,2026-09-v2,本地预制课堂素材；原创短句与场景模板,[],想象你也在这个场景里。用 district 说一句自己的话。
disturb,PET,2,扰乱；妨碍；使不安,v.,日常沟通,Please do not disturb her. She is reading.,请不要打扰她。她正在读书。,[],结合常用释义整体记忆。先听老师读，再用自己的生活场景解释。,0,,https://www.cambridgeenglish.org/images/506887-b1-preliminary-vocabulary-list.pdf,dis'tә:b,https://github.com/skywind3000/ECDICT,offline-materials,disturb,authored,disturb · 单词里的小故事,小乐和朋友交换今天的小发现。请不要打扰她。她正在读书。小乐说：“Please do not disturb her. She is reading.”朋友听懂了，也想起自己遇到过的事。,,Please do not __________ her. She is reading.,disturb,请不要打扰她。她正在读书。,context,2026-09-v2,本地预制课堂素材；原创短句与场景模板,[],想象你也在这个场景里。用 disturb 说一句自己的话。
diver,PET,3,潜水者,n.,日常沟通,This story is about a diver.,这个故事讲的是一位潜水者。,[],结合常用释义整体记忆。先听老师读，再用自己的生活场景解释。,0,,https://www.cambridgeenglish.org/images/506887-b1-preliminary-vocabulary-list.pdf,'daivә,https://github.com/skywind3000/ECDICT,offline-materials,diver,person,diver · 单词里的小故事,读书会轮到小乐介绍故事里的一个人物。这个故事讲的是一位潜水者。小乐说：“This story is about a diver.”朋友听懂了，也想起自己遇到过的事。,,This story is about a __________.,diver,这个故事讲的是一位潜水者。,context,2026-09-v2,本地预制课堂素材；原创短句与场景模板,[],想象你也在这个场景里。用 diver 说一句自己的话。
divide,PET,1,分开；分配；分裂,v.,日常沟通,Divide the cake into six pieces.,把蛋糕分成六块。,[],结合常用释义整体记忆。先听老师读，再用自己的生活场景解释。,0,,https://www.cambridgeenglish.org/images/506887-b1-preliminary-vocabulary-list.pdf,di'vaid,https://github.com/skywind3000/ECDICT,offline-materials,divide,authored,divide · 单词里的小故事,小乐和朋友交换今天的小发现。把蛋糕分成六块。小乐说：“Divide the cake into six pieces.”朋友听懂了，也想起自己遇到过的事。,,__________ the cake into six pieces.,Divide,把蛋糕分成六块。,context,2026-09-v2,本地预制课堂素材；原创短句与场景模板,[],想象你也在这个场景里。用 divide 说一句自己的话。
documentary,PET,2,记录片,n.,日常沟通,We talked about the documentary today.,我们今天谈到了记录片。,[],结合常用释义整体记忆。先听老师读，再用自己的生活场景解释。,0,,https://www.cambridgeenglish.org/images/506887-b1-preliminary-vocabulary-list.pdf,.dɒkju'mentәri,https://github.com/skywind3000/ECDICT,offline-materials,documentary,discussion,documentary · 单词里的小故事,小乐和朋友聊起今天的一件事。我们今天谈到了记录片。小乐说：“We talked about the documentary today.”朋友听懂了，也想起自己遇到过的事。,,We talked about the __________ today.,documentary,我们今天谈到了记录片。,context,2026-09-v2,本地预制课堂素材；原创短句与场景模板,[],想象你也在这个场景里。用 documentary 说一句自己的话。
doubt,PET,1,怀疑；疑惑,n; v.,日常沟通,We talked about the doubt today.,我们今天谈到了怀疑。,[],结合常用释义整体记忆。先听老师读，再用自己的生活场景解释。,0,,https://www.cambridgeenglish.org/images/506887-b1-preliminary-vocabulary-list.pdf,daut,https://github.com/skywind3000/ECDICT,offline-materials,doubt,discussion,doubt · 单词里的小故事,小乐和朋友聊起今天的一件事。我们今天谈到了怀疑。小乐说：“We talked about the doubt today.”朋友听懂了，也想起自己遇到过的事。,,We talked about the __________ today.,doubt,我们今天谈到了怀疑。,context,2026-09-v2,本地预制课堂素材；原创短句与场景模板,[],想象你也在这个场景里。用 doubt 说一句自己的话。
dozen,PET,2,打；十二个,det; n.,日常沟通,We bought a dozen eggs.,我们买了一打鸡蛋。,[],结合常用释义整体记忆。先听老师读，再用自己的生活场景解释。,0,,https://www.cambridgeenglish.org/images/506887-b1-preliminary-vocabulary-list.pdf,'dʌzn,https://github.com/skywind3000/ECDICT,offline-materials,dozen,authored,dozen · 单词里的小故事,小乐和朋友交换今天的小发现。我们买了一打鸡蛋。小乐说：“We bought a dozen eggs.”朋友听懂了，也想起自己遇到过的事。,,We bought a __________ eggs.,dozen,我们买了一打鸡蛋。,context,2026-09-v2,本地预制课堂素材；原创短句与场景模板,[],想象你也在这个场景里。用 dozen 说一句自己的话。
drag,PET,2,拖累；拖拉；沉重缓慢地走,v.,日常沟通,Do not drag the bag on the floor.,不要在地上拖着包。,[],结合常用释义整体记忆。先听老师读，再用自己的生活场景解释。,0,,https://www.cambridgeenglish.org/images/506887-b1-preliminary-vocabulary-list.pdf,dræg,https://github.com/skywind3000/ECDICT,offline-materials,drag,authored,drag · 单词里的小故事,小乐和朋友交换今天的小发现。不要在地上拖着包。小乐说：“Do not drag the bag on the floor.”朋友听懂了，也想起自己遇到过的事。,,Do not __________ the bag on the floor.,drag,不要在地上拖着包。,context,2026-09-v2,本地预制课堂素材；原创短句与场景模板,[],想象你也在这个场景里。用 drag 说一句自己的话。
drama,PET,2,戏剧；戏剧艺术,n.,日常沟通,We learn about drama at school.,我们在学校学习戏剧。,[],结合常用释义整体记忆。先听老师读，再用自己的生活场景解释。,0,,https://www.cambridgeenglish.org/images/506887-b1-preliminary-vocabulary-list.pdf,'drɑ:mә,https://github.com/skywind3000/ECDICT,offline-materials,drama,school,drama · 单词里的小故事,小乐把今天在学校学到的内容讲给家人听。我们在学校学习戏剧。小乐说：“We learn about drama at school.”朋友听懂了，也想起自己遇到过的事。,,We learn about __________ at school.,drama,我们在学校学习戏剧。,context,2026-09-v2,本地预制课堂素材；原创短句与场景模板,[],想象你也在这个场景里。用 drama 说一句自己的话。
driving licence,PET,3,驾驶执照,n.,日常沟通,We talked about the driving licence today.,我们今天谈到了驾驶执照。,[],结合常用释义整体记忆。先听老师读，再用自己的生活场景解释。,0,,https://www.cambridgeenglish.org/images/506887-b1-preliminary-vocabulary-list.pdf,ˈdraiviŋ ˈlaisəns,https://github.com/skywind3000/ECDICT,offline-materials,driving licence,discussion,driving licence · 单词里的小故事,小乐和朋友聊起今天的一件事。我们今天谈到了驾驶执照。小乐说：“We talked about the driving licence today.”朋友听懂了，也想起自己遇到过的事。,,We talked about the __________ today.,driving licence,我们今天谈到了驾驶执照。,context,2026-09-v2,本地预制课堂素材；原创短句与场景模板,[],想象你也在这个场景里。用 driving licence 说一句自己的话。
due,PET,1,到期的；应得的；应付的,adj.,日常沟通,The bus is due at ten.,公交车预计十点到。,[],结合常用释义整体记忆。先听老师读，再用自己的生活场景解释。,0,,https://www.cambridgeenglish.org/images/506887-b1-preliminary-vocabulary-list.pdf,dju:,https://github.com/skywind3000/ECDICT,offline-materials,due,authored,due · 单词里的小故事,小乐和朋友交换今天的小发现。公交车预计十点到。小乐说：“The bus is due at ten.”朋友听懂了，也想起自己遇到过的事。,,The bus is __________ at ten.,due,公交车预计十点到。,context,2026-09-v2,本地预制课堂素材；原创短句与场景模板,[],想象你也在这个场景里。用 due 说一句自己的话。
due to,PET,3,由于；应归于,prep phr.,日常沟通,The game stopped due to the rain.,比赛因为下雨停了。,[],结合常用释义整体记忆。先听老师读，再用自己的生活场景解释。,0,,https://www.cambridgeenglish.org/images/506887-b1-preliminary-vocabulary-list.pdf,,https://github.com/skywind3000/ECDICT,offline-materials,due to,authored,due to · 单词里的小故事,小乐和朋友交换今天的小发现。比赛因为下雨停了。小乐说：“The game stopped due to the rain.”朋友听懂了，也想起自己遇到过的事。,,The game stopped __________ the rain.,due to,比赛因为下雨停了。,context,2026-09-v2,本地预制课堂素材；原创短句与场景模板,[],想象你也在这个场景里。用 due to 说一句自己的话。
dull,PET,2,钝的；无趣的；呆滞的,adj.,日常沟通,It is dull today.,今天的天气是钝的。,[],结合常用释义整体记忆。先听老师读，再用自己的生活场景解释。,0,,https://www.cambridgeenglish.org/images/506887-b1-preliminary-vocabulary-list.pdf,dʌl,https://github.com/skywind3000/ECDICT,offline-materials,dull,weather-quality,dull · 单词里的小故事,出门前，小乐看了一眼窗外，把天气告诉家人。今天的天气是钝的。小乐说：“It is dull today.”朋友听懂了，也想起自己遇到过的事。,,It is __________ today.,dull,今天的天气是钝的。,context,2026-09-v2,本地预制课堂素材；原创短句与场景模板,[],想象你也在这个场景里。用 dull 说一句自己的话。
dust,PET,2,灰尘；尘埃；粉末,n.,日常沟通,We talked about the dust today.,我们今天谈到了灰尘。,[],结合常用释义整体记忆。先听老师读，再用自己的生活场景解释。,0,,https://www.cambridgeenglish.org/images/506887-b1-preliminary-vocabulary-list.pdf,dʌst,https://github.com/skywind3000/ECDICT,offline-materials,dust,discussion,dust · 单词里的小故事,小乐和朋友聊起今天的一件事。我们今天谈到了灰尘。小乐说：“We talked about the dust today.”朋友听懂了，也想起自己遇到过的事。,,We talked about the __________ today.,dust,我们今天谈到了灰尘。,context,2026-09-v2,本地预制课堂素材；原创短句与场景模板,[],想象你也在这个场景里。用 dust 说一句自己的话。
dustbin,PET,3,垃圾箱,n.,日常沟通,We need the dustbin today.,我们今天需要垃圾箱。,[],结合常用释义整体记忆。先听老师读，再用自己的生活场景解释。,0,,https://www.cambridgeenglish.org/images/506887-b1-preliminary-vocabulary-list.pdf,'dʌstbin,https://github.com/skywind3000/ECDICT,offline-materials,dustbin,equipment,dustbin · 单词里的小故事,班级活动开始前，小乐负责核对需要的东西。我们今天需要垃圾箱。小乐说：“We need the dustbin today.”朋友听懂了，也想起自己遇到过的事。,,We need the __________ today.,dustbin,我们今天需要垃圾箱。,context,2026-09-v2,本地预制课堂素材；原创短句与场景模板,[],想象你也在这个场景里。用 dustbin 说一句自己的话。
dusty,PET,2,灰尘多的；无聊的；含糊的,adj.,日常沟通,This box is dusty.,这个盒子是灰尘多的。,[],结合常用释义整体记忆。先听老师读，再用自己的生活场景解释。,0,,https://www.cambridgeenglish.org/images/506887-b1-preliminary-vocabulary-list.pdf,'dʌsti,https://github.com/skywind3000/ECDICT,offline-materials,dusty,object-quality,dusty · 单词里的小故事,朋友闭上眼睛，让小乐描述面前的盒子。这个盒子是灰尘多的。小乐说：“This box is dusty.”朋友听懂了，也想起自己遇到过的事。,,This box is __________.,dusty,这个盒子是灰尘多的。,context,2026-09-v2,本地预制课堂素材；原创短句与场景模板,[],想象你也在这个场景里。用 dusty 说一句自己的话。
duty,PET,1,责任；关税；职务,n.,日常沟通,We talked about the duty today.,我们今天谈到了责任。,[],结合常用释义整体记忆。先听老师读，再用自己的生活场景解释。,0,,https://www.cambridgeenglish.org/images/506887-b1-preliminary-vocabulary-list.pdf,'dju:ti,https://github.com/skywind3000/ECDICT,offline-materials,duty,discussion,duty · 单词里的小故事,小乐和朋友聊起今天的一件事。我们今天谈到了责任。小乐说：“We talked about the duty today.”朋友听懂了，也想起自己遇到过的事。,,We talked about the __________ today.,duty,我们今天谈到了责任。,context,2026-09-v2,本地预制课堂素材；原创短句与场景模板,[],想象你也在这个场景里。用 duty 说一句自己的话。
duty-free,PET,3,免税的,adj; n.,日常沟通,This shop sells duty-free gifts.,这家店卖免税礼品。,[],结合常用释义整体记忆。先听老师读，再用自己的生活场景解释。,0,,https://www.cambridgeenglish.org/images/506887-b1-preliminary-vocabulary-list.pdf,,https://github.com/skywind3000/ECDICT,offline-materials,duty-free,authored,duty-free · 单词里的小故事,小乐和朋友交换今天的小发现。这家店卖免税礼品。小乐说：“This shop sells duty-free gifts.”朋友听懂了，也想起自己遇到过的事。,,This shop sells __________ gifts.,duty-free,这家店卖免税礼品。,context,2026-09-v2,本地预制课堂素材；原创短句与场景模板,[],想象你也在这个场景里。用 duty-free 说一句自己的话。
duvet,PET,3,羽绒被,n.,日常沟通,We need the duvet today.,我们今天需要羽绒被。,[],结合常用释义整体记忆。先听老师读，再用自己的生活场景解释。,0,,https://www.cambridgeenglish.org/images/506887-b1-preliminary-vocabulary-list.pdf,du:'vei,https://github.com/skywind3000/ECDICT,offline-materials,duvet,equipment,duvet · 单词里的小故事,班级活动开始前，小乐负责核对需要的东西。我们今天需要羽绒被。小乐说：“We need the duvet today.”朋友听懂了，也想起自己遇到过的事。,,We need the __________ today.,duvet,我们今天需要羽绒被。,context,2026-09-v2,本地预制课堂素材；原创短句与场景模板,[],想象你也在这个场景里。用 duvet 说一句自己的话。
earache,PET,3,耳朵痛,n.,日常沟通,We talked about the earache today.,我们今天谈到了耳朵痛。,"[{""text"": ""ear"", ""kind"": ""compound"", ""meaning"": ""耳朵""}, {""text"": ""ache"", ""kind"": ""compound"", ""meaning"": ""疼痛""}]",两个已有成分组合成一个词。结合它们的意思理解整体词义，但不要把这种现代拆分当作完整的历史词源。,0,,https://www.cambridgeenglish.org/images/506887-b1-preliminary-vocabulary-list.pdf,'iәreik,https://github.com/skywind3000/ECDICT,offline-materials,earache,discussion,earache · 单词里的小故事,小乐和朋友聊起今天的一件事。我们今天谈到了耳朵痛。小乐说：“We talked about the earache today.”朋友听懂了，也想起自己遇到过的事。,,We talked about the __________ today.,earache,我们今天谈到了耳朵痛。,context,2026-09-v2,本地预制课堂素材；原创短句与场景模板,[],想象你也在这个场景里。用 earache 说一句自己的话。
earth,PET,1,地球；泥土；世界,n.,日常沟通,We talked about the earth today.,我们今天谈到了地球。,[],结合常用释义整体记忆。先听老师读，再用自己的生活场景解释。,0,,https://www.cambridgeenglish.org/images/506887-b1-preliminary-vocabulary-list.pdf,ә:θ,https://github.com/skywind3000/ECDICT,offline-materials,earth,nature,earth · 单词里的小故事,小乐观察完身边的世界，回教室讲了一件事。我们今天谈到了地球。小乐说：“We talked about the earth today.”朋友听懂了，也想起自己遇到过的事。,,We talked about the __________ today.,earth,我们今天谈到了地球。,context,2026-09-v2,本地预制课堂素材；原创短句与场景模板,[],想象你也在这个场景里。用 earth 说一句自己的话。
eastern,PET,1,东方的；向东的；自东的,adj.,日常沟通,We live in the eastern part of town.,我们住在镇的东部。,[],结合常用释义整体记忆。先听老师读，再用自己的生活场景解释。,0,,https://www.cambridgeenglish.org/images/506887-b1-preliminary-vocabulary-list.pdf,'i:stәn,https://github.com/skywind3000/ECDICT,offline-materials,eastern,authored,eastern · 单词里的小故事,小乐和朋友交换今天的小发现。我们住在镇的东部。小乐说：“We live in the eastern part of town.”朋友听懂了，也想起自己遇到过的事。,,We live in the __________ part of town.,eastern,我们住在镇的东部。,context,2026-09-v2,本地预制课堂素材；原创短句与场景模板,[],想象你也在这个场景里。用 eastern 说一句自己的话。
easygoing,PET,3,脾气随和的；逍遥自在的；悠闲的,adj.,日常沟通,The person in the story is easygoing.,故事里的那个人是脾气随和的。,[],结合常用释义整体记忆。先听老师读，再用自己的生活场景解释。,0,,https://www.cambridgeenglish.org/images/506887-b1-preliminary-vocabulary-list.pdf,'i:zigәuiŋ,https://github.com/skywind3000/ECDICT,offline-materials,easygoing,person-quality,easygoing · 单词里的小故事,同学们在给故事人物选词卡，小乐找到了合适的一张。故事里的那个人是脾气随和的。小乐说：“The person in the story is easygoing.”朋友听懂了，也想起自己遇到过的事。,,The person in the story is __________.,easygoing,故事里的那个人是脾气随和的。,context,2026-09-v2,本地预制课堂素材；原创短句与场景模板,[],想象你也在这个场景里。用 easygoing 说一句自己的话。
economics,PET,2,经济学,n.,日常沟通,We learn about economics at school.,我们在学校学习经济学。,[],结合常用释义整体记忆。先听老师读，再用自己的生活场景解释。,0,,https://www.cambridgeenglish.org/images/506887-b1-preliminary-vocabulary-list.pdf,.i:kә'nɒmiks,https://github.com/skywind3000/ECDICT,offline-materials,economics,school,economics · 单词里的小故事,小乐把今天在学校学到的内容讲给家人听。我们在学校学习经济学。小乐说：“We learn about economics at school.”朋友听懂了，也想起自己遇到过的事。,,We learn about __________ at school.,economics,我们在学校学习经济学。,context,2026-09-v2,本地预制课堂素材；原创短句与场景模板,[],想象你也在这个场景里。用 economics 说一句自己的话。
edge,PET,1,边缘；尖锐；刀刃,n.,日常沟通,We talked about the edge today.,我们今天谈到了边缘。,[],结合常用释义整体记忆。先听老师读，再用自己的生活场景解释。,0,,https://www.cambridgeenglish.org/images/506887-b1-preliminary-vocabulary-list.pdf,edʒ,https://github.com/skywind3000/ECDICT,offline-materials,edge,discussion,edge · 单词里的小故事,小乐和朋友聊起今天的一件事。我们今天谈到了边缘。小乐说：“We talked about the edge today.”朋友听懂了，也想起自己遇到过的事。,,We talked about the __________ today.,edge,我们今天谈到了边缘。,context,2026-09-v2,本地预制课堂素材；原创短句与场景模板,[],想象你也在这个场景里。用 edge 说一句自己的话。
effect,PET,1,结果；影响；效果,n.,日常沟通,We talked about the effect today.,我们今天谈到了结果。,[],结合常用释义整体记忆。先听老师读，再用自己的生活场景解释。,0,,https://www.cambridgeenglish.org/images/506887-b1-preliminary-vocabulary-list.pdf,i'fekt,https://github.com/skywind3000/ECDICT,offline-materials,effect,discussion,effect · 单词里的小故事,小乐和朋友聊起今天的一件事。我们今天谈到了结果。小乐说：“We talked about the effect today.”朋友听懂了，也想起自己遇到过的事。,,We talked about the __________ today.,effect,我们今天谈到了结果。,context,2026-09-v2,本地预制课堂素材；原创短句与场景模板,[],想象你也在这个场景里。用 effect 说一句自己的话。
efficient,PET,2,有效率的；能干的,adj.,日常沟通,This machine is very efficient.,这台机器效率很高。,[],结合常用释义整体记忆。先听老师读，再用自己的生活场景解释。,0,,https://www.cambridgeenglish.org/images/506887-b1-preliminary-vocabulary-list.pdf,i'fiʃәnt,https://github.com/skywind3000/ECDICT,offline-materials,efficient,authored,efficient · 单词里的小故事,小乐和朋友交换今天的小发现。这台机器效率很高。小乐说：“This machine is very efficient.”朋友听懂了，也想起自己遇到过的事。,,This machine is very __________.,efficient,这台机器效率很高。,context,2026-09-v2,本地预制课堂素材；原创短句与场景模板,[],想象你也在这个场景里。用 efficient 说一句自己的话。
effort,PET,1,努力；成就,n.,日常沟通,We talked about the effort today.,我们今天谈到了努力。,[],结合常用释义整体记忆。先听老师读，再用自己的生活场景解释。,0,,https://www.cambridgeenglish.org/images/506887-b1-preliminary-vocabulary-list.pdf,'efәt,https://github.com/skywind3000/ECDICT,offline-materials,effort,discussion,effort · 单词里的小故事,小乐和朋友聊起今天的一件事。我们今天谈到了努力。小乐说：“We talked about the effort today.”朋友听懂了，也想起自己遇到过的事。,,We talked about the __________ today.,effort,我们今天谈到了努力。,context,2026-09-v2,本地预制课堂素材；原创短句与场景模板,[],想象你也在这个场景里。用 effort 说一句自己的话。
either,PET,1,(两者之中)任一的；(两者之中)各一的,"adv, det; pron.",日常沟通,You can take either book.,两本书中你可以拿任何一本。,[],结合常用释义整体记忆。先听老师读，再用自己的生活场景解释。,0,,https://www.cambridgeenglish.org/images/506887-b1-preliminary-vocabulary-list.pdf,'i:ðә,https://github.com/skywind3000/ECDICT,offline-materials,either,authored,either · 单词里的小故事,小乐和朋友交换今天的小发现。两本书中你可以拿任何一本。小乐说：“You can take either book.”朋友听懂了，也想起自己遇到过的事。,,You can take __________ book.,either,两本书中你可以拿任何一本。,context,2026-09-v2,本地预制课堂素材；原创短句与场景模板,[],想象你也在这个场景里。用 either 说一句自己的话。
elbow,PET,2,手肘；弯头；扶手,n.,日常沟通,We learn about the elbow at school.,我们在学校了解手肘。,[],结合常用释义整体记忆。先听老师读，再用自己的生活场景解释。,0,,https://www.cambridgeenglish.org/images/506887-b1-preliminary-vocabulary-list.pdf,'elbәu,https://github.com/skywind3000/ECDICT,offline-materials,elbow,body,elbow · 单词里的小故事,小乐在课堂上做一张认识自己的知识卡。我们在学校了解手肘。小乐说：“We learn about the elbow at school.”朋友听懂了，也想起自己遇到过的事。,,We learn about the __________ at school.,elbow,我们在学校了解手肘。,context,2026-09-v2,本地预制课堂素材；原创短句与场景模板,[],想象你也在这个场景里。用 elbow 说一句自己的话。
elder,PET,2,年长的；资深的,adj.,日常沟通,The person in the story is elder.,故事里的那个人是年长的。,[],结合常用释义整体记忆。先听老师读，再用自己的生活场景解释。,0,,https://www.cambridgeenglish.org/images/506887-b1-preliminary-vocabulary-list.pdf,'eldә,https://github.com/skywind3000/ECDICT,offline-materials,elder,person-quality,elder · 单词里的小故事,同学们在给故事人物选词卡，小乐找到了合适的一张。故事里的那个人是年长的。小乐说：“The person in the story is elder.”朋友听懂了，也想起自己遇到过的事。,,The person in the story is __________.,elder,故事里的那个人是年长的。,context,2026-09-v2,本地预制课堂素材；原创短句与场景模板,[],想象你也在这个场景里。用 elder 说一句自己的话。
elderly,PET,1,过了中年的；稍老的,adj.,日常沟通,The person in the story is elderly.,故事里的那个人是过了中年的。,[],结合常用释义整体记忆。先听老师读，再用自己的生活场景解释。,0,,https://www.cambridgeenglish.org/images/506887-b1-preliminary-vocabulary-list.pdf,'eldәli,https://github.com/skywind3000/ECDICT,offline-materials,elderly,person-quality,elderly · 单词里的小故事,同学们在给故事人物选词卡，小乐找到了合适的一张。故事里的那个人是过了中年的。小乐说：“The person in the story is elderly.”朋友听懂了，也想起自己遇到过的事。,,The person in the story is __________.,elderly,故事里的那个人是过了中年的。,context,2026-09-v2,本地预制课堂素材；原创短句与场景模板,[],想象你也在这个场景里。用 elderly 说一句自己的话。
election,PET,1,选举；当选；选择权,n.,日常沟通,We talked about the election today.,我们今天谈到了选举。,[],结合常用释义整体记忆。先听老师读，再用自己的生活场景解释。,0,,https://www.cambridgeenglish.org/images/506887-b1-preliminary-vocabulary-list.pdf,i'lekʃәn,https://github.com/skywind3000/ECDICT,offline-materials,election,discussion,election · 单词里的小故事,小乐和朋友聊起今天的一件事。我们今天谈到了选举。小乐说：“We talked about the election today.”朋友听懂了，也想起自己遇到过的事。,,We talked about the __________ today.,election,我们今天谈到了选举。,context,2026-09-v2,本地预制课堂素材；原创短句与场景模板,[],想象你也在这个场景里。用 election 说一句自己的话。
electrical,PET,2,电的；有关电的,adj.,日常沟通,Do not touch electrical wires.,不要触碰电线。,[],结合常用释义整体记忆。先听老师读，再用自己的生活场景解释。,0,,https://www.cambridgeenglish.org/images/506887-b1-preliminary-vocabulary-list.pdf,i'lektrikәl,https://github.com/skywind3000/ECDICT,offline-materials,electrical,authored,electrical · 单词里的小故事,小乐和朋友交换今天的小发现。不要触碰电线。小乐说：“Do not touch electrical wires.”朋友听懂了，也想起自己遇到过的事。,,Do not touch __________ wires.,electrical,不要触碰电线。,context,2026-09-v2,本地预制课堂素材；原创短句与场景模板,[],想象你也在这个场景里。用 electrical 说一句自己的话。
electronic,PET,2,电子的,adj.,日常沟通,This is an electronic game.,这是一个电子游戏。,[],结合常用释义整体记忆。先听老师读，再用自己的生活场景解释。,0,,https://www.cambridgeenglish.org/images/506887-b1-preliminary-vocabulary-list.pdf,.ilek'trɒnik,https://github.com/skywind3000/ECDICT,offline-materials,electronic,authored,electronic · 单词里的小故事,小乐和朋友交换今天的小发现。这是一个电子游戏。小乐说：“This is an electronic game.”朋友听懂了，也想起自己遇到过的事。,,This is an __________ game.,electronic,这是一个电子游戏。,context,2026-09-v2,本地预制课堂素材；原创短句与场景模板,[],想象你也在这个场景里。用 electronic 说一句自己的话。
elementary,PET,3,初步的；基本的,adj.,日常沟通,We are learning elementary English.,我们正在学习初级英语。,[],结合常用释义整体记忆。先听老师读，再用自己的生活场景解释。,0,,https://www.cambridgeenglish.org/images/506887-b1-preliminary-vocabulary-list.pdf,.eli'mentәri,https://github.com/skywind3000/ECDICT,offline-materials,elementary,authored,elementary · 单词里的小故事,小乐和朋友交换今天的小发现。我们正在学习初级英语。小乐说：“We are learning elementary English.”朋友听懂了，也想起自己遇到过的事。,,We are learning __________ English.,elementary,我们正在学习初级英语。,context,2026-09-v2,本地预制课堂素材；原创短句与场景模板,[],想象你也在这个场景里。用 elementary 说一句自己的话。
embarrassed,PET,2,尴尬的；窘迫的,adj.,日常沟通,I feel embarrassed today.,我今天感到尴尬的。,[],结合常用释义整体记忆。先听老师读，再用自己的生活场景解释。,0,,https://www.cambridgeenglish.org/images/506887-b1-preliminary-vocabulary-list.pdf,im'bærәst,https://github.com/skywind3000/ECDICT,offline-materials,embarrassed,feeling,embarrassed · 单词里的小故事,老师请大家用一个词说说今天的感受，小乐先举了手。我今天感到尴尬的。小乐说：“I feel embarrassed today.”朋友听懂了，也想起自己遇到过的事。,,I feel __________ today.,embarrassed,我今天感到尴尬的。,context,2026-09-v2,本地预制课堂素材；原创短句与场景模板,[],想象你也在这个场景里。用 embarrassed 说一句自己的话。
embarrassing,PET,2,令人为难的；麻烦的,adj.,日常沟通,It was an embarrassing mistake.,那是一个令人尴尬的错误。,[],结合常用释义整体记忆。先听老师读，再用自己的生活场景解释。,0,,https://www.cambridgeenglish.org/images/506887-b1-preliminary-vocabulary-list.pdf,im'bærәsiŋ,https://github.com/skywind3000/ECDICT,offline-materials,embarrassing,authored,embarrassing · 单词里的小故事,小乐和朋友交换今天的小发现。那是一个令人尴尬的错误。小乐说：“It was an embarrassing mistake.”朋友听懂了，也想起自己遇到过的事。,,It was an __________ mistake.,embarrassing,那是一个令人尴尬的错误。,context,2026-09-v2,本地预制课堂素材；原创短句与场景模板,[],想象你也在这个场景里。用 embarrassing 说一句自己的话。
emergency,PET,2,紧急状况；紧急事件；紧急需要,n.,日常沟通,We talked about the emergency today.,我们今天谈到了紧急状况。,[],结合常用释义整体记忆。先听老师读，再用自己的生活场景解释。,0,,https://www.cambridgeenglish.org/images/506887-b1-preliminary-vocabulary-list.pdf,i'mә:dʒәnsi,https://github.com/skywind3000/ECDICT,offline-materials,emergency,discussion,emergency · 单词里的小故事,小乐和朋友聊起今天的一件事。我们今天谈到了紧急状况。小乐说：“We talked about the emergency today.”朋友听懂了，也想起自己遇到过的事。,,We talked about the __________ today.,emergency,我们今天谈到了紧急状况。,context,2026-09-v2,本地预制课堂素材；原创短句与场景模板,[],想象你也在这个场景里。用 emergency 说一句自己的话。
employ,PET,1,雇用；使用；使从事于,v.,日常沟通,They employ ten people in the shop.,他们在店里雇了十个人。,"[{""text"": ""employ"", ""kind"": ""root"", ""meaning"": ""雇用""}]",这个词本身可以作为词基，与相关派生词联系起来理解。,0,,https://www.cambridgeenglish.org/images/506887-b1-preliminary-vocabulary-list.pdf,im'plɒi,https://github.com/skywind3000/ECDICT,offline-materials,employ,authored,employ · 单词里的小故事,小乐和朋友交换今天的小发现。他们在店里雇了十个人。小乐说：“They employ ten people in the shop.”朋友听懂了，也想起自己遇到过的事。,,They __________ ten people in the shop.,employ,他们在店里雇了十个人。,context,2026-09-v2,本地预制课堂素材；原创短句与场景模板,[],想象你也在这个场景里。用 employ 说一句自己的话。
employer,PET,1,雇主；老板,n.,日常沟通,This story is about an employer.,这个故事讲的是一位雇主。,"[{""text"": ""employ"", ""kind"": ""root"", ""meaning"": ""雇用""}, {""text"": ""-er"", ""kind"": ""suffix"", ""meaning"": ""做某事的人或物"", ""story"": ""表示做事者的 -er 有古英语 -ere 等历史来源。它常把动作变成做这个动作的人或工具。先找到动作，再问“谁来做”，就能串起一组词。比较级里的 -er 是另一种用法。"", ""source"": ""https://www.merriam-webster.com/dictionary/-er""}]",先理解词基，再看词缀如何改变含义或词性。,0,,https://www.cambridgeenglish.org/images/506887-b1-preliminary-vocabulary-list.pdf,im'plɒiә,https://github.com/skywind3000/ECDICT,offline-materials,employer,person,employer · 单词里的小故事,读书会轮到小乐介绍故事里的一个人物。这个故事讲的是一位雇主。小乐说：“This story is about an employer.”朋友听懂了，也想起自己遇到过的事。,,This story is about an __________.,employer,这个故事讲的是一位雇主。,context,2026-09-v2,本地预制课堂素材；原创短句与场景模板,[],想象你也在这个场景里。用 employer 说一句自己的话。
encourage,PET,1,鼓励；支持；激励,v.,日常沟通,We encourage her to try again.,我们鼓励她再试一次。,"[{""text"": ""encourage"", ""kind"": ""root"", ""meaning"": ""鼓励""}]",这个词本身可以作为词基，与相关派生词联系起来理解。,0,,https://www.cambridgeenglish.org/images/506887-b1-preliminary-vocabulary-list.pdf,in'kʌridʒ,https://github.com/skywind3000/ECDICT,offline-materials,encourage,authored,encourage · 单词里的小故事,小乐和朋友交换今天的小发现。我们鼓励她再试一次。小乐说：“We encourage her to try again.”朋友听懂了，也想起自己遇到过的事。,,We __________ her to try again.,encourage,我们鼓励她再试一次。,context,2026-09-v2,本地预制课堂素材；原创短句与场景模板,[],想象你也在这个场景里。用 encourage 说一句自己的话。
end up,PET,3,竖着；结束；死,phr v.,日常沟通,We may end up staying at home.,我们最后可能会待在家里。,[],结合常用释义整体记忆。先听老师读，再用自己的生活场景解释。,0,,https://www.cambridgeenglish.org/images/506887-b1-preliminary-vocabulary-list.pdf,,https://github.com/skywind3000/ECDICT,offline-materials,end up,authored,end up · 单词里的小故事,小乐和朋友交换今天的小发现。我们最后可能会待在家里。小乐说：“We may end up staying at home.”朋友听懂了，也想起自己遇到过的事。,,We may __________ staying at home.,end up,我们最后可能会待在家里。,context,2026-09-v2,本地预制课堂素材；原创短句与场景模板,[],想象你也在这个场景里。用 end up 说一句自己的话。
ending,PET,2,终止；终了；收场,n.,日常沟通,We talked about the ending today.,我们今天谈到了终止。,[],结合常用释义整体记忆。先听老师读，再用自己的生活场景解释。,0,,https://www.cambridgeenglish.org/images/506887-b1-preliminary-vocabulary-list.pdf,'endiŋ,https://github.com/skywind3000/ECDICT,offline-materials,ending,discussion,ending · 单词里的小故事,小乐和朋友聊起今天的一件事。我们今天谈到了终止。小乐说：“We talked about the ending today.”朋友听懂了，也想起自己遇到过的事。,,We talked about the __________ today.,ending,我们今天谈到了终止。,context,2026-09-v2,本地预制课堂素材；原创短句与场景模板,[],想象你也在这个场景里。用 ending 说一句自己的话。
enemy,PET,1,敌人；仇敌；敌军,n.,日常沟通,This story is about an enemy.,这个故事讲的是一位敌人。,[],结合常用释义整体记忆。先听老师读，再用自己的生活场景解释。,0,,https://www.cambridgeenglish.org/images/506887-b1-preliminary-vocabulary-list.pdf,'enimi,https://github.com/skywind3000/ECDICT,offline-materials,enemy,person,enemy · 单词里的小故事,读书会轮到小乐介绍故事里的一个人物。这个故事讲的是一位敌人。小乐说：“This story is about an enemy.”朋友听懂了，也想起自己遇到过的事。,,This story is about an __________.,enemy,这个故事讲的是一位敌人。,context,2026-09-v2,本地预制课堂素材；原创短句与场景模板,[],想象你也在这个场景里。用 enemy 说一句自己的话。
energy,PET,1,精力；精神；活力,n.,日常沟通,We talked about the energy today.,我们今天谈到了精力。,[],结合常用释义整体记忆。先听老师读，再用自己的生活场景解释。,0,,https://www.cambridgeenglish.org/images/506887-b1-preliminary-vocabulary-list.pdf,'enәdʒi,https://github.com/skywind3000/ECDICT,offline-materials,energy,nature,energy · 单词里的小故事,小乐观察完身边的世界，回教室讲了一件事。我们今天谈到了精力。小乐说：“We talked about the energy today.”朋友听懂了，也想起自己遇到过的事。,,We talked about the __________ today.,energy,我们今天谈到了精力。,context,2026-09-v2,本地预制课堂素材；原创短句与场景模板,[],想象你也在这个场景里。用 energy 说一句自己的话。
engaged,PET,3,忙碌的；使用中的,adj.,日常沟通,The phone line is engaged.,电话占线了。,[],结合常用释义整体记忆。先听老师读，再用自己的生活场景解释。,0,,https://www.cambridgeenglish.org/images/506887-b1-preliminary-vocabulary-list.pdf,in'geidʒd,https://github.com/skywind3000/ECDICT,offline-materials,engaged,authored,engaged · 单词里的小故事,小乐和朋友交换今天的小发现。电话占线了。小乐说：“The phone line is engaged.”朋友听懂了，也想起自己遇到过的事。,,The phone line is __________.,engaged,电话占线了。,context,2026-09-v2,本地预制课堂素材；原创短句与场景模板,[],想象你也在这个场景里。用 engaged 说一句自己的话。
engineering,PET,1,工程学；工程；操纵,n.,日常沟通,We learn about engineering at school.,我们在学校学习工程学。,[],结合常用释义整体记忆。先听老师读，再用自己的生活场景解释。,0,,https://www.cambridgeenglish.org/images/506887-b1-preliminary-vocabulary-list.pdf,.endʒi'niәriŋ,https://github.com/skywind3000/ECDICT,offline-materials,engineering,school,engineering · 单词里的小故事,小乐把今天在学校学到的内容讲给家人听。我们在学校学习工程学。小乐说：“We learn about engineering at school.”朋友听懂了，也想起自己遇到过的事。,,We learn about __________ at school.,engineering,我们在学校学习工程学。,context,2026-09-v2,本地预制课堂素材；原创短句与场景模板,[],想象你也在这个场景里。用 engineering 说一句自己的话。
enjoyable,PET,2,令人愉快的,adj.,日常沟通,We had an enjoyable afternoon.,我们度过了愉快的下午。,"[{""text"": ""enjoy"", ""kind"": ""root"", ""meaning"": ""享受""}, {""text"": ""-able"", ""kind"": ""suffix"", ""meaning"": ""可以……的；适合……的"", ""story"": ""-able 经由法语进入英语，更早来自拉丁语的后缀形式。它常告诉我们“可以被这样做”或“适合这样做”。先认出动作，再想一想，这个东西能不能接受这个动作。"", ""source"": ""https://www.merriam-webster.com/dictionary/able""}]",先理解词基，再看词缀如何改变含义或词性。,0,,https://www.cambridgeenglish.org/images/506887-b1-preliminary-vocabulary-list.pdf,in'dʒɒiәbl,原创课堂释义与例句,offline-materials,enjoyable,authored,enjoyable · 单词里的小故事,小乐和朋友交换今天的小发现。我们度过了愉快的下午。小乐说：“We had an enjoyable afternoon.”朋友听懂了，也想起自己遇到过的事。,,We had an __________ afternoon.,enjoyable,我们度过了愉快的下午。,context,2026-09-v2,本地预制课堂素材；原创短句与场景模板,"[{""en"": ""It was an enjoyable day with my friends."", ""zh"": ""和朋友在一起的一天很愉快。""}]",想象你也在这个场景里。用 enjoyable 说一句自己的话。
enormous,PET,2,巨大的；庞大的,adj.,日常沟通,This box is enormous.,这个盒子是巨大的。,[],结合常用释义整体记忆。先听老师读，再用自己的生活场景解释。,0,,https://www.cambridgeenglish.org/images/506887-b1-preliminary-vocabulary-list.pdf,i'nɒ:mәs,https://github.com/skywind3000/ECDICT,offline-materials,enormous,object-quality,enormous · 单词里的小故事,朋友闭上眼睛，让小乐描述面前的盒子。这个盒子是巨大的。小乐说：“This box is enormous.”朋友听懂了，也想起自己遇到过的事。,,This box is __________.,enormous,这个盒子是巨大的。,context,2026-09-v2,本地预制课堂素材；原创短句与场景模板,[],想象你也在这个场景里。用 enormous 说一句自己的话。
enquire,PET,2,询问,v.,日常沟通,I want to enquire about the price.,我想询问价格。,[],结合常用释义整体记忆。先听老师读，再用自己的生活场景解释。,0,,https://www.cambridgeenglish.org/images/506887-b1-preliminary-vocabulary-list.pdf,in'kwaiә,https://github.com/skywind3000/ECDICT,offline-materials,enquire,authored,enquire · 单词里的小故事,小乐和朋友交换今天的小发现。我想询问价格。小乐说：“I want to enquire about the price.”朋友听懂了，也想起自己遇到过的事。,,I want to __________ about the price.,enquire,我想询问价格。,context,2026-09-v2,本地预制课堂素材；原创短句与场景模板,[],想象你也在这个场景里。用 enquire 说一句自己的话。
enquiry,PET,2,询问,n.,日常沟通,We talked about the enquiry today.,我们今天谈到了询问。,[],结合常用释义整体记忆。先听老师读，再用自己的生活场景解释。,0,,https://www.cambridgeenglish.org/images/506887-b1-preliminary-vocabulary-list.pdf,in'kwaiәri,常用义教学修订；原词典见 ECDICT-LICENSE.txt,offline-materials,enquiry,discussion,enquiry · 单词里的小故事,小乐和朋友聊起今天的一件事。我们今天谈到了询问。小乐说：“We talked about the enquiry today.”朋友听懂了，也想起自己遇到过的事。,,We talked about the __________ today.,enquiry,我们今天谈到了询问。,context,2026-09-v2,本地预制课堂素材；原创短句与场景模板,[],想象你也在这个场景里。用 enquiry 说一句自己的话。
entertain,PET,2,娱乐；招待；怀抱,v.,日常沟通,The children entertain us with a song.,孩子们唱歌让我们开心。,"[{""text"": ""entertain"", ""kind"": ""root"", ""meaning"": ""娱乐""}]",这个词本身可以作为词基，与相关派生词联系起来理解。,0,,https://www.cambridgeenglish.org/images/506887-b1-preliminary-vocabulary-list.pdf,.entә'tein,https://github.com/skywind3000/ECDICT,offline-materials,entertain,authored,entertain · 单词里的小故事,小乐和朋友交换今天的小发现。孩子们唱歌让我们开心。小乐说：“The children entertain us with a song.”朋友听懂了，也想起自己遇到过的事。,,The children __________ us with a song.,entertain,孩子们唱歌让我们开心。,context,2026-09-v2,本地预制课堂素材；原创短句与场景模板,[],想象你也在这个场景里。用 entertain 说一句自己的话。
entertainment,PET,2,娱乐,n.,日常沟通,The hotel offers evening entertainment.,这家酒店提供晚间娱乐活动。,"[{""text"": ""entertain"", ""kind"": ""root"", ""meaning"": ""娱乐""}, {""text"": ""-ment"", ""kind"": ""suffix"", ""meaning"": ""行为、结果或状态（构成名词）"", ""story"": ""-ment 经由法语进入英语，更早来自拉丁语 -mentum。它常给动作、结果或状态取名字。想象一个动作发生了，我们还想谈论这件事本身，这时就可能遇见它。"", ""source"": ""https://www.merriam-webster.com/dictionary/-ment""}]",先理解词基，再看词缀如何改变含义或词性。,0,,https://www.cambridgeenglish.org/images/506887-b1-preliminary-vocabulary-list.pdf,.entә'teinmәnt,原创课堂释义与例句,offline-materials,entertainment,authored,entertainment · 单词里的小故事,小乐和朋友交换今天的小发现。这家酒店提供晚间娱乐活动。小乐说：“The hotel offers evening entertainment.”朋友听懂了，也想起自己遇到过的事。,,The hotel offers evening __________.,entertainment,这家酒店提供晚间娱乐活动。,context,2026-09-v2,本地预制课堂素材；原创短句与场景模板,[],想象你也在这个场景里。用 entertainment 说一句自己的话。
entry,PET,1,进入；参赛作品,n.,日常沟通,We talked about the entry today.,我们今天谈到了进入。,[],结合常用释义整体记忆。先听老师读，再用自己的生活场景解释。,0,,https://www.cambridgeenglish.org/images/506887-b1-preliminary-vocabulary-list.pdf,'entri,常用义教学修订；原词典见 ECDICT-LICENSE.txt,offline-materials,entry,discussion,entry · 单词里的小故事,小乐和朋友聊起今天的一件事。我们今天谈到了进入。小乐说：“We talked about the entry today.”朋友听懂了，也想起自己遇到过的事。,,We talked about the __________ today.,entry,我们今天谈到了进入。,context,2026-09-v2,本地预制课堂素材；原创短句与场景模板,[],想象你也在这个场景里。用 entry 说一句自己的话。
episode,PET,2,插曲；插话；有趣的事件,n.,日常沟通,We talked about the episode today.,我们今天谈到了插曲。,[],结合常用释义整体记忆。先听老师读，再用自己的生活场景解释。,0,,https://www.cambridgeenglish.org/images/506887-b1-preliminary-vocabulary-list.pdf,'episәud,https://github.com/skywind3000/ECDICT,offline-materials,episode,discussion,episode · 单词里的小故事,小乐和朋友聊起今天的一件事。我们今天谈到了插曲。小乐说：“We talked about the episode today.”朋友听懂了，也想起自己遇到过的事。,,We talked about the __________ today.,episode,我们今天谈到了插曲。,context,2026-09-v2,本地预制课堂素材；原创短句与场景模板,[],想象你也在这个场景里。用 episode 说一句自己的话。
equal,PET,1,相等的；平等的；胜任的,adj.,日常沟通,The two pieces are equal in size.,这两块大小相同。,[],结合常用释义整体记忆。先听老师读，再用自己的生活场景解释。,0,,https://www.cambridgeenglish.org/images/506887-b1-preliminary-vocabulary-list.pdf,'i:kwәl,https://github.com/skywind3000/ECDICT,offline-materials,equal,authored,equal · 单词里的小故事,小乐和朋友交换今天的小发现。这两块大小相同。小乐说：“The two pieces are equal in size.”朋友听懂了，也想起自己遇到过的事。,,The two pieces are __________ in size.,equal,这两块大小相同。,context,2026-09-v2,本地预制课堂素材；原创短句与场景模板,[],想象你也在这个场景里。用 equal 说一句自己的话。
escape,PET,1,逃脱；避开；溜走,v.,日常沟通,The cat can escape through the window.,这只猫能从窗户逃出去。,[],结合常用释义整体记忆。先听老师读，再用自己的生活场景解释。,0,,https://www.cambridgeenglish.org/images/506887-b1-preliminary-vocabulary-list.pdf,i'skeip,https://github.com/skywind3000/ECDICT,offline-materials,escape,authored,escape · 单词里的小故事,小乐和朋友交换今天的小发现。这只猫能从窗户逃出去。小乐说：“The cat can escape through the window.”朋友听懂了，也想起自己遇到过的事。,,The cat can __________ through the window.,escape,这只猫能从窗户逃出去。,context,2026-09-v2,本地预制课堂素材；原创短句与场景模板,[],想象你也在这个场景里。用 escape 说一句自己的话。
essay,PET,2,随笔；短文；评论,n.,日常沟通,We talked about the essay today.,我们今天谈到了随笔。,[],结合常用释义整体记忆。先听老师读，再用自己的生活场景解释。,0,,https://www.cambridgeenglish.org/images/506887-b1-preliminary-vocabulary-list.pdf,'esei. e'sei,https://github.com/skywind3000/ECDICT,offline-materials,essay,discussion,essay · 单词里的小故事,小乐和朋友聊起今天的一件事。我们今天谈到了随笔。小乐说：“We talked about the essay today.”朋友听懂了，也想起自己遇到过的事。,,We talked about the __________ today.,essay,我们今天谈到了随笔。,context,2026-09-v2,本地预制课堂素材；原创短句与场景模板,[],想象你也在这个场景里。用 essay 说一句自己的话。
essential,PET,1,必要的；重要的；本质的,adj.,日常沟通,Water is essential for life.,水是生命必需的。,[],结合常用释义整体记忆。先听老师读，再用自己的生活场景解释。,0,,https://www.cambridgeenglish.org/images/506887-b1-preliminary-vocabulary-list.pdf,i'senʃәl,https://github.com/skywind3000/ECDICT,offline-materials,essential,authored,essential · 单词里的小故事,小乐和朋友交换今天的小发现。水是生命必需的。小乐说：“Water is essential for life.”朋友听懂了，也想起自己遇到过的事。,,Water is __________ for life.,essential,水是生命必需的。,context,2026-09-v2,本地预制课堂素材；原创短句与场景模板,[],想象你也在这个场景里。用 essential 说一句自己的话。
exact,PET,2,精确的；准确的；精密的,adj.,日常沟通,Please tell me the exact time.,请告诉我确切时间。,"[{""text"": ""exact"", ""kind"": ""root"", ""meaning"": ""准确的""}]",这个词本身可以作为词基，与相关派生词联系起来理解。,0,,https://www.cambridgeenglish.org/images/506887-b1-preliminary-vocabulary-list.pdf,ig'zækt,https://github.com/skywind3000/ECDICT,offline-materials,exact,authored,exact · 单词里的小故事,小乐和朋友交换今天的小发现。请告诉我确切时间。小乐说：“Please tell me the exact time.”朋友听懂了，也想起自己遇到过的事。,,Please tell me the __________ time.,exact,请告诉我确切时间。,context,2026-09-v2,本地预制课堂素材；原创短句与场景模板,[],想象你也在这个场景里。用 exact 说一句自己的话。
examiner,PET,3,检查人；审查人；主考者,n.,日常沟通,This story is about an examiner.,这个故事讲的是一位检查人。,[],结合常用释义整体记忆。先听老师读，再用自己的生活场景解释。,0,,https://www.cambridgeenglish.org/images/506887-b1-preliminary-vocabulary-list.pdf,ig'zæminә,https://github.com/skywind3000/ECDICT,offline-materials,examiner,person,examiner · 单词里的小故事,读书会轮到小乐介绍故事里的一个人物。这个故事讲的是一位检查人。小乐说：“This story is about an examiner.”朋友听懂了，也想起自己遇到过的事。,,This story is about an __________.,examiner,这个故事讲的是一位检查人。,context,2026-09-v2,本地预制课堂素材；原创短句与场景模板,[],想象你也在这个场景里。用 examiner 说一句自己的话。
exchange,PET,1,交换；交易；兑换,v.,日常沟通,Let's exchange phone numbers.,我们交换电话号码吧。,[],结合常用释义整体记忆。先听老师读，再用自己的生活场景解释。,0,,https://www.cambridgeenglish.org/images/506887-b1-preliminary-vocabulary-list.pdf,iks'tʃeindʒ,https://github.com/skywind3000/ECDICT,offline-materials,exchange,authored,exchange · 单词里的小故事,小乐和朋友交换今天的小发现。我们交换电话号码吧。小乐说：“Let's exchange phone numbers.”朋友听懂了，也想起自己遇到过的事。,,Let's __________ phone numbers.,exchange,我们交换电话号码吧。,context,2026-09-v2,本地预制课堂素材；原创短句与场景模板,[],想象你也在这个场景里。用 exchange 说一句自己的话。
exchange rate,PET,3,汇率；兑换率,n.,日常沟通,We talked about the exchange rate today.,我们今天谈到了汇率。,[],结合常用释义整体记忆。先听老师读，再用自己的生活场景解释。,0,,https://www.cambridgeenglish.org/images/506887-b1-preliminary-vocabulary-list.pdf,iksˈtʃeindʒ reit,https://github.com/skywind3000/ECDICT,offline-materials,exchange rate,discussion,exchange rate · 单词里的小故事,小乐和朋友聊起今天的一件事。我们今天谈到了汇率。小乐说：“We talked about the exchange rate today.”朋友听懂了，也想起自己遇到过的事。,,We talked about the __________ today.,exchange rate,我们今天谈到了汇率。,context,2026-09-v2,本地预制课堂素材；原创短句与场景模板,[],想象你也在这个场景里。用 exchange rate 说一句自己的话。
excitement,PET,2,刺激；兴奋,n.,日常沟通,We talked about the excitement today.,我们今天谈到了刺激。,"[{""text"": ""excite"", ""kind"": ""root"", ""meaning"": ""使兴奋""}, {""text"": ""-ment"", ""kind"": ""suffix"", ""meaning"": ""行为、结果或状态（构成名词）"", ""story"": ""-ment 经由法语进入英语，更早来自拉丁语 -mentum。它常给动作、结果或状态取名字。想象一个动作发生了，我们还想谈论这件事本身，这时就可能遇见它。"", ""source"": ""https://www.merriam-webster.com/dictionary/-ment""}]",先理解词基，再看词缀如何改变含义或词性。,0,,https://www.cambridgeenglish.org/images/506887-b1-preliminary-vocabulary-list.pdf,ik'saitmәnt,https://github.com/skywind3000/ECDICT,offline-materials,excitement,discussion,excitement · 单词里的小故事,小乐和朋友聊起今天的一件事。我们今天谈到了刺激。小乐说：“We talked about the excitement today.”朋友听懂了，也想起自己遇到过的事。,,We talked about the __________ today.,excitement,我们今天谈到了刺激。,context,2026-09-v2,本地预制课堂素材；原创短句与场景模板,"[{""en"": ""There is great excitement before the school show."", ""zh"": ""学校演出前，大家都十分兴奋。""}]",想象你也在这个场景里。用 excitement 说一句自己的话。
exhausted,PET,3,耗尽的；疲惫的,adj.,日常沟通,I feel exhausted today.,我今天感到耗尽的。,[],结合常用释义整体记忆。先听老师读，再用自己的生活场景解释。,0,,https://www.cambridgeenglish.org/images/506887-b1-preliminary-vocabulary-list.pdf,iɡ'zɔ:stid,https://github.com/skywind3000/ECDICT,offline-materials,exhausted,feeling,exhausted · 单词里的小故事,老师请大家用一个词说说今天的感受，小乐先举了手。我今天感到耗尽的。小乐说：“I feel exhausted today.”朋友听懂了，也想起自己遇到过的事。,,I feel __________ today.,exhausted,我今天感到耗尽的。,context,2026-09-v2,本地预制课堂素材；原创短句与场景模板,[],想象你也在这个场景里。用 exhausted 说一句自己的话。
exist,PET,1,存在；生存；发生,v.,日常沟通,Do these animals still exist?,这些动物还存在吗？,[],结合常用释义整体记忆。先听老师读，再用自己的生活场景解释。,0,,https://www.cambridgeenglish.org/images/506887-b1-preliminary-vocabulary-list.pdf,ig'zist,https://github.com/skywind3000/ECDICT,offline-materials,exist,authored,exist · 单词里的小故事,小乐和朋友交换今天的小发现。这些动物还存在吗？小乐说：“Do these animals still exist?”朋友听懂了，也想起自己遇到过的事。,,Do these animals still __________?,exist,这些动物还存在吗？,context,2026-09-v2,本地预制课堂素材；原创短句与场景模板,[],想象你也在这个场景里。用 exist 说一句自己的话。
expect,PET,1,预期；盼望；期待,v.,日常沟通,We expect her to arrive at nine.,我们预计她九点到达。,[],结合常用释义整体记忆。先听老师读，再用自己的生活场景解释。,0,,https://www.cambridgeenglish.org/images/506887-b1-preliminary-vocabulary-list.pdf,iks'pekt,https://github.com/skywind3000/ECDICT,offline-materials,expect,authored,expect · 单词里的小故事,小乐和朋友交换今天的小发现。我们预计她九点到达。小乐说：“We expect her to arrive at nine.”朋友听懂了，也想起自己遇到过的事。,,We __________ her to arrive at nine.,expect,我们预计她九点到达。,context,2026-09-v2,本地预制课堂素材；原创短句与场景模板,[],想象你也在这个场景里。用 expect 说一句自己的话。
expedition,PET,2,远征；探险队；迅速,n.,日常沟通,We talked about the expedition today.,我们今天谈到了远征。,[],结合常用释义整体记忆。先听老师读，再用自己的生活场景解释。,0,,https://www.cambridgeenglish.org/images/506887-b1-preliminary-vocabulary-list.pdf,.ekspi'diʃәn,https://github.com/skywind3000/ECDICT,offline-materials,expedition,discussion,expedition · 单词里的小故事,小乐和朋友聊起今天的一件事。我们今天谈到了远征。小乐说：“We talked about the expedition today.”朋友听懂了，也想起自己遇到过的事。,,We talked about the __________ today.,expedition,我们今天谈到了远征。,context,2026-09-v2,本地预制课堂素材；原创短句与场景模板,[],想象你也在这个场景里。用 expedition 说一句自己的话。
experienced,PET,2,有经验的；熟练的,adj.,日常沟通,The person in the story is experienced.,故事里的那个人是有经验的。,[],结合常用释义整体记忆。先听老师读，再用自己的生活场景解释。,0,,https://www.cambridgeenglish.org/images/506887-b1-preliminary-vocabulary-list.pdf,ik'spiәriәnst,常用义教学修订；原词典见 ECDICT-LICENSE.txt,offline-materials,experienced,person-quality,experienced · 单词里的小故事,同学们在给故事人物选词卡，小乐找到了合适的一张。故事里的那个人是有经验的。小乐说：“The person in the story is experienced.”朋友听懂了，也想起自己遇到过的事。,,The person in the story is __________.,experienced,故事里的那个人是有经验的。,context,2026-09-v2,本地预制课堂素材；原创短句与场景模板,[],想象你也在这个场景里。用 experienced 说一句自己的话。
expert,PET,1,专家；行家,n.,日常沟通,This story is about an expert.,这个故事讲的是一位专家。,[],结合常用释义整体记忆。先听老师读，再用自己的生活场景解释。,0,,https://www.cambridgeenglish.org/images/506887-b1-preliminary-vocabulary-list.pdf,'ekspә:t,https://github.com/skywind3000/ECDICT,offline-materials,expert,person,expert · 单词里的小故事,读书会轮到小乐介绍故事里的一个人物。这个故事讲的是一位专家。小乐说：“This story is about an expert.”朋友听懂了，也想起自己遇到过的事。,,This story is about an __________.,expert,这个故事讲的是一位专家。,context,2026-09-v2,本地预制课堂素材；原创短句与场景模板,[],想象你也在这个场景里。用 expert 说一句自己的话。
explanation,PET,1,解释；说明；辩解,n.,日常沟通,We talked about the explanation today.,我们今天谈到了解释。,[],结合常用释义整体记忆。先听老师读，再用自己的生活场景解释。,0,,https://www.cambridgeenglish.org/images/506887-b1-preliminary-vocabulary-list.pdf,.eksplә'neiʃәn,https://github.com/skywind3000/ECDICT,offline-materials,explanation,discussion,explanation · 单词里的小故事,小乐和朋友聊起今天的一件事。我们今天谈到了解释。小乐说：“We talked about the explanation today.”朋友听懂了，也想起自己遇到过的事。,,We talked about the __________ today.,explanation,我们今天谈到了解释。,context,2026-09-v2,本地预制课堂素材；原创短句与场景模板,[],想象你也在这个场景里。用 explanation 说一句自己的话。
explode,PET,2,爆炸；爆发；激增,v.,日常沟通,The balloon may explode in the heat.,气球受热可能会爆裂。,[],结合常用释义整体记忆。先听老师读，再用自己的生活场景解释。,0,,https://www.cambridgeenglish.org/images/506887-b1-preliminary-vocabulary-list.pdf,ik'splәud,https://github.com/skywind3000/ECDICT,offline-materials,explode,authored,explode · 单词里的小故事,小乐和朋友交换今天的小发现。气球受热可能会爆裂。小乐说：“The balloon may explode in the heat.”朋友听懂了，也想起自己遇到过的事。,,The balloon may __________ in the heat.,explode,气球受热可能会爆裂。,context,2026-09-v2,本地预制课堂素材；原创短句与场景模板,[],想象你也在这个场景里。用 explode 说一句自己的话。
extraordinary,PET,2,非常的；特别的；非凡的,adj.,日常沟通,That was an extraordinary game.,那是一场非同寻常的比赛。,[],结合常用释义整体记忆。先听老师读，再用自己的生活场景解释。,0,,https://www.cambridgeenglish.org/images/506887-b1-preliminary-vocabulary-list.pdf,ik'strɒ:dәnәri,https://github.com/skywind3000/ECDICT,offline-materials,extraordinary,authored,extraordinary · 单词里的小故事,小乐和朋友交换今天的小发现。那是一场非同寻常的比赛。小乐说：“That was an extraordinary game.”朋友听懂了，也想起自己遇到过的事。,,That was an __________ game.,extraordinary,那是一场非同寻常的比赛。,context,2026-09-v2,本地预制课堂素材；原创短句与场景模板,[],想象你也在这个场景里。用 extraordinary 说一句自己的话。
extreme sport,PET,2,极限运动,n.,日常沟通,I want to learn more about extreme sport.,我想多了解一些极限运动。,[],作为一个常用表达整体理解，先跟读再结合场景练习。,0,,https://www.cambridgeenglish.org/images/506887-b1-preliminary-vocabulary-list.pdf,,原创课堂释义,offline-materials,extreme sport,activity,extreme sport · 单词里的小故事,班级要举办兴趣日，小乐选了自己想了解的活动。我想多了解一些极限运动。小乐说：“I want to learn more about extreme sport.”朋友听懂了，也想起自己遇到过的事。,,I want to learn more about __________.,extreme sport,我想多了解一些极限运动。,context,2026-09-v2,本地预制课堂素材；原创短句与场景模板,[],想象你也在这个场景里。用 extreme sport 说一句自己的话。
extremely,PET,1,极端地；非常地,adv.,日常沟通,It is extremely cold today.,今天特别冷。,[],结合常用释义整体记忆。先听老师读，再用自己的生活场景解释。,0,,https://www.cambridgeenglish.org/images/506887-b1-preliminary-vocabulary-list.pdf,ik'stri:mli,https://github.com/skywind3000/ECDICT,offline-materials,extremely,authored,extremely · 单词里的小故事,小乐和朋友交换今天的小发现。今天特别冷。小乐说：“It is extremely cold today.”朋友听懂了，也想起自己遇到过的事。,,It is __________ cold today.,extremely,今天特别冷。,context,2026-09-v2,本地预制课堂素材；原创短句与场景模板,[],想象你也在这个场景里。用 extremely 说一句自己的话。
face to face,PET,3,面对面,adv.,日常沟通,We want to talk face to face.,我们想面对面交谈。,[],结合常用释义整体记忆。先听老师读，再用自己的生活场景解释。,0,,https://www.cambridgeenglish.org/images/506887-b1-preliminary-vocabulary-list.pdf,,https://github.com/skywind3000/ECDICT,offline-materials,face to face,authored,face to face · 单词里的小故事,小乐和朋友交换今天的小发现。我们想面对面交谈。小乐说：“We want to talk face to face.”朋友听懂了，也想起自己遇到过的事。,,We want to talk __________.,face to face,我们想面对面交谈。,context,2026-09-v2,本地预制课堂素材；原创短句与场景模板,[],想象你也在这个场景里。用 face to face 说一句自己的话。
face-to-face,PET,3,面对面,adj.,日常沟通,We had a face-to-face talk.,我们面对面交谈了一次。,[],结合常用释义整体记忆。先听老师读，再用自己的生活场景解释。,0,,https://www.cambridgeenglish.org/images/506887-b1-preliminary-vocabulary-list.pdf,,https://github.com/skywind3000/ECDICT,offline-materials,face-to-face,authored,face-to-face · 单词里的小故事,小乐和朋友交换今天的小发现。我们面对面交谈了一次。小乐说：“We had a face-to-face talk.”朋友听懂了，也想起自己遇到过的事。,,We had a __________ talk.,face-to-face,我们面对面交谈了一次。,context,2026-09-v2,本地预制课堂素材；原创短句与场景模板,[],想象你也在这个场景里。用 face-to-face 说一句自己的话。
facilities,PET,3,工具；设施；设备,n pl.,日常沟通,We talked about the facilities today.,我们今天谈到了工具。,[],结合常用释义整体记忆。先听老师读，再用自己的生活场景解释。,0,,https://www.cambridgeenglish.org/images/506887-b1-preliminary-vocabulary-list.pdf,,https://github.com/skywind3000/ECDICT,offline-materials,facilities,discussion,facilities · 单词里的小故事,小乐和朋友聊起今天的一件事。我们今天谈到了工具。小乐说：“We talked about the facilities today.”朋友听懂了，也想起自己遇到过的事。,,We talked about the __________ today.,facilities,我们今天谈到了工具。,context,2026-09-v2,本地预制课堂素材；原创短句与场景模板,[],想象你也在这个场景里。用 facilities 说一句自己的话。
fairly,PET,1,美观地；公平地；相当地,adv.,日常沟通,The test was fairly easy.,这次测试相当容易。,[],结合常用释义整体记忆。先听老师读，再用自己的生活场景解释。,0,,https://www.cambridgeenglish.org/images/506887-b1-preliminary-vocabulary-list.pdf,'fєәli,https://github.com/skywind3000/ECDICT,offline-materials,fairly,authored,fairly · 单词里的小故事,小乐和朋友交换今天的小发现。这次测试相当容易。小乐说：“The test was fairly easy.”朋友听懂了，也想起自己遇到过的事。,,The test was __________ easy.,fairly,这次测试相当容易。,context,2026-09-v2,本地预制课堂素材；原创短句与场景模板,[],想象你也在这个场景里。用 fairly 说一句自己的话。
familiar,PET,1,熟悉的；常见的；亲密的,adj.,日常沟通,This song sounds familiar.,这首歌听起来很熟悉。,[],结合常用释义整体记忆。先听老师读，再用自己的生活场景解释。,0,,https://www.cambridgeenglish.org/images/506887-b1-preliminary-vocabulary-list.pdf,fә'miljә,https://github.com/skywind3000/ECDICT,offline-materials,familiar,authored,familiar · 单词里的小故事,小乐和朋友交换今天的小发现。这首歌听起来很熟悉。小乐说：“This song sounds familiar.”朋友听懂了，也想起自己遇到过的事。,,This song sounds __________.,familiar,这首歌听起来很熟悉。,context,2026-09-v2,本地预制课堂素材；原创短句与场景模板,[],想象你也在这个场景里。用 familiar 说一句自己的话。
fancy,PET,2,想象；设想；相信,v.,日常沟通,Do you fancy a cup of tea?,你想喝杯茶吗？,[],结合常用释义整体记忆。先听老师读，再用自己的生活场景解释。,0,,https://www.cambridgeenglish.org/images/506887-b1-preliminary-vocabulary-list.pdf,'fænsi,https://github.com/skywind3000/ECDICT,offline-materials,fancy,authored,fancy · 单词里的小故事,小乐和朋友交换今天的小发现。你想喝杯茶吗？小乐说：“Do you fancy a cup of tea?”朋友听懂了，也想起自己遇到过的事。,,Do you __________ a cup of tea?,fancy,你想喝杯茶吗？,context,2026-09-v2,本地预制课堂素材；原创短句与场景模板,[],想象你也在这个场景里。用 fancy 说一句自己的话。
farming,PET,2,农业；耕作,n.,日常沟通,We talked about the farming today.,我们今天谈到了农业。,[],结合常用释义整体记忆。先听老师读，再用自己的生活场景解释。,0,,https://www.cambridgeenglish.org/images/506887-b1-preliminary-vocabulary-list.pdf,'fɑ:miŋ,https://github.com/skywind3000/ECDICT,offline-materials,farming,discussion,farming · 单词里的小故事,小乐和朋友聊起今天的一件事。我们今天谈到了农业。小乐说：“We talked about the farming today.”朋友听懂了，也想起自己遇到过的事。,,We talked about the __________ today.,farming,我们今天谈到了农业。,context,2026-09-v2,本地预制课堂素材；原创短句与场景模板,[],想象你也在这个场景里。用 farming 说一句自己的话。
farmland,PET,3,农田,n.,日常沟通,We visited the farmland today.,我们今天参观了农田。,[],结合常用释义整体记忆。先听老师读，再用自己的生活场景解释。,0,,https://www.cambridgeenglish.org/images/506887-b1-preliminary-vocabulary-list.pdf,'fɑ:mlænd,https://github.com/skywind3000/ECDICT,offline-materials,farmland,place,farmland · 单词里的小故事,小乐把今天的外出经历记进了日记。我们今天参观了农田。小乐说：“We visited the farmland today.”朋友听懂了，也想起自己遇到过的事。,,We visited the __________ today.,farmland,我们今天参观了农田。,context,2026-09-v2,本地预制课堂素材；原创短句与场景模板,[],想象你也在这个场景里。用 farmland 说一句自己的话。
fasten,PET,3,拴紧；使固定；系,v.,日常沟通,Please fasten your seat belt.,请系好安全带。,[],结合常用释义整体记忆。先听老师读，再用自己的生活场景解释。,0,,https://www.cambridgeenglish.org/images/506887-b1-preliminary-vocabulary-list.pdf,'fɑ:sәn,https://github.com/skywind3000/ECDICT,offline-materials,fasten,authored,fasten · 单词里的小故事,小乐和朋友交换今天的小发现。请系好安全带。小乐说：“Please fasten your seat belt.”朋友听懂了，也想起自己遇到过的事。,,Please __________ your seat belt.,fasten,请系好安全带。,context,2026-09-v2,本地预制课堂素材；原创短句与场景模板,[],想象你也在这个场景里。用 fasten 说一句自己的话。
fault,PET,2,错误；过错,n.,日常沟通,We talked about the fault today.,我们今天谈到了错误。,[],结合常用释义整体记忆。先听老师读，再用自己的生活场景解释。,0,,https://www.cambridgeenglish.org/images/506887-b1-preliminary-vocabulary-list.pdf,fɒ:lt,常用义教学修订；原词典见 ECDICT-LICENSE.txt,offline-materials,fault,discussion,fault · 单词里的小故事,小乐和朋友聊起今天的一件事。我们今天谈到了错误。小乐说：“We talked about the fault today.”朋友听懂了，也想起自己遇到过的事。,,We talked about the __________ today.,fault,我们今天谈到了错误。,context,2026-09-v2,本地预制课堂素材；原创短句与场景模板,[],想象你也在这个场景里。用 fault 说一句自己的话。
favour,PET,2,好感；偏爱；喜爱,n.,日常沟通,We talked about the favour today.,我们今天谈到了好感。,[],结合常用释义整体记忆。先听老师读，再用自己的生活场景解释。,0,,https://www.cambridgeenglish.org/images/506887-b1-preliminary-vocabulary-list.pdf,'feivә,https://github.com/skywind3000/ECDICT,offline-materials,favour,discussion,favour · 单词里的小故事,小乐和朋友聊起今天的一件事。我们今天谈到了好感。小乐说：“We talked about the favour today.”朋友听懂了，也想起自己遇到过的事。,,We talked about the __________ today.,favour,我们今天谈到了好感。,context,2026-09-v2,本地预制课堂素材；原创短句与场景模板,[],想象你也在这个场景里。用 favour 说一句自己的话。
fax,PET,2,发传真,v; n.,日常沟通,Can you fax the letter to me?,你能把这封信传真给我吗？,[],结合常用释义整体记忆。先听老师读，再用自己的生活场景解释。,0,,https://www.cambridgeenglish.org/images/506887-b1-preliminary-vocabulary-list.pdf,fæks,https://github.com/skywind3000/ECDICT,offline-materials,fax,authored,fax · 单词里的小故事,小乐和朋友交换今天的小发现。你能把这封信传真给我吗？小乐说：“Can you fax the letter to me?”朋友听懂了，也想起自己遇到过的事。,,Can you __________ the letter to me?,fax,你能把这封信传真给我吗？,context,2026-09-v2,本地预制课堂素材；原创短句与场景模板,[],想象你也在这个场景里。用 fax 说一句自己的话。
fear,PET,1,害怕；恐惧,n.,日常沟通,We talked about the fear today.,我们今天谈到了害怕。,[],结合常用释义整体记忆。先听老师读，再用自己的生活场景解释。,0,,https://www.cambridgeenglish.org/images/506887-b1-preliminary-vocabulary-list.pdf,fiә,常用义教学修订；原词典见 ECDICT-LICENSE.txt,offline-materials,fear,discussion,fear · 单词里的小故事,小乐和朋友聊起今天的一件事。我们今天谈到了害怕。小乐说：“We talked about the fear today.”朋友听懂了，也想起自己遇到过的事。,,We talked about the __________ today.,fear,我们今天谈到了害怕。,context,2026-09-v2,本地预制课堂素材；原创短句与场景模板,[],想象你也在这个场景里。用 fear 说一句自己的话。
fee,PET,1,费用；小费；封地,n.,日常沟通,We talked about the fee today.,我们今天谈到了费用。,[],结合常用释义整体记忆。先听老师读，再用自己的生活场景解释。,0,,https://www.cambridgeenglish.org/images/506887-b1-preliminary-vocabulary-list.pdf,fi:,https://github.com/skywind3000/ECDICT,offline-materials,fee,discussion,fee · 单词里的小故事,小乐和朋友聊起今天的一件事。我们今天谈到了费用。小乐说：“We talked about the fee today.”朋友听懂了，也想起自己遇到过的事。,,We talked about the __________ today.,fee,我们今天谈到了费用。,context,2026-09-v2,本地预制课堂素材；原创短句与场景模板,[],想象你也在这个场景里。用 fee 说一句自己的话。
feed,PET,1,喂；饲养；放牧,v.,日常沟通,Please feed the cat.,请喂猫。,[],结合常用释义整体记忆。先听老师读，再用自己的生活场景解释。,0,,https://www.cambridgeenglish.org/images/506887-b1-preliminary-vocabulary-list.pdf,fi:d,https://github.com/skywind3000/ECDICT,offline-materials,feed,authored,feed · 单词里的小故事,小乐和朋友交换今天的小发现。请喂猫。小乐说：“Please feed the cat.”朋友听懂了，也想起自己遇到过的事。,,Please __________ the cat.,feed,请喂猫。,context,2026-09-v2,本地预制课堂素材；原创短句与场景模板,[],想象你也在这个场景里。用 feed 说一句自己的话。
feeling,PET,1,摸；触觉；知觉,n.,日常沟通,We talked about the feeling today.,我们今天谈到了摸。,[],结合常用释义整体记忆。先听老师读，再用自己的生活场景解释。,0,,https://www.cambridgeenglish.org/images/506887-b1-preliminary-vocabulary-list.pdf,'fi:liŋ,https://github.com/skywind3000/ECDICT,offline-materials,feeling,discussion,feeling · 单词里的小故事,小乐和朋友聊起今天的一件事。我们今天谈到了摸。小乐说：“We talked about the feeling today.”朋友听懂了，也想起自己遇到过的事。,,We talked about the __________ today.,feeling,我们今天谈到了摸。,context,2026-09-v2,本地预制课堂素材；原创短句与场景模板,[],想象你也在这个场景里。用 feeling 说一句自己的话。
female,PET,1,女性的；女子的,adj; n.,日常沟通,The person in the story is female.,故事里的那个人是女性的。,[],结合常用释义整体记忆。先听老师读，再用自己的生活场景解释。,0,,https://www.cambridgeenglish.org/images/506887-b1-preliminary-vocabulary-list.pdf,'fi:meil,https://github.com/skywind3000/ECDICT,offline-materials,female,person-quality,female · 单词里的小故事,同学们在给故事人物选词卡，小乐找到了合适的一张。故事里的那个人是女性的。小乐说：“The person in the story is female.”朋友听懂了，也想起自己遇到过的事。,,The person in the story is __________.,female,故事里的那个人是女性的。,context,2026-09-v2,本地预制课堂素材；原创短句与场景模板,[],想象你也在这个场景里。用 female 说一句自己的话。
ferry,PET,2,渡船；渡口,n.,日常沟通,Look at the ferry in this picture.,看看这张图片中的渡船。,[],结合常用释义整体记忆。先听老师读，再用自己的生活场景解释。,0,,https://www.cambridgeenglish.org/images/506887-b1-preliminary-vocabulary-list.pdf,'feri,https://github.com/skywind3000/ECDICT,offline-materials,ferry,transport,ferry · 单词里的小故事,小乐和朋友观察一张出行图片，轮流指出里面的东西。看看这张图片中的渡船。小乐说：“Look at the ferry in this picture.”朋友听懂了，也想起自己遇到过的事。,,Look at the __________ in this picture.,ferry,看看这张图片中的渡船。,context,2026-09-v2,本地预制课堂素材；原创短句与场景模板,[],想象你也在这个场景里。用 ferry 说一句自己的话。
fetch,PET,2,接来；取来；售得,v.,日常沟通,Can you fetch a glass of water?,你能去拿杯水来吗？,[],结合常用释义整体记忆。先听老师读，再用自己的生活场景解释。,0,,https://www.cambridgeenglish.org/images/506887-b1-preliminary-vocabulary-list.pdf,fetʃ,https://github.com/skywind3000/ECDICT,offline-materials,fetch,authored,fetch · 单词里的小故事,小乐和朋友交换今天的小发现。你能去拿杯水来吗？小乐说：“Can you fetch a glass of water?”朋友听懂了，也想起自己遇到过的事。,,Can you __________ a glass of water?,fetch,你能去拿杯水来吗？,context,2026-09-v2,本地预制课堂素材；原创短句与场景模板,[],想象你也在这个场景里。用 fetch 说一句自己的话。
fever,PET,2,发烧；发热；热病,n.,日常沟通,We talked about the fever today.,我们今天谈到了发烧。,[],结合常用释义整体记忆。先听老师读，再用自己的生活场景解释。,0,,https://www.cambridgeenglish.org/images/506887-b1-preliminary-vocabulary-list.pdf,'fi:vә,https://github.com/skywind3000/ECDICT,offline-materials,fever,discussion,fever · 单词里的小故事,小乐和朋友聊起今天的一件事。我们今天谈到了发烧。小乐说：“We talked about the fever today.”朋友听懂了，也想起自己遇到过的事。,,We talked about the __________ today.,fever,我们今天谈到了发烧。,context,2026-09-v2,本地预制课堂素材；原创短句与场景模板,[],想象你也在这个场景里。用 fever 说一句自己的话。
fiction,PET,2,小说；虚构故事,n.,日常沟通,We talked about the fiction today.,我们今天谈到了小说。,[],结合常用释义整体记忆。先听老师读，再用自己的生活场景解释。,0,,https://www.cambridgeenglish.org/images/506887-b1-preliminary-vocabulary-list.pdf,'fikʃәn,https://github.com/skywind3000/ECDICT,offline-materials,fiction,discussion,fiction · 单词里的小故事,小乐和朋友聊起今天的一件事。我们今天谈到了小说。小乐说：“We talked about the fiction today.”朋友听懂了，也想起自己遇到过的事。,,We talked about the __________ today.,fiction,我们今天谈到了小说。,context,2026-09-v2,本地预制课堂素材；原创短句与场景模板,[],想象你也在这个场景里。用 fiction 说一句自己的话。
fight,PET,1,打架；争吵；斗志,n; v.,日常沟通,We talked about the fight today.,我们今天谈到了打架。,[],结合常用释义整体记忆。先听老师读，再用自己的生活场景解释。,0,,https://www.cambridgeenglish.org/images/506887-b1-preliminary-vocabulary-list.pdf,fait,https://github.com/skywind3000/ECDICT,offline-materials,fight,discussion,fight · 单词里的小故事,小乐和朋友聊起今天的一件事。我们今天谈到了打架。小乐说：“We talked about the fight today.”朋友听懂了，也想起自己遇到过的事。,,We talked about the __________ today.,fight,我们今天谈到了打架。,context,2026-09-v2,本地预制课堂素材；原创短句与场景模板,[],想象你也在这个场景里。用 fight 说一句自己的话。
figure,PET,1,数字；人物,n.,日常沟通,We talked about the figure today.,我们今天谈到了数字。,[],结合常用释义整体记忆。先听老师读，再用自己的生活场景解释。,0,,https://www.cambridgeenglish.org/images/506887-b1-preliminary-vocabulary-list.pdf,'figә,常用义教学修订；原词典见 ECDICT-LICENSE.txt,offline-materials,figure,discussion,figure · 单词里的小故事,小乐和朋友聊起今天的一件事。我们今天谈到了数字。小乐说：“We talked about the figure today.”朋友听懂了，也想起自己遇到过的事。,,We talked about the __________ today.,figure,我们今天谈到了数字。,context,2026-09-v2,本地预制课堂素材；原创短句与场景模板,[],想象你也在这个场景里。用 figure 说一句自己的话。
fill up,PET,3,填补；装满；装满油,phr v.,日常沟通,We need to fill up the car.,我们需要给汽车加满油。,[],结合常用释义整体记忆。先听老师读，再用自己的生活场景解释。,0,,https://www.cambridgeenglish.org/images/506887-b1-preliminary-vocabulary-list.pdf,,https://github.com/skywind3000/ECDICT,offline-materials,fill up,authored,fill up · 单词里的小故事,小乐和朋友交换今天的小发现。我们需要给汽车加满油。小乐说：“We need to fill up the car.”朋友听懂了，也想起自己遇到过的事。,,We need to __________ the car.,fill up,我们需要给汽车加满油。,context,2026-09-v2,本地预制课堂素材；原创短句与场景模板,[],想象你也在这个场景里。用 fill up 说一句自己的话。
film maker,PET,3,电影摄制者；电影导演；电影制作人,n.,日常沟通,This story is about a film maker.,这个故事讲的是一位电影摄制者。,[],结合常用释义整体记忆。先听老师读，再用自己的生活场景解释。,0,,https://www.cambridgeenglish.org/images/506887-b1-preliminary-vocabulary-list.pdf,film ˈmeɪkə,https://github.com/skywind3000/ECDICT,offline-materials,film maker,person,film maker · 单词里的小故事,读书会轮到小乐介绍故事里的一个人物。这个故事讲的是一位电影摄制者。小乐说：“This story is about a film maker.”朋友听懂了，也想起自己遇到过的事。,,This story is about a __________.,film maker,这个故事讲的是一位电影摄制者。,context,2026-09-v2,本地预制课堂素材；原创短句与场景模板,[],想象你也在这个场景里。用 film maker 说一句自己的话。
financial,PET,1,财政的；金融的,adj.,日常沟通,The family needs financial help.,这个家庭需要经济上的帮助。,[],结合常用释义整体记忆。先听老师读，再用自己的生活场景解释。,0,,https://www.cambridgeenglish.org/images/506887-b1-preliminary-vocabulary-list.pdf,fai'nænʃәl,https://github.com/skywind3000/ECDICT,offline-materials,financial,authored,financial · 单词里的小故事,小乐和朋友交换今天的小发现。这个家庭需要经济上的帮助。小乐说：“The family needs financial help.”朋友听懂了，也想起自己遇到过的事。,,The family needs __________ help.,financial,这个家庭需要经济上的帮助。,context,2026-09-v2,本地预制课堂素材；原创短句与场景模板,[],想象你也在这个场景里。用 financial 说一句自己的话。
firefighter,PET,3,<美>消防队员,n.,日常沟通,This story is about a firefighter.,这个故事讲的是一位<美>消防队员。,"[{""text"": ""fire"", ""kind"": ""compound"", ""meaning"": ""火""}, {""text"": ""fighter"", ""kind"": ""compound"", ""meaning"": ""战斗者""}]",两个已有成分组合成一个词。结合它们的意思理解整体词义，但不要把这种现代拆分当作完整的历史词源。,0,,https://www.cambridgeenglish.org/images/506887-b1-preliminary-vocabulary-list.pdf,ˈfaɪəfaɪtə(r),https://github.com/skywind3000/ECDICT,offline-materials,firefighter,person,firefighter · 单词里的小故事,读书会轮到小乐介绍故事里的一个人物。这个故事讲的是一位<美>消防队员。小乐说：“This story is about a firefighter.”朋友听懂了，也想起自己遇到过的事。,,This story is about a __________.,firefighter,这个故事讲的是一位<美>消防队员。,context,2026-09-v2,本地预制课堂素材；原创短句与场景模板,[],想象你也在这个场景里。用 firefighter 说一句自己的话。
firework,PET,3,烟火具；烟火；烟火信号弹,n.,日常沟通,We talked about the firework today.,我们今天谈到了烟火具。,"[{""text"": ""fire"", ""kind"": ""compound"", ""meaning"": ""火""}, {""text"": ""work"", ""kind"": ""compound"", ""meaning"": ""制作品""}]",两个已有成分组合成一个词。结合它们的意思理解整体词义，但不要把这种现代拆分当作完整的历史词源。,0,,https://www.cambridgeenglish.org/images/506887-b1-preliminary-vocabulary-list.pdf,,https://github.com/skywind3000/ECDICT,offline-materials,firework,discussion,firework · 单词里的小故事,小乐和朋友聊起今天的一件事。我们今天谈到了烟火具。小乐说：“We talked about the firework today.”朋友听懂了，也想起自己遇到过的事。,,We talked about the __________ today.,firework,我们今天谈到了烟火具。,context,2026-09-v2,本地预制课堂素材；原创短句与场景模板,[],想象你也在这个场景里。用 firework 说一句自己的话。
firm,PET,1,公司,n.,日常沟通,We talked about the firm today.,我们今天谈到了公司。,[],结合常用释义整体记忆。先听老师读，再用自己的生活场景解释。,0,,https://www.cambridgeenglish.org/images/506887-b1-preliminary-vocabulary-list.pdf,fә:m,常用义教学修订；原词典见 ECDICT-LICENSE.txt,offline-materials,firm,discussion,firm · 单词里的小故事,小乐和朋友聊起今天的一件事。我们今天谈到了公司。小乐说：“We talked about the firm today.”朋友听懂了，也想起自己遇到过的事。,,We talked about the __________ today.,firm,我们今天谈到了公司。,context,2026-09-v2,本地预制课堂素材；原创短句与场景模板,[],想象你也在这个场景里。用 firm 说一句自己的话。
fitness,PET,2,健康；体能,n.,日常沟通,Swimming can improve your fitness.,游泳可以改善体能。,"[{""text"": ""fit"", ""kind"": ""root"", ""meaning"": ""健康的""}, {""text"": ""-ness"", ""kind"": ""suffix"", ""meaning"": ""性质或状态（构成名词）"", ""story"": ""-ness 在古英语里已经用来构成表示性质或状态的名词。一个形容词描述“怎么样”，加上这个结尾，我们就能谈论“这种状态或品质”本身。"", ""source"": ""https://www.merriam-webster.com/dictionary/-ness""}]",先理解词基，再看词缀如何改变含义或词性。,0,,https://www.cambridgeenglish.org/images/506887-b1-preliminary-vocabulary-list.pdf,'fitnis,原创课堂释义与例句,offline-materials,fitness,authored,fitness · 单词里的小故事,小乐和朋友交换今天的小发现。游泳可以改善体能。小乐说：“Swimming can improve your fitness.”朋友听懂了，也想起自己遇到过的事。,,Swimming can improve your __________.,fitness,游泳可以改善体能。,context,2026-09-v2,本地预制课堂素材；原创短句与场景模板,[],想象你也在这个场景里。用 fitness 说一句自己的话。
flag,PET,2,标志；旗标；旗子,n.,日常沟通,We need the flag today.,我们今天需要标志。,[],结合常用释义整体记忆。先听老师读，再用自己的生活场景解释。,0,,https://www.cambridgeenglish.org/images/506887-b1-preliminary-vocabulary-list.pdf,flæg,https://github.com/skywind3000/ECDICT,offline-materials,flag,equipment,flag · 单词里的小故事,班级活动开始前，小乐负责核对需要的东西。我们今天需要标志。小乐说：“We need the flag today.”朋友听懂了，也想起自己遇到过的事。,,We need the __________ today.,flag,我们今天需要标志。,context,2026-09-v2,本地预制课堂素材；原创短句与场景模板,[],想象你也在这个场景里。用 flag 说一句自己的话。
flavour,PET,2,味；调味香料；滋味,n.,日常沟通,We talked about the flavour today.,我们今天谈到了味。,[],结合常用释义整体记忆。先听老师读，再用自己的生活场景解释。,0,,https://www.cambridgeenglish.org/images/506887-b1-preliminary-vocabulary-list.pdf,'fleivә,https://github.com/skywind3000/ECDICT,offline-materials,flavour,discussion,flavour · 单词里的小故事,小乐和朋友聊起今天的一件事。我们今天谈到了味。小乐说：“We talked about the flavour today.”朋友听懂了，也想起自己遇到过的事。,,We talked about the __________ today.,flavour,我们今天谈到了味。,context,2026-09-v2,本地预制课堂素材；原创短句与场景模板,[],想象你也在这个场景里。用 flavour 说一句自己的话。
float,PET,2,浮动；飘动；散播,v.,日常沟通,The leaf can float on water.,这片叶子能浮在水上。,[],结合常用释义整体记忆。先听老师读，再用自己的生活场景解释。,0,,https://www.cambridgeenglish.org/images/506887-b1-preliminary-vocabulary-list.pdf,flәut,https://github.com/skywind3000/ECDICT,offline-materials,float,authored,float · 单词里的小故事,小乐和朋友交换今天的小发现。这片叶子能浮在水上。小乐说：“The leaf can float on water.”朋友听懂了，也想起自己遇到过的事。,,The leaf can __________ on water.,float,这片叶子能浮在水上。,context,2026-09-v2,本地预制课堂素材；原创短句与场景模板,[],想象你也在这个场景里。用 float 说一句自己的话。
flood,PET,2,洪水；淹没,n; v.,日常沟通,We talked about the flood today.,我们今天谈到了洪水。,[],结合常用释义整体记忆。先听老师读，再用自己的生活场景解释。,0,,https://www.cambridgeenglish.org/images/506887-b1-preliminary-vocabulary-list.pdf,flʌd,常用义教学修订；原词典见 ECDICT-LICENSE.txt,offline-materials,flood,nature,flood · 单词里的小故事,小乐观察完身边的世界，回教室讲了一件事。我们今天谈到了洪水。小乐说：“We talked about the flood today.”朋友听懂了，也想起自己遇到过的事。,,We talked about the __________ today.,flood,我们今天谈到了洪水。,context,2026-09-v2,本地预制课堂素材；原创短句与场景模板,[],想象你也在这个场景里。用 flood 说一句自己的话。
flour,PET,2,面粉；粉沫；碎粉,n.,日常沟通,Put the flour in a bowl.,把面粉放在碗里。,[],结合常用释义整体记忆。先听老师读，再用自己的生活场景解释。,0,,https://www.cambridgeenglish.org/images/506887-b1-preliminary-vocabulary-list.pdf,'flauә,https://github.com/skywind3000/ECDICT,offline-materials,flour,authored,flour · 单词里的小故事,小乐和朋友交换今天的小发现。把面粉放在碗里。小乐说：“Put the flour in a bowl.”朋友听懂了，也想起自己遇到过的事。,,Put the __________ in a bowl.,flour,把面粉放在碗里。,context,2026-09-v2,本地预制课堂素材；原创短句与场景模板,[],想象你也在这个场景里。用 flour 说一句自己的话。
flow,PET,1,流动；流泄；畅流,v.,日常沟通,Rivers flow into the sea.,河流流入大海。,[],结合常用释义整体记忆。先听老师读，再用自己的生活场景解释。,0,,https://www.cambridgeenglish.org/images/506887-b1-preliminary-vocabulary-list.pdf,flәu,https://github.com/skywind3000/ECDICT,offline-materials,flow,authored,flow · 单词里的小故事,小乐和朋友交换今天的小发现。河流流入大海。小乐说：“Rivers flow into the sea.”朋友听懂了，也想起自己遇到过的事。,,Rivers __________ into the sea.,flow,河流流入大海。,context,2026-09-v2,本地预制课堂素材；原创短句与场景模板,[],想象你也在这个场景里。用 flow 说一句自己的话。
flu,PET,3,流感；流行性感冒,n.,日常沟通,We talked about the flu today.,我们今天谈到了流感。,[],结合常用释义整体记忆。先听老师读，再用自己的生活场景解释。,0,,https://www.cambridgeenglish.org/images/506887-b1-preliminary-vocabulary-list.pdf,flu:,https://github.com/skywind3000/ECDICT,offline-materials,flu,discussion,flu · 单词里的小故事,小乐和朋友聊起今天的一件事。我们今天谈到了流感。小乐说：“We talked about the flu today.”朋友听懂了，也想起自己遇到过的事。,,We talked about the __________ today.,flu,我们今天谈到了流感。,context,2026-09-v2,本地预制课堂素材；原创短句与场景模板,[],想象你也在这个场景里。用 flu 说一句自己的话。
flute,PET,3,笛；横笛；凹槽,n.,日常沟通,We need the flute today.,我们今天需要笛。,[],结合常用释义整体记忆。先听老师读，再用自己的生活场景解释。,0,,https://www.cambridgeenglish.org/images/506887-b1-preliminary-vocabulary-list.pdf,flu:t,https://github.com/skywind3000/ECDICT,offline-materials,flute,equipment,flute · 单词里的小故事,班级活动开始前，小乐负责核对需要的东西。我们今天需要笛。小乐说：“We need the flute today.”朋友听懂了，也想起自己遇到过的事。,,We need the __________ today.,flute,我们今天需要笛。,context,2026-09-v2,本地预制课堂素材；原创短句与场景模板,[],想象你也在这个场景里。用 flute 说一句自己的话。
fold,PET,2,折叠；包；合拢,v.,日常沟通,Fold the paper in half.,把纸对折。,[],结合常用释义整体记忆。先听老师读，再用自己的生活场景解释。,0,,https://www.cambridgeenglish.org/images/506887-b1-preliminary-vocabulary-list.pdf,fәuld,https://github.com/skywind3000/ECDICT,offline-materials,fold,authored,fold · 单词里的小故事,小乐和朋友交换今天的小发现。把纸对折。小乐说：“Fold the paper in half.”朋友听懂了，也想起自己遇到过的事。,,__________ the paper in half.,Fold,把纸对折。,context,2026-09-v2,本地预制课堂素材；原创短句与场景模板,[],想象你也在这个场景里。用 fold 说一句自己的话。
folk,PET,2,民间的；民众,adj; n.,日常沟通,We listened to a folk song.,我们听了一首民歌。,[],结合常用释义整体记忆。先听老师读，再用自己的生活场景解释。,0,,https://www.cambridgeenglish.org/images/506887-b1-preliminary-vocabulary-list.pdf,fәuk,常用义教学修订；原词典见 ECDICT-LICENSE.txt,offline-materials,folk,authored,folk · 单词里的小故事,小乐和朋友交换今天的小发现。我们听了一首民歌。小乐说：“We listened to a folk song.”朋友听懂了，也想起自己遇到过的事。,,We listened to a __________ song.,folk,我们听了一首民歌。,context,2026-09-v2,本地预制课堂素材；原创短句与场景模板,[],想象你也在这个场景里。用 folk 说一句自己的话。
following,PET,1,下列的；其次的,adj.,日常沟通,Please read the following sentence.,请读下面这个句子。,[],结合常用释义整体记忆。先听老师读，再用自己的生活场景解释。,0,,https://www.cambridgeenglish.org/images/506887-b1-preliminary-vocabulary-list.pdf,'fɒlәuiŋ,https://github.com/skywind3000/ECDICT,offline-materials,following,authored,following · 单词里的小故事,小乐和朋友交换今天的小发现。请读下面这个句子。小乐说：“Please read the following sentence.”朋友听懂了，也想起自己遇到过的事。,,Please read the __________ sentence.,following,请读下面这个句子。,context,2026-09-v2,本地预制课堂素材；原创短句与场景模板,[],想象你也在这个场景里。用 following 说一句自己的话。
fond,PET,2,喜欢的；宠爱的；温柔的,adj.,日常沟通,I am fond of animals.,我喜欢动物。,[],结合常用释义整体记忆。先听老师读，再用自己的生活场景解释。,0,,https://www.cambridgeenglish.org/images/506887-b1-preliminary-vocabulary-list.pdf,fɒnd,https://github.com/skywind3000/ECDICT,offline-materials,fond,authored,fond · 单词里的小故事,小乐和朋友交换今天的小发现。我喜欢动物。小乐说：“I am fond of animals.”朋友听懂了，也想起自己遇到过的事。,,I am __________ of animals.,fond,我喜欢动物。,context,2026-09-v2,本地预制课堂素材；原创短句与场景模板,[],想象你也在这个场景里。用 fond 说一句自己的话。
fool,PET,2,愚人；受骗者；奶油拌水果,n.,日常沟通,We talked about the fool today.,我们今天谈到了愚人。,[],结合常用释义整体记忆。先听老师读，再用自己的生活场景解释。,0,,https://www.cambridgeenglish.org/images/506887-b1-preliminary-vocabulary-list.pdf,fu:l,https://github.com/skywind3000/ECDICT,offline-materials,fool,discussion,fool · 单词里的小故事,小乐和朋友聊起今天的一件事。我们今天谈到了愚人。小乐说：“We talked about the fool today.”朋友听懂了，也想起自己遇到过的事。,,We talked about the __________ today.,fool,我们今天谈到了愚人。,context,2026-09-v2,本地预制课堂素材；原创短句与场景模板,[],想象你也在这个场景里。用 fool 说一句自己的话。
forbidden,PET,3,被禁止的；严禁的,adj.,日常沟通,Parking is forbidden here.,这里禁止停车。,[],结合常用释义整体记忆。先听老师读，再用自己的生活场景解释。,0,,https://www.cambridgeenglish.org/images/506887-b1-preliminary-vocabulary-list.pdf,fә'bidn,https://github.com/skywind3000/ECDICT,offline-materials,forbidden,authored,forbidden · 单词里的小故事,小乐和朋友交换今天的小发现。这里禁止停车。小乐说：“Parking is forbidden here.”朋友听懂了，也想起自己遇到过的事。,,Parking is __________ here.,forbidden,这里禁止停车。,context,2026-09-v2,本地预制课堂素材；原创短句与场景模板,[],想象你也在这个场景里。用 forbidden 说一句自己的话。
forecast,PET,2,预想；预测；预报,n.,日常沟通,We talked about the forecast today.,我们今天谈到了预想。,[],结合常用释义整体记忆。先听老师读，再用自己的生活场景解释。,0,,https://www.cambridgeenglish.org/images/506887-b1-preliminary-vocabulary-list.pdf,'fɒ:kɑ:st,https://github.com/skywind3000/ECDICT,offline-materials,forecast,nature,forecast · 单词里的小故事,小乐观察完身边的世界，回教室讲了一件事。我们今天谈到了预想。小乐说：“We talked about the forecast today.”朋友听懂了，也想起自己遇到过的事。,,We talked about the __________ today.,forecast,我们今天谈到了预想。,context,2026-09-v2,本地预制课堂素材；原创短句与场景模板,[],想象你也在这个场景里。用 forecast 说一句自己的话。
foreigner,PET,2,外国人；外地人,n.,日常沟通,This story is about a foreigner.,这个故事讲的是一位外国人。,[],结合常用释义整体记忆。先听老师读，再用自己的生活场景解释。,0,,https://www.cambridgeenglish.org/images/506887-b1-preliminary-vocabulary-list.pdf,'fɒ:rinә,https://github.com/skywind3000/ECDICT,offline-materials,foreigner,person,foreigner · 单词里的小故事,读书会轮到小乐介绍故事里的一个人物。这个故事讲的是一位外国人。小乐说：“This story is about a foreigner.”朋友听懂了，也想起自己遇到过的事。,,This story is about a __________.,foreigner,这个故事讲的是一位外国人。,context,2026-09-v2,本地预制课堂素材；原创短句与场景模板,[],想象你也在这个场景里。用 foreigner 说一句自己的话。
forever,PET,2,永远,adv.,日常沟通,I want to keep this picture forever.,我想永远保留这幅画。,[],结合常用释义整体记忆。先听老师读，再用自己的生活场景解释。,0,,https://www.cambridgeenglish.org/images/506887-b1-preliminary-vocabulary-list.pdf,fә'revә,https://github.com/skywind3000/ECDICT,offline-materials,forever,authored,forever · 单词里的小故事,小乐和朋友交换今天的小发现。我想永远保留这幅画。小乐说：“I want to keep this picture forever.”朋友听懂了，也想起自己遇到过的事。,,I want to keep this picture __________.,forever,我想永远保留这幅画。,context,2026-09-v2,本地预制课堂素材；原创短句与场景模板,[],想象你也在这个场景里。用 forever 说一句自己的话。
forgive,PET,2,原谅；宽恕；免除,v.,日常沟通,Please forgive me for being late.,请原谅我迟到。,[],结合常用释义整体记忆。先听老师读，再用自己的生活场景解释。,0,,https://www.cambridgeenglish.org/images/506887-b1-preliminary-vocabulary-list.pdf,fә'giv,https://github.com/skywind3000/ECDICT,offline-materials,forgive,authored,forgive · 单词里的小故事,小乐和朋友交换今天的小发现。请原谅我迟到。小乐说：“Please forgive me for being late.”朋友听懂了，也想起自己遇到过的事。,,Please __________ me for being late.,forgive,请原谅我迟到。,context,2026-09-v2,本地预制课堂素材；原创短句与场景模板,[],想象你也在这个场景里。用 forgive 说一句自己的话。
former,PET,1,从前的；前者的,adj.,日常沟通,My former teacher lives near us.,我以前的老师住在我们附近。,[],结合常用释义整体记忆。先听老师读，再用自己的生活场景解释。,0,,https://www.cambridgeenglish.org/images/506887-b1-preliminary-vocabulary-list.pdf,'fɒ:mә,https://github.com/skywind3000/ECDICT,offline-materials,former,authored,former · 单词里的小故事,小乐和朋友交换今天的小发现。我以前的老师住在我们附近。小乐说：“My former teacher lives near us.”朋友听懂了，也想起自己遇到过的事。,,My __________ teacher lives near us.,former,我以前的老师住在我们附近。,context,2026-09-v2,本地预制课堂素材；原创短句与场景模板,[],想象你也在这个场景里。用 former 说一句自己的话。
fortnight,PET,2,两星期,n.,日常沟通,We talked about the fortnight today.,我们今天谈到了两星期。,[],结合常用释义整体记忆。先听老师读，再用自己的生活场景解释。,0,,https://www.cambridgeenglish.org/images/506887-b1-preliminary-vocabulary-list.pdf,'fɒ:tnait,https://github.com/skywind3000/ECDICT,offline-materials,fortnight,discussion,fortnight · 单词里的小故事,小乐和朋友聊起今天的一件事。我们今天谈到了两星期。小乐说：“We talked about the fortnight today.”朋友听懂了，也想起自己遇到过的事。,,We talked about the __________ today.,fortnight,我们今天谈到了两星期。,context,2026-09-v2,本地预制课堂素材；原创短句与场景模板,[],想象你也在这个场景里。用 fortnight 说一句自己的话。
fortunately,PET,2,幸运地；幸亏,adv.,日常沟通,"Fortunately, we had an umbrella.",幸运的是，我们带了伞。,[],结合常用释义整体记忆。先听老师读，再用自己的生活场景解释。,0,,https://www.cambridgeenglish.org/images/506887-b1-preliminary-vocabulary-list.pdf,'fɒitʃәnitli,https://github.com/skywind3000/ECDICT,offline-materials,fortunately,authored,fortunately · 单词里的小故事,"小乐和朋友交换今天的小发现。幸运的是，我们带了伞。小乐说：“Fortunately, we had an umbrella.”朋友听懂了，也想起自己遇到过的事。",,"__________, we had an umbrella.",Fortunately,幸运的是，我们带了伞。,context,2026-09-v2,本地预制课堂素材；原创短句与场景模板,[],想象你也在这个场景里。用 fortunately 说一句自己的话。
forward,PET,1,向前地,adv.,日常沟通,Please take one step forward.,请向前走一步。,[],结合常用释义整体记忆。先听老师读，再用自己的生活场景解释。,0,,https://www.cambridgeenglish.org/images/506887-b1-preliminary-vocabulary-list.pdf,'fɒ:wәd,https://github.com/skywind3000/ECDICT,offline-materials,forward,authored,forward · 单词里的小故事,小乐和朋友交换今天的小发现。请向前走一步。小乐说：“Please take one step forward.”朋友听懂了，也想起自己遇到过的事。,,Please take one step __________.,forward,请向前走一步。,context,2026-09-v2,本地预制课堂素材；原创短句与场景模板,[],想象你也在这个场景里。用 forward 说一句自己的话。
fountain,PET,2,水源；源；喷泉,n.,日常沟通,We visited the fountain today.,我们今天参观了水源。,[],结合常用释义整体记忆。先听老师读，再用自己的生活场景解释。,0,,https://www.cambridgeenglish.org/images/506887-b1-preliminary-vocabulary-list.pdf,'fauntin,https://github.com/skywind3000/ECDICT,offline-materials,fountain,place,fountain · 单词里的小故事,小乐把今天的外出经历记进了日记。我们今天参观了水源。小乐说：“We visited the fountain today.”朋友听懂了，也想起自己遇到过的事。,,We visited the __________ today.,fountain,我们今天参观了水源。,context,2026-09-v2,本地预制课堂素材；原创短句与场景模板,[],想象你也在这个场景里。用 fountain 说一句自己的话。
frame,PET,2,框；结构；体格,n.,日常沟通,We need the frame today.,我们今天需要框。,[],结合常用释义整体记忆。先听老师读，再用自己的生活场景解释。,0,,https://www.cambridgeenglish.org/images/506887-b1-preliminary-vocabulary-list.pdf,freim,https://github.com/skywind3000/ECDICT,offline-materials,frame,equipment,frame · 单词里的小故事,班级活动开始前，小乐负责核对需要的东西。我们今天需要框。小乐说：“We need the frame today.”朋友听懂了，也想起自己遇到过的事。,,We need the __________ today.,frame,我们今天需要框。,context,2026-09-v2,本地预制课堂素材；原创短句与场景模板,[],想象你也在这个场景里。用 frame 说一句自己的话。
freeze,PET,2,冻结；冷冻；僵硬,v.,日常沟通,Water can freeze on a cold night.,在寒冷的夜晚，水会结冰。,[],结合常用释义整体记忆。先听老师读，再用自己的生活场景解释。,0,,https://www.cambridgeenglish.org/images/506887-b1-preliminary-vocabulary-list.pdf,fri:z,https://github.com/skywind3000/ECDICT,offline-materials,freeze,authored,freeze · 单词里的小故事,小乐和朋友交换今天的小发现。在寒冷的夜晚，水会结冰。小乐说：“Water can freeze on a cold night.”朋友听懂了，也想起自己遇到过的事。,,Water can __________ on a cold night.,freeze,在寒冷的夜晚，水会结冰。,context,2026-09-v2,本地预制课堂素材；原创短句与场景模板,[],想象你也在这个场景里。用 freeze 说一句自己的话。
freezer,PET,3,冰库；冰箱；冷冻库,n.,日常沟通,We need the freezer today.,我们今天需要冰库。,[],结合常用释义整体记忆。先听老师读，再用自己的生活场景解释。,0,,https://www.cambridgeenglish.org/images/506887-b1-preliminary-vocabulary-list.pdf,fri:zә,https://github.com/skywind3000/ECDICT,offline-materials,freezer,equipment,freezer · 单词里的小故事,班级活动开始前，小乐负责核对需要的东西。我们今天需要冰库。小乐说：“We need the freezer today.”朋友听懂了，也想起自己遇到过的事。,,We need the __________ today.,freezer,我们今天需要冰库。,context,2026-09-v2,本地预制课堂素材；原创短句与场景模板,[],想象你也在这个场景里。用 freezer 说一句自己的话。
freezing,PET,2,冰冻的；冷冻用的；严寒的,adj.,日常沟通,It is freezing today.,今天的天气是冰冻的。,[],结合常用释义整体记忆。先听老师读，再用自己的生活场景解释。,0,,https://www.cambridgeenglish.org/images/506887-b1-preliminary-vocabulary-list.pdf,'fri:ziŋ,https://github.com/skywind3000/ECDICT,offline-materials,freezing,weather-quality,freezing · 单词里的小故事,出门前，小乐看了一眼窗外，把天气告诉家人。今天的天气是冰冻的。小乐说：“It is freezing today.”朋友听懂了，也想起自己遇到过的事。,,It is __________ today.,freezing,今天的天气是冰冻的。,context,2026-09-v2,本地预制课堂素材；原创短句与场景模板,[],想象你也在这个场景里。用 freezing 说一句自己的话。
frequent,PET,2,时常发生的；频繁的；快速的,adj.,日常沟通,There are frequent buses to town.,有很多班公交车去镇上。,"[{""text"": ""frequent"", ""kind"": ""root"", ""meaning"": ""频繁的""}]",这个词本身可以作为词基，与相关派生词联系起来理解。,0,,https://www.cambridgeenglish.org/images/506887-b1-preliminary-vocabulary-list.pdf,'fri:kwәnt,https://github.com/skywind3000/ECDICT,offline-materials,frequent,authored,frequent · 单词里的小故事,小乐和朋友交换今天的小发现。有很多班公交车去镇上。小乐说：“There are frequent buses to town.”朋友听懂了，也想起自己遇到过的事。,,There are __________ buses to town.,frequent,有很多班公交车去镇上。,context,2026-09-v2,本地预制课堂素材；原创短句与场景模板,[],想象你也在这个场景里。用 frequent 说一句自己的话。
frequently,PET,1,频繁；经常地,adv.,日常沟通,We frequently go to the park.,我们经常去公园。,"[{""text"": ""frequent"", ""kind"": ""root"", ""meaning"": ""频繁的""}, {""text"": ""-ly"", ""kind"": ""suffix"", ""meaning"": ""以……的方式（构成副词）"", ""story"": ""-ly 在古英语中有表示“像……的”的形容词形式，也有表示“以某种方式”的副词形式。今天同样的结尾仍有不同工作。先问它是在描写一个人或物，还是在说明怎样做事。"", ""source"": ""https://www.merriam-webster.com/dictionary/ly-""}]",先理解词基，再看词缀如何改变含义或词性。,0,,https://www.cambridgeenglish.org/images/506887-b1-preliminary-vocabulary-list.pdf,'fri:kwәntli,https://github.com/skywind3000/ECDICT,offline-materials,frequently,authored,frequently · 单词里的小故事,小乐和朋友交换今天的小发现。我们经常去公园。小乐说：“We frequently go to the park.”朋友听懂了，也想起自己遇到过的事。,,We __________ go to the park.,frequently,我们经常去公园。,context,2026-09-v2,本地预制课堂素材；原创短句与场景模板,[],想象你也在这个场景里。用 frequently 说一句自己的话。
friendship,PET,2,友谊；友爱；友善,n.,日常沟通,We talked about the friendship today.,我们今天谈到了友谊。,[],结合常用释义整体记忆。先听老师读，再用自己的生活场景解释。,0,,https://www.cambridgeenglish.org/images/506887-b1-preliminary-vocabulary-list.pdf,'frendʃip,https://github.com/skywind3000/ECDICT,offline-materials,friendship,discussion,friendship · 单词里的小故事,小乐和朋友聊起今天的一件事。我们今天谈到了友谊。小乐说：“We talked about the friendship today.”朋友听懂了，也想起自己遇到过的事。,,We talked about the __________ today.,friendship,我们今天谈到了友谊。,context,2026-09-v2,本地预制课堂素材；原创短句与场景模板,[],想象你也在这个场景里。用 friendship 说一句自己的话。
frighten,PET,2,使惊吓,v.,日常沟通,Loud sounds can frighten the cat.,很大的声音会吓到猫。,[],结合常用释义整体记忆。先听老师读，再用自己的生活场景解释。,0,,https://www.cambridgeenglish.org/images/506887-b1-preliminary-vocabulary-list.pdf,'fraitn,https://github.com/skywind3000/ECDICT,offline-materials,frighten,authored,frighten · 单词里的小故事,小乐和朋友交换今天的小发现。很大的声音会吓到猫。小乐说：“Loud sounds can frighten the cat.”朋友听懂了，也想起自己遇到过的事。,,Loud sounds can __________ the cat.,frighten,很大的声音会吓到猫。,context,2026-09-v2,本地预制课堂素材；原创短句与场景模板,[],想象你也在这个场景里。用 frighten 说一句自己的话。
frightening,PET,2,令人恐惧的；引起突然惊恐的,adj.,日常沟通,It is a frightening story.,这是一个令人恐惧的故事。,[],结合常用释义整体记忆。先听老师读，再用自己的生活场景解释。,0,,https://www.cambridgeenglish.org/images/506887-b1-preliminary-vocabulary-list.pdf,'fraitәniŋ,https://github.com/skywind3000/ECDICT,offline-materials,frightening,story-quality,frightening · 单词里的小故事,读完一本故事书，小乐想用一句话向朋友介绍它。这是一个令人恐惧的故事。小乐说：“It is a frightening story.”朋友听懂了，也想起自己遇到过的事。,,It is a __________ story.,frightening,这是一个令人恐惧的故事。,context,2026-09-v2,本地预制课堂素材；原创短句与场景模板,[],想象你也在这个场景里。用 frightening 说一句自己的话。
frozen,PET,2,冻结的；冰冷的；严寒的,adj.,日常沟通,The lake is frozen.,湖结冰了。,[],结合常用释义整体记忆。先听老师读，再用自己的生活场景解释。,0,,https://www.cambridgeenglish.org/images/506887-b1-preliminary-vocabulary-list.pdf,'frәuzn,https://github.com/skywind3000/ECDICT,offline-materials,frozen,authored,frozen · 单词里的小故事,小乐和朋友交换今天的小发现。湖结冰了。小乐说：“The lake is frozen.”朋友听懂了，也想起自己遇到过的事。,,The lake is __________.,frozen,湖结冰了。,context,2026-09-v2,本地预制课堂素材；原创短句与场景模板,[],想象你也在这个场景里。用 frozen 说一句自己的话。
fry,PET,3,油炸；煎,v.,日常沟通,We can fry the eggs for breakfast.,我们可以煎鸡蛋当早餐。,[],结合常用释义整体记忆。先听老师读，再用自己的生活场景解释。,0,,https://www.cambridgeenglish.org/images/506887-b1-preliminary-vocabulary-list.pdf,frai,https://github.com/skywind3000/ECDICT,offline-materials,fry,authored,fry · 单词里的小故事,小乐和朋友交换今天的小发现。我们可以煎鸡蛋当早餐。小乐说：“We can fry the eggs for breakfast.”朋友听懂了，也想起自己遇到过的事。,,We can __________ the eggs for breakfast.,fry,我们可以煎鸡蛋当早餐。,context,2026-09-v2,本地预制课堂素材；原创短句与场景模板,[],想象你也在这个场景里。用 fry 说一句自己的话。
frying pan,PET,3,煎锅；长柄平底锅,n.,日常沟通,We need the frying pan today.,我们今天需要煎锅。,[],结合常用释义整体记忆。先听老师读，再用自己的生活场景解释。,0,,https://www.cambridgeenglish.org/images/506887-b1-preliminary-vocabulary-list.pdf,,https://github.com/skywind3000/ECDICT,offline-materials,frying pan,equipment,frying pan · 单词里的小故事,班级活动开始前，小乐负责核对需要的东西。我们今天需要煎锅。小乐说：“We need the frying pan today.”朋友听懂了，也想起自己遇到过的事。,,We need the __________ today.,frying pan,我们今天需要煎锅。,context,2026-09-v2,本地预制课堂素材；原创短句与场景模板,[],想象你也在这个场景里。用 frying pan 说一句自己的话。
fuel,PET,1,燃料；木炭,n.,日常沟通,We talked about the fuel today.,我们今天谈到了燃料。,[],结合常用释义整体记忆。先听老师读，再用自己的生活场景解释。,0,,https://www.cambridgeenglish.org/images/506887-b1-preliminary-vocabulary-list.pdf,'fjuәl,https://github.com/skywind3000/ECDICT,offline-materials,fuel,discussion,fuel · 单词里的小故事,小乐和朋友聊起今天的一件事。我们今天谈到了燃料。小乐说：“We talked about the fuel today.”朋友听懂了，也想起自己遇到过的事。,,We talked about the __________ today.,fuel,我们今天谈到了燃料。,context,2026-09-v2,本地预制课堂素材；原创短句与场景模板,[],想象你也在这个场景里。用 fuel 说一句自己的话。
full stop,PET,2,句号,n.,日常沟通,Put a full stop at the end.,在末尾加一个句号。,[],结合例句和场景整体记忆。,0,,https://www.cambridgeenglish.org/images/506887-b1-preliminary-vocabulary-list.pdf,,原创课堂释义与例句,offline-materials,full stop,authored,full stop · 单词里的小故事,小乐和朋友交换今天的小发现。在末尾加一个句号。小乐说：“Put a full stop at the end.”朋友听懂了，也想起自己遇到过的事。,,Put a __________ at the end.,full stop,在末尾加一个句号。,context,2026-09-v2,本地预制课堂素材；原创短句与场景模板,[],想象你也在这个场景里。用 full stop 说一句自己的话。
full time,PET,3,专职；全部工作时间的；全日制,adv.,日常沟通,My father works full time.,我爸爸全职工作。,[],结合常用释义整体记忆。先听老师读，再用自己的生活场景解释。,0,,https://www.cambridgeenglish.org/images/506887-b1-preliminary-vocabulary-list.pdf,,https://github.com/skywind3000/ECDICT,offline-materials,full time,authored,full time · 单词里的小故事,小乐和朋友交换今天的小发现。我爸爸全职工作。小乐说：“My father works full time.”朋友听懂了，也想起自己遇到过的事。,,My father works __________.,full time,我爸爸全职工作。,context,2026-09-v2,本地预制课堂素材；原创短句与场景模板,[],想象你也在这个场景里。用 full time 说一句自己的话。
full-time,PET,3,全部时间的；专任的,adj.,日常沟通,She has a full-time job.,她有一份全职工作。,[],结合常用释义整体记忆。先听老师读，再用自己的生活场景解释。,0,,https://www.cambridgeenglish.org/images/506887-b1-preliminary-vocabulary-list.pdf,,https://github.com/skywind3000/ECDICT,offline-materials,full-time,authored,full-time · 单词里的小故事,小乐和朋友交换今天的小发现。她有一份全职工作。小乐说：“She has a full-time job.”朋友听懂了，也想起自己遇到过的事。,,She has a __________ job.,full-time,她有一份全职工作。,context,2026-09-v2,本地预制课堂素材；原创短句与场景模板,[],想象你也在这个场景里。用 full-time 说一句自己的话。
fully,PET,1,十分地；完全地；充分地,adv.,日常沟通,I fully understand the question.,我完全理解这个问题。,[],结合常用释义整体记忆。先听老师读，再用自己的生活场景解释。,0,,https://www.cambridgeenglish.org/images/506887-b1-preliminary-vocabulary-list.pdf,'fuli,https://github.com/skywind3000/ECDICT,offline-materials,fully,authored,fully · 单词里的小故事,小乐和朋友交换今天的小发现。我完全理解这个问题。小乐说：“I fully understand the question.”朋友听懂了，也想起自己遇到过的事。,,I __________ understand the question.,fully,我完全理解这个问题。,context,2026-09-v2,本地预制课堂素材；原创短句与场景模板,[],想象你也在这个场景里。用 fully 说一句自己的话。
furthest,PET,3,最远的；最遥远的,adj.,日常沟通,Choose the seat furthest from the door.,选离门最远的座位。,[],结合常用释义整体记忆。先听老师读，再用自己的生活场景解释。,0,,https://www.cambridgeenglish.org/images/506887-b1-preliminary-vocabulary-list.pdf,'fә:ðist,https://github.com/skywind3000/ECDICT,offline-materials,furthest,authored,furthest · 单词里的小故事,小乐和朋友交换今天的小发现。选离门最远的座位。小乐说：“Choose the seat furthest from the door.”朋友听懂了，也想起自己遇到过的事。,,Choose the seat __________ from the door.,furthest,选离门最远的座位。,context,2026-09-v2,本地预制课堂素材；原创短句与场景模板,[],想象你也在这个场景里。用 furthest 说一句自己的话。
gain,PET,1,得到；增进；赚到,v.,日常沟通,We gain new skills at school.,我们在学校学会新技能。,[],结合常用释义整体记忆。先听老师读，再用自己的生活场景解释。,0,,https://www.cambridgeenglish.org/images/506887-b1-preliminary-vocabulary-list.pdf,gein,https://github.com/skywind3000/ECDICT,offline-materials,gain,authored,gain · 单词里的小故事,小乐和朋友交换今天的小发现。我们在学校学会新技能。小乐说：“We gain new skills at school.”朋友听懂了，也想起自己遇到过的事。,,We __________ new skills at school.,gain,我们在学校学会新技能。,context,2026-09-v2,本地预制课堂素材；原创短句与场景模板,[],想象你也在这个场景里。用 gain 说一句自己的话。
gale,PET,3,狂风；大风；定期租金,n.,日常沟通,We talked about the gale today.,我们今天谈到了狂风。,[],结合常用释义整体记忆。先听老师读，再用自己的生活场景解释。,0,,https://www.cambridgeenglish.org/images/506887-b1-preliminary-vocabulary-list.pdf,geil,https://github.com/skywind3000/ECDICT,offline-materials,gale,nature,gale · 单词里的小故事,小乐观察完身边的世界，回教室讲了一件事。我们今天谈到了狂风。小乐说：“We talked about the gale today.”朋友听懂了，也想起自己遇到过的事。,,We talked about the __________ today.,gale,我们今天谈到了狂风。,context,2026-09-v2,本地预制课堂素材；原创短句与场景模板,[],想象你也在这个场景里。用 gale 说一句自己的话。
gap,PET,1,缝隙；缺口；间断,n.,日常沟通,We talked about the gap today.,我们今天谈到了缝隙。,[],结合常用释义整体记忆。先听老师读，再用自己的生活场景解释。,0,,https://www.cambridgeenglish.org/images/506887-b1-preliminary-vocabulary-list.pdf,gæp,https://github.com/skywind3000/ECDICT,offline-materials,gap,discussion,gap · 单词里的小故事,小乐和朋友聊起今天的一件事。我们今天谈到了缝隙。小乐说：“We talked about the gap today.”朋友听懂了，也想起自己遇到过的事。,,We talked about the __________ today.,gap,我们今天谈到了缝隙。,context,2026-09-v2,本地预制课堂素材；原创短句与场景模板,[],想象你也在这个场景里。用 gap 说一句自己的话。
general,PET,1,全面的；大体的；总的,adj.,日常沟通,I have a general idea of the plan.,我大致了解这个计划。,"[{""text"": ""general"", ""kind"": ""root"", ""meaning"": ""一般的""}]",这个词本身可以作为词基，与相关派生词联系起来理解。,0,,https://www.cambridgeenglish.org/images/506887-b1-preliminary-vocabulary-list.pdf,'dʒenәrәl,https://github.com/skywind3000/ECDICT,offline-materials,general,authored,general · 单词里的小故事,小乐和朋友交换今天的小发现。我大致了解这个计划。小乐说：“I have a general idea of the plan.”朋友听懂了，也想起自己遇到过的事。,,I have a __________ idea of the plan.,general,我大致了解这个计划。,context,2026-09-v2,本地预制课堂素材；原创短句与场景模板,[],想象你也在这个场景里。用 general 说一句自己的话。
generally,PET,1,通常；逐渐地；普遍地,adv.,日常沟通,I generally get up at seven.,我一般七点起床。,"[{""text"": ""general"", ""kind"": ""root"", ""meaning"": ""一般的""}, {""text"": ""-ly"", ""kind"": ""suffix"", ""meaning"": ""以……的方式（构成副词）"", ""story"": ""-ly 在古英语中有表示“像……的”的形容词形式，也有表示“以某种方式”的副词形式。今天同样的结尾仍有不同工作。先问它是在描写一个人或物，还是在说明怎样做事。"", ""source"": ""https://www.merriam-webster.com/dictionary/ly-""}]",先理解词基，再看词缀如何改变含义或词性。,0,,https://www.cambridgeenglish.org/images/506887-b1-preliminary-vocabulary-list.pdf,'dʒenәrәli,https://github.com/skywind3000/ECDICT,offline-materials,generally,authored,generally · 单词里的小故事,小乐和朋友交换今天的小发现。我一般七点起床。小乐说：“I generally get up at seven.”朋友听懂了，也想起自己遇到过的事。,,I __________ get up at seven.,generally,我一般七点起床。,context,2026-09-v2,本地预制课堂素材；原创短句与场景模板,[],想象你也在这个场景里。用 generally 说一句自己的话。
generation,PET,1,一代；一世；产生,n.,日常沟通,We talked about the generation today.,我们今天谈到了一代。,[],结合常用释义整体记忆。先听老师读，再用自己的生活场景解释。,0,,https://www.cambridgeenglish.org/images/506887-b1-preliminary-vocabulary-list.pdf,.dʒenә'reiʃәn,https://github.com/skywind3000/ECDICT,offline-materials,generation,discussion,generation · 单词里的小故事,小乐和朋友聊起今天的一件事。我们今天谈到了一代。小乐说：“We talked about the generation today.”朋友听懂了，也想起自己遇到过的事。,,We talked about the __________ today.,generation,我们今天谈到了一代。,context,2026-09-v2,本地预制课堂素材；原创短句与场景模板,[],想象你也在这个场景里。用 generation 说一句自己的话。
generous,PET,2,慷慨的；有雅量的；大量的,adj.,日常沟通,The person in the story is generous.,故事里的那个人是慷慨的。,[],结合常用释义整体记忆。先听老师读，再用自己的生活场景解释。,0,,https://www.cambridgeenglish.org/images/506887-b1-preliminary-vocabulary-list.pdf,'dʒenәrәs,https://github.com/skywind3000/ECDICT,offline-materials,generous,person-quality,generous · 单词里的小故事,同学们在给故事人物选词卡，小乐找到了合适的一张。故事里的那个人是慷慨的。小乐说：“The person in the story is generous.”朋友听懂了，也想起自己遇到过的事。,,The person in the story is __________.,generous,故事里的那个人是慷慨的。,context,2026-09-v2,本地预制课堂素材；原创短句与场景模板,[],想象你也在这个场景里。用 generous 说一句自己的话。
gentle,PET,2,温和的；文雅的,adj.,日常沟通,The person in the story is gentle.,故事里的那个人是温和的。,[],结合常用释义整体记忆。先听老师读，再用自己的生活场景解释。,0,,https://www.cambridgeenglish.org/images/506887-b1-preliminary-vocabulary-list.pdf,'dʒentl,https://github.com/skywind3000/ECDICT,offline-materials,gentle,person-quality,gentle · 单词里的小故事,同学们在给故事人物选词卡，小乐找到了合适的一张。故事里的那个人是温和的。小乐说：“The person in the story is gentle.”朋友听懂了，也想起自己遇到过的事。,,The person in the story is __________.,gentle,故事里的那个人是温和的。,context,2026-09-v2,本地预制课堂素材；原创短句与场景模板,[],想象你也在这个场景里。用 gentle 说一句自己的话。
get along,PET,3,生活；融洽相处,phr v.,日常沟通,The two children get along well.,这两个孩子相处得很好。,[],结合常用释义整体记忆。先听老师读，再用自己的生活场景解释。,0,,https://www.cambridgeenglish.org/images/506887-b1-preliminary-vocabulary-list.pdf,,https://github.com/skywind3000/ECDICT,offline-materials,get along,authored,get along · 单词里的小故事,小乐和朋友交换今天的小发现。这两个孩子相处得很好。小乐说：“The two children get along well.”朋友听懂了，也想起自己遇到过的事。,,The two children __________ well.,get along,这两个孩子相处得很好。,context,2026-09-v2,本地预制课堂素材；原创短句与场景模板,[],想象你也在这个场景里。用 get along 说一句自己的话。
get down,PET,3,下来；吞下；写下,phr v.,日常沟通,Please get down from the table.,请从桌子上下来。,[],结合常用释义整体记忆。先听老师读，再用自己的生活场景解释。,0,,https://www.cambridgeenglish.org/images/506887-b1-preliminary-vocabulary-list.pdf,,https://github.com/skywind3000/ECDICT,offline-materials,get down,authored,get down · 单词里的小故事,小乐和朋友交换今天的小发现。请从桌子上下来。小乐说：“Please get down from the table.”朋友听懂了，也想起自己遇到过的事。,,Please __________ from the table.,get down,请从桌子上下来。,context,2026-09-v2,本地预制课堂素材；原创短句与场景模板,[],想象你也在这个场景里。用 get down 说一句自己的话。
get in,PET,3,进入；到达；收获,phr v.,日常沟通,Please get in the car.,请上车。,[],结合常用释义整体记忆。先听老师读，再用自己的生活场景解释。,0,,https://www.cambridgeenglish.org/images/506887-b1-preliminary-vocabulary-list.pdf,,https://github.com/skywind3000/ECDICT,offline-materials,get in,authored,get in · 单词里的小故事,小乐和朋友交换今天的小发现。请上车。小乐说：“Please get in the car.”朋友听懂了，也想起自己遇到过的事。,,Please __________ the car.,get in,请上车。,context,2026-09-v2,本地预制课堂素材；原创短句与场景模板,[],想象你也在这个场景里。用 get in 说一句自己的话。
get rid of,PET,3,摆脱；除去,phr v.,日常沟通,We need to get rid of these old boxes.,我们需要处理掉这些旧箱子。,[],结合常用释义整体记忆。先听老师读，再用自己的生活场景解释。,0,,https://www.cambridgeenglish.org/images/506887-b1-preliminary-vocabulary-list.pdf,,https://github.com/skywind3000/ECDICT,offline-materials,get rid of,authored,get rid of · 单词里的小故事,小乐和朋友交换今天的小发现。我们需要处理掉这些旧箱子。小乐说：“We need to get rid of these old boxes.”朋友听懂了，也想起自己遇到过的事。,,We need to __________ these old boxes.,get rid of,我们需要处理掉这些旧箱子。,context,2026-09-v2,本地预制课堂素材；原创短句与场景模板,[],想象你也在这个场景里。用 get rid of 说一句自己的话。
giant,PET,2,庞大的；巨大的,adj.,日常沟通,That is a giant tree.,那是一棵巨大的树。,[],结合常用释义整体记忆。先听老师读，再用自己的生活场景解释。,0,,https://www.cambridgeenglish.org/images/506887-b1-preliminary-vocabulary-list.pdf,'dʒaiәnt,https://github.com/skywind3000/ECDICT,offline-materials,giant,authored,giant · 单词里的小故事,小乐和朋友交换今天的小发现。那是一棵巨大的树。小乐说：“That is a giant tree.”朋友听懂了，也想起自己遇到过的事。,,That is a __________ tree.,giant,那是一棵巨大的树。,context,2026-09-v2,本地预制课堂素材；原创短句与场景模板,[],想象你也在这个场景里。用 giant 说一句自己的话。
give in,PET,3,屈服；让步；交上,phr v.,日常沟通,Do not give in. Try again.,不要放弃。再试一次。,[],结合常用释义整体记忆。先听老师读，再用自己的生活场景解释。,0,,https://www.cambridgeenglish.org/images/506887-b1-preliminary-vocabulary-list.pdf,,https://github.com/skywind3000/ECDICT,offline-materials,give in,authored,give in · 单词里的小故事,小乐和朋友交换今天的小发现。不要放弃。再试一次。小乐说：“Do not give in. Try again.”朋友听懂了，也想起自己遇到过的事。,,Do not __________. Try again.,give in,不要放弃。再试一次。,context,2026-09-v2,本地预制课堂素材；原创短句与场景模板,[],想象你也在这个场景里。用 give in 说一句自己的话。
give out,PET,3,分发；发出；发表,phr v.,日常沟通,Please give out the books.,请分发这些书。,[],结合常用释义整体记忆。先听老师读，再用自己的生活场景解释。,0,,https://www.cambridgeenglish.org/images/506887-b1-preliminary-vocabulary-list.pdf,,https://github.com/skywind3000/ECDICT,offline-materials,give out,authored,give out · 单词里的小故事,小乐和朋友交换今天的小发现。请分发这些书。小乐说：“Please give out the books.”朋友听懂了，也想起自己遇到过的事。,,Please __________ the books.,give out,请分发这些书。,context,2026-09-v2,本地预制课堂素材；原创短句与场景模板,[],想象你也在这个场景里。用 give out 说一句自己的话。
give up,PET,3,放弃；停止；献出,phr v.,日常沟通,Do not give up. You can do it.,不要放弃。你能做到。,[],结合常用释义整体记忆。先听老师读，再用自己的生活场景解释。,0,,https://www.cambridgeenglish.org/images/506887-b1-preliminary-vocabulary-list.pdf,,https://github.com/skywind3000/ECDICT,offline-materials,give up,authored,give up · 单词里的小故事,小乐和朋友交换今天的小发现。不要放弃。你能做到。小乐说：“Do not give up. You can do it.”朋友听懂了，也想起自己遇到过的事。,,Do not __________. You can do it.,give up,不要放弃。你能做到。,context,2026-09-v2,本地预制课堂素材；原创短句与场景模板,[],想象你也在这个场景里。用 give up 说一句自己的话。
give way,PET,3,撤退；让路；退让,phr v.,日常沟通,Cars must give way to people here.,汽车在这里必须让行人先走。,[],结合常用释义整体记忆。先听老师读，再用自己的生活场景解释。,0,,https://www.cambridgeenglish.org/images/506887-b1-preliminary-vocabulary-list.pdf,,https://github.com/skywind3000/ECDICT,offline-materials,give way,authored,give way · 单词里的小故事,小乐和朋友交换今天的小发现。汽车在这里必须让行人先走。小乐说：“Cars must give way to people here.”朋友听懂了，也想起自己遇到过的事。,,Cars must __________ to people here.,give way,汽车在这里必须让行人先走。,context,2026-09-v2,本地预制课堂素材；原创短句与场景模板,[],想象你也在这个场景里。用 give way 说一句自己的话。
glance,PET,2,扫视；闪光；掠过,v.,日常沟通,Glance at the clock before you leave.,离开前看一眼时钟。,[],结合常用释义整体记忆。先听老师读，再用自己的生活场景解释。,0,,https://www.cambridgeenglish.org/images/506887-b1-preliminary-vocabulary-list.pdf,'glɑ:ns,https://github.com/skywind3000/ECDICT,offline-materials,glance,authored,glance · 单词里的小故事,小乐和朋友交换今天的小发现。离开前看一眼时钟。小乐说：“Glance at the clock before you leave.”朋友听懂了，也想起自己遇到过的事。,,__________ at the clock before you leave.,Glance,离开前看一眼时钟。,context,2026-09-v2,本地预制课堂素材；原创短句与场景模板,[],想象你也在这个场景里。用 glance 说一句自己的话。
global warming,PET,3,全球变暖,n.,日常沟通,We talked about the global warming today.,我们今天谈到了全球变暖。,[],结合常用释义整体记忆。先听老师读，再用自己的生活场景解释。,0,,https://www.cambridgeenglish.org/images/506887-b1-preliminary-vocabulary-list.pdf,ˈɡləubəl ˈwɔ:miŋ,https://github.com/skywind3000/ECDICT,offline-materials,global warming,nature,global warming · 单词里的小故事,小乐观察完身边的世界，回教室讲了一件事。我们今天谈到了全球变暖。小乐说：“We talked about the global warming today.”朋友听懂了，也想起自己遇到过的事。,,We talked about the __________ today.,global warming,我们今天谈到了全球变暖。,context,2026-09-v2,本地预制课堂素材；原创短句与场景模板,[],想象你也在这个场景里。用 global warming 说一句自己的话。
go for,PET,3,去找；努力获取；被认为,phr v.,日常沟通,Let's go for a walk.,我们去散步吧。,[],结合常用释义整体记忆。先听老师读，再用自己的生活场景解释。,0,,https://www.cambridgeenglish.org/images/506887-b1-preliminary-vocabulary-list.pdf,,https://github.com/skywind3000/ECDICT,offline-materials,go for,authored,go for · 单词里的小故事,小乐和朋友交换今天的小发现。我们去散步吧。小乐说：“Let's go for a walk.”朋友听懂了，也想起自己遇到过的事。,,Let's __________ a walk.,go for,我们去散步吧。,context,2026-09-v2,本地预制课堂素材；原创短句与场景模板,[],想象你也在这个场景里。用 go for 说一句自己的话。
go off,PET,3,离开；去世；消失,phr v.,日常沟通,My alarm will go off at seven.,我的闹钟会在七点响。,[],结合常用释义整体记忆。先听老师读，再用自己的生活场景解释。,0,,https://www.cambridgeenglish.org/images/506887-b1-preliminary-vocabulary-list.pdf,,https://github.com/skywind3000/ECDICT,offline-materials,go off,authored,go off · 单词里的小故事,小乐和朋友交换今天的小发现。我的闹钟会在七点响。小乐说：“My alarm will go off at seven.”朋友听懂了，也想起自己遇到过的事。,,My alarm will __________ at seven.,go off,我的闹钟会在七点响。,context,2026-09-v2,本地预制课堂素材；原创短句与场景模板,[],想象你也在这个场景里。用 go off 说一句自己的话。
go on,PET,3,继续下去；过去；发生,phr v.,日常沟通,Please go on with your story.,请继续讲你的故事。,[],结合常用释义整体记忆。先听老师读，再用自己的生活场景解释。,0,,https://www.cambridgeenglish.org/images/506887-b1-preliminary-vocabulary-list.pdf,,https://github.com/skywind3000/ECDICT,offline-materials,go on,authored,go on · 单词里的小故事,小乐和朋友交换今天的小发现。请继续讲你的故事。小乐说：“Please go on with your story.”朋友听懂了，也想起自己遇到过的事。,,Please __________ with your story.,go on,请继续讲你的故事。,context,2026-09-v2,本地预制课堂素材；原创短句与场景模板,[],想象你也在这个场景里。用 go on 说一句自己的话。
goalkeeper,PET,2,守门员,n.,日常沟通,This story is about a goalkeeper.,这个故事讲的是一位守门员。,[],结合常用释义整体记忆。先听老师读，再用自己的生活场景解释。,0,,https://www.cambridgeenglish.org/images/506887-b1-preliminary-vocabulary-list.pdf,'gәulki:pә,https://github.com/skywind3000/ECDICT,offline-materials,goalkeeper,person,goalkeeper · 单词里的小故事,读书会轮到小乐介绍故事里的一个人物。这个故事讲的是一位守门员。小乐说：“This story is about a goalkeeper.”朋友听懂了，也想起自己遇到过的事。,,This story is about a __________.,goalkeeper,这个故事讲的是一位守门员。,context,2026-09-v2,本地预制课堂素材；原创短句与场景模板,[],想象你也在这个场景里。用 goalkeeper 说一句自己的话。
goods,PET,1,货物,n pl.,日常沟通,This shop sells goods from many countries.,这家商店出售来自许多国家的商品。,[],结合常用释义整体记忆。先听老师读，再用自己的生活场景解释。,0,,https://www.cambridgeenglish.org/images/506887-b1-preliminary-vocabulary-list.pdf,guds,https://github.com/skywind3000/ECDICT,offline-materials,goods,authored,goods · 单词里的小故事,小乐和朋友交换今天的小发现。这家商店出售来自许多国家的商品。小乐说：“This shop sells goods from many countries.”朋友听懂了，也想起自己遇到过的事。,,This shop sells __________ from many countries.,goods,这家商店出售来自许多国家的商品。,context,2026-09-v2,本地预制课堂素材；原创短句与场景模板,[],想象你也在这个场景里。用 goods 说一句自己的话。
gorgeous,PET,3,华丽的；灿烂的,adj.,日常沟通,It is gorgeous today.,今天的天气是华丽的。,[],结合常用释义整体记忆。先听老师读，再用自己的生活场景解释。,0,,https://www.cambridgeenglish.org/images/506887-b1-preliminary-vocabulary-list.pdf,'gɒ:dʒәs,https://github.com/skywind3000/ECDICT,offline-materials,gorgeous,weather-quality,gorgeous · 单词里的小故事,出门前，小乐看了一眼窗外，把天气告诉家人。今天的天气是华丽的。小乐说：“It is gorgeous today.”朋友听懂了，也想起自己遇到过的事。,,It is __________ today.,gorgeous,今天的天气是华丽的。,context,2026-09-v2,本地预制课堂素材；原创短句与场景模板,[],想象你也在这个场景里。用 gorgeous 说一句自己的话。
government,PET,1,政府；内阁,n.,日常沟通,We talked about the government today.,我们今天谈到了政府。,"[{""text"": ""govern"", ""kind"": ""root"", ""meaning"": ""治理""}, {""text"": ""-ment"", ""kind"": ""suffix"", ""meaning"": ""行为、结果或状态（构成名词）"", ""story"": ""-ment 经由法语进入英语，更早来自拉丁语 -mentum。它常给动作、结果或状态取名字。想象一个动作发生了，我们还想谈论这件事本身，这时就可能遇见它。"", ""source"": ""https://www.merriam-webster.com/dictionary/-ment""}]",先理解词基，再看词缀如何改变含义或词性。,0,,https://www.cambridgeenglish.org/images/506887-b1-preliminary-vocabulary-list.pdf,'gʌvәnmәnt,https://github.com/skywind3000/ECDICT,offline-materials,government,discussion,government · 单词里的小故事,小乐和朋友聊起今天的一件事。我们今天谈到了政府。小乐说：“We talked about the government today.”朋友听懂了，也想起自己遇到过的事。,,We talked about the __________ today.,government,我们今天谈到了政府。,context,2026-09-v2,本地预制课堂素材；原创短句与场景模板,[],想象你也在这个场景里。用 government 说一句自己的话。
grab,PET,2,抓取；抢去,v.,日常沟通,Grab your coat. We are late.,赶快拿上外套。我们迟到了。,[],结合常用释义整体记忆。先听老师读，再用自己的生活场景解释。,0,,https://www.cambridgeenglish.org/images/506887-b1-preliminary-vocabulary-list.pdf,græb,https://github.com/skywind3000/ECDICT,offline-materials,grab,authored,grab · 单词里的小故事,小乐和朋友交换今天的小发现。赶快拿上外套。我们迟到了。小乐说：“Grab your coat. We are late.”朋友听懂了，也想起自己遇到过的事。,,__________ your coat. We are late.,Grab,赶快拿上外套。我们迟到了。,context,2026-09-v2,本地预制课堂素材；原创短句与场景模板,[],想象你也在这个场景里。用 grab 说一句自己的话。
graduate,PET,2,毕业生；毕业,n; v.,日常沟通,This story is about a graduate.,这个故事讲的是一位毕业生。,[],结合常用释义整体记忆。先听老师读，再用自己的生活场景解释。,0,,https://www.cambridgeenglish.org/images/506887-b1-preliminary-vocabulary-list.pdf,'grædʒueit,常用义教学修订；原词典见 ECDICT-LICENSE.txt,offline-materials,graduate,person,graduate · 单词里的小故事,读书会轮到小乐介绍故事里的一个人物。这个故事讲的是一位毕业生。小乐说：“This story is about a graduate.”朋友听懂了，也想起自己遇到过的事。,,This story is about a __________.,graduate,这个故事讲的是一位毕业生。,context,2026-09-v2,本地预制课堂素材；原创短句与场景模板,[],想象你也在这个场景里。用 graduate 说一句自己的话。
graduation,PET,3,毕业；得学位；分划,n.,日常沟通,We talked about the graduation today.,我们今天谈到了毕业。,[],结合常用释义整体记忆。先听老师读，再用自己的生活场景解释。,0,,https://www.cambridgeenglish.org/images/506887-b1-preliminary-vocabulary-list.pdf,.grædʒu'eiʃәn,https://github.com/skywind3000/ECDICT,offline-materials,graduation,discussion,graduation · 单词里的小故事,小乐和朋友聊起今天的一件事。我们今天谈到了毕业。小乐说：“We talked about the graduation today.”朋友听懂了，也想起自己遇到过的事。,,We talked about the __________ today.,graduation,我们今天谈到了毕业。,context,2026-09-v2,本地预制课堂素材；原创短句与场景模板,[],想象你也在这个场景里。用 graduation 说一句自己的话。
grammar,PET,2,语法学；入门书,n.,日常沟通,We learn about grammar at school.,我们在学校学习语法学。,[],结合常用释义整体记忆。先听老师读，再用自己的生活场景解释。,0,,https://www.cambridgeenglish.org/images/506887-b1-preliminary-vocabulary-list.pdf,'græmә,https://github.com/skywind3000/ECDICT,offline-materials,grammar,school,grammar · 单词里的小故事,小乐把今天在学校学到的内容讲给家人听。我们在学校学习语法学。小乐说：“We learn about grammar at school.”朋友听懂了，也想起自己遇到过的事。,,We learn about __________ at school.,grammar,我们在学校学习语法学。,context,2026-09-v2,本地预制课堂素材；原创短句与场景模板,[],想象你也在这个场景里。用 grammar 说一句自己的话。
grant,PET,1,补助金,n.,日常沟通,We talked about the grant today.,我们今天谈到了补助金。,[],结合常用释义整体记忆。先听老师读，再用自己的生活场景解释。,0,,https://www.cambridgeenglish.org/images/506887-b1-preliminary-vocabulary-list.pdf,grænt,常用义教学修订；原词典见 ECDICT-LICENSE.txt,offline-materials,grant,discussion,grant · 单词里的小故事,小乐和朋友聊起今天的一件事。我们今天谈到了补助金。小乐说：“We talked about the grant today.”朋友听懂了，也想起自己遇到过的事。,,We talked about the __________ today.,grant,我们今天谈到了补助金。,context,2026-09-v2,本地预制课堂素材；原创短句与场景模板,[],想象你也在这个场景里。用 grant 说一句自己的话。
graphics,PET,2,制图法；制图学；图解算法,n pl.,日常沟通,We talked about the graphics today.,我们今天谈到了制图法。,[],结合常用释义整体记忆。先听老师读，再用自己的生活场景解释。,0,,https://www.cambridgeenglish.org/images/506887-b1-preliminary-vocabulary-list.pdf,'græfiks,https://github.com/skywind3000/ECDICT,offline-materials,graphics,discussion,graphics · 单词里的小故事,小乐和朋友聊起今天的一件事。我们今天谈到了制图法。小乐说：“We talked about the graphics today.”朋友听懂了，也想起自己遇到过的事。,,We talked about the __________ today.,graphics,我们今天谈到了制图法。,context,2026-09-v2,本地预制课堂素材；原创短句与场景模板,[],想象你也在这个场景里。用 graphics 说一句自己的话。
grateful,PET,2,感谢的；感激的；令人快意的,adj.,日常沟通,I feel grateful today.,我今天感到感谢的。,[],结合常用释义整体记忆。先听老师读，再用自己的生活场景解释。,0,,https://www.cambridgeenglish.org/images/506887-b1-preliminary-vocabulary-list.pdf,'greitful,https://github.com/skywind3000/ECDICT,offline-materials,grateful,feeling,grateful · 单词里的小故事,老师请大家用一个词说说今天的感受，小乐先举了手。我今天感到感谢的。小乐说：“I feel grateful today.”朋友听懂了，也想起自己遇到过的事。,,I feel __________ today.,grateful,我今天感到感谢的。,context,2026-09-v2,本地预制课堂素材；原创短句与场景模板,[],想象你也在这个场景里。用 grateful 说一句自己的话。
greet,PET,2,问候；致敬；欢迎,v.,日常沟通,We greet our teacher every morning.,我们每天早上向老师问好。,[],结合常用释义整体记忆。先听老师读，再用自己的生活场景解释。,0,,https://www.cambridgeenglish.org/images/506887-b1-preliminary-vocabulary-list.pdf,gri:t,https://github.com/skywind3000/ECDICT,offline-materials,greet,authored,greet · 单词里的小故事,小乐和朋友交换今天的小发现。我们每天早上向老师问好。小乐说：“We greet our teacher every morning.”朋友听懂了，也想起自己遇到过的事。,,We __________ our teacher every morning.,greet,我们每天早上向老师问好。,context,2026-09-v2,本地预制课堂素材；原创短句与场景模板,[],想象你也在这个场景里。用 greet 说一句自己的话。
greeting,PET,2,祝贺；问候,n.,日常沟通,We talked about the greeting today.,我们今天谈到了祝贺。,[],结合常用释义整体记忆。先听老师读，再用自己的生活场景解释。,0,,https://www.cambridgeenglish.org/images/506887-b1-preliminary-vocabulary-list.pdf,'gri:tiŋ,https://github.com/skywind3000/ECDICT,offline-materials,greeting,discussion,greeting · 单词里的小故事,小乐和朋友聊起今天的一件事。我们今天谈到了祝贺。小乐说：“We talked about the greeting today.”朋友听懂了，也想起自己遇到过的事。,,We talked about the __________ today.,greeting,我们今天谈到了祝贺。,context,2026-09-v2,本地预制课堂素材；原创短句与场景模板,[],想象你也在这个场景里。用 greeting 说一句自己的话。
grill,PET,3,烤架；烧烤,n; v.,日常沟通,We need the grill today.,我们今天需要烤架。,[],结合常用释义整体记忆。先听老师读，再用自己的生活场景解释。,0,,https://www.cambridgeenglish.org/images/506887-b1-preliminary-vocabulary-list.pdf,gril,常用义教学修订；原词典见 ECDICT-LICENSE.txt,offline-materials,grill,equipment,grill · 单词里的小故事,班级活动开始前，小乐负责核对需要的东西。我们今天需要烤架。小乐说：“We need the grill today.”朋友听懂了，也想起自己遇到过的事。,,We need the __________ today.,grill,我们今天需要烤架。,context,2026-09-v2,本地预制课堂素材；原创短句与场景模板,[],想象你也在这个场景里。用 grill 说一句自己的话。
groom,PET,3,马夫；新郎；男仆,n.,日常沟通,This story is about a groom.,这个故事讲的是一位马夫。,[],结合常用释义整体记忆。先听老师读，再用自己的生活场景解释。,0,,https://www.cambridgeenglish.org/images/506887-b1-preliminary-vocabulary-list.pdf,gru:m,https://github.com/skywind3000/ECDICT,offline-materials,groom,person,groom · 单词里的小故事,读书会轮到小乐介绍故事里的一个人物。这个故事讲的是一位马夫。小乐说：“This story is about a groom.”朋友听懂了，也想起自己遇到过的事。,,This story is about a __________.,groom,这个故事讲的是一位马夫。,context,2026-09-v2,本地预制课堂素材；原创短句与场景模板,[],想象你也在这个场景里。用 groom 说一句自己的话。
guard,PET,2,守卫者；警戒；护卫队,n.,日常沟通,This story is about a guard.,这个故事讲的是一位守卫者。,[],结合常用释义整体记忆。先听老师读，再用自己的生活场景解释。,0,,https://www.cambridgeenglish.org/images/506887-b1-preliminary-vocabulary-list.pdf,gɑ:d,https://github.com/skywind3000/ECDICT,offline-materials,guard,person,guard · 单词里的小故事,读书会轮到小乐介绍故事里的一个人物。这个故事讲的是一位守卫者。小乐说：“This story is about a guard.”朋友听懂了，也想起自己遇到过的事。,,This story is about a __________.,guard,这个故事讲的是一位守卫者。,context,2026-09-v2,本地预制课堂素材；原创短句与场景模板,[],想象你也在这个场景里。用 guard 说一句自己的话。
guided,PET,3,有指导的；有向导的,adj.,日常沟通,We went on a guided tour.,我们参加了一次有导游的游览。,[],结合常用释义整体记忆。先听老师读，再用自己的生活场景解释。,0,,https://www.cambridgeenglish.org/images/506887-b1-preliminary-vocabulary-list.pdf,'ɡaidid,https://github.com/skywind3000/ECDICT,offline-materials,guided,authored,guided · 单词里的小故事,小乐和朋友交换今天的小发现。我们参加了一次有导游的游览。小乐说：“We went on a guided tour.”朋友听懂了，也想起自己遇到过的事。,,We went on a __________ tour.,guided,我们参加了一次有导游的游览。,context,2026-09-v2,本地预制课堂素材；原创短句与场景模板,[],想象你也在这个场景里。用 guided 说一句自己的话。
guilty,PET,2,犯罪的；有过失的；自觉有错的,adj.,日常沟通,He felt guilty about breaking the cup.,他因为打碎杯子而感到内疚。,[],结合常用释义整体记忆。先听老师读，再用自己的生活场景解释。,0,,https://www.cambridgeenglish.org/images/506887-b1-preliminary-vocabulary-list.pdf,'gilti,https://github.com/skywind3000/ECDICT,offline-materials,guilty,authored,guilty · 单词里的小故事,小乐和朋友交换今天的小发现。他因为打碎杯子而感到内疚。小乐说：“He felt guilty about breaking the cup.”朋友听懂了，也想起自己遇到过的事。,,He felt __________ about breaking the cup.,guilty,他因为打碎杯子而感到内疚。,context,2026-09-v2,本地预制课堂素材；原创短句与场景模板,[],想象你也在这个场景里。用 guilty 说一句自己的话。
guitarist,PET,2,吉他弹奏者,n.,日常沟通,This story is about a guitarist.,这个故事讲的是一位吉他弹奏者。,"[{""text"": ""guitar"", ""kind"": ""root"", ""meaning"": ""吉他""}, {""text"": ""-ist"", ""kind"": ""suffix"", ""meaning"": ""从事某种活动的人"", ""story"": ""-ist 经过法语和拉丁语，能追溯到古希腊语。它常出现在某种活动的参与者、乐器演奏者或专业人士的名字里。这个小小的结尾，好像在介绍一个人的本领。"", ""source"": ""https://www.merriam-webster.com/dictionary/-ist""}]",先理解词基，再看词缀如何改变含义或词性。,0,,https://www.cambridgeenglish.org/images/506887-b1-preliminary-vocabulary-list.pdf,gi'tɑ:rist,https://github.com/skywind3000/ECDICT,offline-materials,guitarist,person,guitarist · 单词里的小故事,读书会轮到小乐介绍故事里的一个人物。这个故事讲的是一位吉他弹奏者。小乐说：“This story is about a guitarist.”朋友听懂了，也想起自己遇到过的事。,,This story is about a __________.,guitarist,这个故事讲的是一位吉他弹奏者。,context,2026-09-v2,本地预制课堂素材；原创短句与场景模板,[],想象你也在这个场景里。用 guitarist 说一句自己的话。
gum,PET,3,树胶；橡皮；橡皮糖,n.,日常沟通,This gum tastes good.,这份树胶味道很好。,[],结合常用释义整体记忆。先听老师读，再用自己的生活场景解释。,0,,https://www.cambridgeenglish.org/images/506887-b1-preliminary-vocabulary-list.pdf,gʌm,https://github.com/skywind3000/ECDICT,offline-materials,gum,food,gum · 单词里的小故事,小乐第一次给家人当小帮手，端出一份食物。这份树胶味道很好。小乐说：“This gum tastes good.”朋友听懂了，也想起自己遇到过的事。,,This __________ tastes good.,gum,这份树胶味道很好。,context,2026-09-v2,本地预制课堂素材；原创短句与场景模板,[],想象你也在这个场景里。用 gum 说一句自己的话。
gun,PET,1,枪,n.,日常沟通,We talked about the gun today.,我们今天谈到了枪。,[],结合常用释义整体记忆。先听老师读，再用自己的生活场景解释。,0,,https://www.cambridgeenglish.org/images/506887-b1-preliminary-vocabulary-list.pdf,gʌn,https://github.com/skywind3000/ECDICT,offline-materials,gun,discussion,gun · 单词里的小故事,小乐和朋友聊起今天的一件事。我们今天谈到了枪。小乐说：“We talked about the gun today.”朋友听懂了，也想起自己遇到过的事。,,We talked about the __________ today.,gun,我们今天谈到了枪。,context,2026-09-v2,本地预制课堂素材；原创短句与场景模板,[],想象你也在这个场景里。用 gun 说一句自己的话。
gymnastics,PET,3,体操；体育,n.,日常沟通,I want to learn more about gymnastics.,我想多了解一些体操。,[],结合常用释义整体记忆。先听老师读，再用自己的生活场景解释。,0,,https://www.cambridgeenglish.org/images/506887-b1-preliminary-vocabulary-list.pdf,dʒim'næstiks,https://github.com/skywind3000/ECDICT,offline-materials,gymnastics,activity,gymnastics · 单词里的小故事,班级要举办兴趣日，小乐选了自己想了解的活动。我想多了解一些体操。小乐说：“I want to learn more about gymnastics.”朋友听懂了，也想起自己遇到过的事。,,I want to learn more about __________.,gymnastics,我想多了解一些体操。,context,2026-09-v2,本地预制课堂素材；原创短句与场景模板,[],想象你也在这个场景里。用 gymnastics 说一句自己的话。
habit,PET,2,习惯；嗜好；习性,n.,日常沟通,We talked about the habit today.,我们今天谈到了习惯。,[],结合常用释义整体记忆。先听老师读，再用自己的生活场景解释。,0,,https://www.cambridgeenglish.org/images/506887-b1-preliminary-vocabulary-list.pdf,'hæbit,https://github.com/skywind3000/ECDICT,offline-materials,habit,discussion,habit · 单词里的小故事,小乐和朋友聊起今天的一件事。我们今天谈到了习惯。小乐说：“We talked about the habit today.”朋友听懂了，也想起自己遇到过的事。,,We talked about the __________ today.,habit,我们今天谈到了习惯。,context,2026-09-v2,本地预制课堂素材；原创短句与场景模板,[],想象你也在这个场景里。用 habit 说一句自己的话。
haircut,PET,3,理发；(男子的)发式,n.,日常沟通,We talked about the haircut today.,我们今天谈到了理发。,"[{""text"": ""hair"", ""kind"": ""compound"", ""meaning"": ""头发""}, {""text"": ""cut"", ""kind"": ""compound"", ""meaning"": ""剪""}]",两个已有成分组合成一个词。结合它们的意思理解整体词义，但不要把这种现代拆分当作完整的历史词源。,0,,https://www.cambridgeenglish.org/images/506887-b1-preliminary-vocabulary-list.pdf,'hєәkʌt,https://github.com/skywind3000/ECDICT,offline-materials,haircut,discussion,haircut · 单词里的小故事,小乐和朋友聊起今天的一件事。我们今天谈到了理发。小乐说：“We talked about the haircut today.”朋友听懂了，也想起自己遇到过的事。,,We talked about the __________ today.,haircut,我们今天谈到了理发。,context,2026-09-v2,本地预制课堂素材；原创短句与场景模板,[],想象你也在这个场景里。用 haircut 说一句自己的话。
hairdresser,PET,3,美发师；理发师,n.,日常沟通,This story is about a hairdresser.,这个故事讲的是一位美发师。,"[{""text"": ""hair"", ""kind"": ""compound"", ""meaning"": ""头发""}, {""text"": ""dresser"", ""kind"": ""compound"", ""meaning"": ""整理者""}]",两个已有成分组合成一个词。结合它们的意思理解整体词义，但不要把这种现代拆分当作完整的历史词源。,0,,https://www.cambridgeenglish.org/images/506887-b1-preliminary-vocabulary-list.pdf,'hєәdresә,https://github.com/skywind3000/ECDICT,offline-materials,hairdresser,person,hairdresser · 单词里的小故事,读书会轮到小乐介绍故事里的一个人物。这个故事讲的是一位美发师。小乐说：“This story is about a hairdresser.”朋友听懂了，也想起自己遇到过的事。,,This story is about a __________.,hairdresser,这个故事讲的是一位美发师。,context,2026-09-v2,本地预制课堂素材；原创短句与场景模板,[],想象你也在这个场景里。用 hairdresser 说一句自己的话。
hairdryer,PET,3,（吹干头发的）吹风机,n.,日常沟通,We need the hairdryer today.,我们今天需要吹风机。,[],结合常用释义整体记忆。先听老师读，再用自己的生活场景解释。,0,,https://www.cambridgeenglish.org/images/506887-b1-preliminary-vocabulary-list.pdf,ˈheədraɪə(r),https://github.com/skywind3000/ECDICT,offline-materials,hairdryer,equipment,hairdryer · 单词里的小故事,班级活动开始前，小乐负责核对需要的东西。我们今天需要吹风机。小乐说：“We need the hairdryer today.”朋友听懂了，也想起自己遇到过的事。,,We need the __________ today.,hairdryer,我们今天需要吹风机。,context,2026-09-v2,本地预制课堂素材；原创短句与场景模板,[],想象你也在这个场景里。用 hairdryer 说一句自己的话。
hand in,PET,3,交上,phr v.,日常沟通,Please hand in your work now.,请现在交作业。,[],结合常用释义整体记忆。先听老师读，再用自己的生活场景解释。,0,,https://www.cambridgeenglish.org/images/506887-b1-preliminary-vocabulary-list.pdf,,https://github.com/skywind3000/ECDICT,offline-materials,hand in,authored,hand in · 单词里的小故事,小乐和朋友交换今天的小发现。请现在交作业。小乐说：“Please hand in your work now.”朋友听懂了，也想起自己遇到过的事。,,Please __________ your work now.,hand in,请现在交作业。,context,2026-09-v2,本地预制课堂素材；原创短句与场景模板,[],想象你也在这个场景里。用 hand in 说一句自己的话。
hand out,PET,3,把...拿出来；分发；施舍,phr v.,日常沟通,Can you hand out the paper?,你能分发一下纸张吗？,[],结合常用释义整体记忆。先听老师读，再用自己的生活场景解释。,0,,https://www.cambridgeenglish.org/images/506887-b1-preliminary-vocabulary-list.pdf,,https://github.com/skywind3000/ECDICT,offline-materials,hand out,authored,hand out · 单词里的小故事,小乐和朋友交换今天的小发现。你能分发一下纸张吗？小乐说：“Can you hand out the paper?”朋友听懂了，也想起自己遇到过的事。,,Can you __________ the paper?,hand out,你能分发一下纸张吗？,context,2026-09-v2,本地预制课堂素材；原创短句与场景模板,[],想象你也在这个场景里。用 hand out 说一句自己的话。
hand-held,PET,3,手提式的；便携式的；掌上型的,adj.,日常沟通,She has a small hand-held camera.,她有一台小型手持相机。,[],结合常用释义整体记忆。先听老师读，再用自己的生活场景解释。,0,,https://www.cambridgeenglish.org/images/506887-b1-preliminary-vocabulary-list.pdf,ˈhændˌheld,https://github.com/skywind3000/ECDICT,offline-materials,hand-held,authored,hand-held · 单词里的小故事,小乐和朋友交换今天的小发现。她有一台小型手持相机。小乐说：“She has a small hand-held camera.”朋友听懂了，也想起自己遇到过的事。,,She has a small __________ camera.,hand-held,她有一台小型手持相机。,context,2026-09-v2,本地预制课堂素材；原创短句与场景模板,[],想象你也在这个场景里。用 hand-held 说一句自己的话。
handkerchief,PET,2,手帕；头巾；围巾,n.,日常沟通,We need the handkerchief today.,我们今天需要手帕。,[],结合常用释义整体记忆。先听老师读，再用自己的生活场景解释。,0,,https://www.cambridgeenglish.org/images/506887-b1-preliminary-vocabulary-list.pdf,'hæŋkәtʃif,https://github.com/skywind3000/ECDICT,offline-materials,handkerchief,equipment,handkerchief · 单词里的小故事,班级活动开始前，小乐负责核对需要的东西。我们今天需要手帕。小乐说：“We need the handkerchief today.”朋友听懂了，也想起自己遇到过的事。,,We need the __________ today.,handkerchief,我们今天需要手帕。,context,2026-09-v2,本地预制课堂素材；原创短句与场景模板,[],想象你也在这个场景里。用 handkerchief 说一句自己的话。
handle,PET,1,触摸；运用；买卖,v.,日常沟通,Can you handle this problem?,你能处理这个问题吗？,[],结合常用释义整体记忆。先听老师读，再用自己的生活场景解释。,0,,https://www.cambridgeenglish.org/images/506887-b1-preliminary-vocabulary-list.pdf,hændl,https://github.com/skywind3000/ECDICT,offline-materials,handle,authored,handle · 单词里的小故事,小乐和朋友交换今天的小发现。你能处理这个问题吗？小乐说：“Can you handle this problem?”朋友听懂了，也想起自己遇到过的事。,,Can you __________ this problem?,handle,你能处理这个问题吗？,context,2026-09-v2,本地预制课堂素材；原创短句与场景模板,[],想象你也在这个场景里。用 handle 说一句自己的话。
handlebars,PET,3,（自行车等的）车把,n.,日常沟通,Keep both hands on the handlebars.,双手握住车把。,[],结合常用释义整体记忆。先听老师读，再用自己的生活场景解释。,0,,https://www.cambridgeenglish.org/images/506887-b1-preliminary-vocabulary-list.pdf,'hændlbɑ:z,常用义教学修订；原词典见 ECDICT-LICENSE.txt,offline-materials,handlebars,authored,handlebars · 单词里的小故事,小乐和朋友交换今天的小发现。双手握住车把。小乐说：“Keep both hands on the handlebars.”朋友听懂了，也想起自己遇到过的事。,,Keep both hands on the __________.,handlebars,双手握住车把。,context,2026-09-v2,本地预制课堂素材；原创短句与场景模板,[],想象你也在这个场景里。用 handlebars 说一句自己的话。
handsome,PET,2,英俊的；大方的；慷慨的,adj.,日常沟通,The person in the story is handsome.,故事里的那个人是英俊的。,[],结合常用释义整体记忆。先听老师读，再用自己的生活场景解释。,0,,https://www.cambridgeenglish.org/images/506887-b1-preliminary-vocabulary-list.pdf,'hænsәm,https://github.com/skywind3000/ECDICT,offline-materials,handsome,person-quality,handsome · 单词里的小故事,同学们在给故事人物选词卡，小乐找到了合适的一张。故事里的那个人是英俊的。小乐说：“The person in the story is handsome.”朋友听懂了，也想起自己遇到过的事。,,The person in the story is __________.,handsome,故事里的那个人是英俊的。,context,2026-09-v2,本地预制课堂素材；原创短句与场景模板,[],想象你也在这个场景里。用 handsome 说一句自己的话。
handwriting,PET,3,笔迹,n.,日常沟通,We learn about handwriting at school.,我们在学校学习笔迹。,"[{""text"": ""hand"", ""kind"": ""compound"", ""meaning"": ""手""}, {""text"": ""writing"", ""kind"": ""compound"", ""meaning"": ""书写""}]",两个已有成分组合成一个词。结合它们的意思理解整体词义，但不要把这种现代拆分当作完整的历史词源。,0,,https://www.cambridgeenglish.org/images/506887-b1-preliminary-vocabulary-list.pdf,'hændraitiŋ,https://github.com/skywind3000/ECDICT,offline-materials,handwriting,school,handwriting · 单词里的小故事,小乐把今天在学校学到的内容讲给家人听。我们在学校学习笔迹。小乐说：“We learn about handwriting at school.”朋友听懂了，也想起自己遇到过的事。,,We learn about __________ at school.,handwriting,我们在学校学习笔迹。,context,2026-09-v2,本地预制课堂素材；原创短句与场景模板,[],想象你也在这个场景里。用 handwriting 说一句自己的话。
hang,PET,1,悬挂；附着；装饰,v.,日常沟通,Hang your coat by the door.,把外套挂在门旁。,[],结合常用释义整体记忆。先听老师读，再用自己的生活场景解释。,0,,https://www.cambridgeenglish.org/images/506887-b1-preliminary-vocabulary-list.pdf,hæŋ,https://github.com/skywind3000/ECDICT,offline-materials,hang,authored,hang · 单词里的小故事,小乐和朋友交换今天的小发现。把外套挂在门旁。小乐说：“Hang your coat by the door.”朋友听懂了，也想起自己遇到过的事。,,__________ your coat by the door.,Hang,把外套挂在门旁。,context,2026-09-v2,本地预制课堂素材；原创短句与场景模板,[],想象你也在这个场景里。用 hang 说一句自己的话。
hang out,PET,3,挂出,phr v.,日常沟通,We hang out in the park after school.,放学后我们在公园玩。,[],结合常用释义整体记忆。先听老师读，再用自己的生活场景解释。,0,,https://www.cambridgeenglish.org/images/506887-b1-preliminary-vocabulary-list.pdf,,https://github.com/skywind3000/ECDICT,offline-materials,hang out,authored,hang out · 单词里的小故事,小乐和朋友交换今天的小发现。放学后我们在公园玩。小乐说：“We hang out in the park after school.”朋友听懂了，也想起自己遇到过的事。,,We __________ in the park after school.,hang out,放学后我们在公园玩。,context,2026-09-v2,本地预制课堂素材；原创短句与场景模板,[],想象你也在这个场景里。用 hang out 说一句自己的话。
hang up,PET,3,挂断；拖延；把...挂起来,phr v.,日常沟通,Please do not hang up the phone.,请不要挂电话。,[],结合常用释义整体记忆。先听老师读，再用自己的生活场景解释。,0,,https://www.cambridgeenglish.org/images/506887-b1-preliminary-vocabulary-list.pdf,,https://github.com/skywind3000/ECDICT,offline-materials,hang up,authored,hang up · 单词里的小故事,小乐和朋友交换今天的小发现。请不要挂电话。小乐说：“Please do not hang up the phone.”朋友听懂了，也想起自己遇到过的事。,,Please do not __________ the phone.,hang up,请不要挂电话。,context,2026-09-v2,本地预制课堂素材；原创短句与场景模板,[],想象你也在这个场景里。用 hang up 说一句自己的话。
happily,PET,2,幸福地；快乐地；幸好,adv.,日常沟通,The children played happily.,孩子们开心地玩耍。,"[{""text"": ""happy"", ""kind"": ""root"", ""meaning"": ""快乐的""}, {""text"": ""-ly"", ""kind"": ""suffix"", ""meaning"": ""以……的方式（构成副词）"", ""story"": ""-ly 在古英语中有表示“像……的”的形容词形式，也有表示“以某种方式”的副词形式。今天同样的结尾仍有不同工作。先问它是在描写一个人或物，还是在说明怎样做事。"", ""source"": ""https://www.merriam-webster.com/dictionary/ly-""}]",这是词基与派生词的关系。拼写发生了变化，请把本课目标单词完整写对；构词成分不是原词的逐字切片。,0,,https://www.cambridgeenglish.org/images/506887-b1-preliminary-vocabulary-list.pdf,'hæpili,https://github.com/skywind3000/ECDICT,offline-materials,happily,authored,happily · 单词里的小故事,小乐和朋友交换今天的小发现。孩子们开心地玩耍。小乐说：“The children played happily.”朋友听懂了，也想起自己遇到过的事。,,The children played __________.,happily,孩子们开心地玩耍。,context,2026-09-v2,本地预制课堂素材；原创短句与场景模板,"[{""en"": ""The children play happily in the garden."", ""zh"": ""孩子们在花园里开心地玩耍。""}]",想象你也在这个场景里。用 happily 说一句自己的话。
happiness,PET,2,幸福；快乐,n.,日常沟通,Music brings her happiness.,音乐带给她快乐。,"[{""text"": ""happy"", ""kind"": ""root"", ""meaning"": ""快乐的""}, {""text"": ""-ness"", ""kind"": ""suffix"", ""meaning"": ""性质或状态（构成名词）"", ""story"": ""-ness 在古英语里已经用来构成表示性质或状态的名词。一个形容词描述“怎么样”，加上这个结尾，我们就能谈论“这种状态或品质”本身。"", ""source"": ""https://www.merriam-webster.com/dictionary/-ness""}]",这是词基与派生词的关系。拼写发生了变化，请把本课目标单词完整写对；构词成分不是原词的逐字切片。,0,,https://www.cambridgeenglish.org/images/506887-b1-preliminary-vocabulary-list.pdf,'hæpinis,原创课堂释义与例句,offline-materials,happiness,authored,happiness · 单词里的小故事,放学时，小乐看见很久没见的朋友在门口等她。两个人边走边笑。那种藏不住的快乐，就写在她的脸上。这就是 happiness 留下的画面。,,Music brings her __________.,happiness,音乐带给她快乐。,context,2026-09-v2,本地预制课堂素材；原创短句与场景模板,"[{""en"": ""Her face is full of happiness."", ""zh"": ""她的脸上洋溢着幸福。""}]",什么小事会给你带来快乐？
hardly,PET,1,刚刚；几乎不；勉强是,adv.,日常沟通,I can hardly hear you.,我几乎听不见你说话。,[],结合常用释义整体记忆。先听老师读，再用自己的生活场景解释。,0,,https://www.cambridgeenglish.org/images/506887-b1-preliminary-vocabulary-list.pdf,'hɑ:dli,https://github.com/skywind3000/ECDICT,offline-materials,hardly,authored,hardly · 单词里的小故事,小乐和朋友交换今天的小发现。我几乎听不见你说话。小乐说：“I can hardly hear you.”朋友听懂了，也想起自己遇到过的事。,,I can __________ hear you.,hardly,我几乎听不见你说话。,context,2026-09-v2,本地预制课堂素材；原创短句与场景模板,[],想象你也在这个场景里。用 hardly 说一句自己的话。
hardware,PET,2,硬件；五金器具；零件,n.,日常沟通,We need the hardware today.,我们今天需要硬件。,[],结合常用释义整体记忆。先听老师读，再用自己的生活场景解释。,0,,https://www.cambridgeenglish.org/images/506887-b1-preliminary-vocabulary-list.pdf,'hɑ:dwєә,https://github.com/skywind3000/ECDICT,offline-materials,hardware,equipment,hardware · 单词里的小故事,班级活动开始前，小乐负责核对需要的东西。我们今天需要硬件。小乐说：“We need the hardware today.”朋友听懂了，也想起自己遇到过的事。,,We need the __________ today.,hardware,我们今天需要硬件。,context,2026-09-v2,本地预制课堂素材；原创短句与场景模板,[],想象你也在这个场景里。用 hardware 说一句自己的话。
headline,PET,2,大标题；新闻摘要,n.,日常沟通,We talked about the headline today.,我们今天谈到了大标题。,[],结合常用释义整体记忆。先听老师读，再用自己的生活场景解释。,0,,https://www.cambridgeenglish.org/images/506887-b1-preliminary-vocabulary-list.pdf,'hedlain,https://github.com/skywind3000/ECDICT,offline-materials,headline,discussion,headline · 单词里的小故事,小乐和朋友聊起今天的一件事。我们今天谈到了大标题。小乐说：“We talked about the headline today.”朋友听懂了，也想起自己遇到过的事。,,We talked about the __________ today.,headline,我们今天谈到了大标题。,context,2026-09-v2,本地预制课堂素材；原创短句与场景模板,[],想象你也在这个场景里。用 headline 说一句自己的话。
heat,PET,1,热；热度；体温,n.,日常沟通,We talked about the heat today.,我们今天谈到了热。,"[{""text"": ""heat"", ""kind"": ""root"", ""meaning"": ""加热""}]",这个词本身可以作为词基，与相关派生词联系起来理解。,0,,https://www.cambridgeenglish.org/images/506887-b1-preliminary-vocabulary-list.pdf,hi:t,https://github.com/skywind3000/ECDICT,offline-materials,heat,nature,heat · 单词里的小故事,小乐观察完身边的世界，回教室讲了一件事。我们今天谈到了热。小乐说：“We talked about the heat today.”朋友听懂了，也想起自己遇到过的事。,,We talked about the __________ today.,heat,我们今天谈到了热。,context,2026-09-v2,本地预制课堂素材；原创短句与场景模板,[],想象你也在这个场景里。用 heat 说一句自己的话。
heater,PET,2,加热器；灯丝；加热工,n.,日常沟通,We need the heater today.,我们今天需要加热器。,[],结合常用释义整体记忆。先听老师读，再用自己的生活场景解释。,0,,https://www.cambridgeenglish.org/images/506887-b1-preliminary-vocabulary-list.pdf,'hi:tә,https://github.com/skywind3000/ECDICT,offline-materials,heater,equipment,heater · 单词里的小故事,班级活动开始前，小乐负责核对需要的东西。我们今天需要加热器。小乐说：“We need the heater today.”朋友听懂了，也想起自己遇到过的事。,,We need the __________ today.,heater,我们今天需要加热器。,context,2026-09-v2,本地预制课堂素材；原创短句与场景模板,[],想象你也在这个场景里。用 heater 说一句自己的话。
heel,PET,2,脚后跟；踵；后部,n.,日常沟通,We learn about the heel at school.,我们在学校了解脚后跟。,[],结合常用释义整体记忆。先听老师读，再用自己的生活场景解释。,0,,https://www.cambridgeenglish.org/images/506887-b1-preliminary-vocabulary-list.pdf,hi:l,https://github.com/skywind3000/ECDICT,offline-materials,heel,body,heel · 单词里的小故事,小乐在课堂上做一张认识自己的知识卡。我们在学校了解脚后跟。小乐说：“We learn about the heel at school.”朋友听懂了，也想起自己遇到过的事。,,We learn about the __________ at school.,heel,我们在学校了解脚后跟。,context,2026-09-v2,本地预制课堂素材；原创短句与场景模板,[],想象你也在这个场景里。用 heel 说一句自己的话。
height,PET,1,高度；海拔；高地,n.,日常沟通,We learn about the height at school.,我们在学校了解高度。,[],结合常用释义整体记忆。先听老师读，再用自己的生活场景解释。,0,,https://www.cambridgeenglish.org/images/506887-b1-preliminary-vocabulary-list.pdf,hait,https://github.com/skywind3000/ECDICT,offline-materials,height,body,height · 单词里的小故事,小乐在课堂上做一张认识自己的知识卡。我们在学校了解高度。小乐说：“We learn about the height at school.”朋友听懂了，也想起自己遇到过的事。,,We learn about the __________ at school.,height,我们在学校了解高度。,context,2026-09-v2,本地预制课堂素材；原创短句与场景模板,[],想象你也在这个场景里。用 height 说一句自己的话。
helmet,PET,2,钢盔；盔；防护帽,n.,日常沟通,I like your helmet.,我喜欢你的钢盔。,[],结合常用释义整体记忆。先听老师读，再用自己的生活场景解释。,0,,https://www.cambridgeenglish.org/images/506887-b1-preliminary-vocabulary-list.pdf,'helmit,https://github.com/skywind3000/ECDICT,offline-materials,helmet,clothes,helmet · 单词里的小故事,出门前，小乐注意到了朋友的穿着。我喜欢你的钢盔。小乐说：“I like your helmet.”朋友听懂了，也想起自己遇到过的事。,,I like your __________.,helmet,我喜欢你的钢盔。,context,2026-09-v2,本地预制课堂素材；原创短句与场景模板,[],想象你也在这个场景里。用 helmet 说一句自己的话。
herb,PET,2,药草；香草,n.,日常沟通,We add this herb to the soup.,我们往汤里加这种香草。,[],结合常用释义整体记忆。先听老师读，再用自己的生活场景解释。,0,,https://www.cambridgeenglish.org/images/506887-b1-preliminary-vocabulary-list.pdf,hә:b,https://github.com/skywind3000/ECDICT,offline-materials,herb,authored,herb · 单词里的小故事,小乐和朋友交换今天的小发现。我们往汤里加这种香草。小乐说：“We add this herb to the soup.”朋友听懂了，也想起自己遇到过的事。,,We add this __________ to the soup.,herb,我们往汤里加这种香草。,context,2026-09-v2,本地预制课堂素材；原创短句与场景模板,[],想象你也在这个场景里。用 herb 说一句自己的话。
hero,PET,2,英雄；超越常人者；男主角,n.,日常沟通,This story is about a hero.,这个故事讲的是一位英雄。,[],结合常用释义整体记忆。先听老师读，再用自己的生活场景解释。,0,,https://www.cambridgeenglish.org/images/506887-b1-preliminary-vocabulary-list.pdf,'hiәrәu,https://github.com/skywind3000/ECDICT,offline-materials,hero,person,hero · 单词里的小故事,读书会轮到小乐介绍故事里的一个人物。这个故事讲的是一位英雄。小乐说：“This story is about a hero.”朋友听懂了，也想起自己遇到过的事。,,This story is about a __________.,hero,这个故事讲的是一位英雄。,context,2026-09-v2,本地预制课堂素材；原创短句与场景模板,[],想象你也在这个场景里。用 hero 说一句自己的话。
heroine,PET,3,巾帼英雄；烈妇；女主角,n.,日常沟通,This story is about a heroine.,这个故事讲的是一位巾帼英雄。,[],结合常用释义整体记忆。先听老师读，再用自己的生活场景解释。,0,,https://www.cambridgeenglish.org/images/506887-b1-preliminary-vocabulary-list.pdf,'herәuin,https://github.com/skywind3000/ECDICT,offline-materials,heroine,person,heroine · 单词里的小故事,读书会轮到小乐介绍故事里的一个人物。这个故事讲的是一位巾帼英雄。小乐说：“This story is about a heroine.”朋友听懂了，也想起自己遇到过的事。,,This story is about a __________.,heroine,这个故事讲的是一位巾帼英雄。,context,2026-09-v2,本地预制课堂素材；原创短句与场景模板,[],想象你也在这个场景里。用 heroine 说一句自己的话。
hidden,PET,2,隐藏的,adj.,日常沟通,This box is hidden.,这个盒子是隐藏的。,[],结合常用释义整体记忆。先听老师读，再用自己的生活场景解释。,0,,https://www.cambridgeenglish.org/images/506887-b1-preliminary-vocabulary-list.pdf,'hidn,https://github.com/skywind3000/ECDICT,offline-materials,hidden,object-quality,hidden · 单词里的小故事,朋友闭上眼睛，让小乐描述面前的盒子。这个盒子是隐藏的。小乐说：“This box is hidden.”朋友听懂了，也想起自己遇到过的事。,,This box is __________.,hidden,这个盒子是隐藏的。,context,2026-09-v2,本地预制课堂素材；原创短句与场景模板,[],想象你也在这个场景里。用 hidden 说一句自己的话。
hide,PET,1,藏；隐瞒；遮避,v.,日常沟通,Do not hide the ball.,不要把球藏起来。,[],结合常用释义整体记忆。先听老师读，再用自己的生活场景解释。,0,,https://www.cambridgeenglish.org/images/506887-b1-preliminary-vocabulary-list.pdf,haid,https://github.com/skywind3000/ECDICT,offline-materials,hide,authored,hide · 单词里的小故事,小乐和朋友交换今天的小发现。不要把球藏起来。小乐说：“Do not hide the ball.”朋友听懂了，也想起自己遇到过的事。,,Do not __________ the ball.,hide,不要把球藏起来。,context,2026-09-v2,本地预制课堂素材；原创短句与场景模板,[],想象你也在这个场景里。用 hide 说一句自己的话。
high jump,PET,3,跳高,n.,日常沟通,I want to learn more about high jump.,我想多了解一些跳高。,[],结合常用释义整体记忆。先听老师读，再用自己的生活场景解释。,0,,https://www.cambridgeenglish.org/images/506887-b1-preliminary-vocabulary-list.pdf,hai dʒʌmp,https://github.com/skywind3000/ECDICT,offline-materials,high jump,activity,high jump · 单词里的小故事,班级要举办兴趣日，小乐选了自己想了解的活动。我想多了解一些跳高。小乐说：“I want to learn more about high jump.”朋友听懂了，也想起自己遇到过的事。,,I want to learn more about __________.,high jump,我想多了解一些跳高。,context,2026-09-v2,本地预制课堂素材；原创短句与场景模板,[],想象你也在这个场景里。用 high jump 说一句自己的话。
hire,PET,2,雇用；租用,v; n.,日常沟通,We can hire a bike for the day.,我们可以租一辆自行车用一天。,[],结合常用释义整体记忆。先听老师读，再用自己的生活场景解释。,0,,https://www.cambridgeenglish.org/images/506887-b1-preliminary-vocabulary-list.pdf,haiә,常用义教学修订；原词典见 ECDICT-LICENSE.txt,offline-materials,hire,authored,hire · 单词里的小故事,小乐和朋友交换今天的小发现。我们可以租一辆自行车用一天。小乐说：“We can hire a bike for the day.”朋友听懂了，也想起自己遇到过的事。,,We can __________ a bike for the day.,hire,我们可以租一辆自行车用一天。,context,2026-09-v2,本地预制课堂素材；原创短句与场景模板,[],想象你也在这个场景里。用 hire 说一句自己的话。
historic,PET,2,历史上著名的；有历史性的,adj.,日常沟通,We visited a historic building.,我们参观了一座有历史意义的建筑。,[],结合常用释义整体记忆。先听老师读，再用自己的生活场景解释。,0,,https://www.cambridgeenglish.org/images/506887-b1-preliminary-vocabulary-list.pdf,hi'stɒrik,https://github.com/skywind3000/ECDICT,offline-materials,historic,authored,historic · 单词里的小故事,小乐和朋友交换今天的小发现。我们参观了一座有历史意义的建筑。小乐说：“We visited a historic building.”朋友听懂了，也想起自己遇到过的事。,,We visited a __________ building.,historic,我们参观了一座有历史意义的建筑。,context,2026-09-v2,本地预制课堂素材；原创短句与场景模板,[],想象你也在这个场景里。用 historic 说一句自己的话。
historical,PET,1,历史的；史实的；历史上的,adj.,日常沟通,We visited a historical museum.,我们参观了一座历史博物馆。,[],结合常用释义整体记忆。先听老师读，再用自己的生活场景解释。,0,,https://www.cambridgeenglish.org/images/506887-b1-preliminary-vocabulary-list.pdf,hi'stɒrikәl,https://github.com/skywind3000/ECDICT,offline-materials,historical,authored,historical · 单词里的小故事,小乐和朋友交换今天的小发现。我们参观了一座历史博物馆。小乐说：“We visited a historical museum.”朋友听懂了，也想起自己遇到过的事。,,We visited a __________ museum.,historical,我们参观了一座历史博物馆。,context,2026-09-v2,本地预制课堂素材；原创短句与场景模板,[],想象你也在这个场景里。用 historical 说一句自己的话。
hitchhike,PET,3,搭便车,v.,日常沟通,They used to hitchhike to save money.,他们以前常搭便车来省钱。,[],结合常用释义整体记忆。先听老师读，再用自己的生活场景解释。,0,,https://www.cambridgeenglish.org/images/506887-b1-preliminary-vocabulary-list.pdf,'hitʃhaik,https://github.com/skywind3000/ECDICT,offline-materials,hitchhike,authored,hitchhike · 单词里的小故事,小乐和朋友交换今天的小发现。他们以前常搭便车来省钱。小乐说：“They used to hitchhike to save money.”朋友听懂了，也想起自己遇到过的事。,,They used to __________ to save money.,hitchhike,他们以前常搭便车来省钱。,context,2026-09-v2,本地预制课堂素材；原创短句与场景模板,[],想象你也在这个场景里。用 hitchhike 说一句自己的话。
hold up,PET,3,举起；支撑；继续下去,phr v.,日常沟通,Hold up your picture so we can see it.,举起你的画，让我们能看见。,[],结合常用释义整体记忆。先听老师读，再用自己的生活场景解释。,0,,https://www.cambridgeenglish.org/images/506887-b1-preliminary-vocabulary-list.pdf,,https://github.com/skywind3000/ECDICT,offline-materials,hold up,authored,hold up · 单词里的小故事,小乐和朋友交换今天的小发现。举起你的画，让我们能看见。小乐说：“Hold up your picture so we can see it.”朋友听懂了，也想起自己遇到过的事。,,__________ your picture so we can see it.,Hold up,举起你的画，让我们能看见。,context,2026-09-v2,本地预制课堂素材；原创短句与场景模板,[],想象你也在这个场景里。用 hold up 说一句自己的话。
hole,PET,1,孔；洞；穴,n.,日常沟通,We talked about the hole today.,我们今天谈到了孔。,[],结合常用释义整体记忆。先听老师读，再用自己的生活场景解释。,0,,https://www.cambridgeenglish.org/images/506887-b1-preliminary-vocabulary-list.pdf,hәul,https://github.com/skywind3000/ECDICT,offline-materials,hole,discussion,hole · 单词里的小故事,小乐和朋友聊起今天的一件事。我们今天谈到了孔。小乐说：“We talked about the hole today.”朋友听懂了，也想起自己遇到过的事。,,We talked about the __________ today.,hole,我们今天谈到了孔。,context,2026-09-v2,本地预制课堂素材；原创短句与场景模板,[],想象你也在这个场景里。用 hole 说一句自己的话。
homepage,PET,3,主页,n.,日常沟通,We talked about the homepage today.,我们今天谈到了主页。,[],结合常用释义整体记忆。先听老师读，再用自己的生活场景解释。,0,,https://www.cambridgeenglish.org/images/506887-b1-preliminary-vocabulary-list.pdf,'hәumpeidʒ,https://github.com/skywind3000/ECDICT,offline-materials,homepage,discussion,homepage · 单词里的小故事,小乐和朋友聊起今天的一件事。我们今天谈到了主页。小乐说：“We talked about the homepage today.”朋友听懂了，也想起自己遇到过的事。,,We talked about the __________ today.,homepage,我们今天谈到了主页。,context,2026-09-v2,本地预制课堂素材；原创短句与场景模板,[],想象你也在这个场景里。用 homepage 说一句自己的话。
honest,PET,2,诚实的；坦直的；可靠的,adj.,日常沟通,The person in the story is honest.,故事里的那个人是诚实的。,"[{""text"": ""honest"", ""kind"": ""root"", ""meaning"": ""诚实的""}]",这个词本身可以作为词基，与相关派生词联系起来理解。,0,,https://www.cambridgeenglish.org/images/506887-b1-preliminary-vocabulary-list.pdf,'ɒnist,https://github.com/skywind3000/ECDICT,offline-materials,honest,person-quality,honest · 单词里的小故事,同学们在给故事人物选词卡，小乐找到了合适的一张。故事里的那个人是诚实的。小乐说：“The person in the story is honest.”朋友听懂了，也想起自己遇到过的事。,,The person in the story is __________.,honest,故事里的那个人是诚实的。,context,2026-09-v2,本地预制课堂素材；原创短句与场景模板,[],想象你也在这个场景里。用 honest 说一句自己的话。
honestly,PET,2,真诚地；公正地,adv.,日常沟通,Please answer honestly.,请诚实回答。,[],结合常用释义整体记忆。先听老师读，再用自己的生活场景解释。,0,,https://www.cambridgeenglish.org/images/506887-b1-preliminary-vocabulary-list.pdf,'ɒnistli,https://github.com/skywind3000/ECDICT,offline-materials,honestly,authored,honestly · 单词里的小故事,小乐和朋友交换今天的小发现。请诚实回答。小乐说：“Please answer honestly.”朋友听懂了，也想起自己遇到过的事。,,Please answer __________.,honestly,请诚实回答。,context,2026-09-v2,本地预制课堂素材；原创短句与场景模板,[],想象你也在这个场景里。用 honestly 说一句自己的话。
honeymoon,PET,3,蜜月；蜜月假期,n.,日常沟通,We talked about the honeymoon today.,我们今天谈到了蜜月。,[],结合常用释义整体记忆。先听老师读，再用自己的生活场景解释。,0,,https://www.cambridgeenglish.org/images/506887-b1-preliminary-vocabulary-list.pdf,'hʌnimu:n,https://github.com/skywind3000/ECDICT,offline-materials,honeymoon,discussion,honeymoon · 单词里的小故事,小乐和朋友聊起今天的一件事。我们今天谈到了蜜月。小乐说：“We talked about the honeymoon today.”朋友听懂了，也想起自己遇到过的事。,,We talked about the __________ today.,honeymoon,我们今天谈到了蜜月。,context,2026-09-v2,本地预制课堂素材；原创短句与场景模板,[],想象你也在这个场景里。用 honeymoon 说一句自己的话。
hopeful,PET,2,有希望的；怀抱希望的；保持乐观的,adj.,日常沟通,I feel hopeful today.,我今天感到有希望的。,"[{""text"": ""hope"", ""kind"": ""root"", ""meaning"": ""希望""}, {""text"": ""-ful"", ""kind"": ""suffix"", ""meaning"": ""有……特征的；充满……的"", ""story"": ""-ful 可以追溯到古英语中表示“满的”的 full。今天它常表示具有某种特征。可以把它想成“装着某种特点”的小口袋。注意：独立单词 full 有两个 l，后缀 -ful 只有一个。"", ""source"": ""https://www.merriam-webster.com/dictionary/-ful""}]",先理解词基，再看词缀如何改变含义或词性。,0,,https://www.cambridgeenglish.org/images/506887-b1-preliminary-vocabulary-list.pdf,'hәupful,https://github.com/skywind3000/ECDICT,offline-materials,hopeful,feeling,hopeful · 单词里的小故事,老师请大家用一个词说说今天的感受，小乐先举了手。我今天感到有希望的。小乐说：“I feel hopeful today.”朋友听懂了，也想起自己遇到过的事。,,I feel __________ today.,hopeful,我今天感到有希望的。,context,2026-09-v2,本地预制课堂素材；原创短句与场景模板,"[{""en"": ""We are hopeful about the next game."", ""zh"": ""我们对下一场比赛充满希望。""}]",想象你也在这个场景里。用 hopeful 说一句自己的话。
hopefully,PET,2,有希望地；如果希望能实现的话,adv.,日常沟通,"Hopefully, it will be sunny tomorrow.",希望明天是晴天。,[],结合常用释义整体记忆。先听老师读，再用自己的生活场景解释。,0,,https://www.cambridgeenglish.org/images/506887-b1-preliminary-vocabulary-list.pdf,'hәjpfjli,https://github.com/skywind3000/ECDICT,offline-materials,hopefully,authored,hopefully · 单词里的小故事,"小乐和朋友交换今天的小发现。希望明天是晴天。小乐说：“Hopefully, it will be sunny tomorrow.”朋友听懂了，也想起自己遇到过的事。",,"__________, it will be sunny tomorrow.",Hopefully,希望明天是晴天。,context,2026-09-v2,本地预制课堂素材；原创短句与场景模板,[],想象你也在这个场景里。用 hopefully 说一句自己的话。
hopeless,PET,2,没有希望的,adj.,日常沟通,The situation is difficult but not hopeless.,情况困难但并非没有希望。,"[{""text"": ""hope"", ""kind"": ""root"", ""meaning"": ""希望""}, {""text"": ""-less"", ""kind"": ""suffix"", ""meaning"": ""没有；缺少"", ""story"": ""-less 的历史形式来自古英语 -lēas，表示缺少。它像提醒我们看见一个空着的位置：这里少了什么？它与独立单词 less 的来历不能简单混在一起。"", ""source"": ""https://www.merriam-webster.com/dictionary/-less""}]",先理解词基，再看词缀如何改变含义或词性。,0,,https://www.cambridgeenglish.org/images/506887-b1-preliminary-vocabulary-list.pdf,'hәuplis,原创课堂释义与例句,offline-materials,hopeless,authored,hopeless · 单词里的小故事,小乐和朋友交换今天的小发现。情况困难但并非没有希望。小乐说：“The situation is difficult but not hopeless.”朋友听懂了，也想起自己遇到过的事。,,The situation is difficult but not __________.,hopeless,情况困难但并非没有希望。,context,2026-09-v2,本地预制课堂素材；原创短句与场景模板,"[{""en"": ""The team is not hopeless; it can still win."", ""zh"": ""这支队伍并非没有希望，它仍然能赢。""}]",想象你也在这个场景里。用 hopeless 说一句自己的话。
horse-riding,PET,3,骑马,n.,日常沟通,I want to learn more about horse-riding.,我想多了解一些骑马。,[],结合常用释义整体记忆。先听老师读，再用自己的生活场景解释。,0,,https://www.cambridgeenglish.org/images/506887-b1-preliminary-vocabulary-list.pdf,'hɔ:sr'aɪdɪŋ,https://github.com/skywind3000/ECDICT,offline-materials,horse-riding,activity,horse-riding · 单词里的小故事,班级要举办兴趣日，小乐选了自己想了解的活动。我想多了解一些骑马。小乐说：“I want to learn more about horse-riding.”朋友听懂了，也想起自己遇到过的事。,,I want to learn more about __________.,horse-riding,我想多了解一些骑马。,context,2026-09-v2,本地预制课堂素材；原创短句与场景模板,[],想象你也在这个场景里。用 horse-riding 说一句自己的话。
hostel,PET,2,青年招待所；宿舍；旅店,n.,日常沟通,We visited the hostel today.,我们今天参观了青年招待所。,[],结合常用释义整体记忆。先听老师读，再用自己的生活场景解释。,0,,https://www.cambridgeenglish.org/images/506887-b1-preliminary-vocabulary-list.pdf,'hɒstәl,https://github.com/skywind3000/ECDICT,offline-materials,hostel,place,hostel · 单词里的小故事,小乐把今天的外出经历记进了日记。我们今天参观了青年招待所。小乐说：“We visited the hostel today.”朋友听懂了，也想起自己遇到过的事。,,We visited the __________ today.,hostel,我们今天参观了青年招待所。,context,2026-09-v2,本地预制课堂素材；原创短句与场景模板,[],想象你也在这个场景里。用 hostel 说一句自己的话。
housework,PET,3,家事；家务,n.,日常沟通,We talked about the housework today.,我们今天谈到了家事。,"[{""text"": ""house"", ""kind"": ""compound"", ""meaning"": ""房屋""}, {""text"": ""work"", ""kind"": ""compound"", ""meaning"": ""劳动""}]",两个已有成分组合成一个词。结合它们的意思理解整体词义，但不要把这种现代拆分当作完整的历史词源。,0,,https://www.cambridgeenglish.org/images/506887-b1-preliminary-vocabulary-list.pdf,'hauswә:k,https://github.com/skywind3000/ECDICT,offline-materials,housework,discussion,housework · 单词里的小故事,小乐和朋友聊起今天的一件事。我们今天谈到了家事。小乐说：“We talked about the housework today.”朋友听懂了，也想起自己遇到过的事。,,We talked about the __________ today.,housework,我们今天谈到了家事。,context,2026-09-v2,本地预制课堂素材；原创短句与场景模板,[],想象你也在这个场景里。用 housework 说一句自己的话。
how much,PET,3,多少；什么价钱；到什么程度,adv.,日常沟通,How much is this book?,这本书多少钱？,[],结合常用释义整体记忆。先听老师读，再用自己的生活场景解释。,0,,https://www.cambridgeenglish.org/images/506887-b1-preliminary-vocabulary-list.pdf,,https://github.com/skywind3000/ECDICT,offline-materials,how much,authored,how much · 单词里的小故事,小乐和朋友交换今天的小发现。这本书多少钱？小乐说：“How much is this book?”朋友听懂了，也想起自己遇到过的事。,,__________ is this book?,How much,这本书多少钱？,context,2026-09-v2,本地预制课堂素材；原创短句与场景模板,[],想象你也在这个场景里。用 how much 说一句自己的话。
hug,PET,2,紧抱；拥抱,n; v.,日常沟通,We talked about the hug today.,我们今天谈到了紧抱。,[],结合常用释义整体记忆。先听老师读，再用自己的生活场景解释。,0,,https://www.cambridgeenglish.org/images/506887-b1-preliminary-vocabulary-list.pdf,hʌg,https://github.com/skywind3000/ECDICT,offline-materials,hug,discussion,hug · 单词里的小故事,小乐和朋友聊起今天的一件事。我们今天谈到了紧抱。小乐说：“We talked about the hug today.”朋友听懂了，也想起自己遇到过的事。,,We talked about the __________ today.,hug,我们今天谈到了紧抱。,context,2026-09-v2,本地预制课堂素材；原创短句与场景模板,[],想象你也在这个场景里。用 hug 说一句自己的话。
human,PET,1,人类的；似人类的；人性的,adj; n.,日常沟通,The person in the story is human.,故事里的那个人是人类的。,[],结合常用释义整体记忆。先听老师读，再用自己的生活场景解释。,0,,https://www.cambridgeenglish.org/images/506887-b1-preliminary-vocabulary-list.pdf,'hju:mәn,https://github.com/skywind3000/ECDICT,offline-materials,human,person-quality,human · 单词里的小故事,同学们在给故事人物选词卡，小乐找到了合适的一张。故事里的那个人是人类的。小乐说：“The person in the story is human.”朋友听懂了，也想起自己遇到过的事。,,The person in the story is __________.,human,故事里的那个人是人类的。,context,2026-09-v2,本地预制课堂素材；原创短句与场景模板,[],想象你也在这个场景里。用 human 说一句自己的话。
humid,PET,3,潮湿的；湿润的；多湿气的,adj.,日常沟通,It is humid today.,今天的天气是潮湿的。,[],结合常用释义整体记忆。先听老师读，再用自己的生活场景解释。,0,,https://www.cambridgeenglish.org/images/506887-b1-preliminary-vocabulary-list.pdf,'hju:mid,https://github.com/skywind3000/ECDICT,offline-materials,humid,weather-quality,humid · 单词里的小故事,出门前，小乐看了一眼窗外，把天气告诉家人。今天的天气是潮湿的。小乐说：“It is humid today.”朋友听懂了，也想起自己遇到过的事。,,It is __________ today.,humid,今天的天气是潮湿的。,context,2026-09-v2,本地预制课堂素材；原创短句与场景模板,[],想象你也在这个场景里。用 humid 说一句自己的话。
hunger,PET,2,饥饿；渴望；饥荒,n.,日常沟通,We talked about the hunger today.,我们今天谈到了饥饿。,[],结合常用释义整体记忆。先听老师读，再用自己的生活场景解释。,0,,https://www.cambridgeenglish.org/images/506887-b1-preliminary-vocabulary-list.pdf,'hʌŋgә,https://github.com/skywind3000/ECDICT,offline-materials,hunger,discussion,hunger · 单词里的小故事,小乐和朋友聊起今天的一件事。我们今天谈到了饥饿。小乐说：“We talked about the hunger today.”朋友听懂了，也想起自己遇到过的事。,,We talked about the __________ today.,hunger,我们今天谈到了饥饿。,context,2026-09-v2,本地预制课堂素材；原创短句与场景模板,[],想象你也在这个场景里。用 hunger 说一句自己的话。
hunt,PET,2,狩猎；打猎；搜索,v.,日常沟通,Cats sometimes hunt at night.,猫有时会在夜间捕猎。,[],结合常用释义整体记忆。先听老师读，再用自己的生活场景解释。,0,,https://www.cambridgeenglish.org/images/506887-b1-preliminary-vocabulary-list.pdf,hʌnt,https://github.com/skywind3000/ECDICT,offline-materials,hunt,authored,hunt · 单词里的小故事,小乐和朋友交换今天的小发现。猫有时会在夜间捕猎。小乐说：“Cats sometimes hunt at night.”朋友听懂了，也想起自己遇到过的事。,,Cats sometimes __________ at night.,hunt,猫有时会在夜间捕猎。,context,2026-09-v2,本地预制课堂素材；原创短句与场景模板,[],想象你也在这个场景里。用 hunt 说一句自己的话。
hut,PET,2,小屋；茅舍；临时军营,n.,日常沟通,We visited the hut today.,我们今天参观了小屋。,[],结合常用释义整体记忆。先听老师读，再用自己的生活场景解释。,0,,https://www.cambridgeenglish.org/images/506887-b1-preliminary-vocabulary-list.pdf,hʌt,https://github.com/skywind3000/ECDICT,offline-materials,hut,place,hut · 单词里的小故事,小乐把今天的外出经历记进了日记。我们今天参观了小屋。小乐说：“We visited the hut today.”朋友听懂了，也想起自己遇到过的事。,,We visited the __________ today.,hut,我们今天参观了小屋。,context,2026-09-v2,本地预制课堂素材；原创短句与场景模板,[],想象你也在这个场景里。用 hut 说一句自己的话。
ice hockey,PET,3,冰球；冰上曲棍球,n.,日常沟通,I want to learn more about ice hockey.,我想多了解一些冰球。,[],结合常用释义整体记忆。先听老师读，再用自己的生活场景解释。,0,,https://www.cambridgeenglish.org/images/506887-b1-preliminary-vocabulary-list.pdf,ais ˈhɔki,https://github.com/skywind3000/ECDICT,offline-materials,ice hockey,activity,ice hockey · 单词里的小故事,班级要举办兴趣日，小乐选了自己想了解的活动。我想多了解一些冰球。小乐说：“I want to learn more about ice hockey.”朋友听懂了，也想起自己遇到过的事。,,I want to learn more about __________.,ice hockey,我想多了解一些冰球。,context,2026-09-v2,本地预制课堂素材；原创短句与场景模板,[],想象你也在这个场景里。用 ice hockey 说一句自己的话。
ice skates,PET,2,溜冰鞋,n. pl.,日常沟通,I want to learn more about ice skates.,我想多了解一些溜冰鞋。,[],作为一个常用表达整体理解，先跟读再结合场景练习。,0,,https://www.cambridgeenglish.org/images/506887-b1-preliminary-vocabulary-list.pdf,,原创课堂释义,offline-materials,ice skates,activity,ice skates · 单词里的小故事,班级要举办兴趣日，小乐选了自己想了解的活动。我想多了解一些溜冰鞋。小乐说：“I want to learn more about ice skates.”朋友听懂了，也想起自己遇到过的事。,,I want to learn more about __________.,ice skates,我想多了解一些溜冰鞋。,context,2026-09-v2,本地预制课堂素材；原创短句与场景模板,[],想象你也在这个场景里。用 ice skates 说一句自己的话。
icy,PET,3,冰的；冰冷的；冷淡的,adj.,日常沟通,It is icy today.,今天的天气是冰的。,"[{""text"": ""ice"", ""kind"": ""root"", ""meaning"": ""冰""}, {""text"": ""-y"", ""kind"": ""suffix"", ""meaning"": ""有……特征的"", ""story"": ""表示特征的 -y 可以追溯到古英语的 -ig。它常帮助我们描述一个事物有什么特点。先看看词基指什么，再想想“有这种特点的”会是什么样子。"", ""source"": ""https://www.merriam-webster.com/dictionary/-y""}]",这是词基与派生词的关系。拼写发生了变化，请把本课目标单词完整写对；构词成分不是原词的逐字切片。,0,,https://www.cambridgeenglish.org/images/506887-b1-preliminary-vocabulary-list.pdf,'aisi,https://github.com/skywind3000/ECDICT,offline-materials,icy,weather-quality,icy · 单词里的小故事,出门前，小乐看了一眼窗外，把天气告诉家人。今天的天气是冰的。小乐说：“It is icy today.”朋友听懂了，也想起自己遇到过的事。,,It is __________ today.,icy,今天的天气是冰的。,context,2026-09-v2,本地预制课堂素材；原创短句与场景模板,[],想象你也在这个场景里。用 icy 说一句自己的话。
identify,PET,1,识别；认为...等同于；确定,v.,日常沟通,Can you identify this bird?,你能认出这种鸟吗？,[],结合常用释义整体记忆。先听老师读，再用自己的生活场景解释。,0,,https://www.cambridgeenglish.org/images/506887-b1-preliminary-vocabulary-list.pdf,ai'dentifai,https://github.com/skywind3000/ECDICT,offline-materials,identify,authored,identify · 单词里的小故事,小乐和朋友交换今天的小发现。你能认出这种鸟吗？小乐说：“Can you identify this bird?”朋友听懂了，也想起自己遇到过的事。,,Can you __________ this bird?,identify,你能认出这种鸟吗？,context,2026-09-v2,本地预制课堂素材；原创短句与场景模板,[],想象你也在这个场景里。用 identify 说一句自己的话。
identity card,PET,3,身份证,n.,日常沟通,We need the identity card today.,我们今天需要身份证。,[],结合常用释义整体记忆。先听老师读，再用自己的生活场景解释。,0,,https://www.cambridgeenglish.org/images/506887-b1-preliminary-vocabulary-list.pdf,aiˈdentiti kɑ:d,常用义教学修订；原词典见 ECDICT-LICENSE.txt,offline-materials,identity card,equipment,identity card · 单词里的小故事,班级活动开始前，小乐负责核对需要的东西。我们今天需要身份证。小乐说：“We need the identity card today.”朋友听懂了，也想起自己遇到过的事。,,We need the __________ today.,identity card,我们今天需要身份证。,context,2026-09-v2,本地预制课堂素材；原创短句与场景模板,[],想象你也在这个场景里。用 identity card 说一句自己的话。
ignore,PET,1,不理睬；忽视；驳回,v.,日常沟通,Do not ignore the warning.,不要忽视警告。,[],结合常用释义整体记忆。先听老师读，再用自己的生活场景解释。,0,,https://www.cambridgeenglish.org/images/506887-b1-preliminary-vocabulary-list.pdf,ig'nɒ:,https://github.com/skywind3000/ECDICT,offline-materials,ignore,authored,ignore · 单词里的小故事,小乐和朋友交换今天的小发现。不要忽视警告。小乐说：“Do not ignore the warning.”朋友听懂了，也想起自己遇到过的事。,,Do not __________ the warning.,ignore,不要忽视警告。,context,2026-09-v2,本地预制课堂素材；原创短句与场景模板,[],想象你也在这个场景里。用 ignore 说一句自己的话。
illness,PET,2,疾病,n.,日常沟通,He returns to school after his illness.,他病后回到了学校。,"[{""text"": ""ill"", ""kind"": ""root"", ""meaning"": ""生病的""}, {""text"": ""-ness"", ""kind"": ""suffix"", ""meaning"": ""性质或状态（构成名词）"", ""story"": ""-ness 在古英语里已经用来构成表示性质或状态的名词。一个形容词描述“怎么样”，加上这个结尾，我们就能谈论“这种状态或品质”本身。"", ""source"": ""https://www.merriam-webster.com/dictionary/-ness""}]",先理解词基，再看词缀如何改变含义或词性。,0,,https://www.cambridgeenglish.org/images/506887-b1-preliminary-vocabulary-list.pdf,'ilnis,原创课堂释义与例句,offline-materials,illness,authored,illness · 单词里的小故事,小乐和朋友交换今天的小发现。他病后回到了学校。小乐说：“He returns to school after his illness.”朋友听懂了，也想起自己遇到过的事。,,He returns to school after his __________.,illness,他病后回到了学校。,context,2026-09-v2,本地预制课堂素材；原创短句与场景模板,"[{""en"": ""He missed school because of illness."", ""zh"": ""他因病没来上学。""}]",想象你也在这个场景里。用 illness 说一句自己的话。
imagination,PET,2,想像；听觉；想像力,n.,日常沟通,We learn about imagination at school.,我们在学校学习想像。,[],结合常用释义整体记忆。先听老师读，再用自己的生活场景解释。,0,,https://www.cambridgeenglish.org/images/506887-b1-preliminary-vocabulary-list.pdf,i.mædʒi'neiʃәn,https://github.com/skywind3000/ECDICT,offline-materials,imagination,school,imagination · 单词里的小故事,小乐把今天在学校学到的内容讲给家人听。我们在学校学习想像。小乐说：“We learn about imagination at school.”朋友听懂了，也想起自己遇到过的事。,,We learn about __________ at school.,imagination,我们在学校学习想像。,context,2026-09-v2,本地预制课堂素材；原创短句与场景模板,[],想象你也在这个场景里。用 imagination 说一句自己的话。
imagine,PET,1,想像；设想；猜测,v.,日常沟通,Imagine a house by the sea.,想象一座海边的房子。,[],结合常用释义整体记忆。先听老师读，再用自己的生活场景解释。,0,,https://www.cambridgeenglish.org/images/506887-b1-preliminary-vocabulary-list.pdf,i'mædʒin,https://github.com/skywind3000/ECDICT,offline-materials,imagine,authored,imagine · 单词里的小故事,小乐和朋友交换今天的小发现。想象一座海边的房子。小乐说：“Imagine a house by the sea.”朋友听懂了，也想起自己遇到过的事。,,__________ a house by the sea.,Imagine,想象一座海边的房子。,context,2026-09-v2,本地预制课堂素材；原创短句与场景模板,[],想象你也在这个场景里。用 imagine 说一句自己的话。
immigration,PET,2,移民；移居,n.,日常沟通,We talked about the immigration today.,我们今天谈到了移民。,[],结合常用释义整体记忆。先听老师读，再用自己的生活场景解释。,0,,https://www.cambridgeenglish.org/images/506887-b1-preliminary-vocabulary-list.pdf,.imi'greiʃәn,https://github.com/skywind3000/ECDICT,offline-materials,immigration,discussion,immigration · 单词里的小故事,小乐和朋友聊起今天的一件事。我们今天谈到了移民。小乐说：“We talked about the immigration today.”朋友听懂了，也想起自己遇到过的事。,,We talked about the __________ today.,immigration,我们今天谈到了移民。,context,2026-09-v2,本地预制课堂素材；原创短句与场景模板,[],想象你也在这个场景里。用 immigration 说一句自己的话。
importance,PET,1,重要；重要性；重要地位,n.,日常沟通,We talked about the importance today.,我们今天谈到了重要。,[],结合常用释义整体记忆。先听老师读，再用自己的生活场景解释。,0,,https://www.cambridgeenglish.org/images/506887-b1-preliminary-vocabulary-list.pdf,im'pɒ:tәns,https://github.com/skywind3000/ECDICT,offline-materials,importance,discussion,importance · 单词里的小故事,小乐和朋友聊起今天的一件事。我们今天谈到了重要。小乐说：“We talked about the importance today.”朋友听懂了，也想起自己遇到过的事。,,We talked about the __________ today.,importance,我们今天谈到了重要。,context,2026-09-v2,本地预制课堂素材；原创短句与场景模板,[],想象你也在这个场景里。用 importance 说一句自己的话。
impressed,PET,2,外加的；印象深刻的；了不起的,adj.,日常沟通,I feel impressed today.,我今天感到外加的。,[],结合常用释义整体记忆。先听老师读，再用自己的生活场景解释。,0,,https://www.cambridgeenglish.org/images/506887-b1-preliminary-vocabulary-list.pdf,,https://github.com/skywind3000/ECDICT,offline-materials,impressed,feeling,impressed · 单词里的小故事,老师请大家用一个词说说今天的感受，小乐先举了手。我今天感到外加的。小乐说：“I feel impressed today.”朋友听懂了，也想起自己遇到过的事。,,I feel __________ today.,impressed,我今天感到外加的。,context,2026-09-v2,本地预制课堂素材；原创短句与场景模板,[],想象你也在这个场景里。用 impressed 说一句自己的话。
improvement,PET,1,进步；改善,n.,日常沟通,Your writing shows a clear improvement.,你的写作有了明显进步。,"[{""text"": ""improve"", ""kind"": ""root"", ""meaning"": ""改善""}, {""text"": ""-ment"", ""kind"": ""suffix"", ""meaning"": ""行为、结果或状态（构成名词）"", ""story"": ""-ment 经由法语进入英语，更早来自拉丁语 -mentum。它常给动作、结果或状态取名字。想象一个动作发生了，我们还想谈论这件事本身，这时就可能遇见它。"", ""source"": ""https://www.merriam-webster.com/dictionary/-ment""}]",先理解词基，再看词缀如何改变含义或词性。,0,,https://www.cambridgeenglish.org/images/506887-b1-preliminary-vocabulary-list.pdf,im'pru:vmәnt,原创课堂释义与例句,offline-materials,improvement,authored,improvement · 单词里的小故事,小乐和朋友交换今天的小发现。你的写作有了明显进步。小乐说：“Your writing shows a clear improvement.”朋友听懂了，也想起自己遇到过的事。,,Your writing shows a clear __________.,improvement,你的写作有了明显进步。,context,2026-09-v2,本地预制课堂素材；原创短句与场景模板,"[{""en"": ""Your writing shows a big improvement."", ""zh"": ""你的书写进步很大。""}]",想象你也在这个场景里。用 improvement 说一句自己的话。
in advance,PET,3,预先,prep phr.,日常沟通,We bought the tickets in advance.,我们提前买了票。,[],结合常用释义整体记忆。先听老师读，再用自己的生活场景解释。,0,,https://www.cambridgeenglish.org/images/506887-b1-preliminary-vocabulary-list.pdf,,https://github.com/skywind3000/ECDICT,offline-materials,in advance,authored,in advance · 单词里的小故事,小乐和朋友交换今天的小发现。我们提前买了票。小乐说：“We bought the tickets in advance.”朋友听懂了，也想起自己遇到过的事。,,We bought the tickets __________.,in advance,我们提前买了票。,context,2026-09-v2,本地预制课堂素材；原创短句与场景模板,[],想象你也在这个场景里。用 in advance 说一句自己的话。
in case,PET,3,万一,adv; conj.,日常沟通,Take a coat in case it gets cold.,带一件外套，以防天气变冷。,[],结合常用释义整体记忆。先听老师读，再用自己的生活场景解释。,0,,https://www.cambridgeenglish.org/images/506887-b1-preliminary-vocabulary-list.pdf,,https://github.com/skywind3000/ECDICT,offline-materials,in case,authored,in case · 单词里的小故事,小乐和朋友交换今天的小发现。带一件外套，以防天气变冷。小乐说：“Take a coat in case it gets cold.”朋友听懂了，也想起自己遇到过的事。,,Take a coat __________ it gets cold.,in case,带一件外套，以防天气变冷。,context,2026-09-v2,本地预制课堂素材；原创短句与场景模板,[],想象你也在这个场景里。用 in case 说一句自己的话。
in fact,PET,3,事实上,prep phr.,日常沟通,"In fact, the game is quite easy.",实际上，这个游戏相当简单。,[],结合常用释义整体记忆。先听老师读，再用自己的生活场景解释。,0,,https://www.cambridgeenglish.org/images/506887-b1-preliminary-vocabulary-list.pdf,,https://github.com/skywind3000/ECDICT,offline-materials,in fact,authored,in fact · 单词里的小故事,"小乐和朋友交换今天的小发现。实际上，这个游戏相当简单。小乐说：“In fact, the game is quite easy.”朋友听懂了，也想起自己遇到过的事。",,"__________, the game is quite easy.",In fact,实际上，这个游戏相当简单。,context,2026-09-v2,本地预制课堂素材；原创短句与场景模板,[],想象你也在这个场景里。用 in fact 说一句自己的话。
in half,PET,3,分成两半；平分,prep phr.,日常沟通,Cut the apple in half.,把苹果切成两半。,[],结合常用释义整体记忆。先听老师读，再用自己的生活场景解释。,0,,https://www.cambridgeenglish.org/images/506887-b1-preliminary-vocabulary-list.pdf,,https://github.com/skywind3000/ECDICT,offline-materials,in half,authored,in half · 单词里的小故事,小乐和朋友交换今天的小发现。把苹果切成两半。小乐说：“Cut the apple in half.”朋友听懂了，也想起自己遇到过的事。,,Cut the apple __________.,in half,把苹果切成两半。,context,2026-09-v2,本地预制课堂素材；原创短句与场景模板,[],想象你也在这个场景里。用 in half 说一句自己的话。
in ink,PET,2,用墨水,prep. phr.,日常沟通,Please write your name in ink.,请用墨水写名字。,[],作为一个常用表达整体理解，先跟读再结合场景练习。,0,,https://www.cambridgeenglish.org/images/506887-b1-preliminary-vocabulary-list.pdf,,原创课堂释义,offline-materials,in ink,authored,in ink · 单词里的小故事,小乐和朋友交换今天的小发现。请用墨水写名字。小乐说：“Please write your name in ink.”朋友听懂了，也想起自己遇到过的事。,,Please write your name __________.,in ink,请用墨水写名字。,context,2026-09-v2,本地预制课堂素材；原创短句与场景模板,[],想象你也在这个场景里。用 in ink 说一句自己的话。
in love,PET,3,相爱；恋爱中,prep phr.,日常沟通,The two people are in love.,这两个人相爱了。,[],结合常用释义整体记忆。先听老师读，再用自己的生活场景解释。,0,,https://www.cambridgeenglish.org/images/506887-b1-preliminary-vocabulary-list.pdf,,https://github.com/skywind3000/ECDICT,offline-materials,in love,authored,in love · 单词里的小故事,小乐和朋友交换今天的小发现。这两个人相爱了。小乐说：“The two people are in love.”朋友听懂了，也想起自己遇到过的事。,,The two people are __________.,in love,这两个人相爱了。,context,2026-09-v2,本地预制课堂素材；原创短句与场景模板,[],想象你也在这个场景里。用 in love 说一句自己的话。
in order,PET,3,整齐；状况良好；适宜,prep phr.,日常沟通,Put the numbers in order.,把数字按顺序排列。,[],结合常用释义整体记忆。先听老师读，再用自己的生活场景解释。,0,,https://www.cambridgeenglish.org/images/506887-b1-preliminary-vocabulary-list.pdf,,https://github.com/skywind3000/ECDICT,offline-materials,in order,authored,in order · 单词里的小故事,小乐和朋友交换今天的小发现。把数字按顺序排列。小乐说：“Put the numbers in order.”朋友听懂了，也想起自己遇到过的事。,,Put the numbers __________.,in order,把数字按顺序排列。,context,2026-09-v2,本地预制课堂素材；原创短句与场景模板,[],想象你也在这个场景里。用 in order 说一句自己的话。
in order to,PET,3,为了…,prep phr.,日常沟通,We left early in order to catch the bus.,我们早出发，为的是赶上公交车。,[],结合常用释义整体记忆。先听老师读，再用自己的生活场景解释。,0,,https://www.cambridgeenglish.org/images/506887-b1-preliminary-vocabulary-list.pdf,in ˈɔ:də tu:,https://github.com/skywind3000/ECDICT,offline-materials,in order to,authored,in order to · 单词里的小故事,小乐和朋友交换今天的小发现。我们早出发，为的是赶上公交车。小乐说：“We left early in order to catch the bus.”朋友听懂了，也想起自己遇到过的事。,,We left early __________ catch the bus.,in order to,我们早出发，为的是赶上公交车。,context,2026-09-v2,本地预制课堂素材；原创短句与场景模板,[],想象你也在这个场景里。用 in order to 说一句自己的话。
in pencil,PET,2,用铅笔,prep. phr.,日常沟通,Please write your answer in pencil.,请用铅笔写答案。,[],作为一个常用表达整体理解，先跟读再结合场景练习。,0,,https://www.cambridgeenglish.org/images/506887-b1-preliminary-vocabulary-list.pdf,,原创课堂释义,offline-materials,in pencil,authored,in pencil · 单词里的小故事,小乐和朋友交换今天的小发现。请用铅笔写答案。小乐说：“Please write your answer in pencil.”朋友听懂了，也想起自己遇到过的事。,,Please write your answer __________.,in pencil,请用铅笔写答案。,context,2026-09-v2,本地预制课堂素材；原创短句与场景模板,[],想象你也在这个场景里。用 in pencil 说一句自己的话。
in the end,PET,3,最后；终于,prep phr.,日常沟通,"In the end, we all went home.",最后，我们都回家了。,[],结合常用释义整体记忆。先听老师读，再用自己的生活场景解释。,0,,https://www.cambridgeenglish.org/images/506887-b1-preliminary-vocabulary-list.pdf,,https://github.com/skywind3000/ECDICT,offline-materials,in the end,authored,in the end · 单词里的小故事,"小乐和朋友交换今天的小发现。最后，我们都回家了。小乐说：“In the end, we all went home.”朋友听懂了，也想起自己遇到过的事。",,"__________, we all went home.",In the end,最后，我们都回家了。,context,2026-09-v2,本地预制课堂素材；原创短句与场景模板,[],想象你也在这个场景里。用 in the end 说一句自己的话。
in time,PET,3,及时,prep phr.,日常沟通,We arrived in time for lunch.,我们及时赶上了午饭。,[],结合常用释义整体记忆。先听老师读，再用自己的生活场景解释。,0,,https://www.cambridgeenglish.org/images/506887-b1-preliminary-vocabulary-list.pdf,,https://github.com/skywind3000/ECDICT,offline-materials,in time,authored,in time · 单词里的小故事,小乐和朋友交换今天的小发现。我们及时赶上了午饭。小乐说：“We arrived in time for lunch.”朋友听懂了，也想起自己遇到过的事。,,We arrived __________ for lunch.,in time,我们及时赶上了午饭。,context,2026-09-v2,本地预制课堂素材；原创短句与场景模板,[],想象你也在这个场景里。用 in time 说一句自己的话。
in two,PET,3,分为两部分；一分为二,prep phr.,日常沟通,She cut the cake in two.,她把蛋糕切成了两块。,[],结合常用释义整体记忆。先听老师读，再用自己的生活场景解释。,0,,https://www.cambridgeenglish.org/images/506887-b1-preliminary-vocabulary-list.pdf,,https://github.com/skywind3000/ECDICT,offline-materials,in two,authored,in two · 单词里的小故事,小乐和朋友交换今天的小发现。她把蛋糕切成了两块。小乐说：“She cut the cake in two.”朋友听懂了，也想起自己遇到过的事。,,She cut the cake __________.,in two,她把蛋糕切成了两块。,context,2026-09-v2,本地预制课堂素材；原创短句与场景模板,[],想象你也在这个场景里。用 in two 说一句自己的话。
inch,PET,2,英寸；身高；小岛,n.,日常沟通,We talked about the inch today.,我们今天谈到了英寸。,[],结合常用释义整体记忆。先听老师读，再用自己的生活场景解释。,0,,https://www.cambridgeenglish.org/images/506887-b1-preliminary-vocabulary-list.pdf,intʃ,https://github.com/skywind3000/ECDICT,offline-materials,inch,discussion,inch · 单词里的小故事,小乐和朋友聊起今天的一件事。我们今天谈到了英寸。小乐说：“We talked about the inch today.”朋友听懂了，也想起自己遇到过的事。,,We talked about the __________ today.,inch,我们今天谈到了英寸。,context,2026-09-v2,本地预制课堂素材；原创短句与场景模板,[],想象你也在这个场景里。用 inch 说一句自己的话。
incorrect,PET,3,不正确的,adj.,日常沟通,This answer is incorrect.,这个答案不正确。,[],结合常用释义整体记忆。先听老师读，再用自己的生活场景解释。,0,,https://www.cambridgeenglish.org/images/506887-b1-preliminary-vocabulary-list.pdf,.inkә'rekt,https://github.com/skywind3000/ECDICT,offline-materials,incorrect,authored,incorrect · 单词里的小故事,小乐和朋友交换今天的小发现。这个答案不正确。小乐说：“This answer is incorrect.”朋友听懂了，也想起自己遇到过的事。,,This answer is __________.,incorrect,这个答案不正确。,context,2026-09-v2,本地预制课堂素材；原创短句与场景模板,[],想象你也在这个场景里。用 incorrect 说一句自己的话。
increase,PET,1,增加；加大,v.,日常沟通,We need to increase the number of chairs.,我们需要增加椅子的数量。,[],结合常用释义整体记忆。先听老师读，再用自己的生活场景解释。,0,,https://www.cambridgeenglish.org/images/506887-b1-preliminary-vocabulary-list.pdf,in'kri:s,https://github.com/skywind3000/ECDICT,offline-materials,increase,authored,increase · 单词里的小故事,小乐和朋友交换今天的小发现。我们需要增加椅子的数量。小乐说：“We need to increase the number of chairs.”朋友听懂了，也想起自己遇到过的事。,,We need to __________ the number of chairs.,increase,我们需要增加椅子的数量。,context,2026-09-v2,本地预制课堂素材；原创短句与场景模板,[],想象你也在这个场景里。用 increase 说一句自己的话。
incredible,PET,2,难以置信的,adj.,日常沟通,It is an incredible story.,这是一个难以置信的故事。,[],结合常用释义整体记忆。先听老师读，再用自己的生活场景解释。,0,,https://www.cambridgeenglish.org/images/506887-b1-preliminary-vocabulary-list.pdf,in'kredәbl,https://github.com/skywind3000/ECDICT,offline-materials,incredible,story-quality,incredible · 单词里的小故事,读完一本故事书，小乐想用一句话向朋友介绍它。这是一个难以置信的故事。小乐说：“It is an incredible story.”朋友听懂了，也想起自己遇到过的事。,,It is an __________ story.,incredible,这是一个难以置信的故事。,context,2026-09-v2,本地预制课堂素材；原创短句与场景模板,[],想象你也在这个场景里。用 incredible 说一句自己的话。
incredibly,PET,2,不能相信地,adv.,日常沟通,The room is incredibly small.,这个房间小得令人难以置信。,[],结合常用释义整体记忆。先听老师读，再用自己的生活场景解释。,0,,https://www.cambridgeenglish.org/images/506887-b1-preliminary-vocabulary-list.pdf,in'kredәbli,https://github.com/skywind3000/ECDICT,offline-materials,incredibly,authored,incredibly · 单词里的小故事,小乐和朋友交换今天的小发现。这个房间小得令人难以置信。小乐说：“The room is incredibly small.”朋友听懂了，也想起自己遇到过的事。,,The room is __________ small.,incredibly,这个房间小得令人难以置信。,context,2026-09-v2,本地预制课堂素材；原创短句与场景模板,[],想象你也在这个场景里。用 incredibly 说一句自己的话。
indeed,PET,1,的确；实在；真正地,adv.,日常沟通,The cake was very good indeed.,这个蛋糕确实非常好吃。,[],结合常用释义整体记忆。先听老师读，再用自己的生活场景解释。,0,,https://www.cambridgeenglish.org/images/506887-b1-preliminary-vocabulary-list.pdf,in'di:d,https://github.com/skywind3000/ECDICT,offline-materials,indeed,authored,indeed · 单词里的小故事,小乐和朋友交换今天的小发现。这个蛋糕确实非常好吃。小乐说：“The cake was very good indeed.”朋友听懂了，也想起自己遇到过的事。,,The cake was very good __________.,indeed,这个蛋糕确实非常好吃。,context,2026-09-v2,本地预制课堂素材；原创短句与场景模板,[],想象你也在这个场景里。用 indeed 说一句自己的话。
independent,PET,1,独立的,adj.,日常沟通,She becomes more independent each year.,她一年比一年独立。,[],结合常用释义整体记忆。先听老师读，再用自己的生活场景解释。,0,,https://www.cambridgeenglish.org/images/506887-b1-preliminary-vocabulary-list.pdf,.indi'pendәnt,原创课堂释义与例句,offline-materials,independent,authored,independent · 单词里的小故事,小乐和朋友交换今天的小发现。她一年比一年独立。小乐说：“She becomes more independent each year.”朋友听懂了，也想起自己遇到过的事。,,She becomes more __________ each year.,independent,她一年比一年独立。,context,2026-09-v2,本地预制课堂素材；原创短句与场景模板,[],想象你也在这个场景里。用 independent 说一句自己的话。
individual,PET,1,个别的；个人的；独特的,adj.,日常沟通,Each child has an individual desk.,每个孩子都有单独的课桌。,[],结合常用释义整体记忆。先听老师读，再用自己的生活场景解释。,0,,https://www.cambridgeenglish.org/images/506887-b1-preliminary-vocabulary-list.pdf,.indi'vidʒuәl,https://github.com/skywind3000/ECDICT,offline-materials,individual,authored,individual · 单词里的小故事,小乐和朋友交换今天的小发现。每个孩子都有单独的课桌。小乐说：“Each child has an individual desk.”朋友听懂了，也想起自己遇到过的事。,,Each child has an __________ desk.,individual,每个孩子都有单独的课桌。,context,2026-09-v2,本地预制课堂素材；原创短句与场景模板,[],想象你也在这个场景里。用 individual 说一句自己的话。
industry,PET,1,勤劳；工业；企业,n.,日常沟通,We talked about the industry today.,我们今天谈到了勤劳。,[],结合常用释义整体记忆。先听老师读，再用自己的生活场景解释。,0,,https://www.cambridgeenglish.org/images/506887-b1-preliminary-vocabulary-list.pdf,'indәstri,https://github.com/skywind3000/ECDICT,offline-materials,industry,discussion,industry · 单词里的小故事,小乐和朋友聊起今天的一件事。我们今天谈到了勤劳。小乐说：“We talked about the industry today.”朋友听懂了，也想起自己遇到过的事。,,We talked about the __________ today.,industry,我们今天谈到了勤劳。,context,2026-09-v2,本地预制课堂素材；原创短句与场景模板,[],想象你也在这个场景里。用 industry 说一句自己的话。
inexpensive,PET,3,便宜的；不贵重的,adj.,日常沟通,This box is inexpensive.,这个盒子是便宜的。,[],结合常用释义整体记忆。先听老师读，再用自己的生活场景解释。,0,,https://www.cambridgeenglish.org/images/506887-b1-preliminary-vocabulary-list.pdf,.inik'spensiv,https://github.com/skywind3000/ECDICT,offline-materials,inexpensive,object-quality,inexpensive · 单词里的小故事,朋友闭上眼睛，让小乐描述面前的盒子。这个盒子是便宜的。小乐说：“This box is inexpensive.”朋友听懂了，也想起自己遇到过的事。,,This box is __________.,inexpensive,这个盒子是便宜的。,context,2026-09-v2,本地预制课堂素材；原创短句与场景模板,[],想象你也在这个场景里。用 inexpensive 说一句自己的话。
influence,PET,1,影响,n; v.,日常沟通,We talked about the influence today.,我们今天谈到了影响。,[],结合常用释义整体记忆。先听老师读，再用自己的生活场景解释。,0,,https://www.cambridgeenglish.org/images/506887-b1-preliminary-vocabulary-list.pdf,'influәns,常用义教学修订；原词典见 ECDICT-LICENSE.txt,offline-materials,influence,discussion,influence · 单词里的小故事,小乐和朋友聊起今天的一件事。我们今天谈到了影响。小乐说：“We talked about the influence today.”朋友听懂了，也想起自己遇到过的事。,,We talked about the __________ today.,influence,我们今天谈到了影响。,context,2026-09-v2,本地预制课堂素材；原创短句与场景模板,[],想象你也在这个场景里。用 influence 说一句自己的话。
inform,PET,1,通知；使了解；使充满,v.,日常沟通,Please inform us if you cannot come.,如果你不能来，请告诉我们。,[],结合常用释义整体记忆。先听老师读，再用自己的生活场景解释。,0,,https://www.cambridgeenglish.org/images/506887-b1-preliminary-vocabulary-list.pdf,in'fɒ:m,https://github.com/skywind3000/ECDICT,offline-materials,inform,authored,inform · 单词里的小故事,小乐和朋友交换今天的小发现。如果你不能来，请告诉我们。小乐说：“Please inform us if you cannot come.”朋友听懂了，也想起自己遇到过的事。,,Please __________ us if you cannot come.,inform,如果你不能来，请告诉我们。,context,2026-09-v2,本地预制课堂素材；原创短句与场景模板,[],想象你也在这个场景里。用 inform 说一句自己的话。
initial,PET,1,姓名首字母,n.,日常沟通,We talked about the initial today.,我们今天谈到了姓名首字母。,[],结合常用释义整体记忆。先听老师读，再用自己的生活场景解释。,0,,https://www.cambridgeenglish.org/images/506887-b1-preliminary-vocabulary-list.pdf,i'niʃәl,常用义教学修订；原词典见 ECDICT-LICENSE.txt,offline-materials,initial,discussion,initial · 单词里的小故事,小乐和朋友聊起今天的一件事。我们今天谈到了姓名首字母。小乐说：“We talked about the initial today.”朋友听懂了，也想起自己遇到过的事。,,We talked about the __________ today.,initial,我们今天谈到了姓名首字母。,context,2026-09-v2,本地预制课堂素材；原创短句与场景模板,[],想象你也在这个场景里。用 initial 说一句自己的话。
injure,PET,2,伤害；损害；使受冤屈,v.,日常沟通,You could injure your foot if you fall.,如果摔倒，你可能伤到脚。,[],结合常用释义整体记忆。先听老师读，再用自己的生活场景解释。,0,,https://www.cambridgeenglish.org/images/506887-b1-preliminary-vocabulary-list.pdf,'indʒә,https://github.com/skywind3000/ECDICT,offline-materials,injure,authored,injure · 单词里的小故事,小乐和朋友交换今天的小发现。如果摔倒，你可能伤到脚。小乐说：“You could injure your foot if you fall.”朋友听懂了，也想起自己遇到过的事。,,You could __________ your foot if you fall.,injure,如果摔倒，你可能伤到脚。,context,2026-09-v2,本地预制课堂素材；原创短句与场景模板,[],想象你也在这个场景里。用 injure 说一句自己的话。
ink,PET,2,墨水；墨汁,n.,日常沟通,We need the ink today.,我们今天需要墨水。,[],结合常用释义整体记忆。先听老师读，再用自己的生活场景解释。,0,,https://www.cambridgeenglish.org/images/506887-b1-preliminary-vocabulary-list.pdf,iŋk,https://github.com/skywind3000/ECDICT,offline-materials,ink,equipment,ink · 单词里的小故事,班级活动开始前，小乐负责核对需要的东西。我们今天需要墨水。小乐说：“We need the ink today.”朋友听懂了，也想起自己遇到过的事。,,We need the __________ today.,ink,我们今天需要墨水。,context,2026-09-v2,本地预制课堂素材；原创短句与场景模板,[],想象你也在这个场景里。用 ink 说一句自己的话。
inquiry,PET,2,询问,n.,日常沟通,We talked about the inquiry today.,我们今天谈到了询问。,[],结合常用释义整体记忆。先听老师读，再用自己的生活场景解释。,0,,https://www.cambridgeenglish.org/images/506887-b1-preliminary-vocabulary-list.pdf,in'kwaiәri,常用义教学修订；原词典见 ECDICT-LICENSE.txt,offline-materials,inquiry,discussion,inquiry · 单词里的小故事,小乐和朋友聊起今天的一件事。我们今天谈到了询问。小乐说：“We talked about the inquiry today.”朋友听懂了，也想起自己遇到过的事。,,We talked about the __________ today.,inquiry,我们今天谈到了询问。,context,2026-09-v2,本地预制课堂素材；原创短句与场景模板,[],想象你也在这个场景里。用 inquiry 说一句自己的话。
insist,PET,1,坚持；坚决主张；强调,v.,日常沟通,I insist on paying for the meal.,我坚持为这顿饭付钱。,[],结合常用释义整体记忆。先听老师读，再用自己的生活场景解释。,0,,https://www.cambridgeenglish.org/images/506887-b1-preliminary-vocabulary-list.pdf,in'sist,https://github.com/skywind3000/ECDICT,offline-materials,insist,authored,insist · 单词里的小故事,小乐和朋友交换今天的小发现。我坚持为这顿饭付钱。小乐说：“I insist on paying for the meal.”朋友听懂了，也想起自己遇到过的事。,,I __________ on paying for the meal.,insist,我坚持为这顿饭付钱。,context,2026-09-v2,本地预制课堂素材；原创短句与场景模板,[],想象你也在这个场景里。用 insist 说一句自己的话。
inspire,PET,2,使感动；激发；启示,v.,日常沟通,Her stories inspire me to write.,她的故事激励我写作。,[],结合常用释义整体记忆。先听老师读，再用自己的生活场景解释。,0,,https://www.cambridgeenglish.org/images/506887-b1-preliminary-vocabulary-list.pdf,in'spaiә,https://github.com/skywind3000/ECDICT,offline-materials,inspire,authored,inspire · 单词里的小故事,小乐和朋友交换今天的小发现。她的故事激励我写作。小乐说：“Her stories inspire me to write.”朋友听懂了，也想起自己遇到过的事。,,Her stories __________ me to write.,inspire,她的故事激励我写作。,context,2026-09-v2,本地预制课堂素材；原创短句与场景模板,[],想象你也在这个场景里。用 inspire 说一句自己的话。
install,PET,2,安装；安置；使就职,v.,日常沟通,Can you install this app on my phone?,你能把这个应用装到我的手机上吗？,[],结合常用释义整体记忆。先听老师读，再用自己的生活场景解释。,0,,https://www.cambridgeenglish.org/images/506887-b1-preliminary-vocabulary-list.pdf,in'stɒ:l,https://github.com/skywind3000/ECDICT,offline-materials,install,authored,install · 单词里的小故事,小乐和朋友交换今天的小发现。你能把这个应用装到我的手机上吗？小乐说：“Can you install this app on my phone?”朋友听懂了，也想起自己遇到过的事。,,Can you __________ this app on my phone?,install,你能把这个应用装到我的手机上吗？,context,2026-09-v2,本地预制课堂素材；原创短句与场景模板,[],想象你也在这个场景里。用 install 说一句自己的话。
instance,PET,2,例子,n.,日常沟通,We talked about the instance today.,我们今天谈到了例子。,[],结合常用释义整体记忆。先听老师读，再用自己的生活场景解释。,0,,https://www.cambridgeenglish.org/images/506887-b1-preliminary-vocabulary-list.pdf,'instәns,常用义教学修订；原词典见 ECDICT-LICENSE.txt,offline-materials,instance,discussion,instance · 单词里的小故事,小乐和朋友聊起今天的一件事。我们今天谈到了例子。小乐说：“We talked about the instance today.”朋友听懂了，也想起自己遇到过的事。,,We talked about the __________ today.,instance,我们今天谈到了例子。,context,2026-09-v2,本地预制课堂素材；原创短句与场景模板,[],想象你也在这个场景里。用 instance 说一句自己的话。
instructor,PET,2,教员；讲师,n.,日常沟通,This story is about an instructor.,这个故事讲的是一位教员。,"[{""text"": ""instruct"", ""kind"": ""root"", ""meaning"": ""指导""}, {""text"": ""-or"", ""kind"": ""suffix"", ""meaning"": ""做某事的人"", ""story"": ""-or 的一条来路是法语，更早能追到拉丁语。它常把注意力从一个动作，转到做这个动作的人身上。看到这样的结尾，可以先问：这是谁在做什么？"", ""source"": ""https://www.merriam-webster.com/dictionary/-or""}]",先理解词基，再看词缀如何改变含义或词性。,0,,https://www.cambridgeenglish.org/images/506887-b1-preliminary-vocabulary-list.pdf,in'strʌktә,https://github.com/skywind3000/ECDICT,offline-materials,instructor,person,instructor · 单词里的小故事,读书会轮到小乐介绍故事里的一个人物。这个故事讲的是一位教员。小乐说：“This story is about an instructor.”朋友听懂了，也想起自己遇到过的事。,,This story is about an __________.,instructor,这个故事讲的是一位教员。,context,2026-09-v2,本地预制课堂素材；原创短句与场景模板,[],想象你也在这个场景里。用 instructor 说一句自己的话。
intelligent,PET,2,聪明的；有才智的,adj.,日常沟通,The person in the story is intelligent.,故事里的那个人是聪明的。,[],结合常用释义整体记忆。先听老师读，再用自己的生活场景解释。,0,,https://www.cambridgeenglish.org/images/506887-b1-preliminary-vocabulary-list.pdf,in'telidʒәnt,常用义教学修订；原词典见 ECDICT-LICENSE.txt,offline-materials,intelligent,person-quality,intelligent · 单词里的小故事,同学们在给故事人物选词卡，小乐找到了合适的一张。故事里的那个人是聪明的。小乐说：“The person in the story is intelligent.”朋友听懂了，也想起自己遇到过的事。,,The person in the story is __________.,intelligent,故事里的那个人是聪明的。,context,2026-09-v2,本地预制课堂素材；原创短句与场景模板,[],想象你也在这个场景里。用 intelligent 说一句自己的话。
intend,PET,1,计划；打算；意思是,v.,日常沟通,I intend to read more this year.,我打算今年多读书。,[],结合常用释义整体记忆。先听老师读，再用自己的生活场景解释。,0,,https://www.cambridgeenglish.org/images/506887-b1-preliminary-vocabulary-list.pdf,in'tend,https://github.com/skywind3000/ECDICT,offline-materials,intend,authored,intend · 单词里的小故事,小乐和朋友交换今天的小发现。我打算今年多读书。小乐说：“I intend to read more this year.”朋友听懂了，也想起自己遇到过的事。,,I __________ to read more this year.,intend,我打算今年多读书。,context,2026-09-v2,本地预制课堂素材；原创短句与场景模板,[],想象你也在这个场景里。用 intend 说一句自己的话。
interest,PET,1,兴趣；嗜好；利息,n; v.,日常沟通,We talked about the interest today.,我们今天谈到了兴趣。,[],结合常用释义整体记忆。先听老师读，再用自己的生活场景解释。,0,,https://www.cambridgeenglish.org/images/506887-b1-preliminary-vocabulary-list.pdf,'intrist,https://github.com/skywind3000/ECDICT,offline-materials,interest,discussion,interest · 单词里的小故事,小乐和朋友聊起今天的一件事。我们今天谈到了兴趣。小乐说：“We talked about the interest today.”朋友听懂了，也想起自己遇到过的事。,,We talked about the __________ today.,interest,我们今天谈到了兴趣。,context,2026-09-v2,本地预制课堂素材；原创短句与场景模板,[],想象你也在这个场景里。用 interest 说一句自己的话。
intermediate,PET,2,中间的；中级的,adj.,日常沟通,She is in an intermediate English class.,她在一个中级英语班。,[],结合常用释义整体记忆。先听老师读，再用自己的生活场景解释。,0,,https://www.cambridgeenglish.org/images/506887-b1-preliminary-vocabulary-list.pdf,.intә'mi:diәt,https://github.com/skywind3000/ECDICT,offline-materials,intermediate,authored,intermediate · 单词里的小故事,小乐和朋友交换今天的小发现。她在一个中级英语班。小乐说：“She is in an intermediate English class.”朋友听懂了，也想起自己遇到过的事。,,She is in an __________ English class.,intermediate,她在一个中级英语班。,context,2026-09-v2,本地预制课堂素材；原创短句与场景模板,[],想象你也在这个场景里。用 intermediate 说一句自己的话。
interrupt,PET,2,中断；妨碍；插嘴,v.,日常沟通,Please do not interrupt the teacher.,请不要打断老师。,[],结合常用释义整体记忆。先听老师读，再用自己的生活场景解释。,0,,https://www.cambridgeenglish.org/images/506887-b1-preliminary-vocabulary-list.pdf,.intә'rʌpt,https://github.com/skywind3000/ECDICT,offline-materials,interrupt,authored,interrupt · 单词里的小故事,小乐和朋友交换今天的小发现。请不要打断老师。小乐说：“Please do not interrupt the teacher.”朋友听懂了，也想起自己遇到过的事。,,Please do not __________ the teacher.,interrupt,请不要打断老师。,context,2026-09-v2,本地预制课堂素材；原创短句与场景模板,[],想象你也在这个场景里。用 interrupt 说一句自己的话。
interval,PET,2,间隔；中场休息,n.,日常沟通,We talked about the interval today.,我们今天谈到了间隔。,[],结合常用释义整体记忆。先听老师读，再用自己的生活场景解释。,0,,https://www.cambridgeenglish.org/images/506887-b1-preliminary-vocabulary-list.pdf,'intәvәl,常用义教学修订；原词典见 ECDICT-LICENSE.txt,offline-materials,interval,discussion,interval · 单词里的小故事,小乐和朋友聊起今天的一件事。我们今天谈到了间隔。小乐说：“We talked about the interval today.”朋友听懂了，也想起自己遇到过的事。,,We talked about the __________ today.,interval,我们今天谈到了间隔。,context,2026-09-v2,本地预制课堂素材；原创短句与场景模板,[],想象你也在这个场景里。用 interval 说一句自己的话。
interview,PET,1,面试；采访,n; v.,日常沟通,We talked about the interview today.,我们今天谈到了面试。,[],结合常用释义整体记忆。先听老师读，再用自己的生活场景解释。,0,,https://www.cambridgeenglish.org/images/506887-b1-preliminary-vocabulary-list.pdf,'intәvju:,常用义教学修订；原词典见 ECDICT-LICENSE.txt,offline-materials,interview,discussion,interview · 单词里的小故事,小乐和朋友聊起今天的一件事。我们今天谈到了面试。小乐说：“We talked about the interview today.”朋友听懂了，也想起自己遇到过的事。,,We talked about the __________ today.,interview,我们今天谈到了面试。,context,2026-09-v2,本地预制课堂素材；原创短句与场景模板,[],想象你也在这个场景里。用 interview 说一句自己的话。
interviewer,PET,2,会见者；面谈者；进行面试者,n.,日常沟通,This story is about an interviewer.,这个故事讲的是一位会见者。,[],结合常用释义整体记忆。先听老师读，再用自己的生活场景解释。,0,,https://www.cambridgeenglish.org/images/506887-b1-preliminary-vocabulary-list.pdf,'intәvju:ә,https://github.com/skywind3000/ECDICT,offline-materials,interviewer,person,interviewer · 单词里的小故事,读书会轮到小乐介绍故事里的一个人物。这个故事讲的是一位会见者。小乐说：“This story is about an interviewer.”朋友听懂了，也想起自己遇到过的事。,,This story is about an __________.,interviewer,这个故事讲的是一位会见者。,context,2026-09-v2,本地预制课堂素材；原创短句与场景模板,[],想象你也在这个场景里。用 interviewer 说一句自己的话。
introduce,PET,1,介绍；引入；采用,v.,日常沟通,Let me introduce my friend.,让我介绍一下我的朋友。,[],结合常用释义整体记忆。先听老师读，再用自己的生活场景解释。,0,,https://www.cambridgeenglish.org/images/506887-b1-preliminary-vocabulary-list.pdf,.intrә'dju:s,https://github.com/skywind3000/ECDICT,offline-materials,introduce,authored,introduce · 单词里的小故事,小乐和朋友交换今天的小发现。让我介绍一下我的朋友。小乐说：“Let me introduce my friend.”朋友听懂了，也想起自己遇到过的事。,,Let me __________ my friend.,introduce,让我介绍一下我的朋友。,context,2026-09-v2,本地预制课堂素材；原创短句与场景模板,[],想象你也在这个场景里。用 introduce 说一句自己的话。
introduction,PET,1,介绍；传入；采用,n.,日常沟通,We talked about the introduction today.,我们今天谈到了介绍。,[],结合常用释义整体记忆。先听老师读，再用自己的生活场景解释。,0,,https://www.cambridgeenglish.org/images/506887-b1-preliminary-vocabulary-list.pdf,.intrә'dʌkʃәn,https://github.com/skywind3000/ECDICT,offline-materials,introduction,discussion,introduction · 单词里的小故事,小乐和朋友聊起今天的一件事。我们今天谈到了介绍。小乐说：“We talked about the introduction today.”朋友听懂了，也想起自己遇到过的事。,,We talked about the __________ today.,introduction,我们今天谈到了介绍。,context,2026-09-v2,本地预制课堂素材；原创短句与场景模板,[],想象你也在这个场景里。用 introduction 说一句自己的话。
inventor,PET,3,发明家,n.,日常沟通,The inventor shows us a new machine.,发明家向我们展示一台新机器。,"[{""text"": ""invent"", ""kind"": ""root"", ""meaning"": ""发明""}, {""text"": ""-or"", ""kind"": ""suffix"", ""meaning"": ""做某事的人"", ""story"": ""-or 的一条来路是法语，更早能追到拉丁语。它常把注意力从一个动作，转到做这个动作的人身上。看到这样的结尾，可以先问：这是谁在做什么？"", ""source"": ""https://www.merriam-webster.com/dictionary/-or""}]",先理解词基，再看词缀如何改变含义或词性。,0,,https://www.cambridgeenglish.org/images/506887-b1-preliminary-vocabulary-list.pdf,in'ventә,原创课堂释义与例句,offline-materials,inventor,authored,inventor · 单词里的小故事,小乐和朋友交换今天的小发现。发明家向我们展示一台新机器。小乐说：“The inventor shows us a new machine.”朋友听懂了，也想起自己遇到过的事。,,The __________ shows us a new machine.,inventor,发明家向我们展示一台新机器。,context,2026-09-v2,本地预制课堂素材；原创短句与场景模板,[],想象你也在这个场景里。用 inventor 说一句自己的话。
involve,PET,1,包括；使陷于；潜心于,v.,日常沟通,This job will involve some travel.,这份工作会需要一些出行。,[],结合常用释义整体记忆。先听老师读，再用自己的生活场景解释。,0,,https://www.cambridgeenglish.org/images/506887-b1-preliminary-vocabulary-list.pdf,in'vɒlv,https://github.com/skywind3000/ECDICT,offline-materials,involve,authored,involve · 单词里的小故事,小乐和朋友交换今天的小发现。这份工作会需要一些出行。小乐说：“This job will involve some travel.”朋友听懂了，也想起自己遇到过的事。,,This job will __________ some travel.,involve,这份工作会需要一些出行。,context,2026-09-v2,本地预制课堂素材；原创短句与场景模板,[],想象你也在这个场景里。用 involve 说一句自己的话。
iron,PET,1,铁；熨斗；熨烫,n; v.,日常沟通,We need the iron today.,我们今天需要铁。,[],结合常用释义整体记忆。先听老师读，再用自己的生活场景解释。,0,,https://www.cambridgeenglish.org/images/506887-b1-preliminary-vocabulary-list.pdf,'aiәn,常用义教学修订；原词典见 ECDICT-LICENSE.txt,offline-materials,iron,equipment,iron · 单词里的小故事,班级活动开始前，小乐负责核对需要的东西。我们今天需要铁。小乐说：“We need the iron today.”朋友听懂了，也想起自己遇到过的事。,,We need the __________ today.,iron,我们今天需要铁。,context,2026-09-v2,本地预制课堂素材；原创短句与场景模板,[],想象你也在这个场景里。用 iron 说一句自己的话。
ironing,PET,3,熨烫,n.,日常沟通,We talked about the ironing today.,我们今天谈到了熨烫。,[],结合常用释义整体记忆。先听老师读，再用自己的生活场景解释。,0,,https://www.cambridgeenglish.org/images/506887-b1-preliminary-vocabulary-list.pdf,'aiәniŋ,https://github.com/skywind3000/ECDICT,offline-materials,ironing,discussion,ironing · 单词里的小故事,小乐和朋友聊起今天的一件事。我们今天谈到了熨烫。小乐说：“We talked about the ironing today.”朋友听懂了，也想起自己遇到过的事。,,We talked about the __________ today.,ironing,我们今天谈到了熨烫。,context,2026-09-v2,本地预制课堂素材；原创短句与场景模板,[],想象你也在这个场景里。用 ironing 说一句自己的话。
issue,PET,1,问题；一期,n.,日常沟通,We talked about the issue today.,我们今天谈到了问题。,[],结合常用释义整体记忆。先听老师读，再用自己的生活场景解释。,0,,https://www.cambridgeenglish.org/images/506887-b1-preliminary-vocabulary-list.pdf,'isju,常用义教学修订；原词典见 ECDICT-LICENSE.txt,offline-materials,issue,discussion,issue · 单词里的小故事,小乐和朋友聊起今天的一件事。我们今天谈到了问题。小乐说：“We talked about the issue today.”朋友听懂了，也想起自己遇到过的事。,,We talked about the __________ today.,issue,我们今天谈到了问题。,context,2026-09-v2,本地预制课堂素材；原创短句与场景模板,[],想象你也在这个场景里。用 issue 说一句自己的话。
item,PET,1,项目；条款；一则,n.,日常沟通,We talked about the item today.,我们今天谈到了项目。,[],结合常用释义整体记忆。先听老师读，再用自己的生活场景解释。,0,,https://www.cambridgeenglish.org/images/506887-b1-preliminary-vocabulary-list.pdf,'aitәm,https://github.com/skywind3000/ECDICT,offline-materials,item,discussion,item · 单词里的小故事,小乐和朋友聊起今天的一件事。我们今天谈到了项目。小乐说：“We talked about the item today.”朋友听懂了，也想起自己遇到过的事。,,We talked about the __________ today.,item,我们今天谈到了项目。,context,2026-09-v2,本地预制课堂素材；原创短句与场景模板,[],想象你也在这个场景里。用 item 说一句自己的话。
jail,PET,2,监狱,n.,日常沟通,We visited the jail today.,我们今天参观了监狱。,[],结合常用释义整体记忆。先听老师读，再用自己的生活场景解释。,0,,https://www.cambridgeenglish.org/images/506887-b1-preliminary-vocabulary-list.pdf,dʒeil,常用义教学修订；原词典见 ECDICT-LICENSE.txt,offline-materials,jail,place,jail · 单词里的小故事,小乐把今天的外出经历记进了日记。我们今天参观了监狱。小乐说：“We visited the jail today.”朋友听懂了，也想起自己遇到过的事。,,We visited the __________ today.,jail,我们今天参观了监狱。,context,2026-09-v2,本地预制课堂素材；原创短句与场景模板,[],想象你也在这个场景里。用 jail 说一句自己的话。
jar,PET,2,广口瓶；震动；刺耳声,n.,日常沟通,We need the jar today.,我们今天需要广口瓶。,[],结合常用释义整体记忆。先听老师读，再用自己的生活场景解释。,0,,https://www.cambridgeenglish.org/images/506887-b1-preliminary-vocabulary-list.pdf,dʒɑ:,https://github.com/skywind3000/ECDICT,offline-materials,jar,equipment,jar · 单词里的小故事,班级活动开始前，小乐负责核对需要的东西。我们今天需要广口瓶。小乐说：“We need the jar today.”朋友听懂了，也想起自己遇到过的事。,,We need the __________ today.,jar,我们今天需要广口瓶。,context,2026-09-v2,本地预制课堂素材；原创短句与场景模板,[],想象你也在这个场景里。用 jar 说一句自己的话。
jealous,PET,2,嫉妒的；羡慕的；留心的,adj.,日常沟通,I feel jealous today.,我今天感到嫉妒的。,[],结合常用释义整体记忆。先听老师读，再用自己的生活场景解释。,0,,https://www.cambridgeenglish.org/images/506887-b1-preliminary-vocabulary-list.pdf,'dʒelәs,https://github.com/skywind3000/ECDICT,offline-materials,jealous,feeling,jealous · 单词里的小故事,老师请大家用一个词说说今天的感受，小乐先举了手。我今天感到嫉妒的。小乐说：“I feel jealous today.”朋友听懂了，也想起自己遇到过的事。,,I feel __________ today.,jealous,我今天感到嫉妒的。,context,2026-09-v2,本地预制课堂素材；原创短句与场景模板,[],想象你也在这个场景里。用 jealous 说一句自己的话。
jet,PET,2,喷射流；喷嘴；煤玉,n.,日常沟通,Look at the jet in this picture.,看看这张图片中的喷射流。,[],结合常用释义整体记忆。先听老师读，再用自己的生活场景解释。,0,,https://www.cambridgeenglish.org/images/506887-b1-preliminary-vocabulary-list.pdf,dʒet,https://github.com/skywind3000/ECDICT,offline-materials,jet,transport,jet · 单词里的小故事,小乐和朋友观察一张出行图片，轮流指出里面的东西。看看这张图片中的喷射流。小乐说：“Look at the jet in this picture.”朋友听懂了，也想起自己遇到过的事。,,Look at the __________ in this picture.,jet,看看这张图片中的喷射流。,context,2026-09-v2,本地预制课堂素材；原创短句与场景模板,[],想象你也在这个场景里。用 jet 说一句自己的话。
jog,PET,3,轻推；(使)蹒跚行进；(使)慢跑,v.,日常沟通,I jog in the park every morning.,我每天早上在公园慢跑。,"[{""text"": ""jog"", ""kind"": ""root"", ""meaning"": ""慢跑""}]",这个词本身可以作为词基，与相关派生词联系起来理解。,0,,https://www.cambridgeenglish.org/images/506887-b1-preliminary-vocabulary-list.pdf,dʒɒg,https://github.com/skywind3000/ECDICT,offline-materials,jog,authored,jog · 单词里的小故事,小乐和朋友交换今天的小发现。我每天早上在公园慢跑。小乐说：“I jog in the park every morning.”朋友听懂了，也想起自己遇到过的事。,,I __________ in the park every morning.,jog,我每天早上在公园慢跑。,context,2026-09-v2,本地预制课堂素材；原创短句与场景模板,[],想象你也在这个场景里。用 jog 说一句自己的话。
jogging,PET,3,慢跑,n.,日常沟通,I want to learn more about jogging.,我想多了解一些慢跑。,"[{""text"": ""jog"", ""kind"": ""root"", ""meaning"": ""慢跑""}, {""text"": ""-ing"", ""kind"": ""suffix"", ""meaning"": ""把动作当作活动或事物来表达"", ""story"": ""把动作变成名词的 -ing，可以追溯到古英语的 -ung、-ing。一个动作加上这样的结尾，就能作为一种活动来谈论。注意句子里的位置：-ing 也会用于进行时和形容词。"", ""source"": ""https://www.merriam-webster.com/dictionary/-ing""}]",这是词基与派生词的关系。拼写发生了变化，请把本课目标单词完整写对；构词成分不是原词的逐字切片。,0,,https://www.cambridgeenglish.org/images/506887-b1-preliminary-vocabulary-list.pdf,'dʒɒgiŋ,https://github.com/skywind3000/ECDICT,offline-materials,jogging,activity,jogging · 单词里的小故事,班级要举办兴趣日，小乐选了自己想了解的活动。我想多了解一些慢跑。小乐说：“I want to learn more about jogging.”朋友听懂了，也想起自己遇到过的事。,,I want to learn more about __________.,jogging,我想多了解一些慢跑。,context,2026-09-v2,本地预制课堂素材；原创短句与场景模板,[],想象你也在这个场景里。用 jogging 说一句自己的话。
joke,PET,2,笑话；玩笑；笑柄,n; v.,日常沟通,We talked about the joke today.,我们今天谈到了笑话。,[],结合常用释义整体记忆。先听老师读，再用自己的生活场景解释。,0,,https://www.cambridgeenglish.org/images/506887-b1-preliminary-vocabulary-list.pdf,dʒәuk,https://github.com/skywind3000/ECDICT,offline-materials,joke,discussion,joke · 单词里的小故事,小乐和朋友聊起今天的一件事。我们今天谈到了笑话。小乐说：“We talked about the joke today.”朋友听懂了，也想起自己遇到过的事。,,We talked about the __________ today.,joke,我们今天谈到了笑话。,context,2026-09-v2,本地预制课堂素材；原创短句与场景模板,[],想象你也在这个场景里。用 joke 说一句自己的话。
judge,PET,1,法官；裁判员；审判官,n; v.,日常沟通,This story is about a judge.,这个故事讲的是一位法官。,[],结合常用释义整体记忆。先听老师读，再用自己的生活场景解释。,0,,https://www.cambridgeenglish.org/images/506887-b1-preliminary-vocabulary-list.pdf,dʒʌdʒ,https://github.com/skywind3000/ECDICT,offline-materials,judge,person,judge · 单词里的小故事,读书会轮到小乐介绍故事里的一个人物。这个故事讲的是一位法官。小乐说：“This story is about a judge.”朋友听懂了，也想起自己遇到过的事。,,This story is about a __________.,judge,这个故事讲的是一位法官。,context,2026-09-v2,本地预制课堂素材；原创短句与场景模板,[],想象你也在这个场景里。用 judge 说一句自己的话。
jug,PET,3,水壶；监牢；模仿夜莺的叫声,n.,日常沟通,We need the jug today.,我们今天需要水壶。,[],结合常用释义整体记忆。先听老师读，再用自己的生活场景解释。,0,,https://www.cambridgeenglish.org/images/506887-b1-preliminary-vocabulary-list.pdf,dʒʌg,https://github.com/skywind3000/ECDICT,offline-materials,jug,equipment,jug · 单词里的小故事,班级活动开始前，小乐负责核对需要的东西。我们今天需要水壶。小乐说：“We need the jug today.”朋友听懂了，也想起自己遇到过的事。,,We need the __________ today.,jug,我们今天需要水壶。,context,2026-09-v2,本地预制课堂素材；原创短句与场景模板,[],想象你也在这个场景里。用 jug 说一句自己的话。
jungle,PET,2,丛林；杂乱的一堆；弱肉强食的地方,n.,日常沟通,We visited the jungle today.,我们今天参观了丛林。,[],结合常用释义整体记忆。先听老师读，再用自己的生活场景解释。,0,,https://www.cambridgeenglish.org/images/506887-b1-preliminary-vocabulary-list.pdf,'dʒʌŋgl,https://github.com/skywind3000/ECDICT,offline-materials,jungle,place,jungle · 单词里的小故事,小乐把今天的外出经历记进了日记。我们今天参观了丛林。小乐说：“We visited the jungle today.”朋友听懂了，也想起自己遇到过的事。,,We visited the __________ today.,jungle,我们今天参观了丛林。,context,2026-09-v2,本地预制课堂素材；原创短句与场景模板,[],想象你也在这个场景里。用 jungle 说一句自己的话。
keen,PET,2,锋利的；敏锐的；强烈的,adj.,日常沟通,I am keen to learn to swim.,我很想学会游泳。,[],结合常用释义整体记忆。先听老师读，再用自己的生活场景解释。,0,,https://www.cambridgeenglish.org/images/506887-b1-preliminary-vocabulary-list.pdf,ki:n,https://github.com/skywind3000/ECDICT,offline-materials,keen,authored,keen · 单词里的小故事,小乐和朋友交换今天的小发现。我很想学会游泳。小乐说：“I am keen to learn to swim.”朋友听懂了，也想起自己遇到过的事。,,I am __________ to learn to swim.,keen,我很想学会游泳。,context,2026-09-v2,本地预制课堂素材；原创短句与场景模板,[],想象你也在这个场景里。用 keen 说一句自己的话。
keep in,PET,3,抑制；隐瞒；隐藏,phr v.,日常沟通,We have to keep the cat in today.,今天我们不得不把猫留在屋里。,[],结合常用释义整体记忆。先听老师读，再用自己的生活场景解释。,0,,https://www.cambridgeenglish.org/images/506887-b1-preliminary-vocabulary-list.pdf,,https://github.com/skywind3000/ECDICT,offline-materials,keep in,authored,keep in · 单词里的小故事,小乐和朋友交换今天的小发现。今天我们不得不把猫留在屋里。小乐说：“We have to keep the cat in today.”朋友听懂了，也想起自己遇到过的事。,,请根据中文和本课例句，写出词表中的目标词。,keep in,抑制；隐瞒；隐藏,headword,2026-09-v2,本地预制课堂素材；原创短句与场景模板,[],想象你也在这个场景里。用 keep in 说一句自己的话。
keep on,PET,3,继续；穿着...不脱,phr v.,日常沟通,Keep on trying. You will get better.,继续尝试。你会做得更好。,[],结合常用释义整体记忆。先听老师读，再用自己的生活场景解释。,0,,https://www.cambridgeenglish.org/images/506887-b1-preliminary-vocabulary-list.pdf,,https://github.com/skywind3000/ECDICT,offline-materials,keep on,authored,keep on · 单词里的小故事,小乐和朋友交换今天的小发现。继续尝试。你会做得更好。小乐说：“Keep on trying. You will get better.”朋友听懂了，也想起自己遇到过的事。,,__________ trying. You will get better.,Keep on,继续尝试。你会做得更好。,context,2026-09-v2,本地预制课堂素材；原创短句与场景模板,[],想象你也在这个场景里。用 keep on 说一句自己的话。
keep up,PET,3,不低落；维持；继续,phr v.,日常沟通,Walk slowly so I can keep up.,慢些走，好让我跟上。,[],结合常用释义整体记忆。先听老师读，再用自己的生活场景解释。,0,,https://www.cambridgeenglish.org/images/506887-b1-preliminary-vocabulary-list.pdf,,https://github.com/skywind3000/ECDICT,offline-materials,keep up,authored,keep up · 单词里的小故事,小乐和朋友交换今天的小发现。慢些走，好让我跟上。小乐说：“Walk slowly so I can keep up.”朋友听懂了，也想起自己遇到过的事。,,Walk slowly so I can __________.,keep up,慢些走，好让我跟上。,context,2026-09-v2,本地预制课堂素材；原创短句与场景模板,[],想象你也在这个场景里。用 keep up 说一句自己的话。
keeper,PET,2,监护人；管理人；看守人,n.,日常沟通,This story is about a keeper.,这个故事讲的是一位监护人。,[],结合常用释义整体记忆。先听老师读，再用自己的生活场景解释。,0,,https://www.cambridgeenglish.org/images/506887-b1-preliminary-vocabulary-list.pdf,'ki:pә,https://github.com/skywind3000/ECDICT,offline-materials,keeper,person,keeper · 单词里的小故事,读书会轮到小乐介绍故事里的一个人物。这个故事讲的是一位监护人。小乐说：“This story is about a keeper.”朋友听懂了，也想起自己遇到过的事。,,This story is about a __________.,keeper,这个故事讲的是一位监护人。,context,2026-09-v2,本地预制课堂素材；原创短句与场景模板,[],想象你也在这个场景里。用 keeper 说一句自己的话。
kettle,PET,2,茶壶；罐,n.,日常沟通,We need the kettle today.,我们今天需要茶壶。,[],结合常用释义整体记忆。先听老师读，再用自己的生活场景解释。,0,,https://www.cambridgeenglish.org/images/506887-b1-preliminary-vocabulary-list.pdf,'ketl,https://github.com/skywind3000/ECDICT,offline-materials,kettle,equipment,kettle · 单词里的小故事,班级活动开始前，小乐负责核对需要的东西。我们今天需要茶壶。小乐说：“We need the kettle today.”朋友听懂了，也想起自己遇到过的事。,,We need the __________ today.,kettle,我们今天需要茶壶。,context,2026-09-v2,本地预制课堂素材；原创短句与场景模板,[],想象你也在这个场景里。用 kettle 说一句自己的话。
kill,PET,1,杀；破坏；消灭,v.,日常沟通,Too much heat can kill a plant.,过热会使植物死亡。,[],结合常用释义整体记忆。先听老师读，再用自己的生活场景解释。,0,,https://www.cambridgeenglish.org/images/506887-b1-preliminary-vocabulary-list.pdf,kil,https://github.com/skywind3000/ECDICT,offline-materials,kill,authored,kill · 单词里的小故事,小乐和朋友交换今天的小发现。过热会使植物死亡。小乐说：“Too much heat can kill a plant.”朋友听懂了，也想起自己遇到过的事。,,Too much heat can __________ a plant.,kill,过热会使植物死亡。,context,2026-09-v2,本地预制课堂素材；原创短句与场景模板,[],想象你也在这个场景里。用 kill 说一句自己的话。
knee,PET,1,膝；膝盖,n.,日常沟通,We learn about the knee at school.,我们在学校了解膝。,[],结合常用释义整体记忆。先听老师读，再用自己的生活场景解释。,0,,https://www.cambridgeenglish.org/images/506887-b1-preliminary-vocabulary-list.pdf,ni:,https://github.com/skywind3000/ECDICT,offline-materials,knee,body,knee · 单词里的小故事,小乐在课堂上做一张认识自己的知识卡。我们在学校了解膝。小乐说：“We learn about the knee at school.”朋友听懂了，也想起自己遇到过的事。,,We learn about the __________ at school.,knee,我们在学校了解膝。,context,2026-09-v2,本地预制课堂素材；原创短句与场景模板,[],想象你也在这个场景里。用 knee 说一句自己的话。
knit,PET,2,编织；结合,v.,日常沟通,My grandma can knit a hat.,我的奶奶会织帽子。,[],结合常用释义整体记忆。先听老师读，再用自己的生活场景解释。,0,,https://www.cambridgeenglish.org/images/506887-b1-preliminary-vocabulary-list.pdf,nit,https://github.com/skywind3000/ECDICT,offline-materials,knit,authored,knit · 单词里的小故事,小乐和朋友交换今天的小发现。我的奶奶会织帽子。小乐说：“My grandma can knit a hat.”朋友听懂了，也想起自己遇到过的事。,,My grandma can __________ a hat.,knit,我的奶奶会织帽子。,context,2026-09-v2,本地预制课堂素材；原创短句与场景模板,[],想象你也在这个场景里。用 knit 说一句自己的话。
knock,PET,1,敲击；互撞；攻击,v.,日常沟通,Please knock before you enter.,进来前请敲门。,[],结合常用释义整体记忆。先听老师读，再用自己的生活场景解释。,0,,https://www.cambridgeenglish.org/images/506887-b1-preliminary-vocabulary-list.pdf,nɒk,https://github.com/skywind3000/ECDICT,offline-materials,knock,authored,knock · 单词里的小故事,小乐和朋友交换今天的小发现。进来前请敲门。小乐说：“Please knock before you enter.”朋友听懂了，也想起自己遇到过的事。,,Please __________ before you enter.,knock,进来前请敲门。,context,2026-09-v2,本地预制课堂素材；原创短句与场景模板,[],想象你也在这个场景里。用 knock 说一句自己的话。
knock down,PET,3,击倒；拆卸；拍卖出,phr v.,日常沟通,The wind can knock down a tree.,风会刮倒树木。,[],结合常用释义整体记忆。先听老师读，再用自己的生活场景解释。,0,,https://www.cambridgeenglish.org/images/506887-b1-preliminary-vocabulary-list.pdf,,https://github.com/skywind3000/ECDICT,offline-materials,knock down,authored,knock down · 单词里的小故事,小乐和朋友交换今天的小发现。风会刮倒树木。小乐说：“The wind can knock down a tree.”朋友听懂了，也想起自己遇到过的事。,,The wind can __________ a tree.,knock down,风会刮倒树木。,context,2026-09-v2,本地预制课堂素材；原创短句与场景模板,[],想象你也在这个场景里。用 knock down 说一句自己的话。
knowledge,PET,1,知识；学问；认识,n.,日常沟通,We learn about knowledge at school.,我们在学校学习知识。,[],结合常用释义整体记忆。先听老师读，再用自己的生活场景解释。,0,,https://www.cambridgeenglish.org/images/506887-b1-preliminary-vocabulary-list.pdf,'nɒlidʒ,https://github.com/skywind3000/ECDICT,offline-materials,knowledge,school,knowledge · 单词里的小故事,小乐把今天在学校学到的内容讲给家人听。我们在学校学习知识。小乐说：“We learn about knowledge at school.”朋友听懂了，也想起自己遇到过的事。,,We learn about __________ at school.,knowledge,我们在学校学习知识。,context,2026-09-v2,本地预制课堂素材；原创短句与场景模板,[],想象你也在这个场景里。用 knowledge 说一句自己的话。
label,PET,2,标签；称号；商标,n.,日常沟通,We need the label today.,我们今天需要标签。,[],结合常用释义整体记忆。先听老师读，再用自己的生活场景解释。,0,,https://www.cambridgeenglish.org/images/506887-b1-preliminary-vocabulary-list.pdf,'leibl,https://github.com/skywind3000/ECDICT,offline-materials,label,equipment,label · 单词里的小故事,班级活动开始前，小乐负责核对需要的东西。我们今天需要标签。小乐说：“We need the label today.”朋友听懂了，也想起自己遇到过的事。,,We need the __________ today.,label,我们今天需要标签。,context,2026-09-v2,本地预制课堂素材；原创短句与场景模板,[],想象你也在这个场景里。用 label 说一句自己的话。
laboratory,PET,2,实验室；研究室；化工厂,n.,日常沟通,We visited the laboratory today.,我们今天参观了实验室。,[],结合常用释义整体记忆。先听老师读，再用自己的生活场景解释。,0,,https://www.cambridgeenglish.org/images/506887-b1-preliminary-vocabulary-list.pdf,'læbrәtәri,https://github.com/skywind3000/ECDICT,offline-materials,laboratory,place,laboratory · 单词里的小故事,小乐把今天的外出经历记进了日记。我们今天参观了实验室。小乐说：“We visited the laboratory today.”朋友听懂了，也想起自己遇到过的事。,,We visited the __________ today.,laboratory,我们今天参观了实验室。,context,2026-09-v2,本地预制课堂素材；原创短句与场景模板,[],想象你也在这个场景里。用 laboratory 说一句自己的话。
lack,PET,1,缺乏,n.,日常沟通,We talked about the lack today.,我们今天谈到了缺乏。,[],结合常用释义整体记忆。先听老师读，再用自己的生活场景解释。,0,,https://www.cambridgeenglish.org/images/506887-b1-preliminary-vocabulary-list.pdf,læk,常用义教学修订；原词典见 ECDICT-LICENSE.txt,offline-materials,lack,discussion,lack · 单词里的小故事,小乐和朋友聊起今天的一件事。我们今天谈到了缺乏。小乐说：“We talked about the lack today.”朋友听懂了，也想起自己遇到过的事。,,We talked about the __________ today.,lack,我们今天谈到了缺乏。,context,2026-09-v2,本地预制课堂素材；原创短句与场景模板,[],想象你也在这个场景里。用 lack 说一句自己的话。
ladder,PET,2,梯；梯状物；发迹的途径,n.,日常沟通,We need the ladder today.,我们今天需要梯。,[],结合常用释义整体记忆。先听老师读，再用自己的生活场景解释。,0,,https://www.cambridgeenglish.org/images/506887-b1-preliminary-vocabulary-list.pdf,'lædә,https://github.com/skywind3000/ECDICT,offline-materials,ladder,equipment,ladder · 单词里的小故事,班级活动开始前，小乐负责核对需要的东西。我们今天需要梯。小乐说：“We need the ladder today.”朋友听懂了，也想起自己遇到过的事。,,We need the __________ today.,ladder,我们今天需要梯。,context,2026-09-v2,本地预制课堂素材；原创短句与场景模板,[],想象你也在这个场景里。用 ladder 说一句自己的话。
lady,PET,1,淑女；夫人；女士,n.,日常沟通,This story is about a lady.,这个故事讲的是一位淑女。,[],结合常用释义整体记忆。先听老师读，再用自己的生活场景解释。,0,,https://www.cambridgeenglish.org/images/506887-b1-preliminary-vocabulary-list.pdf,'leidi,https://github.com/skywind3000/ECDICT,offline-materials,lady,person,lady · 单词里的小故事,读书会轮到小乐介绍故事里的一个人物。这个故事讲的是一位淑女。小乐说：“This story is about a lady.”朋友听懂了，也想起自己遇到过的事。,,This story is about a __________.,lady,这个故事讲的是一位淑女。,context,2026-09-v2,本地预制课堂素材；原创短句与场景模板,[],想象你也在这个场景里。用 lady 说一句自己的话。
lamb,PET,2,小羊；羔羊,n.,日常沟通,This lamb tastes good.,这份小羊味道很好。,[],结合常用释义整体记忆。先听老师读，再用自己的生活场景解释。,0,,https://www.cambridgeenglish.org/images/506887-b1-preliminary-vocabulary-list.pdf,læm,https://github.com/skywind3000/ECDICT,offline-materials,lamb,food,lamb · 单词里的小故事,小乐第一次给家人当小帮手，端出一份食物。这份小羊味道很好。小乐说：“This lamb tastes good.”朋友听懂了，也想起自己遇到过的事。,,This __________ tastes good.,lamb,这份小羊味道很好。,context,2026-09-v2,本地预制课堂素材；原创短句与场景模板,[],想象你也在这个场景里。用 lamb 说一句自己的话。
land,PET,1,陆地；着陆,n; v.,日常沟通,We talked about the land today.,我们今天谈到了陆地。,[],结合常用释义整体记忆。先听老师读，再用自己的生活场景解释。,0,,https://www.cambridgeenglish.org/images/506887-b1-preliminary-vocabulary-list.pdf,lænd,常用义教学修订；原词典见 ECDICT-LICENSE.txt,offline-materials,land,discussion,land · 单词里的小故事,小乐和朋友聊起今天的一件事。我们今天谈到了陆地。小乐说：“We talked about the land today.”朋友听懂了，也想起自己遇到过的事。,,We talked about the __________ today.,land,我们今天谈到了陆地。,context,2026-09-v2,本地预制课堂素材；原创短句与场景模板,[],想象你也在这个场景里。用 land 说一句自己的话。
landscape,PET,2,风景；山水；风景画,n.,日常沟通,We talked about the landscape today.,我们今天谈到了风景。,[],结合常用释义整体记忆。先听老师读，再用自己的生活场景解释。,0,,https://www.cambridgeenglish.org/images/506887-b1-preliminary-vocabulary-list.pdf,'lændskeip,https://github.com/skywind3000/ECDICT,offline-materials,landscape,discussion,landscape · 单词里的小故事,小乐和朋友聊起今天的一件事。我们今天谈到了风景。小乐说：“We talked about the landscape today.”朋友听懂了，也想起自己遇到过的事。,,We talked about the __________ today.,landscape,我们今天谈到了风景。,context,2026-09-v2,本地预制课堂素材；原创短句与场景模板,[],想象你也在这个场景里。用 landscape 说一句自己的话。
lately,PET,2,近来；最近,adv.,日常沟通,I have been very busy lately.,我最近很忙。,[],结合常用释义整体记忆。先听老师读，再用自己的生活场景解释。,0,,https://www.cambridgeenglish.org/images/506887-b1-preliminary-vocabulary-list.pdf,'leitli,https://github.com/skywind3000/ECDICT,offline-materials,lately,authored,lately · 单词里的小故事,小乐和朋友交换今天的小发现。我最近很忙。小乐说：“I have been very busy lately.”朋友听懂了，也想起自己遇到过的事。,,I have been very busy __________.,lately,我最近很忙。,context,2026-09-v2,本地预制课堂素材；原创短句与场景模板,[],想象你也在这个场景里。用 lately 说一句自己的话。
laundry,PET,3,洗衣店；洗好的衣服；洗涤,n.,日常沟通,We talked about the laundry today.,我们今天谈到了洗衣店。,[],结合常用释义整体记忆。先听老师读，再用自己的生活场景解释。,0,,https://www.cambridgeenglish.org/images/506887-b1-preliminary-vocabulary-list.pdf,'lɒ:ndri,https://github.com/skywind3000/ECDICT,offline-materials,laundry,discussion,laundry · 单词里的小故事,小乐和朋友聊起今天的一件事。我们今天谈到了洗衣店。小乐说：“We talked about the laundry today.”朋友听懂了，也想起自己遇到过的事。,,We talked about the __________ today.,laundry,我们今天谈到了洗衣店。,context,2026-09-v2,本地预制课堂素材；原创短句与场景模板,[],想象你也在这个场景里。用 laundry 说一句自己的话。
law,PET,1,法律；法则；定律,n.,日常沟通,We talked about the law today.,我们今天谈到了法律。,[],结合常用释义整体记忆。先听老师读，再用自己的生活场景解释。,0,,https://www.cambridgeenglish.org/images/506887-b1-preliminary-vocabulary-list.pdf,lɒ:,https://github.com/skywind3000/ECDICT,offline-materials,law,discussion,law · 单词里的小故事,小乐和朋友聊起今天的一件事。我们今天谈到了法律。小乐说：“We talked about the law today.”朋友听懂了，也想起自己遇到过的事。,,We talked about the __________ today.,law,我们今天谈到了法律。,context,2026-09-v2,本地预制课堂素材；原创短句与场景模板,[],想象你也在这个场景里。用 law 说一句自己的话。
lawyer,PET,1,律师,n.,日常沟通,This story is about a lawyer.,这个故事讲的是一位律师。,[],结合常用释义整体记忆。先听老师读，再用自己的生活场景解释。,0,,https://www.cambridgeenglish.org/images/506887-b1-preliminary-vocabulary-list.pdf,'lɒ:jә,https://github.com/skywind3000/ECDICT,offline-materials,lawyer,person,lawyer · 单词里的小故事,读书会轮到小乐介绍故事里的一个人物。这个故事讲的是一位律师。小乐说：“This story is about a lawyer.”朋友听懂了，也想起自己遇到过的事。,,This story is about a __________.,lawyer,这个故事讲的是一位律师。,context,2026-09-v2,本地预制课堂素材；原创短句与场景模板,[],想象你也在这个场景里。用 lawyer 说一句自己的话。
lay,PET,1,放置；产；铺设,v.,日常沟通,Please lay the books on the table.,请把书放在桌子上。,[],结合常用释义整体记忆。先听老师读，再用自己的生活场景解释。,0,,https://www.cambridgeenglish.org/images/506887-b1-preliminary-vocabulary-list.pdf,lei,https://github.com/skywind3000/ECDICT,offline-materials,lay,authored,lay · 单词里的小故事,小乐和朋友交换今天的小发现。请把书放在桌子上。小乐说：“Please lay the books on the table.”朋友听懂了，也想起自己遇到过的事。,,Please __________ the books on the table.,lay,请把书放在桌子上。,context,2026-09-v2,本地预制课堂素材；原创短句与场景模板,[],想象你也在这个场景里。用 lay 说一句自己的话。
lead,PET,1,引导；带领；领导,v.,日常沟通,This path will lead us to the lake.,这条小路会带我们到湖边。,[],结合常用释义整体记忆。先听老师读，再用自己的生活场景解释。,0,,https://www.cambridgeenglish.org/images/506887-b1-preliminary-vocabulary-list.pdf,li:d. led,https://github.com/skywind3000/ECDICT,offline-materials,lead,authored,lead · 单词里的小故事,小乐和朋友交换今天的小发现。这条小路会带我们到湖边。小乐说：“This path will lead us to the lake.”朋友听懂了，也想起自己遇到过的事。,,This path will __________ us to the lake.,lead,这条小路会带我们到湖边。,context,2026-09-v2,本地预制课堂素材；原创短句与场景模板,[],想象你也在这个场景里。用 lead 说一句自己的话。
leader,PET,1,领导者；社论；指挥,n.,日常沟通,This story is about a leader.,这个故事讲的是一位领导者。,[],结合常用释义整体记忆。先听老师读，再用自己的生活场景解释。,0,,https://www.cambridgeenglish.org/images/506887-b1-preliminary-vocabulary-list.pdf,'li:dә,https://github.com/skywind3000/ECDICT,offline-materials,leader,person,leader · 单词里的小故事,读书会轮到小乐介绍故事里的一个人物。这个故事讲的是一位领导者。小乐说：“This story is about a leader.”朋友听懂了，也想起自己遇到过的事。,,This story is about a __________.,leader,这个故事讲的是一位领导者。,context,2026-09-v2,本地预制课堂素材；原创短句与场景模板,[],想象你也在这个场景里。用 leader 说一句自己的话。
leaf,PET,1,叶；树叶；花瓣,n.,日常沟通,We talked about the leaf today.,我们今天谈到了叶。,[],结合常用释义整体记忆。先听老师读，再用自己的生活场景解释。,0,,https://www.cambridgeenglish.org/images/506887-b1-preliminary-vocabulary-list.pdf,li:f,https://github.com/skywind3000/ECDICT,offline-materials,leaf,discussion,leaf · 单词里的小故事,小乐和朋友聊起今天的一件事。我们今天谈到了叶。小乐说：“We talked about the leaf today.”朋友听懂了，也想起自己遇到过的事。,,We talked about the __________ today.,leaf,我们今天谈到了叶。,context,2026-09-v2,本地预制课堂素材；原创短句与场景模板,[],想象你也在这个场景里。用 leaf 说一句自己的话。
league,PET,1,同盟；联盟；盟约,n.,日常沟通,We talked about the league today.,我们今天谈到了同盟。,[],结合常用释义整体记忆。先听老师读，再用自己的生活场景解释。,0,,https://www.cambridgeenglish.org/images/506887-b1-preliminary-vocabulary-list.pdf,li:g,https://github.com/skywind3000/ECDICT,offline-materials,league,discussion,league · 单词里的小故事,小乐和朋友聊起今天的一件事。我们今天谈到了同盟。小乐说：“We talked about the league today.”朋友听懂了，也想起自己遇到过的事。,,We talked about the __________ today.,league,我们今天谈到了同盟。,context,2026-09-v2,本地预制课堂素材；原创短句与场景模板,[],想象你也在这个场景里。用 league 说一句自己的话。
lecture,PET,2,讲座,n.,日常沟通,We talked about the lecture today.,我们今天谈到了讲座。,[],结合常用释义整体记忆。先听老师读，再用自己的生活场景解释。,0,,https://www.cambridgeenglish.org/images/506887-b1-preliminary-vocabulary-list.pdf,'lektʃә,常用义教学修订；原词典见 ECDICT-LICENSE.txt,offline-materials,lecture,discussion,lecture · 单词里的小故事,小乐和朋友聊起今天的一件事。我们今天谈到了讲座。小乐说：“We talked about the lecture today.”朋友听懂了，也想起自己遇到过的事。,,We talked about the __________ today.,lecture,我们今天谈到了讲座。,context,2026-09-v2,本地预制课堂素材；原创短句与场景模板,[],想象你也在这个场景里。用 lecture 说一句自己的话。
lecturer,PET,2,演讲者；讲师,n.,日常沟通,This story is about a lecturer.,这个故事讲的是一位演讲者。,[],结合常用释义整体记忆。先听老师读，再用自己的生活场景解释。,0,,https://www.cambridgeenglish.org/images/506887-b1-preliminary-vocabulary-list.pdf,'lektʃәrә,https://github.com/skywind3000/ECDICT,offline-materials,lecturer,person,lecturer · 单词里的小故事,读书会轮到小乐介绍故事里的一个人物。这个故事讲的是一位演讲者。小乐说：“This story is about a lecturer.”朋友听懂了，也想起自己遇到过的事。,,This story is about a __________.,lecturer,这个故事讲的是一位演讲者。,context,2026-09-v2,本地预制课堂素材；原创短句与场景模板,[],想象你也在这个场景里。用 lecturer 说一句自己的话。
leisure,PET,2,闲暇,n.,日常沟通,We talked about the leisure today.,我们今天谈到了闲暇。,[],结合常用释义整体记忆。先听老师读，再用自己的生活场景解释。,0,,https://www.cambridgeenglish.org/images/506887-b1-preliminary-vocabulary-list.pdf,'li:ʒә,常用义教学修订；原词典见 ECDICT-LICENSE.txt,offline-materials,leisure,discussion,leisure · 单词里的小故事,小乐和朋友聊起今天的一件事。我们今天谈到了闲暇。小乐说：“We talked about the leisure today.”朋友听懂了，也想起自己遇到过的事。,,We talked about the __________ today.,leisure,我们今天谈到了闲暇。,context,2026-09-v2,本地预制课堂素材；原创短句与场景模板,[],想象你也在这个场景里。用 leisure 说一句自己的话。
lettuce,PET,3,莴苣；生菜；纸币,n.,日常沟通,This lettuce tastes good.,这份莴苣味道很好。,[],结合常用释义整体记忆。先听老师读，再用自己的生活场景解释。,0,,https://www.cambridgeenglish.org/images/506887-b1-preliminary-vocabulary-list.pdf,'letis,https://github.com/skywind3000/ECDICT,offline-materials,lettuce,food,lettuce · 单词里的小故事,小乐第一次给家人当小帮手，端出一份食物。这份莴苣味道很好。小乐说：“This lettuce tastes good.”朋友听懂了，也想起自己遇到过的事。,,This __________ tastes good.,lettuce,这份莴苣味道很好。,context,2026-09-v2,本地预制课堂素材；原创短句与场景模板,[],想象你也在这个场景里。用 lettuce 说一句自己的话。
librarian,PET,2,图书馆员；图书管理员,n.,日常沟通,This story is about a librarian.,这个故事讲的是一位图书馆员。,[],结合常用释义整体记忆。先听老师读，再用自己的生活场景解释。,0,,https://www.cambridgeenglish.org/images/506887-b1-preliminary-vocabulary-list.pdf,lai'brєәriәn,https://github.com/skywind3000/ECDICT,offline-materials,librarian,person,librarian · 单词里的小故事,读书会轮到小乐介绍故事里的一个人物。这个故事讲的是一位图书馆员。小乐说：“This story is about a librarian.”朋友听懂了，也想起自己遇到过的事。,,This story is about a __________.,librarian,这个故事讲的是一位图书馆员。,context,2026-09-v2,本地预制课堂素材；原创短句与场景模板,[],想象你也在这个场景里。用 librarian 说一句自己的话。
license,PET,2,执照；许可证；特许,n.,日常沟通,We talked about the license today.,我们今天谈到了执照。,[],结合常用释义整体记忆。先听老师读，再用自己的生活场景解释。,0,,https://www.cambridgeenglish.org/images/506887-b1-preliminary-vocabulary-list.pdf,'laisns,https://github.com/skywind3000/ECDICT,offline-materials,license,discussion,license · 单词里的小故事,小乐和朋友聊起今天的一件事。我们今天谈到了执照。小乐说：“We talked about the license today.”朋友听懂了，也想起自己遇到过的事。,,We talked about the __________ today.,license,我们今天谈到了执照。,context,2026-09-v2,本地预制课堂素材；原创短句与场景模板,[],想象你也在这个场景里。用 license 说一句自己的话。
lie,PET,1,躺；说谎,n; v.,日常沟通,We talked about the lie today.,我们今天谈到了躺。,[],结合常用释义整体记忆。先听老师读，再用自己的生活场景解释。,0,,https://www.cambridgeenglish.org/images/506887-b1-preliminary-vocabulary-list.pdf,lai,https://github.com/skywind3000/ECDICT,offline-materials,lie,discussion,lie · 单词里的小故事,小乐和朋友聊起今天的一件事。我们今天谈到了躺。小乐说：“We talked about the lie today.”朋友听懂了，也想起自己遇到过的事。,,We talked about the __________ today.,lie,我们今天谈到了躺。,context,2026-09-v2,本地预制课堂素材；原创短句与场景模板,[],想象你也在这个场景里。用 lie 说一句自己的话。
lighter,PET,3,打火机,n.,日常沟通,We talked about the lighter today.,我们今天谈到了打火机。,[],结合常用释义整体记忆。先听老师读，再用自己的生活场景解释。,0,,https://www.cambridgeenglish.org/images/506887-b1-preliminary-vocabulary-list.pdf,'laitә,常用义教学修订；原词典见 ECDICT-LICENSE.txt,offline-materials,lighter,discussion,lighter · 单词里的小故事,小乐和朋友聊起今天的一件事。我们今天谈到了打火机。小乐说：“We talked about the lighter today.”朋友听懂了，也想起自己遇到过的事。,,We talked about the __________ today.,lighter,我们今天谈到了打火机。,context,2026-09-v2,本地预制课堂素材；原创短句与场景模板,[],想象你也在这个场景里。用 lighter 说一句自己的话。
lightning,PET,2,闪电,n.,日常沟通,We talked about the lightning today.,我们今天谈到了闪电。,[],结合常用释义整体记忆。先听老师读，再用自己的生活场景解释。,0,,https://www.cambridgeenglish.org/images/506887-b1-preliminary-vocabulary-list.pdf,'laitniŋ,常用义教学修订；原词典见 ECDICT-LICENSE.txt,offline-materials,lightning,nature,lightning · 单词里的小故事,小乐观察完身边的世界，回教室讲了一件事。我们今天谈到了闪电。小乐说：“We talked about the lightning today.”朋友听懂了，也想起自己遇到过的事。,,We talked about the __________ today.,lightning,我们今天谈到了闪电。,context,2026-09-v2,本地预制课堂素材；原创短句与场景模板,[],想象你也在这个场景里。用 lightning 说一句自己的话。
likely,PET,1,有可能的；合适的；前途有望的,adj.,日常沟通,It is likely to rain today.,今天很可能下雨。,[],结合常用释义整体记忆。先听老师读，再用自己的生活场景解释。,0,,https://www.cambridgeenglish.org/images/506887-b1-preliminary-vocabulary-list.pdf,'laikli,https://github.com/skywind3000/ECDICT,offline-materials,likely,authored,likely · 单词里的小故事,小乐和朋友交换今天的小发现。今天很可能下雨。小乐说：“It is likely to rain today.”朋友听懂了，也想起自己遇到过的事。,,It is __________ to rain today.,likely,今天很可能下雨。,context,2026-09-v2,本地预制课堂素材；原创短句与场景模板,[],想象你也在这个场景里。用 likely 说一句自己的话。
limit,PET,1,界限；边界；限度,n; v.,日常沟通,We talked about the limit today.,我们今天谈到了界限。,[],结合常用释义整体记忆。先听老师读，再用自己的生活场景解释。,0,,https://www.cambridgeenglish.org/images/506887-b1-preliminary-vocabulary-list.pdf,'limit,https://github.com/skywind3000/ECDICT,offline-materials,limit,discussion,limit · 单词里的小故事,小乐和朋友聊起今天的一件事。我们今天谈到了界限。小乐说：“We talked about the limit today.”朋友听懂了，也想起自己遇到过的事。,,We talked about the __________ today.,limit,我们今天谈到了界限。,context,2026-09-v2,本地预制课堂素材；原创短句与场景模板,[],想象你也在这个场景里。用 limit 说一句自己的话。
limited,PET,1,有限制的；有限的；有限责任的,adj.,日常沟通,We have a limited amount of time.,我们的时间有限。,[],结合常用释义整体记忆。先听老师读，再用自己的生活场景解释。,0,,https://www.cambridgeenglish.org/images/506887-b1-preliminary-vocabulary-list.pdf,'limitid,https://github.com/skywind3000/ECDICT,offline-materials,limited,authored,limited · 单词里的小故事,小乐和朋友交换今天的小发现。我们的时间有限。小乐说：“We have a limited amount of time.”朋友听懂了，也想起自己遇到过的事。,,We have a __________ amount of time.,limited,我们的时间有限。,context,2026-09-v2,本地预制课堂素材；原创短句与场景模板,[],想象你也在这个场景里。用 limited 说一句自己的话。
lip,PET,1,唇；口缘；唇状构造,n.,日常沟通,We learn about the lip at school.,我们在学校了解唇。,[],结合常用释义整体记忆。先听老师读，再用自己的生活场景解释。,0,,https://www.cambridgeenglish.org/images/506887-b1-preliminary-vocabulary-list.pdf,lip,https://github.com/skywind3000/ECDICT,offline-materials,lip,body,lip · 单词里的小故事,小乐在课堂上做一张认识自己的知识卡。我们在学校了解唇。小乐说：“We learn about the lip at school.”朋友听懂了，也想起自己遇到过的事。,,We learn about the __________ at school.,lip,我们在学校了解唇。,context,2026-09-v2,本地预制课堂素材；原创短句与场景模板,[],想象你也在这个场景里。用 lip 说一句自己的话。
liquid,PET,2,液体,n.,日常沟通,We talked about the liquid today.,我们今天谈到了液体。,[],结合常用释义整体记忆。先听老师读，再用自己的生活场景解释。,0,,https://www.cambridgeenglish.org/images/506887-b1-preliminary-vocabulary-list.pdf,'likwid,常用义教学修订；原词典见 ECDICT-LICENSE.txt,offline-materials,liquid,discussion,liquid · 单词里的小故事,小乐和朋友聊起今天的一件事。我们今天谈到了液体。小乐说：“We talked about the liquid today.”朋友听懂了，也想起自己遇到过的事。,,We talked about the __________ today.,liquid,我们今天谈到了液体。,context,2026-09-v2,本地预制课堂素材；原创短句与场景模板,[],想象你也在这个场景里。用 liquid 说一句自己的话。
literature,PET,1,文学；文艺；著作,n.,日常沟通,We learn about literature at school.,我们在学校学习文学。,[],结合常用释义整体记忆。先听老师读，再用自己的生活场景解释。,0,,https://www.cambridgeenglish.org/images/506887-b1-preliminary-vocabulary-list.pdf,'litәrәtʃә,https://github.com/skywind3000/ECDICT,offline-materials,literature,school,literature · 单词里的小故事,小乐把今天在学校学到的内容讲给家人听。我们在学校学习文学。小乐说：“We learn about literature at school.”朋友听懂了，也想起自己遇到过的事。,,We learn about __________ at school.,literature,我们在学校学习文学。,context,2026-09-v2,本地预制课堂素材；原创短句与场景模板,[],想象你也在这个场景里。用 literature 说一句自己的话。
litter,PET,2,垃圾,n.,日常沟通,We talked about the litter today.,我们今天谈到了垃圾。,[],结合常用释义整体记忆。先听老师读，再用自己的生活场景解释。,0,,https://www.cambridgeenglish.org/images/506887-b1-preliminary-vocabulary-list.pdf,'litә,常用义教学修订；原词典见 ECDICT-LICENSE.txt,offline-materials,litter,discussion,litter · 单词里的小故事,小乐和朋友聊起今天的一件事。我们今天谈到了垃圾。小乐说：“We talked about the litter today.”朋友听懂了，也想起自己遇到过的事。,,We talked about the __________ today.,litter,我们今天谈到了垃圾。,context,2026-09-v2,本地预制课堂素材；原创短句与场景模板,[],想象你也在这个场景里。用 litter 说一句自己的话。
lively,PET,2,活泼的；鲜明的；生动的,adj.,日常沟通,The children are lively.,孩子们很活泼。,[],结合常用释义整体记忆。先听老师读，再用自己的生活场景解释。,0,,https://www.cambridgeenglish.org/images/506887-b1-preliminary-vocabulary-list.pdf,'laivli,https://github.com/skywind3000/ECDICT,offline-materials,lively,authored,lively · 单词里的小故事,小乐和朋友交换今天的小发现。孩子们很活泼。小乐说：“The children are lively.”朋友听懂了，也想起自己遇到过的事。,,The children are __________.,lively,孩子们很活泼。,context,2026-09-v2,本地预制课堂素材；原创短句与场景模板,[],想象你也在这个场景里。用 lively 说一句自己的话。
load,PET,2,负载；装载,n.,日常沟通,We talked about the load today.,我们今天谈到了负载。,[],结合常用释义整体记忆。先听老师读，再用自己的生活场景解释。,0,,https://www.cambridgeenglish.org/images/506887-b1-preliminary-vocabulary-list.pdf,lәud,常用义教学修订；原词典见 ECDICT-LICENSE.txt,offline-materials,load,discussion,load · 单词里的小故事,小乐和朋友聊起今天的一件事。我们今天谈到了负载。小乐说：“We talked about the load today.”朋友听懂了，也想起自己遇到过的事。,,We talked about the __________ today.,load,我们今天谈到了负载。,context,2026-09-v2,本地预制课堂素材；原创短句与场景模板,[],想象你也在这个场景里。用 load 说一句自己的话。
loan,PET,1,贷款；借出,n.,日常沟通,We talked about the loan today.,我们今天谈到了贷款。,[],结合常用释义整体记忆。先听老师读，再用自己的生活场景解释。,0,,https://www.cambridgeenglish.org/images/506887-b1-preliminary-vocabulary-list.pdf,lәun,https://github.com/skywind3000/ECDICT,offline-materials,loan,discussion,loan · 单词里的小故事,小乐和朋友聊起今天的一件事。我们今天谈到了贷款。小乐说：“We talked about the loan today.”朋友听懂了，也想起自己遇到过的事。,,We talked about the __________ today.,loan,我们今天谈到了贷款。,context,2026-09-v2,本地预制课堂素材；原创短句与场景模板,[],想象你也在这个场景里。用 loan 说一句自己的话。
locate,PET,2,找出；设于；位于,v.,日常沟通,Can you locate our town on the map?,你能在地图上找到我们的镇吗？,[],结合常用释义整体记忆。先听老师读，再用自己的生活场景解释。,0,,https://www.cambridgeenglish.org/images/506887-b1-preliminary-vocabulary-list.pdf,'lәukeit,https://github.com/skywind3000/ECDICT,offline-materials,locate,authored,locate · 单词里的小故事,小乐和朋友交换今天的小发现。你能在地图上找到我们的镇吗？小乐说：“Can you locate our town on the map?”朋友听懂了，也想起自己遇到过的事。,,Can you __________ our town on the map?,locate,你能在地图上找到我们的镇吗？,context,2026-09-v2,本地预制课堂素材；原创短句与场景模板,[],想象你也在这个场景里。用 locate 说一句自己的话。
location,PET,1,位置；场所；特定区域,n.,日常沟通,We visited the location today.,我们今天参观了位置。,[],结合常用释义整体记忆。先听老师读，再用自己的生活场景解释。,0,,https://www.cambridgeenglish.org/images/506887-b1-preliminary-vocabulary-list.pdf,lәu'keiʃәn,https://github.com/skywind3000/ECDICT,offline-materials,location,place,location · 单词里的小故事,小乐把今天的外出经历记进了日记。我们今天参观了位置。小乐说：“We visited the location today.”朋友听懂了，也想起自己遇到过的事。,,We visited the __________ today.,location,我们今天参观了位置。,context,2026-09-v2,本地预制课堂素材；原创短句与场景模板,[],想象你也在这个场景里。用 location 说一句自己的话。
lock,PET,2,锁；锁上,n; v.,日常沟通,We talked about the lock today.,我们今天谈到了锁。,"[{""text"": ""lock"", ""kind"": ""root"", ""meaning"": ""锁上""}]",这个词本身可以作为词基，与相关派生词联系起来理解。,0,,https://www.cambridgeenglish.org/images/506887-b1-preliminary-vocabulary-list.pdf,lɒk,常用义教学修订；原词典见 ECDICT-LICENSE.txt,offline-materials,lock,discussion,lock · 单词里的小故事,小乐和朋友聊起今天的一件事。我们今天谈到了锁。小乐说：“We talked about the lock today.”朋友听懂了，也想起自己遇到过的事。,,We talked about the __________ today.,lock,我们今天谈到了锁。,context,2026-09-v2,本地预制课堂素材；原创短句与场景模板,[],想象你也在这个场景里。用 lock 说一句自己的话。
locker,PET,3,抽屉；小柜；上锁人,n.,日常沟通,We need the locker today.,我们今天需要抽屉。,[],结合常用释义整体记忆。先听老师读，再用自己的生活场景解释。,0,,https://www.cambridgeenglish.org/images/506887-b1-preliminary-vocabulary-list.pdf,'lɒkә,https://github.com/skywind3000/ECDICT,offline-materials,locker,equipment,locker · 单词里的小故事,班级活动开始前，小乐负责核对需要的东西。我们今天需要抽屉。小乐说：“We need the locker today.”朋友听懂了，也想起自己遇到过的事。,,We need the __________ today.,locker,我们今天需要抽屉。,context,2026-09-v2,本地预制课堂素材；原创短句与场景模板,[],想象你也在这个场景里。用 locker 说一句自己的话。
logo,PET,2,连合活字；商标；徽标,n.,日常沟通,We need the logo today.,我们今天需要连合活字。,[],结合常用释义整体记忆。先听老师读，再用自己的生活场景解释。,0,,https://www.cambridgeenglish.org/images/506887-b1-preliminary-vocabulary-list.pdf,'lәugәu,https://github.com/skywind3000/ECDICT,offline-materials,logo,equipment,logo · 单词里的小故事,班级活动开始前，小乐负责核对需要的东西。我们今天需要连合活字。小乐说：“We need the logo today.”朋友听懂了，也想起自己遇到过的事。,,We need the __________ today.,logo,我们今天需要连合活字。,context,2026-09-v2,本地预制课堂素材；原创短句与场景模板,[],想象你也在这个场景里。用 logo 说一句自己的话。
lonely,PET,2,孤单的；孤寂的；荒凉的,adj.,日常沟通,I feel lonely today.,我今天感到孤单的。,"[{""text"": ""lonely"", ""kind"": ""root"", ""meaning"": ""孤独的""}]",这个词本身可以作为词基，与相关派生词联系起来理解。,0,,https://www.cambridgeenglish.org/images/506887-b1-preliminary-vocabulary-list.pdf,'lәunli,https://github.com/skywind3000/ECDICT,offline-materials,lonely,feeling,lonely · 单词里的小故事,老师请大家用一个词说说今天的感受，小乐先举了手。我今天感到孤单的。小乐说：“I feel lonely today.”朋友听懂了，也想起自己遇到过的事。,,I feel __________ today.,lonely,我今天感到孤单的。,context,2026-09-v2,本地预制课堂素材；原创短句与场景模板,[],想象你也在这个场景里。用 lonely 说一句自己的话。
long jump,PET,3,跳远,n.,日常沟通,I want to learn more about long jump.,我想多了解一些跳远。,[],结合常用释义整体记忆。先听老师读，再用自己的生活场景解释。,0,,https://www.cambridgeenglish.org/images/506887-b1-preliminary-vocabulary-list.pdf,lɔŋ dʒʌmp,https://github.com/skywind3000/ECDICT,offline-materials,long jump,activity,long jump · 单词里的小故事,班级要举办兴趣日，小乐选了自己想了解的活动。我想多了解一些跳远。小乐说：“I want to learn more about long jump.”朋友听懂了，也想起自己遇到过的事。,,I want to learn more about __________.,long jump,我想多了解一些跳远。,context,2026-09-v2,本地预制课堂素材；原创短句与场景模板,[],想象你也在这个场景里。用 long jump 说一句自己的话。
look forward to,PET,3,期望；盼望；瞩望,phr v.,日常沟通,I look forward to seeing you.,我期待见到你。,[],结合常用释义整体记忆。先听老师读，再用自己的生活场景解释。,0,,https://www.cambridgeenglish.org/images/506887-b1-preliminary-vocabulary-list.pdf,luk ˈfɔ:wəd tu:,https://github.com/skywind3000/ECDICT,offline-materials,look forward to,authored,look forward to · 单词里的小故事,小乐和朋友交换今天的小发现。我期待见到你。小乐说：“I look forward to seeing you.”朋友听懂了，也想起自己遇到过的事。,,I __________ seeing you.,look forward to,我期待见到你。,context,2026-09-v2,本地预制课堂素材；原创短句与场景模板,[],想象你也在这个场景里。用 look forward to 说一句自己的话。
look like,PET,3,看起来像；长得像,v.,日常沟通,What does your new bag look like?,你的新包是什么样的？,[],结合常用释义整体记忆。先听老师读，再用自己的生活场景解释。,0,,https://www.cambridgeenglish.org/images/506887-b1-preliminary-vocabulary-list.pdf,luk laik,常用义教学修订；原词典见 ECDICT-LICENSE.txt,offline-materials,look like,authored,look like · 单词里的小故事,小乐和朋友交换今天的小发现。你的新包是什么样的？小乐说：“What does your new bag look like?”朋友听懂了，也想起自己遇到过的事。,,What does your new bag __________?,look like,你的新包是什么样的？,context,2026-09-v2,本地预制课堂素材；原创短句与场景模板,[],想象你也在这个场景里。用 look like 说一句自己的话。
look up,PET,3,向上看；尊敬；仰望,phr v.,日常沟通,You can look up the word in a dictionary.,你可以在词典里查这个词。,[],结合常用释义整体记忆。先听老师读，再用自己的生活场景解释。,0,,https://www.cambridgeenglish.org/images/506887-b1-preliminary-vocabulary-list.pdf,,https://github.com/skywind3000/ECDICT,offline-materials,look up,authored,look up · 单词里的小故事,小乐和朋友交换今天的小发现。你可以在词典里查这个词。小乐说：“You can look up the word in a dictionary.”朋友听懂了，也想起自己遇到过的事。,,You can __________ the word in a dictionary.,look up,你可以在词典里查这个词。,context,2026-09-v2,本地预制课堂素材；原创短句与场景模板,[],想象你也在这个场景里。用 look up 说一句自己的话。
loose,PET,2,宽松的；松的；宽的,adj.,日常沟通,This shirt is too loose.,这件衬衫太宽松了。,[],结合常用释义整体记忆。先听老师读，再用自己的生活场景解释。,0,,https://www.cambridgeenglish.org/images/506887-b1-preliminary-vocabulary-list.pdf,lu:s,https://github.com/skywind3000/ECDICT,offline-materials,loose,authored,loose · 单词里的小故事,小乐和朋友交换今天的小发现。这件衬衫太宽松了。小乐说：“This shirt is too loose.”朋友听懂了，也想起自己遇到过的事。,,This shirt is too __________.,loose,这件衬衫太宽松了。,context,2026-09-v2,本地预制课堂素材；原创短句与场景模板,[],想象你也在这个场景里。用 loose 说一句自己的话。
lottery,PET,3,彩票；抽奖,n.,日常沟通,We talked about the lottery today.,我们今天谈到了彩票。,[],结合常用释义整体记忆。先听老师读，再用自己的生活场景解释。,0,,https://www.cambridgeenglish.org/images/506887-b1-preliminary-vocabulary-list.pdf,'lɒtәri,常用义教学修订；原词典见 ECDICT-LICENSE.txt,offline-materials,lottery,discussion,lottery · 单词里的小故事,小乐和朋友聊起今天的一件事。我们今天谈到了彩票。小乐说：“We talked about the lottery today.”朋友听懂了，也想起自己遇到过的事。,,We talked about the __________ today.,lottery,我们今天谈到了彩票。,context,2026-09-v2,本地预制课堂素材；原创短句与场景模板,[],想象你也在这个场景里。用 lottery 说一句自己的话。
loudly,PET,2,高声地；大声地；吵闹地,adv.,日常沟通,Please do not talk loudly.,请不要大声说话。,[],结合常用释义整体记忆。先听老师读，再用自己的生活场景解释。,0,,https://www.cambridgeenglish.org/images/506887-b1-preliminary-vocabulary-list.pdf,'laudli,https://github.com/skywind3000/ECDICT,offline-materials,loudly,authored,loudly · 单词里的小故事,小乐和朋友交换今天的小发现。请不要大声说话。小乐说：“Please do not talk loudly.”朋友听懂了，也想起自己遇到过的事。,,Please do not talk __________.,loudly,请不要大声说话。,context,2026-09-v2,本地预制课堂素材；原创短句与场景模板,"[{""en"": ""Do not talk loudly in the library."", ""zh"": ""不要在图书馆大声说话。""}]",想象你也在这个场景里。用 loudly 说一句自己的话。
luxury,PET,2,奢侈；豪华,n.,日常沟通,We talked about the luxury today.,我们今天谈到了奢侈。,[],结合常用释义整体记忆。先听老师读，再用自己的生活场景解释。,0,,https://www.cambridgeenglish.org/images/506887-b1-preliminary-vocabulary-list.pdf,'lʌkʃәri,https://github.com/skywind3000/ECDICT,offline-materials,luxury,discussion,luxury · 单词里的小故事,小乐和朋友聊起今天的一件事。我们今天谈到了奢侈。小乐说：“We talked about the luxury today.”朋友听懂了，也想起自己遇到过的事。,,We talked about the __________ today.,luxury,我们今天谈到了奢侈。,context,2026-09-v2,本地预制课堂素材；原创短句与场景模板,[],想象你也在这个场景里。用 luxury 说一句自己的话。
made of,PET,3,把...培养成,v.,日常沟通,This chair is made of wood.,这把椅子是木头做的。,[],结合常用释义整体记忆。先听老师读，再用自己的生活场景解释。,0,,https://www.cambridgeenglish.org/images/506887-b1-preliminary-vocabulary-list.pdf,,https://github.com/skywind3000/ECDICT,offline-materials,made of,authored,made of · 单词里的小故事,小乐和朋友交换今天的小发现。这把椅子是木头做的。小乐说：“This chair is made of wood.”朋友听懂了，也想起自己遇到过的事。,,This chair is __________ wood.,made of,这把椅子是木头做的。,context,2026-09-v2,本地预制课堂素材；原创短句与场景模板,[],想象你也在这个场景里。用 made of 说一句自己的话。
magic,PET,2,魔术的；有魔力的；不可思议的,adj; n.,日常沟通,It is a magic story.,这是一个魔术的故事。,[],结合常用释义整体记忆。先听老师读，再用自己的生活场景解释。,0,,https://www.cambridgeenglish.org/images/506887-b1-preliminary-vocabulary-list.pdf,'mædʒik,https://github.com/skywind3000/ECDICT,offline-materials,magic,story-quality,magic · 单词里的小故事,读完一本故事书，小乐想用一句话向朋友介绍它。这是一个魔术的故事。小乐说：“It is a magic story.”朋友听懂了，也想起自己遇到过的事。,,It is a __________ story.,magic,这是一个魔术的故事。,context,2026-09-v2,本地预制课堂素材；原创短句与场景模板,[],想象你也在这个场景里。用 magic 说一句自己的话。
magnificent,PET,2,华丽的；高尚的；宏伟的,adj.,日常沟通,This box is magnificent.,这个盒子是华丽的。,[],结合常用释义整体记忆。先听老师读，再用自己的生活场景解释。,0,,https://www.cambridgeenglish.org/images/506887-b1-preliminary-vocabulary-list.pdf,mæg'nifisnt,https://github.com/skywind3000/ECDICT,offline-materials,magnificent,object-quality,magnificent · 单词里的小故事,朋友闭上眼睛，让小乐描述面前的盒子。这个盒子是华丽的。小乐说：“This box is magnificent.”朋友听懂了，也想起自己遇到过的事。,,This box is __________.,magnificent,这个盒子是华丽的。,context,2026-09-v2,本地预制课堂素材；原创短句与场景模板,[],想象你也在这个场景里。用 magnificent 说一句自己的话。
main,PET,1,主要的；重要的；全力的,adj.,日常沟通,This is the main road.,这是主路。,"[{""text"": ""main"", ""kind"": ""root"", ""meaning"": ""主要的""}]",这个词本身可以作为词基，与相关派生词联系起来理解。,0,,https://www.cambridgeenglish.org/images/506887-b1-preliminary-vocabulary-list.pdf,mein,https://github.com/skywind3000/ECDICT,offline-materials,main,authored,main · 单词里的小故事,小乐和朋友交换今天的小发现。这是主路。小乐说：“This is the main road.”朋友听懂了，也想起自己遇到过的事。,,This is the __________ road.,main,这是主路。,context,2026-09-v2,本地预制课堂素材；原创短句与场景模板,[],想象你也在这个场景里。用 main 说一句自己的话。
mainly,PET,1,主要地；大抵,adv.,日常沟通,The shop sells mainly books.,这家店主要卖书。,"[{""text"": ""main"", ""kind"": ""root"", ""meaning"": ""主要的""}, {""text"": ""-ly"", ""kind"": ""suffix"", ""meaning"": ""以……的方式（构成副词）"", ""story"": ""-ly 在古英语中有表示“像……的”的形容词形式，也有表示“以某种方式”的副词形式。今天同样的结尾仍有不同工作。先问它是在描写一个人或物，还是在说明怎样做事。"", ""source"": ""https://www.merriam-webster.com/dictionary/ly-""}]",先理解词基，再看词缀如何改变含义或词性。,0,,https://www.cambridgeenglish.org/images/506887-b1-preliminary-vocabulary-list.pdf,'meinli,https://github.com/skywind3000/ECDICT,offline-materials,mainly,authored,mainly · 单词里的小故事,小乐和朋友交换今天的小发现。这家店主要卖书。小乐说：“The shop sells mainly books.”朋友听懂了，也想起自己遇到过的事。,,The shop sells __________ books.,mainly,这家店主要卖书。,context,2026-09-v2,本地预制课堂素材；原创短句与场景模板,[],想象你也在这个场景里。用 mainly 说一句自己的话。
male,PET,1,男性的；雄性的；有力的,adj; n.,日常沟通,The person in the story is male.,故事里的那个人是男性的。,[],结合常用释义整体记忆。先听老师读，再用自己的生活场景解释。,0,,https://www.cambridgeenglish.org/images/506887-b1-preliminary-vocabulary-list.pdf,meil,https://github.com/skywind3000/ECDICT,offline-materials,male,person-quality,male · 单词里的小故事,同学们在给故事人物选词卡，小乐找到了合适的一张。故事里的那个人是男性的。小乐说：“The person in the story is male.”朋友听懂了，也想起自己遇到过的事。,,The person in the story is __________.,male,故事里的那个人是男性的。,context,2026-09-v2,本地预制课堂素材；原创短句与场景模板,[],想象你也在这个场景里。用 male 说一句自己的话。
mall,PET,3,购物中心,n.,日常沟通,We buy clothes at the mall.,我们在购物中心买衣服。,[],结合常用释义整体记忆。先听老师读，再用自己的生活场景解释。,0,,https://www.cambridgeenglish.org/images/506887-b1-preliminary-vocabulary-list.pdf,mɔ:l,常用义教学修订；原词典见 ECDICT-LICENSE.txt,offline-materials,mall,authored,mall · 单词里的小故事,小乐和朋友交换今天的小发现。我们在购物中心买衣服。小乐说：“We buy clothes at the mall.”朋友听懂了，也想起自己遇到过的事。,,We buy clothes at the __________.,mall,我们在购物中心买衣服。,context,2026-09-v2,本地预制课堂素材；原创短句与场景模板,[],想象你也在这个场景里。用 mall 说一句自己的话。
manage,PET,1,处理,v.,日常沟通,Can you manage to finish today?,你能设法今天完成吗？,"[{""text"": ""manage"", ""kind"": ""root"", ""meaning"": ""管理""}]",这个词本身可以作为词基，与相关派生词联系起来理解。,0,,https://www.cambridgeenglish.org/images/506887-b1-preliminary-vocabulary-list.pdf,'mænidʒ,https://github.com/skywind3000/ECDICT,offline-materials,manage,authored,manage · 单词里的小故事,小乐和朋友交换今天的小发现。你能设法今天完成吗？小乐说：“Can you manage to finish today?”朋友听懂了，也想起自己遇到过的事。,,Can you __________ to finish today?,manage,你能设法今天完成吗？,context,2026-09-v2,本地预制课堂素材；原创短句与场景模板,[],想象你也在这个场景里。用 manage 说一句自己的话。
marriage,PET,1,婚姻；结婚；婚礼,n.,日常沟通,We talked about the marriage today.,我们今天谈到了婚姻。,[],结合常用释义整体记忆。先听老师读，再用自己的生活场景解释。,0,,https://www.cambridgeenglish.org/images/506887-b1-preliminary-vocabulary-list.pdf,'mæridʒ,https://github.com/skywind3000/ECDICT,offline-materials,marriage,discussion,marriage · 单词里的小故事,小乐和朋友聊起今天的一件事。我们今天谈到了婚姻。小乐说：“We talked about the marriage today.”朋友听懂了，也想起自己遇到过的事。,,We talked about the __________ today.,marriage,我们今天谈到了婚姻。,context,2026-09-v2,本地预制课堂素材；原创短句与场景模板,[],想象你也在这个场景里。用 marriage 说一句自己的话。
marry,PET,1,与...结婚；娶；嫁,v.,日常沟通,They plan to marry next spring.,他们计划明年春天结婚。,[],结合常用释义整体记忆。先听老师读，再用自己的生活场景解释。,0,,https://www.cambridgeenglish.org/images/506887-b1-preliminary-vocabulary-list.pdf,'mæri,https://github.com/skywind3000/ECDICT,offline-materials,marry,authored,marry · 单词里的小故事,小乐和朋友交换今天的小发现。他们计划明年春天结婚。小乐说：“They plan to marry next spring.”朋友听懂了，也想起自己遇到过的事。,,They plan to __________ next spring.,marry,他们计划明年春天结婚。,context,2026-09-v2,本地预制课堂素材；原创短句与场景模板,[],想象你也在这个场景里。用 marry 说一句自己的话。
marvellous,PET,2,奇异的；神奇的；奇迹般的,adj.,日常沟通,It is a marvellous story.,这是一个奇异的故事。,[],结合常用释义整体记忆。先听老师读，再用自己的生活场景解释。,0,,https://www.cambridgeenglish.org/images/506887-b1-preliminary-vocabulary-list.pdf,'mɑ:vilәs,https://github.com/skywind3000/ECDICT,offline-materials,marvellous,story-quality,marvellous · 单词里的小故事,读完一本故事书，小乐想用一句话向朋友介绍它。这是一个奇异的故事。小乐说：“It is a marvellous story.”朋友听懂了，也想起自己遇到过的事。,,It is a __________ story.,marvellous,这是一个奇异的故事。,context,2026-09-v2,本地预制课堂素材；原创短句与场景模板,[],想象你也在这个场景里。用 marvellous 说一句自己的话。
mate,PET,2,朋友；伙伴,n.,日常沟通,This story is about a mate.,这个故事讲的是一位朋友。,[],结合常用释义整体记忆。先听老师读，再用自己的生活场景解释。,0,,https://www.cambridgeenglish.org/images/506887-b1-preliminary-vocabulary-list.pdf,meit,常用义教学修订；原词典见 ECDICT-LICENSE.txt,offline-materials,mate,person,mate · 单词里的小故事,读书会轮到小乐介绍故事里的一个人物。这个故事讲的是一位朋友。小乐说：“This story is about a mate.”朋友听懂了，也想起自己遇到过的事。,,This story is about a __________.,mate,这个故事讲的是一位朋友。,context,2026-09-v2,本地预制课堂素材；原创短句与场景模板,[],想象你也在这个场景里。用 mate 说一句自己的话。
material,PET,1,材料,n.,日常沟通,We talked about the material today.,我们今天谈到了材料。,[],结合常用释义整体记忆。先听老师读，再用自己的生活场景解释。,0,,https://www.cambridgeenglish.org/images/506887-b1-preliminary-vocabulary-list.pdf,mә'tiәriәl,常用义教学修订；原词典见 ECDICT-LICENSE.txt,offline-materials,material,discussion,material · 单词里的小故事,小乐和朋友聊起今天的一件事。我们今天谈到了材料。小乐说：“We talked about the material today.”朋友听懂了，也想起自己遇到过的事。,,We talked about the __________ today.,material,我们今天谈到了材料。,context,2026-09-v2,本地预制课堂素材；原创短句与场景模板,[],想象你也在这个场景里。用 material 说一句自己的话。
maximum,PET,2,最高的；最大的；最大极限的,adj; n.,日常沟通,The maximum number is ten.,最大数量是十。,[],结合常用释义整体记忆。先听老师读，再用自己的生活场景解释。,0,,https://www.cambridgeenglish.org/images/506887-b1-preliminary-vocabulary-list.pdf,'mæksimәn,https://github.com/skywind3000/ECDICT,offline-materials,maximum,authored,maximum · 单词里的小故事,小乐和朋友交换今天的小发现。最大数量是十。小乐说：“The maximum number is ten.”朋友听懂了，也想起自己遇到过的事。,,The __________ number is ten.,maximum,最大数量是十。,context,2026-09-v2,本地预制课堂素材；原创短句与场景模板,[],想象你也在这个场景里。用 maximum 说一句自己的话。
meaning,PET,1,意义；含义；目的,n.,日常沟通,We talked about the meaning today.,我们今天谈到了意义。,[],结合常用释义整体记忆。先听老师读，再用自己的生活场景解释。,0,,https://www.cambridgeenglish.org/images/506887-b1-preliminary-vocabulary-list.pdf,'mi:niŋ,https://github.com/skywind3000/ECDICT,offline-materials,meaning,discussion,meaning · 单词里的小故事,小乐和朋友聊起今天的一件事。我们今天谈到了意义。小乐说：“We talked about the meaning today.”朋友听懂了，也想起自己遇到过的事。,,We talked about the __________ today.,meaning,我们今天谈到了意义。,context,2026-09-v2,本地预制课堂素材；原创短句与场景模板,[],想象你也在这个场景里。用 meaning 说一句自己的话。
meanwhile,PET,1,同时；于此时,adv.,日常沟通,"I made lunch. Meanwhile, Tom set the table.",我做午饭。同时，汤姆摆好餐桌。,[],结合常用释义整体记忆。先听老师读，再用自己的生活场景解释。,0,,https://www.cambridgeenglish.org/images/506887-b1-preliminary-vocabulary-list.pdf,'mi:nhwail,https://github.com/skywind3000/ECDICT,offline-materials,meanwhile,authored,meanwhile · 单词里的小故事,"小乐和朋友交换今天的小发现。我做午饭。同时，汤姆摆好餐桌。小乐说：“I made lunch. Meanwhile, Tom set the table.”朋友听懂了，也想起自己遇到过的事。",,"I made lunch. __________, Tom set the table.",Meanwhile,我做午饭。同时，汤姆摆好餐桌。,context,2026-09-v2,本地预制课堂素材；原创短句与场景模板,[],想象你也在这个场景里。用 meanwhile 说一句自己的话。
measure,PET,1,测量；测度；估量,v.,日常沟通,Let's measure the length of the table.,我们量一量桌子的长度吧。,[],结合常用释义整体记忆。先听老师读，再用自己的生活场景解释。,0,,https://www.cambridgeenglish.org/images/506887-b1-preliminary-vocabulary-list.pdf,'meʒә,https://github.com/skywind3000/ECDICT,offline-materials,measure,authored,measure · 单词里的小故事,小乐和朋友交换今天的小发现。我们量一量桌子的长度吧。小乐说：“Let's measure the length of the table.”朋友听懂了，也想起自己遇到过的事。,,Let's __________ the length of the table.,measure,我们量一量桌子的长度吧。,context,2026-09-v2,本地预制课堂素材；原创短句与场景模板,[],想象你也在这个场景里。用 measure 说一句自己的话。
medium,PET,1,中等的,adj.,日常沟通,I need a medium size.,我需要中等尺寸。,[],结合常用释义整体记忆。先听老师读，再用自己的生活场景解释。,0,,https://www.cambridgeenglish.org/images/506887-b1-preliminary-vocabulary-list.pdf,'mi:diәm,常用义教学修订；原词典见 ECDICT-LICENSE.txt,offline-materials,medium,authored,medium · 单词里的小故事,小乐和朋友交换今天的小发现。我需要中等尺寸。小乐说：“I need a medium size.”朋友听懂了，也想起自己遇到过的事。,,I need a __________ size.,medium,我需要中等尺寸。,context,2026-09-v2,本地预制课堂素材；原创短句与场景模板,[],想象你也在这个场景里。用 medium 说一句自己的话。
membership,PET,1,会员的资格；全体会员；会员数目,n.,日常沟通,We talked about the membership today.,我们今天谈到了会员的资格。,[],结合常用释义整体记忆。先听老师读，再用自己的生活场景解释。,0,,https://www.cambridgeenglish.org/images/506887-b1-preliminary-vocabulary-list.pdf,'membәʃip,https://github.com/skywind3000/ECDICT,offline-materials,membership,discussion,membership · 单词里的小故事,小乐和朋友聊起今天的一件事。我们今天谈到了会员的资格。小乐说：“We talked about the membership today.”朋友听懂了，也想起自己遇到过的事。,,We talked about the __________ today.,membership,我们今天谈到了会员的资格。,context,2026-09-v2,本地预制课堂素材；原创短句与场景模板,[],想象你也在这个场景里。用 membership 说一句自己的话。
mend,PET,3,修改；改进；加快,v.,日常沟通,Can you mend my old shirt?,你能修补我的旧衬衫吗？,[],结合常用释义整体记忆。先听老师读，再用自己的生活场景解释。,0,,https://www.cambridgeenglish.org/images/506887-b1-preliminary-vocabulary-list.pdf,mend,https://github.com/skywind3000/ECDICT,offline-materials,mend,authored,mend · 单词里的小故事,小乐和朋友交换今天的小发现。你能修补我的旧衬衫吗？小乐说：“Can you mend my old shirt?”朋友听懂了，也想起自己遇到过的事。,,Can you __________ my old shirt?,mend,你能修补我的旧衬衫吗？,context,2026-09-v2,本地预制课堂素材；原创短句与场景模板,[],想象你也在这个场景里。用 mend 说一句自己的话。
mention,PET,1,提到；提及,v.,日常沟通,Please mention the time in your message.,请在消息里提到时间。,[],结合常用释义整体记忆。先听老师读，再用自己的生活场景解释。,0,,https://www.cambridgeenglish.org/images/506887-b1-preliminary-vocabulary-list.pdf,'menʃәn,https://github.com/skywind3000/ECDICT,offline-materials,mention,authored,mention · 单词里的小故事,小乐和朋友交换今天的小发现。请在消息里提到时间。小乐说：“Please mention the time in your message.”朋友听懂了，也想起自己遇到过的事。,,Please __________ the time in your message.,mention,请在消息里提到时间。,context,2026-09-v2,本地预制课堂素材；原创短句与场景模板,[],想象你也在这个场景里。用 mention 说一句自己的话。
mess,PET,2,食堂；伙食；用膳,n.,日常沟通,We talked about the mess today.,我们今天谈到了食堂。,[],结合常用释义整体记忆。先听老师读，再用自己的生活场景解释。,0,,https://www.cambridgeenglish.org/images/506887-b1-preliminary-vocabulary-list.pdf,mes,https://github.com/skywind3000/ECDICT,offline-materials,mess,discussion,mess · 单词里的小故事,小乐和朋友聊起今天的一件事。我们今天谈到了食堂。小乐说：“We talked about the mess today.”朋友听懂了，也想起自己遇到过的事。,,We talked about the __________ today.,mess,我们今天谈到了食堂。,context,2026-09-v2,本地预制课堂素材；原创短句与场景模板,[],想象你也在这个场景里。用 mess 说一句自己的话。
messy,PET,3,散乱的；污秽的；麻烦的,adj.,日常沟通,This box is messy.,这个盒子是散乱的。,[],结合常用释义整体记忆。先听老师读，再用自己的生活场景解释。,0,,https://www.cambridgeenglish.org/images/506887-b1-preliminary-vocabulary-list.pdf,'mesi,https://github.com/skywind3000/ECDICT,offline-materials,messy,object-quality,messy · 单词里的小故事,朋友闭上眼睛，让小乐描述面前的盒子。这个盒子是散乱的。小乐说：“This box is messy.”朋友听懂了，也想起自己遇到过的事。,,This box is __________.,messy,这个盒子是散乱的。,context,2026-09-v2,本地预制课堂素材；原创短句与场景模板,[],想象你也在这个场景里。用 messy 说一句自己的话。
method,PET,1,方法；办法；条理,n.,日常沟通,We talked about the method today.,我们今天谈到了方法。,[],结合常用释义整体记忆。先听老师读，再用自己的生活场景解释。,0,,https://www.cambridgeenglish.org/images/506887-b1-preliminary-vocabulary-list.pdf,'meθәd,https://github.com/skywind3000/ECDICT,offline-materials,method,discussion,method · 单词里的小故事,小乐和朋友聊起今天的一件事。我们今天谈到了方法。小乐说：“We talked about the method today.”朋友听懂了，也想起自己遇到过的事。,,We talked about the __________ today.,method,我们今天谈到了方法。,context,2026-09-v2,本地预制课堂素材；原创短句与场景模板,[],想象你也在这个场景里。用 method 说一句自己的话。
microwave,PET,3,微波,n.,日常沟通,We need the microwave today.,我们今天需要微波。,[],结合常用释义整体记忆。先听老师读，再用自己的生活场景解释。,0,,https://www.cambridgeenglish.org/images/506887-b1-preliminary-vocabulary-list.pdf,'maikrәuweiv,https://github.com/skywind3000/ECDICT,offline-materials,microwave,equipment,microwave · 单词里的小故事,班级活动开始前，小乐负责核对需要的东西。我们今天需要微波。小乐说：“We need the microwave today.”朋友听懂了，也想起自己遇到过的事。,,We need the __________ today.,microwave,我们今天需要微波。,context,2026-09-v2,本地预制课堂素材；原创短句与场景模板,[],想象你也在这个场景里。用 microwave 说一句自己的话。
middle-aged,PET,3,中年的,adj.,日常沟通,The person in the story is middle-aged.,故事里的那个人是中年的。,[],结合常用释义整体记忆。先听老师读，再用自己的生活场景解释。,0,,https://www.cambridgeenglish.org/images/506887-b1-preliminary-vocabulary-list.pdf,'midl'eidʒd,https://github.com/skywind3000/ECDICT,offline-materials,middle-aged,person-quality,middle-aged · 单词里的小故事,同学们在给故事人物选词卡，小乐找到了合适的一张。故事里的那个人是中年的。小乐说：“The person in the story is middle-aged.”朋友听懂了，也想起自己遇到过的事。,,The person in the story is __________.,middle-aged,故事里的那个人是中年的。,context,2026-09-v2,本地预制课堂素材；原创短句与场景模板,[],想象你也在这个场景里。用 middle-aged 说一句自己的话。
mild,PET,2,温和的；温柔的；淡味的,adj.,日常沟通,It is mild today.,今天的天气是温和的。,[],结合常用释义整体记忆。先听老师读，再用自己的生活场景解释。,0,,https://www.cambridgeenglish.org/images/506887-b1-preliminary-vocabulary-list.pdf,maild,https://github.com/skywind3000/ECDICT,offline-materials,mild,weather-quality,mild · 单词里的小故事,出门前，小乐看了一眼窗外，把天气告诉家人。今天的天气是温和的。小乐说：“It is mild today.”朋友听懂了，也想起自己遇到过的事。,,It is __________ today.,mild,今天的天气是温和的。,context,2026-09-v2,本地预制课堂素材；原创短句与场景模板,[],想象你也在这个场景里。用 mild 说一句自己的话。
millimetre,PET,3,毫米,n.,日常沟通,We talked about the millimetre today.,我们今天谈到了毫米。,[],结合常用释义整体记忆。先听老师读，再用自己的生活场景解释。,0,,https://www.cambridgeenglish.org/images/506887-b1-preliminary-vocabulary-list.pdf,'milimi:tә,https://github.com/skywind3000/ECDICT,offline-materials,millimetre,discussion,millimetre · 单词里的小故事,小乐和朋友聊起今天的一件事。我们今天谈到了毫米。小乐说：“We talked about the millimetre today.”朋友听懂了，也想起自己遇到过的事。,,We talked about the __________ today.,millimetre,我们今天谈到了毫米。,context,2026-09-v2,本地预制课堂素材；原创短句与场景模板,[],想象你也在这个场景里。用 millimetre 说一句自己的话。
minimum,PET,2,最小的；最低的,adj; n.,日常沟通,The minimum number is two.,最小数量是二。,[],结合常用释义整体记忆。先听老师读，再用自己的生活场景解释。,0,,https://www.cambridgeenglish.org/images/506887-b1-preliminary-vocabulary-list.pdf,'minimәm,https://github.com/skywind3000/ECDICT,offline-materials,minimum,authored,minimum · 单词里的小故事,小乐和朋友交换今天的小发现。最小数量是二。小乐说：“The minimum number is two.”朋友听懂了，也想起自己遇到过的事。,,The __________ number is two.,minimum,最小数量是二。,context,2026-09-v2,本地预制课堂素材；原创短句与场景模板,[],想象你也在这个场景里。用 minimum 说一句自己的话。
miserable,PET,2,悲惨的；痛苦的；卑鄙的,adj.,日常沟通,I feel miserable today.,我今天感到悲惨的。,[],结合常用释义整体记忆。先听老师读，再用自己的生活场景解释。,0,,https://www.cambridgeenglish.org/images/506887-b1-preliminary-vocabulary-list.pdf,'mizәrәbl,https://github.com/skywind3000/ECDICT,offline-materials,miserable,feeling,miserable · 单词里的小故事,老师请大家用一个词说说今天的感受，小乐先举了手。我今天感到悲惨的。小乐说：“I feel miserable today.”朋友听懂了，也想起自己遇到过的事。,,I feel __________ today.,miserable,我今天感到悲惨的。,context,2026-09-v2,本地预制课堂素材；原创短句与场景模板,[],想象你也在这个场景里。用 miserable 说一句自己的话。
monster,PET,2,怪物；恶人；巨物,n.,日常沟通,We talked about the monster today.,我们今天谈到了怪物。,[],结合常用释义整体记忆。先听老师读，再用自己的生活场景解释。,0,,https://www.cambridgeenglish.org/images/506887-b1-preliminary-vocabulary-list.pdf,'mɒnstә,https://github.com/skywind3000/ECDICT,offline-materials,monster,discussion,monster · 单词里的小故事,小乐和朋友聊起今天的一件事。我们今天谈到了怪物。小乐说：“We talked about the monster today.”朋友听懂了，也想起自己遇到过的事。,,We talked about the __________ today.,monster,我们今天谈到了怪物。,context,2026-09-v2,本地预制课堂素材；原创短句与场景模板,[],想象你也在这个场景里。用 monster 说一句自己的话。
monument,PET,2,纪念碑；纪念物；石碑,n.,日常沟通,We visited the monument today.,我们今天参观了纪念碑。,[],结合常用释义整体记忆。先听老师读，再用自己的生活场景解释。,0,,https://www.cambridgeenglish.org/images/506887-b1-preliminary-vocabulary-list.pdf,'mɒnjumәnt,https://github.com/skywind3000/ECDICT,offline-materials,monument,place,monument · 单词里的小故事,小乐把今天的外出经历记进了日记。我们今天参观了纪念碑。小乐说：“We visited the monument today.”朋友听懂了，也想起自己遇到过的事。,,We visited the __________ today.,monument,我们今天参观了纪念碑。,context,2026-09-v2,本地预制课堂素材；原创短句与场景模板,[],想象你也在这个场景里。用 monument 说一句自己的话。
mood,PET,2,心情,n.,日常沟通,We talked about the mood today.,我们今天谈到了心情。,[],结合常用释义整体记忆。先听老师读，再用自己的生活场景解释。,0,,https://www.cambridgeenglish.org/images/506887-b1-preliminary-vocabulary-list.pdf,mu:d,常用义教学修订；原词典见 ECDICT-LICENSE.txt,offline-materials,mood,discussion,mood · 单词里的小故事,小乐和朋友聊起今天的一件事。我们今天谈到了心情。小乐说：“We talked about the mood today.”朋友听懂了，也想起自己遇到过的事。,,We talked about the __________ today.,mood,我们今天谈到了心情。,context,2026-09-v2,本地预制课堂素材；原创短句与场景模板,[],想象你也在这个场景里。用 mood 说一句自己的话。
mosquito,PET,3,蚊子,n.,日常沟通,We saw the mosquito in a picture.,我们在图片里看到了蚊子。,[],结合常用释义整体记忆。先听老师读，再用自己的生活场景解释。,0,,https://www.cambridgeenglish.org/images/506887-b1-preliminary-vocabulary-list.pdf,mә'ski:tәu,https://github.com/skywind3000/ECDICT,offline-materials,mosquito,animal,mosquito · 单词里的小故事,小乐翻开一本动物画册，在其中一页停了下来。我们在图片里看到了蚊子。小乐说：“We saw the mosquito in a picture.”朋友听懂了，也想起自己遇到过的事。,,We saw the __________ in a picture.,mosquito,我们在图片里看到了蚊子。,context,2026-09-v2,本地预制课堂素材；原创短句与场景模板,[],想象你也在这个场景里。用 mosquito 说一句自己的话。
mostly,PET,2,大概；大部分；主要,adv.,日常沟通,The class is mostly girls.,班里大多是女孩。,[],结合常用释义整体记忆。先听老师读，再用自己的生活场景解释。,0,,https://www.cambridgeenglish.org/images/506887-b1-preliminary-vocabulary-list.pdf,'mәustli,https://github.com/skywind3000/ECDICT,offline-materials,mostly,authored,mostly · 单词里的小故事,小乐和朋友交换今天的小发现。班里大多是女孩。小乐说：“The class is mostly girls.”朋友听懂了，也想起自己遇到过的事。,,The class is __________ girls.,mostly,班里大多是女孩。,context,2026-09-v2,本地预制课堂素材；原创短句与场景模板,[],想象你也在这个场景里。用 mostly 说一句自己的话。
motor-racing,PET,2,赛车运动,n.,日常沟通,I want to learn more about motor-racing.,我想多了解一些赛车运动。,[],作为一个常用表达整体理解，先跟读再结合场景练习。,0,,https://www.cambridgeenglish.org/images/506887-b1-preliminary-vocabulary-list.pdf,,原创课堂释义,offline-materials,motor-racing,activity,motor-racing · 单词里的小故事,班级要举办兴趣日，小乐选了自己想了解的活动。我想多了解一些赛车运动。小乐说：“I want to learn more about motor-racing.”朋友听懂了，也想起自己遇到过的事。,,I want to learn more about __________.,motor-racing,我想多了解一些赛车运动。,context,2026-09-v2,本地预制课堂素材；原创短句与场景模板,[],想象你也在这个场景里。用 motor-racing 说一句自己的话。
motorcycle,PET,3,摩托车,n.,日常沟通,Look at the motorcycle in this picture.,看看这张图片中的摩托车。,"[{""text"": ""motor"", ""kind"": ""compound"", ""meaning"": ""发动机""}, {""text"": ""cycle"", ""kind"": ""compound"", ""meaning"": ""自行车""}]",两个已有成分组合成一个词。结合它们的意思理解整体词义，但不要把这种现代拆分当作完整的历史词源。,0,,https://www.cambridgeenglish.org/images/506887-b1-preliminary-vocabulary-list.pdf,'mәutәsaikl,https://github.com/skywind3000/ECDICT,offline-materials,motorcycle,transport,motorcycle · 单词里的小故事,小乐和朋友观察一张出行图片，轮流指出里面的东西。看看这张图片中的摩托车。小乐说：“Look at the motorcycle in this picture.”朋友听懂了，也想起自己遇到过的事。,,Look at the __________ in this picture.,motorcycle,看看这张图片中的摩托车。,context,2026-09-v2,本地预制课堂素材；原创短句与场景模板,[],想象你也在这个场景里。用 motorcycle 说一句自己的话。
moustache,PET,3,髭；小胡子；触须,n.,日常沟通,We learn about the moustache at school.,我们在学校了解髭。,[],结合常用释义整体记忆。先听老师读，再用自己的生活场景解释。,0,,https://www.cambridgeenglish.org/images/506887-b1-preliminary-vocabulary-list.pdf,'mʌstæʃ,https://github.com/skywind3000/ECDICT,offline-materials,moustache,body,moustache · 单词里的小故事,小乐在课堂上做一张认识自己的知识卡。我们在学校了解髭。小乐说：“We learn about the moustache at school.”朋友听懂了，也想起自己遇到过的事。,,We learn about the __________ at school.,moustache,我们在学校了解髭。,context,2026-09-v2,本地预制课堂素材；原创短句与场景模板,[],想象你也在这个场景里。用 moustache 说一句自己的话。
multiply,PET,2,繁殖；乘；增加,v.,日常沟通,Multiply two by three to get six.,二乘三得六。,[],结合常用释义整体记忆。先听老师读，再用自己的生活场景解释。,0,,https://www.cambridgeenglish.org/images/506887-b1-preliminary-vocabulary-list.pdf,'mʌltiplai,https://github.com/skywind3000/ECDICT,offline-materials,multiply,authored,multiply · 单词里的小故事,小乐和朋友交换今天的小发现。二乘三得六。小乐说：“Multiply two by three to get six.”朋友听懂了，也想起自己遇到过的事。,,__________ two by three to get six.,Multiply,二乘三得六。,context,2026-09-v2,本地预制课堂素材；原创短句与场景模板,[],想象你也在这个场景里。用 multiply 说一句自己的话。
mystery,PET,2,秘密；神秘；奥秘,n.,日常沟通,We talked about the mystery today.,我们今天谈到了秘密。,[],结合常用释义整体记忆。先听老师读，再用自己的生活场景解释。,0,,https://www.cambridgeenglish.org/images/506887-b1-preliminary-vocabulary-list.pdf,'mistәri,https://github.com/skywind3000/ECDICT,offline-materials,mystery,discussion,mystery · 单词里的小故事,小乐和朋友聊起今天的一件事。我们今天谈到了秘密。小乐说：“We talked about the mystery today.”朋友听懂了，也想起自己遇到过的事。,,We talked about the __________ today.,mystery,我们今天谈到了秘密。,context,2026-09-v2,本地预制课堂素材；原创短句与场景模板,[],想象你也在这个场景里。用 mystery 说一句自己的话。
narrow,PET,1,狭窄的；仔细的；有限的,adj.,日常沟通,This box is narrow.,这个盒子是狭窄的。,[],结合常用释义整体记忆。先听老师读，再用自己的生活场景解释。,0,,https://www.cambridgeenglish.org/images/506887-b1-preliminary-vocabulary-list.pdf,'nærәu,https://github.com/skywind3000/ECDICT,offline-materials,narrow,object-quality,narrow · 单词里的小故事,朋友闭上眼睛，让小乐描述面前的盒子。这个盒子是狭窄的。小乐说：“This box is narrow.”朋友听懂了，也想起自己遇到过的事。,,This box is __________.,narrow,这个盒子是狭窄的。,context,2026-09-v2,本地预制课堂素材；原创短句与场景模板,[],想象你也在这个场景里。用 narrow 说一句自己的话。
nasty,PET,2,污秽的；下流的；险恶的,adj.,日常沟通,That was a nasty fall.,那是一次严重的摔倒。,[],结合常用释义整体记忆。先听老师读，再用自己的生活场景解释。,0,,https://www.cambridgeenglish.org/images/506887-b1-preliminary-vocabulary-list.pdf,'nɑ:sti,https://github.com/skywind3000/ECDICT,offline-materials,nasty,authored,nasty · 单词里的小故事,小乐和朋友交换今天的小发现。那是一次严重的摔倒。小乐说：“That was a nasty fall.”朋友听懂了，也想起自己遇到过的事。,,That was a __________ fall.,nasty,那是一次严重的摔倒。,context,2026-09-v2,本地预制课堂素材；原创短句与场景模板,[],想象你也在这个场景里。用 nasty 说一句自己的话。
navy blue,PET,3,深蓝色的；藏青色的,adj.,日常沟通,This box is navy blue.,这个盒子是深蓝色的。,[],结合常用释义整体记忆。先听老师读，再用自己的生活场景解释。,0,,https://www.cambridgeenglish.org/images/506887-b1-preliminary-vocabulary-list.pdf,,https://github.com/skywind3000/ECDICT,offline-materials,navy blue,object-quality,navy blue · 单词里的小故事,朋友闭上眼睛，让小乐描述面前的盒子。这个盒子是深蓝色的。小乐说：“This box is navy blue.”朋友听懂了，也想起自己遇到过的事。,,This box is __________.,navy blue,这个盒子是深蓝色的。,context,2026-09-v2,本地预制课堂素材；原创短句与场景模板,[],想象你也在这个场景里。用 navy blue 说一句自己的话。
nearby,PET,2,附近的；近旁的,adj; adv.,日常沟通,There is a shop nearby.,附近有一家商店。,[],结合常用释义整体记忆。先听老师读，再用自己的生活场景解释。,0,,https://www.cambridgeenglish.org/images/506887-b1-preliminary-vocabulary-list.pdf,'niәbai,https://github.com/skywind3000/ECDICT,offline-materials,nearby,authored,nearby · 单词里的小故事,小乐和朋友交换今天的小发现。附近有一家商店。小乐说：“There is a shop nearby.”朋友听懂了，也想起自己遇到过的事。,,There is a shop __________.,nearby,附近有一家商店。,context,2026-09-v2,本地预制课堂素材；原创短句与场景模板,[],想象你也在这个场景里。用 nearby 说一句自己的话。
neat,PET,2,整洁的；巧妙的；匀称的,adj.,日常沟通,This box is neat.,这个盒子是整洁的。,[],结合常用释义整体记忆。先听老师读，再用自己的生活场景解释。,0,,https://www.cambridgeenglish.org/images/506887-b1-preliminary-vocabulary-list.pdf,ni:t,https://github.com/skywind3000/ECDICT,offline-materials,neat,object-quality,neat · 单词里的小故事,朋友闭上眼睛，让小乐描述面前的盒子。这个盒子是整洁的。小乐说：“This box is neat.”朋友听懂了，也想起自己遇到过的事。,,This box is __________.,neat,这个盒子是整洁的。,context,2026-09-v2,本地预制课堂素材；原创短句与场景模板,[],想象你也在这个场景里。用 neat 说一句自己的话。
necessary,PET,1,必要的；必然的；必需的,adj.,日常沟通,A coat is necessary today.,今天需要穿外套。,"[{""text"": ""necessary"", ""kind"": ""root"", ""meaning"": ""必要的""}]",这个词本身可以作为词基，与相关派生词联系起来理解。,0,,https://www.cambridgeenglish.org/images/506887-b1-preliminary-vocabulary-list.pdf,'nesisәri,https://github.com/skywind3000/ECDICT,offline-materials,necessary,authored,necessary · 单词里的小故事,小乐和朋友交换今天的小发现。今天需要穿外套。小乐说：“A coat is necessary today.”朋友听懂了，也想起自己遇到过的事。,,A coat is __________ today.,necessary,今天需要穿外套。,context,2026-09-v2,本地预制课堂素材；原创短句与场景模板,[],想象你也在这个场景里。用 necessary 说一句自己的话。
negative,PET,2,否定的；消极的；负的,adj.,日常沟通,She gave a negative answer.,她给出了否定的回答。,[],结合常用释义整体记忆。先听老师读，再用自己的生活场景解释。,0,,https://www.cambridgeenglish.org/images/506887-b1-preliminary-vocabulary-list.pdf,'negәtiv,https://github.com/skywind3000/ECDICT,offline-materials,negative,authored,negative · 单词里的小故事,小乐和朋友交换今天的小发现。她给出了否定的回答。小乐说：“She gave a negative answer.”朋友听懂了，也想起自己遇到过的事。,,She gave a __________ answer.,negative,她给出了否定的回答。,context,2026-09-v2,本地预制课堂素材；原创短句与场景模板,[],想象你也在这个场景里。用 negative 说一句自己的话。
neighbourhood,PET,2,邻接；周围；附近一带,n.,日常沟通,We visited the neighbourhood today.,我们今天参观了邻接。,[],结合常用释义整体记忆。先听老师读，再用自己的生活场景解释。,0,,https://www.cambridgeenglish.org/images/506887-b1-preliminary-vocabulary-list.pdf,'neibәhud,https://github.com/skywind3000/ECDICT,offline-materials,neighbourhood,place,neighbourhood · 单词里的小故事,小乐把今天的外出经历记进了日记。我们今天参观了邻接。小乐说：“We visited the neighbourhood today.”朋友听懂了，也想起自己遇到过的事。,,We visited the __________ today.,neighbourhood,我们今天参观了邻接。,context,2026-09-v2,本地预制课堂素材；原创短句与场景模板,[],想象你也在这个场景里。用 neighbourhood 说一句自己的话。
neither,PET,1,皆不；两个都不,"adv, det, pron.",日常沟通,Neither answer is right.,两个答案都不对。,[],结合常用释义整体记忆。先听老师读，再用自己的生活场景解释。,0,,https://www.cambridgeenglish.org/images/506887-b1-preliminary-vocabulary-list.pdf,'naiðә,https://github.com/skywind3000/ECDICT,offline-materials,neither,authored,neither · 单词里的小故事,小乐和朋友交换今天的小发现。两个答案都不对。小乐说：“Neither answer is right.”朋友听懂了，也想起自己遇到过的事。,,__________ answer is right.,Neither,两个答案都不对。,context,2026-09-v2,本地预制课堂素材；原创短句与场景模板,[],想象你也在这个场景里。用 neither 说一句自己的话。
nephew,PET,2,侄子；外甥,n.,日常沟通,This story is about a nephew.,这个故事讲的是一位侄子。,[],结合常用释义整体记忆。先听老师读，再用自己的生活场景解释。,0,,https://www.cambridgeenglish.org/images/506887-b1-preliminary-vocabulary-list.pdf,'nefju:,常用义教学修订；原词典见 ECDICT-LICENSE.txt,offline-materials,nephew,person,nephew · 单词里的小故事,读书会轮到小乐介绍故事里的一个人物。这个故事讲的是一位侄子。小乐说：“This story is about a nephew.”朋友听懂了，也想起自己遇到过的事。,,This story is about a __________.,nephew,这个故事讲的是一位侄子。,context,2026-09-v2,本地预制课堂素材；原创短句与场景模板,[],想象你也在这个场景里。用 nephew 说一句自己的话。
network,PET,1,网络；广播网；网状物,n.,日常沟通,We talked about the network today.,我们今天谈到了网络。,"[{""text"": ""net"", ""kind"": ""compound"", ""meaning"": ""网""}, {""text"": ""work"", ""kind"": ""compound"", ""meaning"": ""系统""}]",两个已有成分组合成一个词。结合它们的意思理解整体词义，但不要把这种现代拆分当作完整的历史词源。,0,,https://www.cambridgeenglish.org/images/506887-b1-preliminary-vocabulary-list.pdf,'netwә:k,https://github.com/skywind3000/ECDICT,offline-materials,network,discussion,network · 单词里的小故事,小乐和朋友聊起今天的一件事。我们今天谈到了网络。小乐说：“We talked about the network today.”朋友听懂了，也想起自己遇到过的事。,,We talked about the __________ today.,network,我们今天谈到了网络。,context,2026-09-v2,本地预制课堂素材；原创短句与场景模板,[],想象你也在这个场景里。用 network 说一句自己的话。
niece,PET,3,侄女；外甥女,n.,日常沟通,This story is about a niece.,这个故事讲的是一位侄女。,[],结合常用释义整体记忆。先听老师读，再用自己的生活场景解释。,0,,https://www.cambridgeenglish.org/images/506887-b1-preliminary-vocabulary-list.pdf,ni:s,常用义教学修订；原词典见 ECDICT-LICENSE.txt,offline-materials,niece,person,niece · 单词里的小故事,读书会轮到小乐介绍故事里的一个人物。这个故事讲的是一位侄女。小乐说：“This story is about a niece.”朋友听懂了，也想起自己遇到过的事。,,This story is about a __________.,niece,这个故事讲的是一位侄女。,context,2026-09-v2,本地预制课堂素材；原创短句与场景模板,[],想象你也在这个场景里。用 niece 说一句自己的话。
nightclub,PET,3,夜总会,n.,日常沟通,We visited the nightclub today.,我们今天参观了夜总会。,[],结合常用释义整体记忆。先听老师读，再用自己的生活场景解释。,0,,https://www.cambridgeenglish.org/images/506887-b1-preliminary-vocabulary-list.pdf,'naitklʌb,https://github.com/skywind3000/ECDICT,offline-materials,nightclub,place,nightclub · 单词里的小故事,小乐把今天的外出经历记进了日记。我们今天参观了夜总会。小乐说：“We visited the nightclub today.”朋友听懂了，也想起自己遇到过的事。,,We visited the __________ today.,nightclub,我们今天参观了夜总会。,context,2026-09-v2,本地预制课堂素材；原创短句与场景模板,[],想象你也在这个场景里。用 nightclub 说一句自己的话。
nightlife,PET,3,夜生活,n.,日常沟通,We talked about the nightlife today.,我们今天谈到了夜生活。,"[{""text"": ""night"", ""kind"": ""compound"", ""meaning"": ""夜晚""}, {""text"": ""life"", ""kind"": ""compound"", ""meaning"": ""生活""}]",两个已有成分组合成一个词。结合它们的意思理解整体词义，但不要把这种现代拆分当作完整的历史词源。,0,,https://www.cambridgeenglish.org/images/506887-b1-preliminary-vocabulary-list.pdf,,https://github.com/skywind3000/ECDICT,offline-materials,nightlife,discussion,nightlife · 单词里的小故事,小乐和朋友聊起今天的一件事。我们今天谈到了夜生活。小乐说：“We talked about the nightlife today.”朋友听懂了，也想起自己遇到过的事。,,We talked about the __________ today.,nightlife,我们今天谈到了夜生活。,context,2026-09-v2,本地预制课堂素材；原创短句与场景模板,[],想象你也在这个场景里。用 nightlife 说一句自己的话。
nightmare,PET,2,梦魇；恶梦；可怕的事物(或情景、人物),n.,日常沟通,We talked about the nightmare today.,我们今天谈到了梦魇。,[],结合常用释义整体记忆。先听老师读，再用自己的生活场景解释。,0,,https://www.cambridgeenglish.org/images/506887-b1-preliminary-vocabulary-list.pdf,'naitmєә,https://github.com/skywind3000/ECDICT,offline-materials,nightmare,discussion,nightmare · 单词里的小故事,小乐和朋友聊起今天的一件事。我们今天谈到了梦魇。小乐说：“We talked about the nightmare today.”朋友听懂了，也想起自己遇到过的事。,,We talked about the __________ today.,nightmare,我们今天谈到了梦魇。,context,2026-09-v2,本地预制课堂素材；原创短句与场景模板,[],想象你也在这个场景里。用 nightmare 说一句自己的话。
normally,PET,1,正规地；合规则；正常地,adv.,日常沟通,We normally eat at six.,我们通常六点吃饭。,"[{""text"": ""normal"", ""kind"": ""root"", ""meaning"": ""正常的""}, {""text"": ""-ly"", ""kind"": ""suffix"", ""meaning"": ""以……的方式（构成副词）"", ""story"": ""-ly 在古英语中有表示“像……的”的形容词形式，也有表示“以某种方式”的副词形式。今天同样的结尾仍有不同工作。先问它是在描写一个人或物，还是在说明怎样做事。"", ""source"": ""https://www.merriam-webster.com/dictionary/ly-""}]",先理解词基，再看词缀如何改变含义或词性。,0,,https://www.cambridgeenglish.org/images/506887-b1-preliminary-vocabulary-list.pdf,'nɒ:mәli,https://github.com/skywind3000/ECDICT,offline-materials,normally,authored,normally · 单词里的小故事,小乐和朋友交换今天的小发现。我们通常六点吃饭。小乐说：“We normally eat at six.”朋友听懂了，也想起自己遇到过的事。,,We __________ eat at six.,normally,我们通常六点吃饭。,context,2026-09-v2,本地预制课堂素材；原创短句与场景模板,[],想象你也在这个场景里。用 normally 说一句自己的话。
northeast,PET,3,东北的；向东北的；来自东北的,adj; n.,日常沟通,The town is in the northeast.,这个镇在东北部。,[],结合常用释义整体记忆。先听老师读，再用自己的生活场景解释。,0,,https://www.cambridgeenglish.org/images/506887-b1-preliminary-vocabulary-list.pdf,.nɒ:θ'i:st,https://github.com/skywind3000/ECDICT,offline-materials,northeast,authored,northeast · 单词里的小故事,小乐和朋友交换今天的小发现。这个镇在东北部。小乐说：“The town is in the northeast.”朋友听懂了，也想起自己遇到过的事。,,The town is in the __________.,northeast,这个镇在东北部。,context,2026-09-v2,本地预制课堂素材；原创短句与场景模板,[],想象你也在这个场景里。用 northeast 说一句自己的话。
northern,PET,1,北方的；向北的；自北方来的,adj.,日常沟通,We live in the northern part of town.,我们住在镇的北部。,[],结合常用释义整体记忆。先听老师读，再用自己的生活场景解释。,0,,https://www.cambridgeenglish.org/images/506887-b1-preliminary-vocabulary-list.pdf,'nɒ:ðәn,https://github.com/skywind3000/ECDICT,offline-materials,northern,authored,northern · 单词里的小故事,小乐和朋友交换今天的小发现。我们住在镇的北部。小乐说：“We live in the northern part of town.”朋友听懂了，也想起自己遇到过的事。,,We live in the __________ part of town.,northern,我们住在镇的北部。,context,2026-09-v2,本地预制课堂素材；原创短句与场景模板,[],想象你也在这个场景里。用 northern 说一句自己的话。
northwest,PET,3,西北的；在西北的；来自西北的,adj; n.,日常沟通,The town is in the northwest.,这个镇在西北部。,[],结合常用释义整体记忆。先听老师读，再用自己的生活场景解释。,0,,https://www.cambridgeenglish.org/images/506887-b1-preliminary-vocabulary-list.pdf,.nɒ:θ'west,https://github.com/skywind3000/ECDICT,offline-materials,northwest,authored,northwest · 单词里的小故事,小乐和朋友交换今天的小发现。这个镇在西北部。小乐说：“The town is in the northwest.”朋友听懂了，也想起自己遇到过的事。,,The town is in the __________.,northwest,这个镇在西北部。,context,2026-09-v2,本地预制课堂素材；原创短句与场景模板,[],想象你也在这个场景里。用 northwest 说一句自己的话。
notepaper,PET,3,信纸；便条纸；笔记用纸,n.,日常沟通,We need the notepaper today.,我们今天需要信纸。,[],结合常用释义整体记忆。先听老师读，再用自己的生活场景解释。,0,,https://www.cambridgeenglish.org/images/506887-b1-preliminary-vocabulary-list.pdf,'nәut.peipә,https://github.com/skywind3000/ECDICT,offline-materials,notepaper,equipment,notepaper · 单词里的小故事,班级活动开始前，小乐负责核对需要的东西。我们今天需要信纸。小乐说：“We need the notepaper today.”朋友听懂了，也想起自己遇到过的事。,,We need the __________ today.,notepaper,我们今天需要信纸。,context,2026-09-v2,本地预制课堂素材；原创短句与场景模板,[],想象你也在这个场景里。用 notepaper 说一句自己的话。
noticeboard,PET,3,布告牌,n.,日常沟通,We need the noticeboard today.,我们今天需要布告牌。,[],结合常用释义整体记忆。先听老师读，再用自己的生活场景解释。,0,,https://www.cambridgeenglish.org/images/506887-b1-preliminary-vocabulary-list.pdf,ˈnəʊtɪsbɔ:d,https://github.com/skywind3000/ECDICT,offline-materials,noticeboard,equipment,noticeboard · 单词里的小故事,班级活动开始前，小乐负责核对需要的东西。我们今天需要布告牌。小乐说：“We need the noticeboard today.”朋友听懂了，也想起自己遇到过的事。,,We need the __________ today.,noticeboard,我们今天需要布告牌。,context,2026-09-v2,本地预制课堂素材；原创短句与场景模板,[],想象你也在这个场景里。用 noticeboard 说一句自己的话。
novel,PET,2,小说；长篇故事,n.,日常沟通,We talked about the novel today.,我们今天谈到了小说。,[],结合常用释义整体记忆。先听老师读，再用自己的生活场景解释。,0,,https://www.cambridgeenglish.org/images/506887-b1-preliminary-vocabulary-list.pdf,'nɒvl,https://github.com/skywind3000/ECDICT,offline-materials,novel,discussion,novel · 单词里的小故事,小乐和朋友聊起今天的一件事。我们今天谈到了小说。小乐说：“We talked about the novel today.”朋友听懂了，也想起自己遇到过的事。,,We talked about the __________ today.,novel,我们今天谈到了小说。,context,2026-09-v2,本地预制课堂素材；原创短句与场景模板,[],想象你也在这个场景里。用 novel 说一句自己的话。
novelist,PET,2,小说家,n.,日常沟通,This story is about a novelist.,这个故事讲的是一位小说家。,[],结合常用释义整体记忆。先听老师读，再用自己的生活场景解释。,0,,https://www.cambridgeenglish.org/images/506887-b1-preliminary-vocabulary-list.pdf,'nɒvәlist,https://github.com/skywind3000/ECDICT,offline-materials,novelist,person,novelist · 单词里的小故事,读书会轮到小乐介绍故事里的一个人物。这个故事讲的是一位小说家。小乐说：“This story is about a novelist.”朋友听懂了，也想起自己遇到过的事。,,This story is about a __________.,novelist,这个故事讲的是一位小说家。,context,2026-09-v2,本地预制课堂素材；原创短句与场景模板,[],想象你也在这个场景里。用 novelist 说一句自己的话。
nowadays,PET,2,时下；现今,adv.,日常沟通,Many people use phones to read nowadays.,现在很多人用手机阅读。,[],结合常用释义整体记忆。先听老师读，再用自己的生活场景解释。,0,,https://www.cambridgeenglish.org/images/506887-b1-preliminary-vocabulary-list.pdf,'nauәdeiz,https://github.com/skywind3000/ECDICT,offline-materials,nowadays,authored,nowadays · 单词里的小故事,小乐和朋友交换今天的小发现。现在很多人用手机阅读。小乐说：“Many people use phones to read nowadays.”朋友听懂了，也想起自己遇到过的事。,,Many people use phones to read __________.,nowadays,现在很多人用手机阅读。,context,2026-09-v2,本地预制课堂素材；原创短句与场景模板,[],想象你也在这个场景里。用 nowadays 说一句自己的话。
nowhere,PET,2,无处；到处都无,adv.,日常沟通,There was nowhere to sit.,没有地方坐了。,[],结合常用释义整体记忆。先听老师读，再用自己的生活场景解释。,0,,https://www.cambridgeenglish.org/images/506887-b1-preliminary-vocabulary-list.pdf,'nәuhwєә,https://github.com/skywind3000/ECDICT,offline-materials,nowhere,authored,nowhere · 单词里的小故事,小乐和朋友交换今天的小发现。没有地方坐了。小乐说：“There was nowhere to sit.”朋友听懂了，也想起自己遇到过的事。,,There was __________ to sit.,nowhere,没有地方坐了。,context,2026-09-v2,本地预制课堂素材；原创短句与场景模板,[],想象你也在这个场景里。用 nowhere 说一句自己的话。
object,PET,1,物体；目标；目的,n.,日常沟通,We need the object today.,我们今天需要物体。,[],结合常用释义整体记忆。先听老师读，再用自己的生活场景解释。,0,,https://www.cambridgeenglish.org/images/506887-b1-preliminary-vocabulary-list.pdf,'ɒbdʒekt,https://github.com/skywind3000/ECDICT,offline-materials,object,equipment,object · 单词里的小故事,班级活动开始前，小乐负责核对需要的东西。我们今天需要物体。小乐说：“We need the object today.”朋友听懂了，也想起自己遇到过的事。,,We need the __________ today.,object,我们今天需要物体。,context,2026-09-v2,本地预制课堂素材；原创短句与场景模板,[],想象你也在这个场景里。用 object 说一句自己的话。
obvious,PET,1,明显的；明白的；显然的,adj.,日常沟通,The answer is obvious.,答案很明显。,"[{""text"": ""obvious"", ""kind"": ""root"", ""meaning"": ""明显的""}]",这个词本身可以作为词基，与相关派生词联系起来理解。,0,,https://www.cambridgeenglish.org/images/506887-b1-preliminary-vocabulary-list.pdf,'ɒbviәs,https://github.com/skywind3000/ECDICT,offline-materials,obvious,authored,obvious · 单词里的小故事,小乐和朋友交换今天的小发现。答案很明显。小乐说：“The answer is obvious.”朋友听懂了，也想起自己遇到过的事。,,The answer is __________.,obvious,答案很明显。,context,2026-09-v2,本地预制课堂素材；原创短句与场景模板,[],想象你也在这个场景里。用 obvious 说一句自己的话。
obviously,PET,1,显而易见地；明显地,adv.,日常沟通,She is obviously happy with the gift.,她显然很喜欢这份礼物。,"[{""text"": ""obvious"", ""kind"": ""root"", ""meaning"": ""明显的""}, {""text"": ""-ly"", ""kind"": ""suffix"", ""meaning"": ""以……的方式（构成副词）"", ""story"": ""-ly 在古英语中有表示“像……的”的形容词形式，也有表示“以某种方式”的副词形式。今天同样的结尾仍有不同工作。先问它是在描写一个人或物，还是在说明怎样做事。"", ""source"": ""https://www.merriam-webster.com/dictionary/ly-""}]",先理解词基，再看词缀如何改变含义或词性。,0,,https://www.cambridgeenglish.org/images/506887-b1-preliminary-vocabulary-list.pdf,'ɔbviәsli,https://github.com/skywind3000/ECDICT,offline-materials,obviously,authored,obviously · 单词里的小故事,小乐和朋友交换今天的小发现。她显然很喜欢这份礼物。小乐说：“She is obviously happy with the gift.”朋友听懂了，也想起自己遇到过的事。,,She is __________ happy with the gift.,obviously,她显然很喜欢这份礼物。,context,2026-09-v2,本地预制课堂素材；原创短句与场景模板,[],想象你也在这个场景里。用 obviously 说一句自己的话。
occasion,PET,1,场合；时机；机会,n.,日常沟通,We talked about the occasion today.,我们今天谈到了场合。,[],结合常用释义整体记忆。先听老师读，再用自己的生活场景解释。,0,,https://www.cambridgeenglish.org/images/506887-b1-preliminary-vocabulary-list.pdf,ә'keiʒәn,https://github.com/skywind3000/ECDICT,offline-materials,occasion,discussion,occasion · 单词里的小故事,小乐和朋友聊起今天的一件事。我们今天谈到了场合。小乐说：“We talked about the occasion today.”朋友听懂了，也想起自己遇到过的事。,,We talked about the __________ today.,occasion,我们今天谈到了场合。,context,2026-09-v2,本地预制课堂素材；原创短句与场景模板,[],想象你也在这个场景里。用 occasion 说一句自己的话。
occasionally,PET,2,有时候；偶而,adv.,日常沟通,We occasionally go to the cinema.,我们偶尔去看电影。,[],结合常用释义整体记忆。先听老师读，再用自己的生活场景解释。,0,,https://www.cambridgeenglish.org/images/506887-b1-preliminary-vocabulary-list.pdf,ә'keiʒәnli,https://github.com/skywind3000/ECDICT,offline-materials,occasionally,authored,occasionally · 单词里的小故事,小乐和朋友交换今天的小发现。我们偶尔去看电影。小乐说：“We occasionally go to the cinema.”朋友听懂了，也想起自己遇到过的事。,,We __________ go to the cinema.,occasionally,我们偶尔去看电影。,context,2026-09-v2,本地预制课堂素材；原创短句与场景模板,[],想象你也在这个场景里。用 occasionally 说一句自己的话。
officer,PET,1,军官；主管；官员,n.,日常沟通,This story is about an officer.,这个故事讲的是一位军官。,[],结合常用释义整体记忆。先听老师读，再用自己的生活场景解释。,0,,https://www.cambridgeenglish.org/images/506887-b1-preliminary-vocabulary-list.pdf,'ɒfisә,https://github.com/skywind3000/ECDICT,offline-materials,officer,person,officer · 单词里的小故事,读书会轮到小乐介绍故事里的一个人物。这个故事讲的是一位军官。小乐说：“This story is about an officer.”朋友听懂了，也想起自己遇到过的事。,,This story is about an __________.,officer,这个故事讲的是一位军官。,context,2026-09-v2,本地预制课堂素材；原创短句与场景模板,[],想象你也在这个场景里。用 officer 说一句自己的话。
old-fashioned,PET,3,旧式的；过时的；保守的,adj.,日常沟通,This box is old-fashioned.,这个盒子是旧式的。,[],结合常用释义整体记忆。先听老师读，再用自己的生活场景解释。,0,,https://www.cambridgeenglish.org/images/506887-b1-preliminary-vocabulary-list.pdf,'әjld'fæʃәnd,https://github.com/skywind3000/ECDICT,offline-materials,old-fashioned,object-quality,old-fashioned · 单词里的小故事,朋友闭上眼睛，让小乐描述面前的盒子。这个盒子是旧式的。小乐说：“This box is old-fashioned.”朋友听懂了，也想起自己遇到过的事。,,This box is __________.,old-fashioned,这个盒子是旧式的。,context,2026-09-v2,本地预制课堂素材；原创短句与场景模板,[],想象你也在这个场景里。用 old-fashioned 说一句自己的话。
olive,PET,3,橄榄；橄榄树；橄榄色,n.,日常沟通,This olive tastes good.,这份橄榄味道很好。,[],结合常用释义整体记忆。先听老师读，再用自己的生活场景解释。,0,,https://www.cambridgeenglish.org/images/506887-b1-preliminary-vocabulary-list.pdf,'ɒliv,https://github.com/skywind3000/ECDICT,offline-materials,olive,food,olive · 单词里的小故事,小乐第一次给家人当小帮手，端出一份食物。这份橄榄味道很好。小乐说：“This olive tastes good.”朋友听懂了，也想起自己遇到过的事。,,This __________ tastes good.,olive,这份橄榄味道很好。,context,2026-09-v2,本地预制课堂素材；原创短句与场景模板,[],想象你也在这个场景里。用 olive 说一句自己的话。
on business,PET,3,因公,prep phr.,日常沟通,My aunt is in London on business.,我阿姨在伦敦出差。,[],结合常用释义整体记忆。先听老师读，再用自己的生活场景解释。,0,,https://www.cambridgeenglish.org/images/506887-b1-preliminary-vocabulary-list.pdf,,https://github.com/skywind3000/ECDICT,offline-materials,on business,authored,on business · 单词里的小故事,小乐和朋友交换今天的小发现。我阿姨在伦敦出差。小乐说：“My aunt is in London on business.”朋友听懂了，也想起自己遇到过的事。,,My aunt is in London __________.,on business,我阿姨在伦敦出差。,context,2026-09-v2,本地预制课堂素材；原创短句与场景模板,[],想象你也在这个场景里。用 on business 说一句自己的话。
on fire,PET,3,起火；非常激动,prep phr.,日常沟通,The old house is on fire.,那座旧房子着火了。,[],结合常用释义整体记忆。先听老师读，再用自己的生活场景解释。,0,,https://www.cambridgeenglish.org/images/506887-b1-preliminary-vocabulary-list.pdf,,https://github.com/skywind3000/ECDICT,offline-materials,on fire,authored,on fire · 单词里的小故事,小乐和朋友交换今天的小发现。那座旧房子着火了。小乐说：“The old house is on fire.”朋友听懂了，也想起自己遇到过的事。,,The old house is __________.,on fire,那座旧房子着火了。,context,2026-09-v2,本地预制课堂素材；原创短句与场景模板,[],想象你也在这个场景里。用 on fire 说一句自己的话。
on foot,PET,3,步行；在进行中,prep phr.,日常沟通,I go to school on foot.,我步行上学。,[],结合常用释义整体记忆。先听老师读，再用自己的生活场景解释。,0,,https://www.cambridgeenglish.org/images/506887-b1-preliminary-vocabulary-list.pdf,,https://github.com/skywind3000/ECDICT,offline-materials,on foot,authored,on foot · 单词里的小故事,小乐和朋友交换今天的小发现。我步行上学。小乐说：“I go to school on foot.”朋友听懂了，也想起自己遇到过的事。,,I go to school __________.,on foot,我步行上学。,context,2026-09-v2,本地预制课堂素材；原创短句与场景模板,[],想象你也在这个场景里。用 on foot 说一句自己的话。
on holiday,PET,3,在度假,prep phr.,日常沟通,We are on holiday by the sea.,我们在海边度假。,[],结合常用释义整体记忆。先听老师读，再用自己的生活场景解释。,0,,https://www.cambridgeenglish.org/images/506887-b1-preliminary-vocabulary-list.pdf,,https://github.com/skywind3000/ECDICT,offline-materials,on holiday,authored,on holiday · 单词里的小故事,小乐和朋友交换今天的小发现。我们在海边度假。小乐说：“We are on holiday by the sea.”朋友听懂了，也想起自己遇到过的事。,,We are __________ by the sea.,on holiday,我们在海边度假。,context,2026-09-v2,本地预制课堂素材；原创短句与场景模板,[],想象你也在这个场景里。用 on holiday 说一句自己的话。
on purpose,PET,3,故意,prep phr.,日常沟通,He did not break it on purpose.,他不是故意弄坏它的。,[],结合常用释义整体记忆。先听老师读，再用自己的生活场景解释。,0,,https://www.cambridgeenglish.org/images/506887-b1-preliminary-vocabulary-list.pdf,,https://github.com/skywind3000/ECDICT,offline-materials,on purpose,authored,on purpose · 单词里的小故事,小乐和朋友交换今天的小发现。他不是故意弄坏它的。小乐说：“He did not break it on purpose.”朋友听懂了，也想起自己遇到过的事。,,He did not break it __________.,on purpose,他不是故意弄坏它的。,context,2026-09-v2,本地预制课堂素材；原创短句与场景模板,[],想象你也在这个场景里。用 on purpose 说一句自己的话。
on request,PET,3,被请求时,prep phr.,日常沟通,More water is available on request.,如有需要，可以再要一些水。,[],结合常用释义整体记忆。先听老师读，再用自己的生活场景解释。,0,,https://www.cambridgeenglish.org/images/506887-b1-preliminary-vocabulary-list.pdf,,https://github.com/skywind3000/ECDICT,offline-materials,on request,authored,on request · 单词里的小故事,小乐和朋友交换今天的小发现。如有需要，可以再要一些水。小乐说：“More water is available on request.”朋友听懂了，也想起自己遇到过的事。,,More water is available __________.,on request,如有需要，可以再要一些水。,context,2026-09-v2,本地预制课堂素材；原创短句与场景模板,[],想象你也在这个场景里。用 on request 说一句自己的话。
on sale,PET,3,廉售的；拍卖的,prep phr.,日常沟通,The new book is on sale today.,这本新书今天开始出售。,[],结合常用释义整体记忆。先听老师读，再用自己的生活场景解释。,0,,https://www.cambridgeenglish.org/images/506887-b1-preliminary-vocabulary-list.pdf,,https://github.com/skywind3000/ECDICT,offline-materials,on sale,authored,on sale · 单词里的小故事,小乐和朋友交换今天的小发现。这本新书今天开始出售。小乐说：“The new book is on sale today.”朋友听懂了，也想起自己遇到过的事。,,The new book is __________ today.,on sale,这本新书今天开始出售。,context,2026-09-v2,本地预制课堂素材；原创短句与场景模板,[],想象你也在这个场景里。用 on sale 说一句自己的话。
on time,PET,3,准时,prep phr.,日常沟通,Please arrive on time.,请准时到达。,[],结合常用释义整体记忆。先听老师读，再用自己的生活场景解释。,0,,https://www.cambridgeenglish.org/images/506887-b1-preliminary-vocabulary-list.pdf,,https://github.com/skywind3000/ECDICT,offline-materials,on time,authored,on time · 单词里的小故事,小乐和朋友交换今天的小发现。请准时到达。小乐说：“Please arrive on time.”朋友听懂了，也想起自己遇到过的事。,,Please arrive __________.,on time,请准时到达。,context,2026-09-v2,本地预制课堂素材；原创短句与场景模板,[],想象你也在这个场景里。用 on time 说一句自己的话。
on vacation,PET,3,在度假；在假期,prep phr.,日常沟通,They are on vacation this week.,他们这周在度假。,[],结合常用释义整体记忆。先听老师读，再用自己的生活场景解释。,0,,https://www.cambridgeenglish.org/images/506887-b1-preliminary-vocabulary-list.pdf,,https://github.com/skywind3000/ECDICT,offline-materials,on vacation,authored,on vacation · 单词里的小故事,小乐和朋友交换今天的小发现。他们这周在度假。小乐说：“They are on vacation this week.”朋友听懂了，也想起自己遇到过的事。,,They are __________ this week.,on vacation,他们这周在度假。,context,2026-09-v2,本地预制课堂素材；原创短句与场景模板,[],想象你也在这个场景里。用 on vacation 说一句自己的话。
onto,PET,1,在...之上,prep.,日常沟通,The cat jumped onto the chair.,猫跳上了椅子。,[],结合常用释义整体记忆。先听老师读，再用自己的生活场景解释。,0,,https://www.cambridgeenglish.org/images/506887-b1-preliminary-vocabulary-list.pdf,'ɒntu:,https://github.com/skywind3000/ECDICT,offline-materials,onto,authored,onto · 单词里的小故事,小乐和朋友交换今天的小发现。猫跳上了椅子。小乐说：“The cat jumped onto the chair.”朋友听懂了，也想起自己遇到过的事。,,The cat jumped __________ the chair.,onto,猫跳上了椅子。,context,2026-09-v2,本地预制课堂素材；原创短句与场景模板,[],想象你也在这个场景里。用 onto 说一句自己的话。
opening hours,PET,3,营业时间,n pl.,日常沟通,We talked about the opening hours today.,我们今天谈到了营业时间。,[],结合常用释义整体记忆。先听老师读，再用自己的生活场景解释。,0,,https://www.cambridgeenglish.org/images/506887-b1-preliminary-vocabulary-list.pdf,,常用义教学修订；原词典见 ECDICT-LICENSE.txt,offline-materials,opening hours,discussion,opening hours · 单词里的小故事,小乐和朋友聊起今天的一件事。我们今天谈到了营业时间。小乐说：“We talked about the opening hours today.”朋友听懂了，也想起自己遇到过的事。,,We talked about the __________ today.,opening hours,我们今天谈到了营业时间。,context,2026-09-v2,本地预制课堂素材；原创短句与场景模板,[],想象你也在这个场景里。用 opening hours 说一句自己的话。
operate,PET,1,操作；运转；动手术,v.,日常沟通,Can you operate this machine?,你会操作这台机器吗？,[],结合常用释义整体记忆。先听老师读，再用自己的生活场景解释。,0,,https://www.cambridgeenglish.org/images/506887-b1-preliminary-vocabulary-list.pdf,'ɒpәreit,https://github.com/skywind3000/ECDICT,offline-materials,operate,authored,operate · 单词里的小故事,小乐和朋友交换今天的小发现。你会操作这台机器吗？小乐说：“Can you operate this machine?”朋友听懂了，也想起自己遇到过的事。,,Can you __________ this machine?,operate,你会操作这台机器吗？,context,2026-09-v2,本地预制课堂素材；原创短句与场景模板,[],想象你也在这个场景里。用 operate 说一句自己的话。
operation,PET,1,手术；操作,n.,日常沟通,We talked about the operation today.,我们今天谈到了手术。,[],结合常用释义整体记忆。先听老师读，再用自己的生活场景解释。,0,,https://www.cambridgeenglish.org/images/506887-b1-preliminary-vocabulary-list.pdf,.ɒpә'reiʃәn,常用义教学修订；原词典见 ECDICT-LICENSE.txt,offline-materials,operation,discussion,operation · 单词里的小故事,小乐和朋友聊起今天的一件事。我们今天谈到了手术。小乐说：“We talked about the operation today.”朋友听懂了，也想起自己遇到过的事。,,We talked about the __________ today.,operation,我们今天谈到了手术。,context,2026-09-v2,本地预制课堂素材；原创短句与场景模板,[],想象你也在这个场景里。用 operation 说一句自己的话。
operator,PET,2,操作员；接线员,n.,日常沟通,This story is about an operator.,这个故事讲的是一位操作员。,[],结合常用释义整体记忆。先听老师读，再用自己的生活场景解释。,0,,https://www.cambridgeenglish.org/images/506887-b1-preliminary-vocabulary-list.pdf,'ɒpәreitә,常用义教学修订；原词典见 ECDICT-LICENSE.txt,offline-materials,operator,person,operator · 单词里的小故事,读书会轮到小乐介绍故事里的一个人物。这个故事讲的是一位操作员。小乐说：“This story is about an operator.”朋友听懂了，也想起自己遇到过的事。,,This story is about an __________.,operator,这个故事讲的是一位操作员。,context,2026-09-v2,本地预制课堂素材；原创短句与场景模板,[],想象你也在这个场景里。用 operator 说一句自己的话。
opportunity,PET,1,机会,n.,日常沟通,The visit is an opportunity to learn.,这次参观是一次学习机会。,[],结合常用释义整体记忆。先听老师读，再用自己的生活场景解释。,0,,https://www.cambridgeenglish.org/images/506887-b1-preliminary-vocabulary-list.pdf,.ɒpә'tju:niti,原创课堂释义与例句,offline-materials,opportunity,authored,opportunity · 单词里的小故事,小乐和朋友交换今天的小发现。这次参观是一次学习机会。小乐说：“The visit is an opportunity to learn.”朋友听懂了，也想起自己遇到过的事。,,The visit is an __________ to learn.,opportunity,这次参观是一次学习机会。,context,2026-09-v2,本地预制课堂素材；原创短句与场景模板,[],想象你也在这个场景里。用 opportunity 说一句自己的话。
option,PET,1,选择权；挑选；选项,n.,日常沟通,We talked about the option today.,我们今天谈到了选择权。,[],结合常用释义整体记忆。先听老师读，再用自己的生活场景解释。,0,,https://www.cambridgeenglish.org/images/506887-b1-preliminary-vocabulary-list.pdf,'ɒpʃәn,https://github.com/skywind3000/ECDICT,offline-materials,option,discussion,option · 单词里的小故事,小乐和朋友聊起今天的一件事。我们今天谈到了选择权。小乐说：“We talked about the option today.”朋友听懂了，也想起自己遇到过的事。,,We talked about the __________ today.,option,我们今天谈到了选择权。,context,2026-09-v2,本地预制课堂素材；原创短句与场景模板,[],想象你也在这个场景里。用 option 说一句自己的话。
orchestra,PET,2,管弦乐队；乐队演奏处,n.,日常沟通,I want to learn more about orchestra.,我想多了解一些管弦乐队。,[],结合常用释义整体记忆。先听老师读，再用自己的生活场景解释。,0,,https://www.cambridgeenglish.org/images/506887-b1-preliminary-vocabulary-list.pdf,'ɒ:kistrә,https://github.com/skywind3000/ECDICT,offline-materials,orchestra,activity,orchestra · 单词里的小故事,班级要举办兴趣日，小乐选了自己想了解的活动。我想多了解一些管弦乐队。小乐说：“I want to learn more about orchestra.”朋友听懂了，也想起自己遇到过的事。,,I want to learn more about __________.,orchestra,我想多了解一些管弦乐队。,context,2026-09-v2,本地预制课堂素材；原创短句与场景模板,[],想象你也在这个场景里。用 orchestra 说一句自己的话。
ordinary,PET,1,普通的,adj.,日常沟通,It was an ordinary day.,那是普通的一天。,[],结合常用释义整体记忆。先听老师读，再用自己的生活场景解释。,0,,https://www.cambridgeenglish.org/images/506887-b1-preliminary-vocabulary-list.pdf,'ɒ:dinәri,常用义教学修订；原词典见 ECDICT-LICENSE.txt,offline-materials,ordinary,authored,ordinary · 单词里的小故事,小乐和朋友交换今天的小发现。那是普通的一天。小乐说：“It was an ordinary day.”朋友听懂了，也想起自己遇到过的事。,,It was an __________ day.,ordinary,那是普通的一天。,context,2026-09-v2,本地预制课堂素材；原创短句与场景模板,[],想象你也在这个场景里。用 ordinary 说一句自己的话。
organisation,PET,1,组织；机构,n.,日常沟通,We talked about the organisation today.,我们今天谈到了组织。,"[{""text"": ""organise"", ""kind"": ""root"", ""meaning"": ""组织""}, {""text"": ""-ation"", ""kind"": ""suffix"", ""meaning"": ""动作或结果（构成名词）"", ""story"": ""-ation 的历史可以追溯到拉丁语。它常帮助我们给一个动作、过程或相关的结果取名字。观察本课的词基和完整单词：意思连着，拼写却可能有变化。"", ""source"": ""https://www.merriam-webster.com/dictionary/-ation""}]",这是词基与派生词的关系。拼写发生了变化，请把本课目标单词完整写对；构词成分不是原词的逐字切片。,0,,https://www.cambridgeenglish.org/images/506887-b1-preliminary-vocabulary-list.pdf,",ɔ: ^әnaizeiʃən; - ni'z-",常用义教学修订；原词典见 ECDICT-LICENSE.txt,offline-materials,organisation,discussion,organisation · 单词里的小故事,小乐和朋友聊起今天的一件事。我们今天谈到了组织。小乐说：“We talked about the organisation today.”朋友听懂了，也想起自己遇到过的事。,,We talked about the __________ today.,organisation,我们今天谈到了组织。,context,2026-09-v2,本地预制课堂素材；原创短句与场景模板,[],想象你也在这个场景里。用 organisation 说一句自己的话。
organise,PET,1,组织；有机化；给予生机,v.,日常沟通,Let's organise a class party.,我们组织一个班级聚会吧。,"[{""text"": ""organise"", ""kind"": ""root"", ""meaning"": ""组织""}]",这个词本身可以作为词基，与相关派生词联系起来理解。,0,,https://www.cambridgeenglish.org/images/506887-b1-preliminary-vocabulary-list.pdf,'ɒ:gәnaiz,https://github.com/skywind3000/ECDICT,offline-materials,organise,authored,organise · 单词里的小故事,小乐和朋友交换今天的小发现。我们组织一个班级聚会吧。小乐说：“Let's organise a class party.”朋友听懂了，也想起自己遇到过的事。,,Let's __________ a class party.,organise,我们组织一个班级聚会吧。,context,2026-09-v2,本地预制课堂素材；原创短句与场景模板,[],想象你也在这个场景里。用 organise 说一句自己的话。
original,PET,1,最初的；原始的；有创意的,adj.,日常沟通,This is her original drawing.,这是她的原创画作。,"[{""text"": ""original"", ""kind"": ""root"", ""meaning"": ""原来的""}]",这个词本身可以作为词基，与相关派生词联系起来理解。,0,,https://www.cambridgeenglish.org/images/506887-b1-preliminary-vocabulary-list.pdf,ә'ridʒәnl,https://github.com/skywind3000/ECDICT,offline-materials,original,authored,original · 单词里的小故事,小乐和朋友交换今天的小发现。这是她的原创画作。小乐说：“This is her original drawing.”朋友听懂了，也想起自己遇到过的事。,,This is her __________ drawing.,original,这是她的原创画作。,context,2026-09-v2,本地预制课堂素材；原创短句与场景模板,[],想象你也在这个场景里。用 original 说一句自己的话。
otherwise,PET,1,否则；不同地；别的方式,adv.,日常沟通,"Hurry up. Otherwise, we will be late.",快一点。否则我们会迟到。,[],结合常用释义整体记忆。先听老师读，再用自己的生活场景解释。,0,,https://www.cambridgeenglish.org/images/506887-b1-preliminary-vocabulary-list.pdf,'ʌðәwaiz,https://github.com/skywind3000/ECDICT,offline-materials,otherwise,authored,otherwise · 单词里的小故事,"小乐和朋友交换今天的小发现。快一点。否则我们会迟到。小乐说：“Hurry up. Otherwise, we will be late.”朋友听懂了，也想起自己遇到过的事。",,"Hurry up. __________, we will be late.",Otherwise,快一点。否则我们会迟到。,context,2026-09-v2,本地预制课堂素材；原创短句与场景模板,[],想象你也在这个场景里。用 otherwise 说一句自己的话。
out of date,PET,3,过时的；废弃的,prep phr.,日常沟通,This map is out of date.,这张地图过时了。,[],结合常用释义整体记忆。先听老师读，再用自己的生活场景解释。,0,,https://www.cambridgeenglish.org/images/506887-b1-preliminary-vocabulary-list.pdf,,https://github.com/skywind3000/ECDICT,offline-materials,out of date,authored,out of date · 单词里的小故事,小乐和朋友交换今天的小发现。这张地图过时了。小乐说：“This map is out of date.”朋友听懂了，也想起自己遇到过的事。,,This map is __________.,out of date,这张地图过时了。,context,2026-09-v2,本地预制课堂素材；原创短句与场景模板,[],想象你也在这个场景里。用 out of date 说一句自己的话。
out of order,PET,3,次序颠倒；不整齐,prep phr.,日常沟通,The lift is out of order.,电梯坏了。,[],结合常用释义整体记忆。先听老师读，再用自己的生活场景解释。,0,,https://www.cambridgeenglish.org/images/506887-b1-preliminary-vocabulary-list.pdf,,https://github.com/skywind3000/ECDICT,offline-materials,out of order,authored,out of order · 单词里的小故事,小乐和朋友交换今天的小发现。电梯坏了。小乐说：“The lift is out of order.”朋友听懂了，也想起自己遇到过的事。,,The lift is __________.,out of order,电梯坏了。,context,2026-09-v2,本地预制课堂素材；原创短句与场景模板,[],想象你也在这个场景里。用 out of order 说一句自己的话。
out of work,PET,3,失业；机器有毛病,prep phr.,日常沟通,He is out of work at present.,他目前没有工作。,[],结合常用释义整体记忆。先听老师读，再用自己的生活场景解释。,0,,https://www.cambridgeenglish.org/images/506887-b1-preliminary-vocabulary-list.pdf,,https://github.com/skywind3000/ECDICT,offline-materials,out of work,authored,out of work · 单词里的小故事,小乐和朋友交换今天的小发现。他目前没有工作。小乐说：“He is out of work at present.”朋友听懂了，也想起自己遇到过的事。,,He is __________ at present.,out of work,他目前没有工作。,context,2026-09-v2,本地预制课堂素材；原创短句与场景模板,[],想象你也在这个场景里。用 out of work 说一句自己的话。
overnight,PET,2,一夜之间；在夜间,adj; adv.,日常沟通,We stayed overnight at the hotel.,我们在酒店住了一晚。,[],结合常用释义整体记忆。先听老师读，再用自己的生活场景解释。,0,,https://www.cambridgeenglish.org/images/506887-b1-preliminary-vocabulary-list.pdf,'әuvәnait,常用义教学修订；原词典见 ECDICT-LICENSE.txt,offline-materials,overnight,authored,overnight · 单词里的小故事,小乐和朋友交换今天的小发现。我们在酒店住了一晚。小乐说：“We stayed overnight at the hotel.”朋友听懂了，也想起自己遇到过的事。,,We stayed __________ at the hotel.,overnight,我们在酒店住了一晚。,context,2026-09-v2,本地预制课堂素材；原创短句与场景模板,[],想象你也在这个场景里。用 overnight 说一句自己的话。
owe,PET,2,亏欠；负...债；归功于,v.,日常沟通,I owe you five pounds.,我欠你五英镑。,[],结合常用释义整体记忆。先听老师读，再用自己的生活场景解释。,0,,https://www.cambridgeenglish.org/images/506887-b1-preliminary-vocabulary-list.pdf,әu,https://github.com/skywind3000/ECDICT,offline-materials,owe,authored,owe · 单词里的小故事,小乐和朋友交换今天的小发现。我欠你五英镑。小乐说：“I owe you five pounds.”朋友听懂了，也想起自己遇到过的事。,,I __________ you five pounds.,owe,我欠你五英镑。,context,2026-09-v2,本地预制课堂素材；原创短句与场景模板,[],想象你也在这个场景里。用 owe 说一句自己的话。
owner,PET,1,拥有者；物主；所有人,n.,日常沟通,This story is about an owner.,这个故事讲的是一位拥有者。,"[{""text"": ""own"", ""kind"": ""root"", ""meaning"": ""拥有""}, {""text"": ""-er"", ""kind"": ""suffix"", ""meaning"": ""做某事的人或物"", ""story"": ""表示做事者的 -er 有古英语 -ere 等历史来源。它常把动作变成做这个动作的人或工具。先找到动作，再问“谁来做”，就能串起一组词。比较级里的 -er 是另一种用法。"", ""source"": ""https://www.merriam-webster.com/dictionary/-er""}]",先理解词基，再看词缀如何改变含义或词性。,0,,https://www.cambridgeenglish.org/images/506887-b1-preliminary-vocabulary-list.pdf,'әunә,https://github.com/skywind3000/ECDICT,offline-materials,owner,person,owner · 单词里的小故事,读书会轮到小乐介绍故事里的一个人物。这个故事讲的是一位拥有者。小乐说：“This story is about an owner.”朋友听懂了，也想起自己遇到过的事。,,This story is about an __________.,owner,这个故事讲的是一位拥有者。,context,2026-09-v2,本地预制课堂素材；原创短句与场景模板,[],想象你也在这个场景里。用 owner 说一句自己的话。
packet,PET,2,小包；一批信件；大量,n.,日常沟通,We need the packet today.,我们今天需要小包。,[],结合常用释义整体记忆。先听老师读，再用自己的生活场景解释。,0,,https://www.cambridgeenglish.org/images/506887-b1-preliminary-vocabulary-list.pdf,'pækit,https://github.com/skywind3000/ECDICT,offline-materials,packet,equipment,packet · 单词里的小故事,班级活动开始前，小乐负责核对需要的东西。我们今天需要小包。小乐说：“We need the packet today.”朋友听懂了，也想起自己遇到过的事。,,We need the __________ today.,packet,我们今天需要小包。,context,2026-09-v2,本地预制课堂素材；原创短句与场景模板,[],想象你也在这个场景里。用 packet 说一句自己的话。
painful,PET,2,疼痛的,adj.,日常沟通,My knee is still painful.,我的膝盖仍然疼。,"[{""text"": ""pain"", ""kind"": ""root"", ""meaning"": ""疼痛""}, {""text"": ""-ful"", ""kind"": ""suffix"", ""meaning"": ""有……特征的；充满……的"", ""story"": ""-ful 可以追溯到古英语中表示“满的”的 full。今天它常表示具有某种特征。可以把它想成“装着某种特点”的小口袋。注意：独立单词 full 有两个 l，后缀 -ful 只有一个。"", ""source"": ""https://www.merriam-webster.com/dictionary/-ful""}]",先理解词基，再看词缀如何改变含义或词性。,0,,https://www.cambridgeenglish.org/images/506887-b1-preliminary-vocabulary-list.pdf,'peinful,原创课堂释义与例句,offline-materials,painful,authored,painful · 单词里的小故事,小乐和朋友交换今天的小发现。我的膝盖仍然疼。小乐说：“My knee is still painful.”朋友听懂了，也想起自己遇到过的事。,,My knee is still __________.,painful,我的膝盖仍然疼。,context,2026-09-v2,本地预制课堂素材；原创短句与场景模板,"[{""en"": ""My foot is still painful today."", ""zh"": ""今天我的脚仍然很痛。""}]",想象你也在这个场景里。用 painful 说一句自己的话。
palace,PET,1,宫殿,n.,日常沟通,The king lives in a palace.,国王住在宫殿里。,[],结合常用释义整体记忆。先听老师读，再用自己的生活场景解释。,0,,https://www.cambridgeenglish.org/images/506887-b1-preliminary-vocabulary-list.pdf,'pælis,常用义教学修订；原词典见 ECDICT-LICENSE.txt,offline-materials,palace,authored,palace · 单词里的小故事,小乐和朋友交换今天的小发现。国王住在宫殿里。小乐说：“The king lives in a palace.”朋友听懂了，也想起自己遇到过的事。,,The king lives in a __________.,palace,国王住在宫殿里。,context,2026-09-v2,本地预制课堂素材；原创短句与场景模板,[],想象你也在这个场景里。用 palace 说一句自己的话。
pan,PET,2,平锅；浅盘；盆地,n.,日常沟通,We need the pan today.,我们今天需要平锅。,[],结合常用释义整体记忆。先听老师读，再用自己的生活场景解释。,0,,https://www.cambridgeenglish.org/images/506887-b1-preliminary-vocabulary-list.pdf,pæn,https://github.com/skywind3000/ECDICT,offline-materials,pan,equipment,pan · 单词里的小故事,班级活动开始前，小乐负责核对需要的东西。我们今天需要平锅。小乐说：“We need the pan today.”朋友听懂了，也想起自己遇到过的事。,,We need the __________ today.,pan,我们今天需要平锅。,context,2026-09-v2,本地预制课堂素材；原创短句与场景模板,[],想象你也在这个场景里。用 pan 说一句自己的话。
pants,PET,3,裤子（美式）；内裤（英式）,n.,日常沟通,I like your pants.,我喜欢你的裤子。,[],结合常用释义整体记忆。先听老师读，再用自己的生活场景解释。,0,,https://www.cambridgeenglish.org/images/506887-b1-preliminary-vocabulary-list.pdf,pænts,常用义教学修订；原词典见 ECDICT-LICENSE.txt,offline-materials,pants,clothes,pants · 单词里的小故事,出门前，小乐注意到了朋友的穿着。我喜欢你的裤子。小乐说：“I like your pants.”朋友听懂了，也想起自己遇到过的事。,,I like your __________.,pants,我喜欢你的裤子。,context,2026-09-v2,本地预制课堂素材；原创短句与场景模板,[],想象你也在这个场景里。用 pants 说一句自己的话。
parcel,PET,2,包裹；部分；片,n.,日常沟通,We need the parcel today.,我们今天需要包裹。,[],结合常用释义整体记忆。先听老师读，再用自己的生活场景解释。,0,,https://www.cambridgeenglish.org/images/506887-b1-preliminary-vocabulary-list.pdf,'pɑ:sl,https://github.com/skywind3000/ECDICT,offline-materials,parcel,equipment,parcel · 单词里的小故事,班级活动开始前，小乐负责核对需要的东西。我们今天需要包裹。小乐说：“We need the parcel today.”朋友听懂了，也想起自己遇到过的事。,,We need the __________ today.,parcel,我们今天需要包裹。,context,2026-09-v2,本地预制课堂素材；原创短句与场景模板,[],想象你也在这个场景里。用 parcel 说一句自己的话。
parking,PET,2,停车,n.,日常沟通,Parking is free here.,这里停车免费。,"[{""text"": ""park"", ""kind"": ""root"", ""meaning"": ""停车""}, {""text"": ""-ing"", ""kind"": ""suffix"", ""meaning"": ""把动作当作活动或事物来表达"", ""story"": ""把动作变成名词的 -ing，可以追溯到古英语的 -ung、-ing。一个动作加上这样的结尾，就能作为一种活动来谈论。注意句子里的位置：-ing 也会用于进行时和形容词。"", ""source"": ""https://www.merriam-webster.com/dictionary/-ing""}]",先理解词基，再看词缀如何改变含义或词性。,0,,https://www.cambridgeenglish.org/images/506887-b1-preliminary-vocabulary-list.pdf,'pɑ:kiŋ,常用义教学修订；原词典见 ECDICT-LICENSE.txt,offline-materials,parking,authored,parking · 单词里的小故事,小乐和朋友交换今天的小发现。这里停车免费。小乐说：“Parking is free here.”朋友听懂了，也想起自己遇到过的事。,,__________ is free here.,Parking,这里停车免费。,context,2026-09-v2,本地预制课堂素材；原创短句与场景模板,[],想象你也在这个场景里。用 parking 说一句自己的话。
part time,PET,3,兼任；部分时间,adv.,日常沟通,She works part time in a shop.,她在一家商店做兼职。,[],结合常用释义整体记忆。先听老师读，再用自己的生活场景解释。,0,,https://www.cambridgeenglish.org/images/506887-b1-preliminary-vocabulary-list.pdf,pɑ:t taim,https://github.com/skywind3000/ECDICT,offline-materials,part time,authored,part time · 单词里的小故事,小乐和朋友交换今天的小发现。她在一家商店做兼职。小乐说：“She works part time in a shop.”朋友听懂了，也想起自己遇到过的事。,,She works __________ in a shop.,part time,她在一家商店做兼职。,context,2026-09-v2,本地预制课堂素材；原创短句与场景模板,[],想象你也在这个场景里。用 part time 说一句自己的话。
part-time,PET,3,兼任的；半工半读的；部分时间的,adj.,日常沟通,He has a part-time job.,他有一份兼职工作。,[],结合常用释义整体记忆。先听老师读，再用自己的生活场景解释。,0,,https://www.cambridgeenglish.org/images/506887-b1-preliminary-vocabulary-list.pdf,,https://github.com/skywind3000/ECDICT,offline-materials,part-time,authored,part-time · 单词里的小故事,小乐和朋友交换今天的小发现。他有一份兼职工作。小乐说：“He has a part-time job.”朋友听懂了，也想起自己遇到过的事。,,He has a __________ job.,part-time,他有一份兼职工作。,context,2026-09-v2,本地预制课堂素材；原创短句与场景模板,[],想象你也在这个场景里。用 part-time 说一句自己的话。
particular,PET,1,特别的；独有的；挑剔的,adj.,日常沟通,Are you looking for a particular book?,你在找某一本特定的书吗？,[],结合常用释义整体记忆。先听老师读，再用自己的生活场景解释。,0,,https://www.cambridgeenglish.org/images/506887-b1-preliminary-vocabulary-list.pdf,pә'tikjulә,https://github.com/skywind3000/ECDICT,offline-materials,particular,authored,particular · 单词里的小故事,小乐和朋友交换今天的小发现。你在找某一本特定的书吗？小乐说：“Are you looking for a particular book?”朋友听懂了，也想起自己遇到过的事。,,Are you looking for a __________ book?,particular,你在找某一本特定的书吗？,context,2026-09-v2,本地预制课堂素材；原创短句与场景模板,[],想象你也在这个场景里。用 particular 说一句自己的话。
particularly,PET,1,特别；格外；尤其,adv.,日常沟通,I particularly like this song.,我特别喜欢这首歌。,[],结合常用释义整体记忆。先听老师读，再用自己的生活场景解释。,0,,https://www.cambridgeenglish.org/images/506887-b1-preliminary-vocabulary-list.pdf,pә'tikjjlәli,https://github.com/skywind3000/ECDICT,offline-materials,particularly,authored,particularly · 单词里的小故事,小乐和朋友交换今天的小发现。我特别喜欢这首歌。小乐说：“I particularly like this song.”朋友听懂了，也想起自己遇到过的事。,,I __________ like this song.,particularly,我特别喜欢这首歌。,context,2026-09-v2,本地预制课堂素材；原创短句与场景模板,[],想象你也在这个场景里。用 particularly 说一句自己的话。
partly,PET,1,部分地；在一定程度上,adv.,日常沟通,The window is partly open.,窗户半开着。,"[{""text"": ""part"", ""kind"": ""root"", ""meaning"": ""部分""}, {""text"": ""-ly"", ""kind"": ""suffix"", ""meaning"": ""以……的方式（构成副词）"", ""story"": ""-ly 在古英语中有表示“像……的”的形容词形式，也有表示“以某种方式”的副词形式。今天同样的结尾仍有不同工作。先问它是在描写一个人或物，还是在说明怎样做事。"", ""source"": ""https://www.merriam-webster.com/dictionary/ly-""}]",先理解词基，再看词缀如何改变含义或词性。,0,,https://www.cambridgeenglish.org/images/506887-b1-preliminary-vocabulary-list.pdf,'pɑ:tli,https://github.com/skywind3000/ECDICT,offline-materials,partly,authored,partly · 单词里的小故事,小乐和朋友交换今天的小发现。窗户半开着。小乐说：“The window is partly open.”朋友听懂了，也想起自己遇到过的事。,,The window is __________ open.,partly,窗户半开着。,context,2026-09-v2,本地预制课堂素材；原创短句与场景模板,[],想象你也在这个场景里。用 partly 说一句自己的话。
pass on,PET,3,传授；传递,phr v.,日常沟通,Please pass on this message.,请转达这个消息。,[],结合常用释义整体记忆。先听老师读，再用自己的生活场景解释。,0,,https://www.cambridgeenglish.org/images/506887-b1-preliminary-vocabulary-list.pdf,,https://github.com/skywind3000/ECDICT,offline-materials,pass on,authored,pass on · 单词里的小故事,小乐和朋友交换今天的小发现。请转达这个消息。小乐说：“Please pass on this message.”朋友听懂了，也想起自己遇到过的事。,,Please __________ this message.,pass on,请转达这个消息。,context,2026-09-v2,本地预制课堂素材；原创短句与场景模板,[],想象你也在这个场景里。用 pass on 说一句自己的话。
patient,PET,1,耐心的,adj.,日常沟通,Please be patient with the younger children.,请对年幼的孩子有耐心。,[],结合常用释义整体记忆。先听老师读，再用自己的生活场景解释。,0,,https://www.cambridgeenglish.org/images/506887-b1-preliminary-vocabulary-list.pdf,'peiʃәnt,原创课堂释义与例句,offline-materials,patient,authored,patient · 单词里的小故事,小乐和朋友交换今天的小发现。请对年幼的孩子有耐心。小乐说：“Please be patient with the younger children.”朋友听懂了，也想起自己遇到过的事。,,Please be __________ with the younger children.,patient,请对年幼的孩子有耐心。,context,2026-09-v2,本地预制课堂素材；原创短句与场景模板,[],想象你也在这个场景里。用 patient 说一句自己的话。
pattern,PET,1,模范；典型；式样,n.,日常沟通,We talked about the pattern today.,我们今天谈到了模范。,[],结合常用释义整体记忆。先听老师读，再用自己的生活场景解释。,0,,https://www.cambridgeenglish.org/images/506887-b1-preliminary-vocabulary-list.pdf,'pætәn,https://github.com/skywind3000/ECDICT,offline-materials,pattern,discussion,pattern · 单词里的小故事,小乐和朋友聊起今天的一件事。我们今天谈到了模范。小乐说：“We talked about the pattern today.”朋友听懂了，也想起自己遇到过的事。,,We talked about the __________ today.,pattern,我们今天谈到了模范。,context,2026-09-v2,本地预制课堂素材；原创短句与场景模板,[],想象你也在这个场景里。用 pattern 说一句自己的话。
pause,PET,2,暂停；中止；停顿,v.,日常沟通,Let's pause the video here.,我们在这里暂停视频吧。,[],结合常用释义整体记忆。先听老师读，再用自己的生活场景解释。,0,,https://www.cambridgeenglish.org/images/506887-b1-preliminary-vocabulary-list.pdf,pɒ:z,https://github.com/skywind3000/ECDICT,offline-materials,pause,authored,pause · 单词里的小故事,小乐和朋友交换今天的小发现。我们在这里暂停视频吧。小乐说：“Let's pause the video here.”朋友听懂了，也想起自己遇到过的事。,,Let's __________ the video here.,pause,我们在这里暂停视频吧。,context,2026-09-v2,本地预制课堂素材；原创短句与场景模板,[],想象你也在这个场景里。用 pause 说一句自己的话。
pavement,PET,2,路面；人行道；铺面路,n.,日常沟通,We visited the pavement today.,我们今天参观了路面。,[],结合常用释义整体记忆。先听老师读，再用自己的生活场景解释。,0,,https://www.cambridgeenglish.org/images/506887-b1-preliminary-vocabulary-list.pdf,'peivmәnt,https://github.com/skywind3000/ECDICT,offline-materials,pavement,place,pavement · 单词里的小故事,小乐把今天的外出经历记进了日记。我们今天参观了路面。小乐说：“We visited the pavement today.”朋友听懂了，也想起自己遇到过的事。,,We visited the __________ today.,pavement,我们今天参观了路面。,context,2026-09-v2,本地预制课堂素材；原创短句与场景模板,[],想象你也在这个场景里。用 pavement 说一句自己的话。
pea,PET,2,豌豆；似豌豆的东西,n.,日常沟通,This pea tastes good.,这份豌豆味道很好。,[],结合常用释义整体记忆。先听老师读，再用自己的生活场景解释。,0,,https://www.cambridgeenglish.org/images/506887-b1-preliminary-vocabulary-list.pdf,pi:,https://github.com/skywind3000/ECDICT,offline-materials,pea,food,pea · 单词里的小故事,小乐第一次给家人当小帮手，端出一份食物。这份豌豆味道很好。小乐说：“This pea tastes good.”朋友听懂了，也想起自己遇到过的事。,,This __________ tastes good.,pea,这份豌豆味道很好。,context,2026-09-v2,本地预制课堂素材；原创短句与场景模板,[],想象你也在这个场景里。用 pea 说一句自己的话。
peace,PET,1,和平；和约；治安,n.,日常沟通,We talked about the peace today.,我们今天谈到了和平。,"[{""text"": ""peace"", ""kind"": ""root"", ""meaning"": ""和平""}]",这个词本身可以作为词基，与相关派生词联系起来理解。,0,,https://www.cambridgeenglish.org/images/506887-b1-preliminary-vocabulary-list.pdf,pi:s,https://github.com/skywind3000/ECDICT,offline-materials,peace,discussion,peace · 单词里的小故事,小乐和朋友聊起今天的一件事。我们今天谈到了和平。小乐说：“We talked about the peace today.”朋友听懂了，也想起自己遇到过的事。,,We talked about the __________ today.,peace,我们今天谈到了和平。,context,2026-09-v2,本地预制课堂素材；原创短句与场景模板,[],想象你也在这个场景里。用 peace 说一句自己的话。
peaceful,PET,2,宁静的,adj.,日常沟通,The village is peaceful at night.,村庄在夜晚很宁静。,"[{""text"": ""peace"", ""kind"": ""root"", ""meaning"": ""和平""}, {""text"": ""-ful"", ""kind"": ""suffix"", ""meaning"": ""有……特征的；充满……的"", ""story"": ""-ful 可以追溯到古英语中表示“满的”的 full。今天它常表示具有某种特征。可以把它想成“装着某种特点”的小口袋。注意：独立单词 full 有两个 l，后缀 -ful 只有一个。"", ""source"": ""https://www.merriam-webster.com/dictionary/-ful""}]",先理解词基，再看词缀如何改变含义或词性。,0,,https://www.cambridgeenglish.org/images/506887-b1-preliminary-vocabulary-list.pdf,'pi:sful,原创课堂释义与例句,offline-materials,peaceful,authored,peaceful · 单词里的小故事,小乐和朋友交换今天的小发现。村庄在夜晚很宁静。小乐说：“The village is peaceful at night.”朋友听懂了，也想起自己遇到过的事。,,The village is __________ at night.,peaceful,村庄在夜晚很宁静。,context,2026-09-v2,本地预制课堂素材；原创短句与场景模板,[],想象你也在这个场景里。用 peaceful 说一句自己的话。
peach,PET,2,桃子；桃树；桃色,n.,日常沟通,This peach tastes good.,这份桃子味道很好。,[],结合常用释义整体记忆。先听老师读，再用自己的生活场景解释。,0,,https://www.cambridgeenglish.org/images/506887-b1-preliminary-vocabulary-list.pdf,pi:tʃ,https://github.com/skywind3000/ECDICT,offline-materials,peach,food,peach · 单词里的小故事,小乐第一次给家人当小帮手，端出一份食物。这份桃子味道很好。小乐说：“This peach tastes good.”朋友听懂了，也想起自己遇到过的事。,,This __________ tastes good.,peach,这份桃子味道很好。,context,2026-09-v2,本地预制课堂素材；原创短句与场景模板,[],想象你也在这个场景里。用 peach 说一句自己的话。
peak,PET,2,山峰；巅；山顶,n.,日常沟通,We visited the peak today.,我们今天参观了山峰。,[],结合常用释义整体记忆。先听老师读，再用自己的生活场景解释。,0,,https://www.cambridgeenglish.org/images/506887-b1-preliminary-vocabulary-list.pdf,pi:k,https://github.com/skywind3000/ECDICT,offline-materials,peak,place,peak · 单词里的小故事,小乐把今天的外出经历记进了日记。我们今天参观了山峰。小乐说：“We visited the peak today.”朋友听懂了，也想起自己遇到过的事。,,We visited the __________ today.,peak,我们今天参观了山峰。,context,2026-09-v2,本地预制课堂素材；原创短句与场景模板,[],想象你也在这个场景里。用 peak 说一句自己的话。
peanut,PET,3,花生；小人物；极小的数额,n.,日常沟通,This peanut tastes good.,这份花生味道很好。,[],结合常用释义整体记忆。先听老师读，再用自己的生活场景解释。,0,,https://www.cambridgeenglish.org/images/506887-b1-preliminary-vocabulary-list.pdf,'pi:nʌt,https://github.com/skywind3000/ECDICT,offline-materials,peanut,food,peanut · 单词里的小故事,小乐第一次给家人当小帮手，端出一份食物。这份花生味道很好。小乐说：“This peanut tastes good.”朋友听懂了，也想起自己遇到过的事。,,This __________ tastes good.,peanut,这份花生味道很好。,context,2026-09-v2,本地预制课堂素材；原创短句与场景模板,[],想象你也在这个场景里。用 peanut 说一句自己的话。
pedestrian,PET,2,行人；步行者,n.,日常沟通,This story is about a pedestrian.,这个故事讲的是一位行人。,[],结合常用释义整体记忆。先听老师读，再用自己的生活场景解释。,0,,https://www.cambridgeenglish.org/images/506887-b1-preliminary-vocabulary-list.pdf,pә'destriәn,https://github.com/skywind3000/ECDICT,offline-materials,pedestrian,person,pedestrian · 单词里的小故事,读书会轮到小乐介绍故事里的一个人物。这个故事讲的是一位行人。小乐说：“This story is about a pedestrian.”朋友听懂了，也想起自己遇到过的事。,,This story is about a __________.,pedestrian,这个故事讲的是一位行人。,context,2026-09-v2,本地预制课堂素材；原创短句与场景模板,[],想象你也在这个场景里。用 pedestrian 说一句自己的话。
peel,PET,2,削...皮；剥去...的壳,v.,日常沟通,Please peel the banana.,请剥香蕉。,[],结合常用释义整体记忆。先听老师读，再用自己的生活场景解释。,0,,https://www.cambridgeenglish.org/images/506887-b1-preliminary-vocabulary-list.pdf,pi:l,https://github.com/skywind3000/ECDICT,offline-materials,peel,authored,peel · 单词里的小故事,小乐和朋友交换今天的小发现。请剥香蕉。小乐说：“Please peel the banana.”朋友听懂了，也想起自己遇到过的事。,,Please __________ the banana.,peel,请剥香蕉。,context,2026-09-v2,本地预制课堂素材；原创短句与场景模板,[],想象你也在这个场景里。用 peel 说一句自己的话。
percent,PET,2,百分比；百分数；部分,adv.,日常沟通,Fifty percent is half.,百分之五十就是一半。,[],结合常用释义整体记忆。先听老师读，再用自己的生活场景解释。,0,,https://www.cambridgeenglish.org/images/506887-b1-preliminary-vocabulary-list.pdf,pә'sent,https://github.com/skywind3000/ECDICT,offline-materials,percent,authored,percent · 单词里的小故事,小乐和朋友交换今天的小发现。百分之五十就是一半。小乐说：“Fifty percent is half.”朋友听懂了，也想起自己遇到过的事。,,Fifty __________ is half.,percent,百分之五十就是一半。,context,2026-09-v2,本地预制课堂素材；原创短句与场景模板,[],想象你也在这个场景里。用 percent 说一句自己的话。
perfectly,PET,2,完全地；无瑕疵地；完整地,adv.,日常沟通,The new shoes fit perfectly.,这双新鞋特别合脚。,"[{""text"": ""perfect"", ""kind"": ""root"", ""meaning"": ""完美的""}, {""text"": ""-ly"", ""kind"": ""suffix"", ""meaning"": ""以……的方式（构成副词）"", ""story"": ""-ly 在古英语中有表示“像……的”的形容词形式，也有表示“以某种方式”的副词形式。今天同样的结尾仍有不同工作。先问它是在描写一个人或物，还是在说明怎样做事。"", ""source"": ""https://www.merriam-webster.com/dictionary/ly-""}]",先理解词基，再看词缀如何改变含义或词性。,0,,https://www.cambridgeenglish.org/images/506887-b1-preliminary-vocabulary-list.pdf,'pә:fiktli,https://github.com/skywind3000/ECDICT,offline-materials,perfectly,authored,perfectly · 单词里的小故事,小乐和朋友交换今天的小发现。这双新鞋特别合脚。小乐说：“The new shoes fit perfectly.”朋友听懂了，也想起自己遇到过的事。,,The new shoes fit __________.,perfectly,这双新鞋特别合脚。,context,2026-09-v2,本地预制课堂素材；原创短句与场景模板,[],想象你也在这个场景里。用 perfectly 说一句自己的话。
performer,PET,2,表演者；执行者；完成者,n.,日常沟通,We talked about the performer today.,我们今天谈到了表演者。,"[{""text"": ""perform"", ""kind"": ""root"", ""meaning"": ""表演""}, {""text"": ""-er"", ""kind"": ""suffix"", ""meaning"": ""做某事的人或物"", ""story"": ""表示做事者的 -er 有古英语 -ere 等历史来源。它常把动作变成做这个动作的人或工具。先找到动作，再问“谁来做”，就能串起一组词。比较级里的 -er 是另一种用法。"", ""source"": ""https://www.merriam-webster.com/dictionary/-er""}]",先理解词基，再看词缀如何改变含义或词性。,0,,https://www.cambridgeenglish.org/images/506887-b1-preliminary-vocabulary-list.pdf,pә'fɒ:mә,https://github.com/skywind3000/ECDICT,offline-materials,performer,discussion,performer · 单词里的小故事,小乐和朋友聊起今天的一件事。我们今天谈到了表演者。小乐说：“We talked about the performer today.”朋友听懂了，也想起自己遇到过的事。,,We talked about the __________ today.,performer,我们今天谈到了表演者。,context,2026-09-v2,本地预制课堂素材；原创短句与场景模板,[],想象你也在这个场景里。用 performer 说一句自己的话。
period,PET,1,一段时间；课时,n.,日常沟通,We talked about the period today.,我们今天谈到了一段时间。,[],结合常用释义整体记忆。先听老师读，再用自己的生活场景解释。,0,,https://www.cambridgeenglish.org/images/506887-b1-preliminary-vocabulary-list.pdf,'piәriәd,常用义教学修订；原词典见 ECDICT-LICENSE.txt,offline-materials,period,discussion,period · 单词里的小故事,小乐和朋友聊起今天的一件事。我们今天谈到了一段时间。小乐说：“We talked about the period today.”朋友听懂了，也想起自己遇到过的事。,,We talked about the __________ today.,period,我们今天谈到了一段时间。,context,2026-09-v2,本地预制课堂素材；原创短句与场景模板,[],想象你也在这个场景里。用 period 说一句自己的话。
permanent,PET,1,永久的；不变的；固定的,adj.,日常沟通,This is our permanent home.,这是我们长久居住的家。,[],结合常用释义整体记忆。先听老师读，再用自己的生活场景解释。,0,,https://www.cambridgeenglish.org/images/506887-b1-preliminary-vocabulary-list.pdf,'pә:mәnәnt,https://github.com/skywind3000/ECDICT,offline-materials,permanent,authored,permanent · 单词里的小故事,小乐和朋友交换今天的小发现。这是我们长久居住的家。小乐说：“This is our permanent home.”朋友听懂了，也想起自己遇到过的事。,,This is our __________ home.,permanent,这是我们长久居住的家。,context,2026-09-v2,本地预制课堂素材；原创短句与场景模板,[],想象你也在这个场景里。用 permanent 说一句自己的话。
permission,PET,2,许可；允许,n.,日常沟通,We talked about the permission today.,我们今天谈到了许可。,[],结合常用释义整体记忆。先听老师读，再用自己的生活场景解释。,0,,https://www.cambridgeenglish.org/images/506887-b1-preliminary-vocabulary-list.pdf,pә'miʃәn,https://github.com/skywind3000/ECDICT,offline-materials,permission,discussion,permission · 单词里的小故事,小乐和朋友聊起今天的一件事。我们今天谈到了许可。小乐说：“We talked about the permission today.”朋友听懂了，也想起自己遇到过的事。,,We talked about the __________ today.,permission,我们今天谈到了许可。,context,2026-09-v2,本地预制课堂素材；原创短句与场景模板,[],想象你也在这个场景里。用 permission 说一句自己的话。
permit,PET,2,允许；容许；可能,v.,日常沟通,They permit us to take photos.,他们允许我们拍照。,[],结合常用释义整体记忆。先听老师读，再用自己的生活场景解释。,0,,https://www.cambridgeenglish.org/images/506887-b1-preliminary-vocabulary-list.pdf,pә'mit,https://github.com/skywind3000/ECDICT,offline-materials,permit,authored,permit · 单词里的小故事,小乐和朋友交换今天的小发现。他们允许我们拍照。小乐说：“They permit us to take photos.”朋友听懂了，也想起自己遇到过的事。,,They __________ us to take photos.,permit,他们允许我们拍照。,context,2026-09-v2,本地预制课堂素材；原创短句与场景模板,[],想象你也在这个场景里。用 permit 说一句自己的话。
permitted,PET,3,被允许的；允许（permit 的过去式）,adj.,日常沟通,Dogs are permitted in this park.,这个公园允许狗进入。,[],结合常用释义整体记忆。先听老师读，再用自己的生活场景解释。,0,,https://www.cambridgeenglish.org/images/506887-b1-preliminary-vocabulary-list.pdf,pəˈmitid,常用义教学修订；原词典见 ECDICT-LICENSE.txt,offline-materials,permitted,authored,permitted · 单词里的小故事,小乐和朋友交换今天的小发现。这个公园允许狗进入。小乐说：“Dogs are permitted in this park.”朋友听懂了，也想起自己遇到过的事。,,Dogs are __________ in this park.,permitted,这个公园允许狗进入。,context,2026-09-v2,本地预制课堂素材；原创短句与场景模板,[],想象你也在这个场景里。用 permitted 说一句自己的话。
personal,PET,1,私人的；涉及隐私的；有人性的,adj.,日常沟通,Please keep your personal things here.,请把个人物品放在这里。,"[{""text"": ""personal"", ""kind"": ""root"", ""meaning"": ""个人的""}]",这个词本身可以作为词基，与相关派生词联系起来理解。,0,,https://www.cambridgeenglish.org/images/506887-b1-preliminary-vocabulary-list.pdf,'pә:snl,https://github.com/skywind3000/ECDICT,offline-materials,personal,authored,personal · 单词里的小故事,小乐和朋友交换今天的小发现。请把个人物品放在这里。小乐说：“Please keep your personal things here.”朋友听懂了，也想起自己遇到过的事。,,Please keep your __________ things here.,personal,请把个人物品放在这里。,context,2026-09-v2,本地预制课堂素材；原创短句与场景模板,[],想象你也在这个场景里。用 personal 说一句自己的话。
personally,PET,2,亲自地；个别地；当面,adv.,日常沟通,"Personally, I like the blue one.",就我个人而言，我喜欢蓝色的那个。,"[{""text"": ""personal"", ""kind"": ""root"", ""meaning"": ""个人的""}, {""text"": ""-ly"", ""kind"": ""suffix"", ""meaning"": ""以……的方式（构成副词）"", ""story"": ""-ly 在古英语中有表示“像……的”的形容词形式，也有表示“以某种方式”的副词形式。今天同样的结尾仍有不同工作。先问它是在描写一个人或物，还是在说明怎样做事。"", ""source"": ""https://www.merriam-webster.com/dictionary/ly-""}]",先理解词基，再看词缀如何改变含义或词性。,0,,https://www.cambridgeenglish.org/images/506887-b1-preliminary-vocabulary-list.pdf,'pә:sәnli,https://github.com/skywind3000/ECDICT,offline-materials,personally,authored,personally · 单词里的小故事,"小乐和朋友交换今天的小发现。就我个人而言，我喜欢蓝色的那个。小乐说：“Personally, I like the blue one.”朋友听懂了，也想起自己遇到过的事。",,"__________, I like the blue one.",Personally,就我个人而言，我喜欢蓝色的那个。,context,2026-09-v2,本地预制课堂素材；原创短句与场景模板,[],想象你也在这个场景里。用 personally 说一句自己的话。
persuade,PET,1,劝；使相信；恳求,v.,日常沟通,Can you persuade him to try again?,你能说服他再试一次吗？,[],结合常用释义整体记忆。先听老师读，再用自己的生活场景解释。,0,,https://www.cambridgeenglish.org/images/506887-b1-preliminary-vocabulary-list.pdf,pә'sweid,https://github.com/skywind3000/ECDICT,offline-materials,persuade,authored,persuade · 单词里的小故事,小乐和朋友交换今天的小发现。你能说服他再试一次吗？小乐说：“Can you persuade him to try again?”朋友听懂了，也想起自己遇到过的事。,,Can you __________ him to try again?,persuade,你能说服他再试一次吗？,context,2026-09-v2,本地预制课堂素材；原创短句与场景模板,[],想象你也在这个场景里。用 persuade 说一句自己的话。
photocopy,PET,3,影印；复印件,n.,日常沟通,We need the photocopy today.,我们今天需要影印。,[],结合常用释义整体记忆。先听老师读，再用自己的生活场景解释。,0,,https://www.cambridgeenglish.org/images/506887-b1-preliminary-vocabulary-list.pdf,'fәutәu.kɒpi,https://github.com/skywind3000/ECDICT,offline-materials,photocopy,equipment,photocopy · 单词里的小故事,班级活动开始前，小乐负责核对需要的东西。我们今天需要影印。小乐说：“We need the photocopy today.”朋友听懂了，也想起自己遇到过的事。,,We need the __________ today.,photocopy,我们今天需要影印。,context,2026-09-v2,本地预制课堂素材；原创短句与场景模板,[],想象你也在这个场景里。用 photocopy 说一句自己的话。
phrase,PET,2,惯用语；词组；成语,n.,日常沟通,We talked about the phrase today.,我们今天谈到了惯用语。,[],结合常用释义整体记忆。先听老师读，再用自己的生活场景解释。,0,,https://www.cambridgeenglish.org/images/506887-b1-preliminary-vocabulary-list.pdf,freiz,https://github.com/skywind3000/ECDICT,offline-materials,phrase,discussion,phrase · 单词里的小故事,小乐和朋友聊起今天的一件事。我们今天谈到了惯用语。小乐说：“We talked about the phrase today.”朋友听懂了，也想起自己遇到过的事。,,We talked about the __________ today.,phrase,我们今天谈到了惯用语。,context,2026-09-v2,本地预制课堂素材；原创短句与场景模板,[],想象你也在这个场景里。用 phrase 说一句自己的话。
pick,PET,1,摘；掘；凿,v.,日常沟通,You can pick a book from this shelf.,你可以从这个书架上挑一本书。,[],结合常用释义整体记忆。先听老师读，再用自己的生活场景解释。,0,,https://www.cambridgeenglish.org/images/506887-b1-preliminary-vocabulary-list.pdf,pik,https://github.com/skywind3000/ECDICT,offline-materials,pick,authored,pick · 单词里的小故事,小乐和朋友交换今天的小发现。你可以从这个书架上挑一本书。小乐说：“You can pick a book from this shelf.”朋友听懂了，也想起自己遇到过的事。,,You can __________ a book from this shelf.,pick,你可以从这个书架上挑一本书。,context,2026-09-v2,本地预制课堂素材；原创短句与场景模板,[],想象你也在这个场景里。用 pick 说一句自己的话。
pie,PET,2,馅饼；财富；总额,n.,日常沟通,This pie tastes good.,这份馅饼味道很好。,[],结合常用释义整体记忆。先听老师读，再用自己的生活场景解释。,0,,https://www.cambridgeenglish.org/images/506887-b1-preliminary-vocabulary-list.pdf,pai,https://github.com/skywind3000/ECDICT,offline-materials,pie,food,pie · 单词里的小故事,小乐第一次给家人当小帮手，端出一份食物。这份馅饼味道很好。小乐说：“This pie tastes good.”朋友听懂了，也想起自己遇到过的事。,,This __________ tastes good.,pie,这份馅饼味道很好。,context,2026-09-v2,本地预制课堂素材；原创短句与场景模板,[],想象你也在这个场景里。用 pie 说一句自己的话。
pig,PET,2,猪；猪肉；贪婪的人,n.,日常沟通,We saw the pig in a picture.,我们在图片里看到了猪。,[],结合常用释义整体记忆。先听老师读，再用自己的生活场景解释。,0,,https://www.cambridgeenglish.org/images/506887-b1-preliminary-vocabulary-list.pdf,pig,https://github.com/skywind3000/ECDICT,offline-materials,pig,animal,pig · 单词里的小故事,小乐翻开一本动物画册，在其中一页停了下来。我们在图片里看到了猪。小乐说：“We saw the pig in a picture.”朋友听懂了，也想起自己遇到过的事。,,We saw the __________ in a picture.,pig,我们在图片里看到了猪。,context,2026-09-v2,本地预制课堂素材；原创短句与场景模板,[],想象你也在这个场景里。用 pig 说一句自己的话。
pile,PET,2,堆；大堆；大厦,n.,日常沟通,We talked about the pile today.,我们今天谈到了堆。,[],结合常用释义整体记忆。先听老师读，再用自己的生活场景解释。,0,,https://www.cambridgeenglish.org/images/506887-b1-preliminary-vocabulary-list.pdf,pail,https://github.com/skywind3000/ECDICT,offline-materials,pile,discussion,pile · 单词里的小故事,小乐和朋友聊起今天的一件事。我们今天谈到了堆。小乐说：“We talked about the pile today.”朋友听懂了，也想起自己遇到过的事。,,We talked about the __________ today.,pile,我们今天谈到了堆。,context,2026-09-v2,本地预制课堂素材；原创短句与场景模板,[],想象你也在这个场景里。用 pile 说一句自己的话。
pill,PET,2,药丸；弹丸；屈辱,n.,日常沟通,We need the pill today.,我们今天需要药丸。,[],结合常用释义整体记忆。先听老师读，再用自己的生活场景解释。,0,,https://www.cambridgeenglish.org/images/506887-b1-preliminary-vocabulary-list.pdf,pil,https://github.com/skywind3000/ECDICT,offline-materials,pill,equipment,pill · 单词里的小故事,班级活动开始前，小乐负责核对需要的东西。我们今天需要药丸。小乐说：“We need the pill today.”朋友听懂了，也想起自己遇到过的事。,,We need the __________ today.,pill,我们今天需要药丸。,context,2026-09-v2,本地预制课堂素材；原创短句与场景模板,[],想象你也在这个场景里。用 pill 说一句自己的话。
pin,PET,2,大头针；针；别针,n; v.,日常沟通,We need the pin today.,我们今天需要大头针。,[],结合常用释义整体记忆。先听老师读，再用自己的生活场景解释。,0,,https://www.cambridgeenglish.org/images/506887-b1-preliminary-vocabulary-list.pdf,pin,https://github.com/skywind3000/ECDICT,offline-materials,pin,equipment,pin · 单词里的小故事,班级活动开始前，小乐负责核对需要的东西。我们今天需要大头针。小乐说：“We need the pin today.”朋友听懂了，也想起自己遇到过的事。,,We need the __________ today.,pin,我们今天需要大头针。,context,2026-09-v2,本地预制课堂素材；原创短句与场景模板,[],想象你也在这个场景里。用 pin 说一句自己的话。
pineapple,PET,3,凤梨；菠萝；失业救济金,n.,日常沟通,This pineapple tastes good.,这份凤梨味道很好。,[],结合常用释义整体记忆。先听老师读，再用自己的生活场景解释。,0,,https://www.cambridgeenglish.org/images/506887-b1-preliminary-vocabulary-list.pdf,'pain.æpl,https://github.com/skywind3000/ECDICT,offline-materials,pineapple,food,pineapple · 单词里的小故事,小乐第一次给家人当小帮手，端出一份食物。这份凤梨味道很好。小乐说：“This pineapple tastes good.”朋友听懂了，也想起自己遇到过的事。,,This __________ tastes good.,pineapple,这份凤梨味道很好。,context,2026-09-v2,本地预制课堂素材；原创短句与场景模板,[],想象你也在这个场景里。用 pineapple 说一句自己的话。
pipe,PET,2,管；导管；输送管,n.,日常沟通,We need the pipe today.,我们今天需要管。,[],结合常用释义整体记忆。先听老师读，再用自己的生活场景解释。,0,,https://www.cambridgeenglish.org/images/506887-b1-preliminary-vocabulary-list.pdf,paip,https://github.com/skywind3000/ECDICT,offline-materials,pipe,equipment,pipe · 单词里的小故事,班级活动开始前，小乐负责核对需要的东西。我们今天需要管。小乐说：“We need the pipe today.”朋友听懂了，也想起自己遇到过的事。,,We need the __________ today.,pipe,我们今天需要管。,context,2026-09-v2,本地预制课堂素材；原创短句与场景模板,[],想象你也在这个场景里。用 pipe 说一句自己的话。
pirate,PET,3,海盗；盗印者；侵犯专利权者,n.,日常沟通,This story is about a pirate.,这个故事讲的是一位海盗。,[],结合常用释义整体记忆。先听老师读，再用自己的生活场景解释。,0,,https://www.cambridgeenglish.org/images/506887-b1-preliminary-vocabulary-list.pdf,'paiәrәt,https://github.com/skywind3000/ECDICT,offline-materials,pirate,person,pirate · 单词里的小故事,读书会轮到小乐介绍故事里的一个人物。这个故事讲的是一位海盗。小乐说：“This story is about a pirate.”朋友听懂了，也想起自己遇到过的事。,,This story is about a __________.,pirate,这个故事讲的是一位海盗。,context,2026-09-v2,本地预制课堂素材；原创短句与场景模板,[],想象你也在这个场景里。用 pirate 说一句自己的话。
pitch,PET,2,球场,n.,日常沟通,We visited the pitch today.,我们今天参观了球场。,[],结合常用释义整体记忆。先听老师读，再用自己的生活场景解释。,0,,https://www.cambridgeenglish.org/images/506887-b1-preliminary-vocabulary-list.pdf,pitʃ,常用义教学修订；原词典见 ECDICT-LICENSE.txt,offline-materials,pitch,place,pitch · 单词里的小故事,小乐把今天的外出经历记进了日记。我们今天参观了球场。小乐说：“We visited the pitch today.”朋友听懂了，也想起自己遇到过的事。,,We visited the __________ today.,pitch,我们今天参观了球场。,context,2026-09-v2,本地预制课堂素材；原创短句与场景模板,[],想象你也在这个场景里。用 pitch 说一句自己的话。
plain,PET,2,简单的；朴素的,adj.,日常沟通,This box is plain.,这个盒子是简单的。,[],结合常用释义整体记忆。先听老师读，再用自己的生活场景解释。,0,,https://www.cambridgeenglish.org/images/506887-b1-preliminary-vocabulary-list.pdf,plein,常用义教学修订；原词典见 ECDICT-LICENSE.txt,offline-materials,plain,object-quality,plain · 单词里的小故事,朋友闭上眼睛，让小乐描述面前的盒子。这个盒子是简单的。小乐说：“This box is plain.”朋友听懂了，也想起自己遇到过的事。,,This box is __________.,plain,这个盒子是简单的。,context,2026-09-v2,本地预制课堂素材；原创短句与场景模板,[],想象你也在这个场景里。用 plain 说一句自己的话。
planet,PET,2,行星；命运星辰；杰出的人,n.,日常沟通,We visited the planet today.,我们今天参观了行星。,[],结合常用释义整体记忆。先听老师读，再用自己的生活场景解释。,0,,https://www.cambridgeenglish.org/images/506887-b1-preliminary-vocabulary-list.pdf,'plænit,https://github.com/skywind3000/ECDICT,offline-materials,planet,place,planet · 单词里的小故事,小乐把今天的外出经历记进了日记。我们今天参观了行星。小乐说：“We visited the planet today.”朋友听懂了，也想起自己遇到过的事。,,We visited the __________ today.,planet,我们今天参观了行星。,context,2026-09-v2,本地预制课堂素材；原创短句与场景模板,[],想象你也在这个场景里。用 planet 说一句自己的话。
plot,PET,2,故事情节,n.,日常沟通,We talked about the plot today.,我们今天谈到了故事情节。,[],结合常用释义整体记忆。先听老师读，再用自己的生活场景解释。,0,,https://www.cambridgeenglish.org/images/506887-b1-preliminary-vocabulary-list.pdf,plɒt,常用义教学修订；原词典见 ECDICT-LICENSE.txt,offline-materials,plot,discussion,plot · 单词里的小故事,小乐和朋友聊起今天的一件事。我们今天谈到了故事情节。小乐说：“We talked about the plot today.”朋友听懂了，也想起自己遇到过的事。,,We talked about the __________ today.,plot,我们今天谈到了故事情节。,context,2026-09-v2,本地预制课堂素材；原创短句与场景模板,[],想象你也在这个场景里。用 plot 说一句自己的话。
plug,PET,2,塞子；栓；插头,n; v.,日常沟通,We need the plug today.,我们今天需要塞子。,[],结合常用释义整体记忆。先听老师读，再用自己的生活场景解释。,0,,https://www.cambridgeenglish.org/images/506887-b1-preliminary-vocabulary-list.pdf,plʌg,https://github.com/skywind3000/ECDICT,offline-materials,plug,equipment,plug · 单词里的小故事,班级活动开始前，小乐负责核对需要的东西。我们今天需要塞子。小乐说：“We need the plug today.”朋友听懂了，也想起自己遇到过的事。,,We need the __________ today.,plug,我们今天需要塞子。,context,2026-09-v2,本地预制课堂素材；原创短句与场景模板,[],想象你也在这个场景里。用 plug 说一句自己的话。
pocket money,PET,3,零用钱,n.,日常沟通,We talked about the pocket money today.,我们今天谈到了零用钱。,[],结合常用释义整体记忆。先听老师读，再用自己的生活场景解释。,0,,https://www.cambridgeenglish.org/images/506887-b1-preliminary-vocabulary-list.pdf,,https://github.com/skywind3000/ECDICT,offline-materials,pocket money,discussion,pocket money · 单词里的小故事,小乐和朋友聊起今天的一件事。我们今天谈到了零用钱。小乐说：“We talked about the pocket money today.”朋友听懂了，也想起自己遇到过的事。,,We talked about the __________ today.,pocket money,我们今天谈到了零用钱。,context,2026-09-v2,本地预制课堂素材；原创短句与场景模板,[],想象你也在这个场景里。用 pocket money 说一句自己的话。
podcast,PET,3,播客,n.,日常沟通,We talked about the podcast today.,我们今天谈到了播客。,[],结合常用释义整体记忆。先听老师读，再用自己的生活场景解释。,0,,https://www.cambridgeenglish.org/images/506887-b1-preliminary-vocabulary-list.pdf,,https://github.com/skywind3000/ECDICT,offline-materials,podcast,discussion,podcast · 单词里的小故事,小乐和朋友聊起今天的一件事。我们今天谈到了播客。小乐说：“We talked about the podcast today.”朋友听懂了，也想起自己遇到过的事。,,We talked about the __________ today.,podcast,我们今天谈到了播客。,context,2026-09-v2,本地预制课堂素材；原创短句与场景模板,[],想象你也在这个场景里。用 podcast 说一句自己的话。
poem,PET,2,诗；诗般美的事物,n.,日常沟通,We talked about the poem today.,我们今天谈到了诗。,[],结合常用释义整体记忆。先听老师读，再用自己的生活场景解释。,0,,https://www.cambridgeenglish.org/images/506887-b1-preliminary-vocabulary-list.pdf,'pәuim,https://github.com/skywind3000/ECDICT,offline-materials,poem,discussion,poem · 单词里的小故事,小乐和朋友聊起今天的一件事。我们今天谈到了诗。小乐说：“We talked about the poem today.”朋友听懂了，也想起自己遇到过的事。,,We talked about the __________ today.,poem,我们今天谈到了诗。,context,2026-09-v2,本地预制课堂素材；原创短句与场景模板,[],想象你也在这个场景里。用 poem 说一句自己的话。
poet,PET,2,诗人,n.,日常沟通,This story is about a poet.,这个故事讲的是一位诗人。,[],结合常用释义整体记忆。先听老师读，再用自己的生活场景解释。,0,,https://www.cambridgeenglish.org/images/506887-b1-preliminary-vocabulary-list.pdf,'pәuit,https://github.com/skywind3000/ECDICT,offline-materials,poet,person,poet · 单词里的小故事,读书会轮到小乐介绍故事里的一个人物。这个故事讲的是一位诗人。小乐说：“This story is about a poet.”朋友听懂了，也想起自己遇到过的事。,,This story is about a __________.,poet,这个故事讲的是一位诗人。,context,2026-09-v2,本地预制课堂素材；原创短句与场景模板,[],想象你也在这个场景里。用 poet 说一句自己的话。
poetry,PET,2,诗；韵文；诗歌艺术,n.,日常沟通,We learn about poetry at school.,我们在学校学习诗。,[],结合常用释义整体记忆。先听老师读，再用自己的生活场景解释。,0,,https://www.cambridgeenglish.org/images/506887-b1-preliminary-vocabulary-list.pdf,'pәuitri,https://github.com/skywind3000/ECDICT,offline-materials,poetry,school,poetry · 单词里的小故事,小乐把今天在学校学到的内容讲给家人听。我们在学校学习诗。小乐说：“We learn about poetry at school.”朋友听懂了，也想起自己遇到过的事。,,We learn about __________ at school.,poetry,我们在学校学习诗。,context,2026-09-v2,本地预制课堂素材；原创短句与场景模板,[],想象你也在这个场景里。用 poetry 说一句自己的话。
policeman,PET,2,警察,n.,日常沟通,This story is about a policeman.,这个故事讲的是一位警察。,"[{""text"": ""police"", ""kind"": ""compound"", ""meaning"": ""警察""}, {""text"": ""man"", ""kind"": ""compound"", ""meaning"": ""男子""}]",两个已有成分组合成一个词。结合它们的意思理解整体词义，但不要把这种现代拆分当作完整的历史词源。,0,,https://www.cambridgeenglish.org/images/506887-b1-preliminary-vocabulary-list.pdf,pә'li:smәn,https://github.com/skywind3000/ECDICT,offline-materials,policeman,person,policeman · 单词里的小故事,读书会轮到小乐介绍故事里的一个人物。这个故事讲的是一位警察。小乐说：“This story is about a policeman.”朋友听懂了，也想起自己遇到过的事。,,This story is about a __________.,policeman,这个故事讲的是一位警察。,context,2026-09-v2,本地预制课堂素材；原创短句与场景模板,[],想象你也在这个场景里。用 policeman 说一句自己的话。
policewoman,PET,3,女警察,n.,日常沟通,This story is about a policewoman.,这个故事讲的是一位女警察。,"[{""text"": ""police"", ""kind"": ""compound"", ""meaning"": ""警察""}, {""text"": ""woman"", ""kind"": ""compound"", ""meaning"": ""女子""}]",两个已有成分组合成一个词。结合它们的意思理解整体词义，但不要把这种现代拆分当作完整的历史词源。,0,,https://www.cambridgeenglish.org/images/506887-b1-preliminary-vocabulary-list.pdf,pә'li:swumәn,https://github.com/skywind3000/ECDICT,offline-materials,policewoman,person,policewoman · 单词里的小故事,读书会轮到小乐介绍故事里的一个人物。这个故事讲的是一位女警察。小乐说：“This story is about a policewoman.”朋友听懂了，也想起自己遇到过的事。,,This story is about a __________.,policewoman,这个故事讲的是一位女警察。,context,2026-09-v2,本地预制课堂素材；原创短句与场景模板,[],想象你也在这个场景里。用 policewoman 说一句自己的话。
political,PET,1,政治的；政治上的；政党的,adj.,日常沟通,We read about a political leader.,我们读到了一位政治领袖。,[],结合常用释义整体记忆。先听老师读，再用自己的生活场景解释。,0,,https://www.cambridgeenglish.org/images/506887-b1-preliminary-vocabulary-list.pdf,pә'litikl,https://github.com/skywind3000/ECDICT,offline-materials,political,authored,political · 单词里的小故事,小乐和朋友交换今天的小发现。我们读到了一位政治领袖。小乐说：“We read about a political leader.”朋友听懂了，也想起自己遇到过的事。,,We read about a __________ leader.,political,我们读到了一位政治领袖。,context,2026-09-v2,本地预制课堂素材；原创短句与场景模板,[],想象你也在这个场景里。用 political 说一句自己的话。
politician,PET,2,政客；政治家；从事党派政治的人,n.,日常沟通,This story is about a politician.,这个故事讲的是一位政客。,[],结合常用释义整体记忆。先听老师读，再用自己的生活场景解释。,0,,https://www.cambridgeenglish.org/images/506887-b1-preliminary-vocabulary-list.pdf,.pɒli'tiʃәn,https://github.com/skywind3000/ECDICT,offline-materials,politician,person,politician · 单词里的小故事,读书会轮到小乐介绍故事里的一个人物。这个故事讲的是一位政客。小乐说：“This story is about a politician.”朋友听懂了，也想起自己遇到过的事。,,This story is about a __________.,politician,这个故事讲的是一位政客。,context,2026-09-v2,本地预制课堂素材；原创短句与场景模板,[],想象你也在这个场景里。用 politician 说一句自己的话。
politics,PET,1,政治；政治学；政见,n.,日常沟通,We talked about the politics today.,我们今天谈到了政治。,[],结合常用释义整体记忆。先听老师读，再用自己的生活场景解释。,0,,https://www.cambridgeenglish.org/images/506887-b1-preliminary-vocabulary-list.pdf,'pɒlitiks,https://github.com/skywind3000/ECDICT,offline-materials,politics,discussion,politics · 单词里的小故事,小乐和朋友聊起今天的一件事。我们今天谈到了政治。小乐说：“We talked about the politics today.”朋友听懂了，也想起自己遇到过的事。,,We talked about the __________ today.,politics,我们今天谈到了政治。,context,2026-09-v2,本地预制课堂素材；原创短句与场景模板,[],想象你也在这个场景里。用 politics 说一句自己的话。
pollution,PET,2,污染；玷污,n.,日常沟通,We talked about the pollution today.,我们今天谈到了污染。,"[{""text"": ""pollute"", ""kind"": ""root"", ""meaning"": ""污染""}, {""text"": ""-ion"", ""kind"": ""suffix"", ""meaning"": ""动作或结果（构成名词）"", ""story"": ""-ion 经由法语进入英语，更早来自拉丁语。它常把一个动作、过程或状态当作一件可以谈论的事。词基像动作的起点，结尾则帮助我们给它取一个名字。"", ""source"": ""https://www.merriam-webster.com/dictionary/-ion""}]",这是词基与派生词的关系。拼写发生了变化，请把本课目标单词完整写对；构词成分不是原词的逐字切片。,0,,https://www.cambridgeenglish.org/images/506887-b1-preliminary-vocabulary-list.pdf,pә'lu:ʃәn,https://github.com/skywind3000/ECDICT,offline-materials,pollution,discussion,pollution · 单词里的小故事,小乐和朋友聊起今天的一件事。我们今天谈到了污染。小乐说：“We talked about the pollution today.”朋友听懂了，也想起自己遇到过的事。,,We talked about the __________ today.,pollution,我们今天谈到了污染。,context,2026-09-v2,本地预制课堂素材；原创短句与场景模板,[],想象你也在这个场景里。用 pollution 说一句自己的话。
population,PET,1,人口；人口数,n.,日常沟通,We talked about the population today.,我们今天谈到了人口。,[],结合常用释义整体记忆。先听老师读，再用自己的生活场景解释。,0,,https://www.cambridgeenglish.org/images/506887-b1-preliminary-vocabulary-list.pdf,.pɒpju'leiʃәn,https://github.com/skywind3000/ECDICT,offline-materials,population,discussion,population · 单词里的小故事,小乐和朋友聊起今天的一件事。我们今天谈到了人口。小乐说：“We talked about the population today.”朋友听懂了，也想起自己遇到过的事。,,We talked about the __________ today.,population,我们今天谈到了人口。,context,2026-09-v2,本地预制课堂素材；原创短句与场景模板,[],想象你也在这个场景里。用 population 说一句自己的话。
position,PET,1,位置；地位；身分,n.,日常沟通,We talked about the position today.,我们今天谈到了位置。,[],结合常用释义整体记忆。先听老师读，再用自己的生活场景解释。,0,,https://www.cambridgeenglish.org/images/506887-b1-preliminary-vocabulary-list.pdf,pә'ziʃәn,https://github.com/skywind3000/ECDICT,offline-materials,position,discussion,position · 单词里的小故事,小乐和朋友聊起今天的一件事。我们今天谈到了位置。小乐说：“We talked about the position today.”朋友听懂了，也想起自己遇到过的事。,,We talked about the __________ today.,position,我们今天谈到了位置。,context,2026-09-v2,本地预制课堂素材；原创短句与场景模板,[],想象你也在这个场景里。用 position 说一句自己的话。
positive,PET,1,肯定的；积极的；有把握的,adj.,日常沟通,Try to stay positive.,尽量保持积极。,[],结合常用释义整体记忆。先听老师读，再用自己的生活场景解释。,0,,https://www.cambridgeenglish.org/images/506887-b1-preliminary-vocabulary-list.pdf,'pɒzitiv,https://github.com/skywind3000/ECDICT,offline-materials,positive,authored,positive · 单词里的小故事,小乐和朋友交换今天的小发现。尽量保持积极。小乐说：“Try to stay positive.”朋友听懂了，也想起自己遇到过的事。,,Try to stay __________.,positive,尽量保持积极。,context,2026-09-v2,本地预制课堂素材；原创短句与场景模板,[],想象你也在这个场景里。用 positive 说一句自己的话。
possibility,PET,1,可能性；可能的事,n.,日常沟通,We talked about the possibility today.,我们今天谈到了可能性。,[],结合常用释义整体记忆。先听老师读，再用自己的生活场景解释。,0,,https://www.cambridgeenglish.org/images/506887-b1-preliminary-vocabulary-list.pdf,.pɒsә'biliti,https://github.com/skywind3000/ECDICT,offline-materials,possibility,discussion,possibility · 单词里的小故事,小乐和朋友聊起今天的一件事。我们今天谈到了可能性。小乐说：“We talked about the possibility today.”朋友听懂了，也想起自己遇到过的事。,,We talked about the __________ today.,possibility,我们今天谈到了可能性。,context,2026-09-v2,本地预制课堂素材；原创短句与场景模板,[],想象你也在这个场景里。用 possibility 说一句自己的话。
postman,PET,3,邮递员,n.,日常沟通,This story is about a postman.,这个故事讲的是一位邮递员。,"[{""text"": ""post"", ""kind"": ""compound"", ""meaning"": ""邮政""}, {""text"": ""man"", ""kind"": ""compound"", ""meaning"": ""人""}]",两个已有成分组合成一个词。结合它们的意思理解整体词义，但不要把这种现代拆分当作完整的历史词源。,0,,https://www.cambridgeenglish.org/images/506887-b1-preliminary-vocabulary-list.pdf,'pәustmәn,https://github.com/skywind3000/ECDICT,offline-materials,postman,person,postman · 单词里的小故事,读书会轮到小乐介绍故事里的一个人物。这个故事讲的是一位邮递员。小乐说：“This story is about a postman.”朋友听懂了，也想起自己遇到过的事。,,This story is about a __________.,postman,这个故事讲的是一位邮递员。,context,2026-09-v2,本地预制课堂素材；原创短句与场景模板,[],想象你也在这个场景里。用 postman 说一句自己的话。
postpone,PET,2,延迟；使延期；缓办,v.,日常沟通,We have to postpone the trip.,我们不得不推迟旅行。,[],结合常用释义整体记忆。先听老师读，再用自己的生活场景解释。,0,,https://www.cambridgeenglish.org/images/506887-b1-preliminary-vocabulary-list.pdf,pәust'pәun,https://github.com/skywind3000/ECDICT,offline-materials,postpone,authored,postpone · 单词里的小故事,小乐和朋友交换今天的小发现。我们不得不推迟旅行。小乐说：“We have to postpone the trip.”朋友听懂了，也想起自己遇到过的事。,,We have to __________ the trip.,postpone,我们不得不推迟旅行。,context,2026-09-v2,本地预制课堂素材；原创短句与场景模板,[],想象你也在这个场景里。用 postpone 说一句自己的话。
pot,PET,2,盆；罐；壶,n.,日常沟通,We need the pot today.,我们今天需要盆。,[],结合常用释义整体记忆。先听老师读，再用自己的生活场景解释。,0,,https://www.cambridgeenglish.org/images/506887-b1-preliminary-vocabulary-list.pdf,pɒt,https://github.com/skywind3000/ECDICT,offline-materials,pot,equipment,pot · 单词里的小故事,班级活动开始前，小乐负责核对需要的东西。我们今天需要盆。小乐说：“We need the pot today.”朋友听懂了，也想起自己遇到过的事。,,We need the __________ today.,pot,我们今天需要盆。,context,2026-09-v2,本地预制课堂素材；原创短句与场景模板,[],想象你也在这个场景里。用 pot 说一句自己的话。
pottery,PET,2,陶器；陶器厂,n.,日常沟通,We talked about the pottery today.,我们今天谈到了陶器。,[],结合常用释义整体记忆。先听老师读，再用自己的生活场景解释。,0,,https://www.cambridgeenglish.org/images/506887-b1-preliminary-vocabulary-list.pdf,'pɒtәri,https://github.com/skywind3000/ECDICT,offline-materials,pottery,discussion,pottery · 单词里的小故事,小乐和朋友聊起今天的一件事。我们今天谈到了陶器。小乐说：“We talked about the pottery today.”朋友听懂了，也想起自己遇到过的事。,,We talked about the __________ today.,pottery,我们今天谈到了陶器。,context,2026-09-v2,本地预制课堂素材；原创短句与场景模板,[],想象你也在这个场景里。用 pottery 说一句自己的话。
pour,PET,2,倒；灌；注,v.,日常沟通,Pour the water into the cup.,把水倒进杯子里。,[],结合常用释义整体记忆。先听老师读，再用自己的生活场景解释。,0,,https://www.cambridgeenglish.org/images/506887-b1-preliminary-vocabulary-list.pdf,pɒ:,https://github.com/skywind3000/ECDICT,offline-materials,pour,authored,pour · 单词里的小故事,小乐和朋友交换今天的小发现。把水倒进杯子里。小乐说：“Pour the water into the cup.”朋友听懂了，也想起自己遇到过的事。,,__________ the water into the cup.,Pour,把水倒进杯子里。,context,2026-09-v2,本地预制课堂素材；原创短句与场景模板,[],想象你也在这个场景里。用 pour 说一句自己的话。
powder,PET,2,粉；粉末；火药,n.,日常沟通,We talked about the powder today.,我们今天谈到了粉。,[],结合常用释义整体记忆。先听老师读，再用自己的生活场景解释。,0,,https://www.cambridgeenglish.org/images/506887-b1-preliminary-vocabulary-list.pdf,'paudә,https://github.com/skywind3000/ECDICT,offline-materials,powder,discussion,powder · 单词里的小故事,小乐和朋友聊起今天的一件事。我们今天谈到了粉。小乐说：“We talked about the powder today.”朋友听懂了，也想起自己遇到过的事。,,We talked about the __________ today.,powder,我们今天谈到了粉。,context,2026-09-v2,本地预制课堂素材；原创短句与场景模板,[],想象你也在这个场景里。用 powder 说一句自己的话。
power,PET,1,力量；电力,n.,日常沟通,We talked about the power today.,我们今天谈到了力量。,"[{""text"": ""power"", ""kind"": ""root"", ""meaning"": ""力量""}]",这个词本身可以作为词基，与相关派生词联系起来理解。,0,,https://www.cambridgeenglish.org/images/506887-b1-preliminary-vocabulary-list.pdf,'pauә,常用义教学修订；原词典见 ECDICT-LICENSE.txt,offline-materials,power,discussion,power · 单词里的小故事,小乐和朋友聊起今天的一件事。我们今天谈到了力量。小乐说：“We talked about the power today.”朋友听懂了，也想起自己遇到过的事。,,We talked about the __________ today.,power,我们今天谈到了力量。,context,2026-09-v2,本地预制课堂素材；原创短句与场景模板,[],想象你也在这个场景里。用 power 说一句自己的话。
powerful,PET,1,强大的,adj.,日常沟通,That machine has a powerful engine.,那台机器有强劲的发动机。,"[{""text"": ""power"", ""kind"": ""root"", ""meaning"": ""力量""}, {""text"": ""-ful"", ""kind"": ""suffix"", ""meaning"": ""有……特征的；充满……的"", ""story"": ""-ful 可以追溯到古英语中表示“满的”的 full。今天它常表示具有某种特征。可以把它想成“装着某种特点”的小口袋。注意：独立单词 full 有两个 l，后缀 -ful 只有一个。"", ""source"": ""https://www.merriam-webster.com/dictionary/-ful""}]",先理解词基，再看词缀如何改变含义或词性。,0,,https://www.cambridgeenglish.org/images/506887-b1-preliminary-vocabulary-list.pdf,'pauәful,原创课堂释义与例句,offline-materials,powerful,authored,powerful · 单词里的小故事,小乐和朋友交换今天的小发现。那台机器有强劲的发动机。小乐说：“That machine has a powerful engine.”朋友听懂了，也想起自己遇到过的事。,,That machine has a __________ engine.,powerful,那台机器有强劲的发动机。,context,2026-09-v2,本地预制课堂素材；原创短句与场景模板,[],想象你也在这个场景里。用 powerful 说一句自己的话。
pray,PET,2,祈祷；恳求；请,v.,日常沟通,They pray for peace.,他们为和平祈祷。,[],结合常用释义整体记忆。先听老师读，再用自己的生活场景解释。,0,,https://www.cambridgeenglish.org/images/506887-b1-preliminary-vocabulary-list.pdf,prei,https://github.com/skywind3000/ECDICT,offline-materials,pray,authored,pray · 单词里的小故事,小乐和朋友交换今天的小发现。他们为和平祈祷。小乐说：“They pray for peace.”朋友听懂了，也想起自己遇到过的事。,,They __________ for peace.,pray,他们为和平祈祷。,context,2026-09-v2,本地预制课堂素材；原创短句与场景模板,[],想象你也在这个场景里。用 pray 说一句自己的话。
prayer,PET,2,祈祷,n.,日常沟通,We talked about the prayer today.,我们今天谈到了祈祷。,[],结合常用释义整体记忆。先听老师读，再用自己的生活场景解释。,0,,https://www.cambridgeenglish.org/images/506887-b1-preliminary-vocabulary-list.pdf,prєә. 'preiә,常用义教学修订；原词典见 ECDICT-LICENSE.txt,offline-materials,prayer,discussion,prayer · 单词里的小故事,小乐和朋友聊起今天的一件事。我们今天谈到了祈祷。小乐说：“We talked about the prayer today.”朋友听懂了，也想起自己遇到过的事。,,We talked about the __________ today.,prayer,我们今天谈到了祈祷。,context,2026-09-v2,本地预制课堂素材；原创短句与场景模板,[],想象你也在这个场景里。用 prayer 说一句自己的话。
predict,PET,2,预知；预言；预报,v.,日常沟通,Can you predict the end of the story?,你能预测故事的结尾吗？,[],结合常用释义整体记忆。先听老师读，再用自己的生活场景解释。,0,,https://www.cambridgeenglish.org/images/506887-b1-preliminary-vocabulary-list.pdf,pri'dikt,https://github.com/skywind3000/ECDICT,offline-materials,predict,authored,predict · 单词里的小故事,小乐和朋友交换今天的小发现。你能预测故事的结尾吗？小乐说：“Can you predict the end of the story?”朋友听懂了，也想起自己遇到过的事。,,Can you __________ the end of the story?,predict,你能预测故事的结尾吗？,context,2026-09-v2,本地预制课堂素材；原创短句与场景模板,[],想象你也在这个场景里。用 predict 说一句自己的话。
pregnant,PET,2,怀孕的；充满的；思想丰富的,adj.,日常沟通,The person in the story is pregnant.,故事里的那个人是怀孕的。,[],结合常用释义整体记忆。先听老师读，再用自己的生活场景解释。,0,,https://www.cambridgeenglish.org/images/506887-b1-preliminary-vocabulary-list.pdf,'pregnәnt,https://github.com/skywind3000/ECDICT,offline-materials,pregnant,person-quality,pregnant · 单词里的小故事,同学们在给故事人物选词卡，小乐找到了合适的一张。故事里的那个人是怀孕的。小乐说：“The person in the story is pregnant.”朋友听懂了，也想起自己遇到过的事。,,The person in the story is __________.,pregnant,故事里的那个人是怀孕的。,context,2026-09-v2,本地预制课堂素材；原创短句与场景模板,[],想象你也在这个场景里。用 pregnant 说一句自己的话。
preparation,PET,2,准备；预备；预习,n.,日常沟通,We talked about the preparation today.,我们今天谈到了准备。,"[{""text"": ""prepare"", ""kind"": ""root"", ""meaning"": ""准备""}, {""text"": ""-ation"", ""kind"": ""suffix"", ""meaning"": ""动作或结果（构成名词）"", ""story"": ""-ation 的历史可以追溯到拉丁语。它常帮助我们给一个动作、过程或相关的结果取名字。观察本课的词基和完整单词：意思连着，拼写却可能有变化。"", ""source"": ""https://www.merriam-webster.com/dictionary/-ation""}]",这是词基与派生词的关系。拼写发生了变化，请把本课目标单词完整写对；构词成分不是原词的逐字切片。,0,,https://www.cambridgeenglish.org/images/506887-b1-preliminary-vocabulary-list.pdf,.prepә'reiʃәn,https://github.com/skywind3000/ECDICT,offline-materials,preparation,discussion,preparation · 单词里的小故事,小乐和朋友聊起今天的一件事。我们今天谈到了准备。小乐说：“We talked about the preparation today.”朋友听懂了，也想起自己遇到过的事。,,We talked about the __________ today.,preparation,我们今天谈到了准备。,context,2026-09-v2,本地预制课堂素材；原创短句与场景模板,[],想象你也在这个场景里。用 preparation 说一句自己的话。
prepared,PET,1,准备好的；特制的,adj.,日常沟通,We are prepared for the game.,我们为比赛做好了准备。,[],结合常用释义整体记忆。先听老师读，再用自己的生活场景解释。,0,,https://www.cambridgeenglish.org/images/506887-b1-preliminary-vocabulary-list.pdf,pri'pєәd,https://github.com/skywind3000/ECDICT,offline-materials,prepared,authored,prepared · 单词里的小故事,小乐和朋友交换今天的小发现。我们为比赛做好了准备。小乐说：“We are prepared for the game.”朋友听懂了，也想起自己遇到过的事。,,We are __________ for the game.,prepared,我们为比赛做好了准备。,context,2026-09-v2,本地预制课堂素材；原创短句与场景模板,[],想象你也在这个场景里。用 prepared 说一句自己的话。
prescription,PET,2,处方；命令；指定,n.,日常沟通,We talked about the prescription today.,我们今天谈到了处方。,[],结合常用释义整体记忆。先听老师读，再用自己的生活场景解释。,0,,https://www.cambridgeenglish.org/images/506887-b1-preliminary-vocabulary-list.pdf,pri'skripʃәn,https://github.com/skywind3000/ECDICT,offline-materials,prescription,discussion,prescription · 单词里的小故事,小乐和朋友聊起今天的一件事。我们今天谈到了处方。小乐说：“We talked about the prescription today.”朋友听懂了，也想起自己遇到过的事。,,We talked about the __________ today.,prescription,我们今天谈到了处方。,context,2026-09-v2,本地预制课堂素材；原创短句与场景模板,[],想象你也在这个场景里。用 prescription 说一句自己的话。
presentation,PET,2,赠与；描述；介绍,n.,日常沟通,We talked about the presentation today.,我们今天谈到了赠与。,[],结合常用释义整体记忆。先听老师读，再用自己的生活场景解释。,0,,https://www.cambridgeenglish.org/images/506887-b1-preliminary-vocabulary-list.pdf,.prezәn'teiʃәn,https://github.com/skywind3000/ECDICT,offline-materials,presentation,discussion,presentation · 单词里的小故事,小乐和朋友聊起今天的一件事。我们今天谈到了赠与。小乐说：“We talked about the presentation today.”朋友听懂了，也想起自己遇到过的事。,,We talked about the __________ today.,presentation,我们今天谈到了赠与。,context,2026-09-v2,本地预制课堂素材；原创短句与场景模板,[],想象你也在这个场景里。用 presentation 说一句自己的话。
presenter,PET,3,节目主持人；奉献者；提出者,n.,日常沟通,This story is about a presenter.,这个故事讲的是一位节目主持人。,[],结合常用释义整体记忆。先听老师读，再用自己的生活场景解释。,0,,https://www.cambridgeenglish.org/images/506887-b1-preliminary-vocabulary-list.pdf,pri'zentә,https://github.com/skywind3000/ECDICT,offline-materials,presenter,person,presenter · 单词里的小故事,读书会轮到小乐介绍故事里的一个人物。这个故事讲的是一位节目主持人。小乐说：“This story is about a presenter.”朋友听懂了，也想起自己遇到过的事。,,This story is about a __________.,presenter,这个故事讲的是一位节目主持人。,context,2026-09-v2,本地预制课堂素材；原创短句与场景模板,[],想象你也在这个场景里。用 presenter 说一句自己的话。
president,PET,1,总统；总裁；董事长,n.,日常沟通,This story is about a president.,这个故事讲的是一位总统。,[],结合常用释义整体记忆。先听老师读，再用自己的生活场景解释。,0,,https://www.cambridgeenglish.org/images/506887-b1-preliminary-vocabulary-list.pdf,'prezidәnt,https://github.com/skywind3000/ECDICT,offline-materials,president,person,president · 单词里的小故事,读书会轮到小乐介绍故事里的一个人物。这个故事讲的是一位总统。小乐说：“This story is about a president.”朋友听懂了，也想起自己遇到过的事。,,This story is about a __________.,president,这个故事讲的是一位总统。,context,2026-09-v2,本地预制课堂素材；原创短句与场景模板,[],想象你也在这个场景里。用 president 说一句自己的话。
press,PET,1,压；压榨；紧抱,v.,日常沟通,Press the green button.,按绿色按钮。,[],结合常用释义整体记忆。先听老师读，再用自己的生活场景解释。,0,,https://www.cambridgeenglish.org/images/506887-b1-preliminary-vocabulary-list.pdf,pres,https://github.com/skywind3000/ECDICT,offline-materials,press,authored,press · 单词里的小故事,小乐和朋友交换今天的小发现。按绿色按钮。小乐说：“Press the green button.”朋友听懂了，也想起自己遇到过的事。,,__________ the green button.,Press,按绿色按钮。,context,2026-09-v2,本地预制课堂素材；原创短句与场景模板,[],想象你也在这个场景里。用 press 说一句自己的话。
prevent,PET,1,预防；防止；阻止,v.,日常沟通,A coat can prevent you from getting cold.,外套能防止你受凉。,[],结合常用释义整体记忆。先听老师读，再用自己的生活场景解释。,0,,https://www.cambridgeenglish.org/images/506887-b1-preliminary-vocabulary-list.pdf,pri'vent,https://github.com/skywind3000/ECDICT,offline-materials,prevent,authored,prevent · 单词里的小故事,小乐和朋友交换今天的小发现。外套能防止你受凉。小乐说：“A coat can prevent you from getting cold.”朋友听懂了，也想起自己遇到过的事。,,A coat can __________ you from getting cold.,prevent,外套能防止你受凉。,context,2026-09-v2,本地预制课堂素材；原创短句与场景模板,[],想象你也在这个场景里。用 prevent 说一句自己的话。
previous,PET,1,早先的；前面的；过急的,adj.,日常沟通,Look at the previous page.,看看前一页。,[],结合常用释义整体记忆。先听老师读，再用自己的生活场景解释。,0,,https://www.cambridgeenglish.org/images/506887-b1-preliminary-vocabulary-list.pdf,'pri:viәs,https://github.com/skywind3000/ECDICT,offline-materials,previous,authored,previous · 单词里的小故事,小乐和朋友交换今天的小发现。看看前一页。小乐说：“Look at the previous page.”朋友听懂了，也想起自己遇到过的事。,,Look at the __________ page.,previous,看看前一页。,context,2026-09-v2,本地预制课堂素材；原创短句与场景模板,[],想象你也在这个场景里。用 previous 说一句自己的话。
previously,PET,1,先；先前；以前,adv.,日常沟通,I had previously lived in this town.,我以前在这个镇上住过。,[],结合常用释义整体记忆。先听老师读，再用自己的生活场景解释。,0,,https://www.cambridgeenglish.org/images/506887-b1-preliminary-vocabulary-list.pdf,'pri:vju:sli,https://github.com/skywind3000/ECDICT,offline-materials,previously,authored,previously · 单词里的小故事,小乐和朋友交换今天的小发现。我以前在这个镇上住过。小乐说：“I had previously lived in this town.”朋友听懂了，也想起自己遇到过的事。,,I had __________ lived in this town.,previously,我以前在这个镇上住过。,context,2026-09-v2,本地预制课堂素材；原创短句与场景模板,[],想象你也在这个场景里。用 previously 说一句自己的话。
primary school,PET,3,小学,n.,日常沟通,We visited the primary school today.,我们今天参观了小学。,[],结合常用释义整体记忆。先听老师读，再用自己的生活场景解释。,0,,https://www.cambridgeenglish.org/images/506887-b1-preliminary-vocabulary-list.pdf,ˈpraiməri sku:l,常用义教学修订；原词典见 ECDICT-LICENSE.txt,offline-materials,primary school,place,primary school · 单词里的小故事,小乐把今天的外出经历记进了日记。我们今天参观了小学。小乐说：“We visited the primary school today.”朋友听懂了，也想起自己遇到过的事。,,We visited the __________ today.,primary school,我们今天参观了小学。,context,2026-09-v2,本地预制课堂素材；原创短句与场景模板,[],想象你也在这个场景里。用 primary school 说一句自己的话。
prince,PET,1,王子；亲王；国君,n.,日常沟通,This story is about a prince.,这个故事讲的是一位王子。,[],结合常用释义整体记忆。先听老师读，再用自己的生活场景解释。,0,,https://www.cambridgeenglish.org/images/506887-b1-preliminary-vocabulary-list.pdf,prins,https://github.com/skywind3000/ECDICT,offline-materials,prince,person,prince · 单词里的小故事,读书会轮到小乐介绍故事里的一个人物。这个故事讲的是一位王子。小乐说：“This story is about a prince.”朋友听懂了，也想起自己遇到过的事。,,This story is about a __________.,prince,这个故事讲的是一位王子。,context,2026-09-v2,本地预制课堂素材；原创短句与场景模板,[],想象你也在这个场景里。用 prince 说一句自己的话。
princess,PET,2,公主；王妃；女巨头,n.,日常沟通,This story is about a princess.,这个故事讲的是一位公主。,[],结合常用释义整体记忆。先听老师读，再用自己的生活场景解释。,0,,https://www.cambridgeenglish.org/images/506887-b1-preliminary-vocabulary-list.pdf,'prinsis,https://github.com/skywind3000/ECDICT,offline-materials,princess,person,princess · 单词里的小故事,读书会轮到小乐介绍故事里的一个人物。这个故事讲的是一位公主。小乐说：“This story is about a princess.”朋友听懂了，也想起自己遇到过的事。,,This story is about a __________.,princess,这个故事讲的是一位公主。,context,2026-09-v2,本地预制课堂素材；原创短句与场景模板,[],想象你也在这个场景里。用 princess 说一句自己的话。
principal,PET,2,主要的；最重要的；首要的,adj.,日常沟通,This is the principal reason.,这是主要原因。,[],结合常用释义整体记忆。先听老师读，再用自己的生活场景解释。,0,,https://www.cambridgeenglish.org/images/506887-b1-preliminary-vocabulary-list.pdf,'prinsipәl,https://github.com/skywind3000/ECDICT,offline-materials,principal,authored,principal · 单词里的小故事,小乐和朋友交换今天的小发现。这是主要原因。小乐说：“This is the principal reason.”朋友听懂了，也想起自己遇到过的事。,,This is the __________ reason.,principal,这是主要原因。,context,2026-09-v2,本地预制课堂素材；原创短句与场景模板,[],想象你也在这个场景里。用 principal 说一句自己的话。
prison,PET,1,监狱；监禁；拘留所,n.,日常沟通,We visited the prison today.,我们今天参观了监狱。,[],结合常用释义整体记忆。先听老师读，再用自己的生活场景解释。,0,,https://www.cambridgeenglish.org/images/506887-b1-preliminary-vocabulary-list.pdf,'prizn,https://github.com/skywind3000/ECDICT,offline-materials,prison,place,prison · 单词里的小故事,小乐把今天的外出经历记进了日记。我们今天参观了监狱。小乐说：“We visited the prison today.”朋友听懂了，也想起自己遇到过的事。,,We visited the __________ today.,prison,我们今天参观了监狱。,context,2026-09-v2,本地预制课堂素材；原创短句与场景模板,[],想象你也在这个场景里。用 prison 说一句自己的话。
prisoner,PET,1,囚犯；犯人；战俘,n.,日常沟通,This story is about a prisoner.,这个故事讲的是一位囚犯。,[],结合常用释义整体记忆。先听老师读，再用自己的生活场景解释。,0,,https://www.cambridgeenglish.org/images/506887-b1-preliminary-vocabulary-list.pdf,'priznә,https://github.com/skywind3000/ECDICT,offline-materials,prisoner,person,prisoner · 单词里的小故事,读书会轮到小乐介绍故事里的一个人物。这个故事讲的是一位囚犯。小乐说：“This story is about a prisoner.”朋友听懂了，也想起自己遇到过的事。,,This story is about a __________.,prisoner,这个故事讲的是一位囚犯。,context,2026-09-v2,本地预制课堂素材；原创短句与场景模板,[],想象你也在这个场景里。用 prisoner 说一句自己的话。
private,PET,1,私人的；秘密的；私立的,adj.,日常沟通,This is a private garden.,这是私人花园。,[],结合常用释义整体记忆。先听老师读，再用自己的生活场景解释。,0,,https://www.cambridgeenglish.org/images/506887-b1-preliminary-vocabulary-list.pdf,'praivit,https://github.com/skywind3000/ECDICT,offline-materials,private,authored,private · 单词里的小故事,小乐和朋友交换今天的小发现。这是私人花园。小乐说：“This is a private garden.”朋友听懂了，也想起自己遇到过的事。,,This is a __________ garden.,private,这是私人花园。,context,2026-09-v2,本地预制课堂素材；原创短句与场景模板,[],想象你也在这个场景里。用 private 说一句自己的话。
produce,PET,1,产生；生产；提出,v.,日常沟通,These trees produce sweet fruit.,这些树结出甜美的果实。,"[{""text"": ""produce"", ""kind"": ""root"", ""meaning"": ""生产；制作""}]",这个词本身可以作为词基，与相关派生词联系起来理解。,0,,https://www.cambridgeenglish.org/images/506887-b1-preliminary-vocabulary-list.pdf,prә'dju:s,https://github.com/skywind3000/ECDICT,offline-materials,produce,authored,produce · 单词里的小故事,小乐和朋友交换今天的小发现。这些树结出甜美的果实。小乐说：“These trees produce sweet fruit.”朋友听懂了，也想起自己遇到过的事。,,These trees __________ sweet fruit.,produce,这些树结出甜美的果实。,context,2026-09-v2,本地预制课堂素材；原创短句与场景模板,[],想象你也在这个场景里。用 produce 说一句自己的话。
product,PET,1,产品；结果；乘积,n.,日常沟通,We need the product today.,我们今天需要产品。,[],结合常用释义整体记忆。先听老师读，再用自己的生活场景解释。,0,,https://www.cambridgeenglish.org/images/506887-b1-preliminary-vocabulary-list.pdf,'prɒdʌkt,https://github.com/skywind3000/ECDICT,offline-materials,product,equipment,product · 单词里的小故事,班级活动开始前，小乐负责核对需要的东西。我们今天需要产品。小乐说：“We need the product today.”朋友听懂了，也想起自己遇到过的事。,,We need the __________ today.,product,我们今天需要产品。,context,2026-09-v2,本地预制课堂素材；原创短句与场景模板,[],想象你也在这个场景里。用 product 说一句自己的话。
production,PET,1,生产；制作,n.,日常沟通,We talked about the production today.,我们今天谈到了生产。,[],结合常用释义整体记忆。先听老师读，再用自己的生活场景解释。,0,,https://www.cambridgeenglish.org/images/506887-b1-preliminary-vocabulary-list.pdf,prә'dʌkʃәn,常用义教学修订；原词典见 ECDICT-LICENSE.txt,offline-materials,production,discussion,production · 单词里的小故事,小乐和朋友聊起今天的一件事。我们今天谈到了生产。小乐说：“We talked about the production today.”朋友听懂了，也想起自己遇到过的事。,,We talked about the __________ today.,production,我们今天谈到了生产。,context,2026-09-v2,本地预制课堂素材；原创短句与场景模板,[],想象你也在这个场景里。用 production 说一句自己的话。
professional,PET,1,专业的；专业人员,n; adj.,日常沟通,This story is about a professional.,这个故事讲的是一位专业的。,[],结合常用释义整体记忆。先听老师读，再用自己的生活场景解释。,0,,https://www.cambridgeenglish.org/images/506887-b1-preliminary-vocabulary-list.pdf,prә'feʃәnl,常用义教学修订；原词典见 ECDICT-LICENSE.txt,offline-materials,professional,person,professional · 单词里的小故事,读书会轮到小乐介绍故事里的一个人物。这个故事讲的是一位专业的。小乐说：“This story is about a professional.”朋友听懂了，也想起自己遇到过的事。,,This story is about a __________.,professional,这个故事讲的是一位专业的。,context,2026-09-v2,本地预制课堂素材；原创短句与场景模板,[],想象你也在这个场景里。用 professional 说一句自己的话。
professor,PET,1,教授,n.,日常沟通,This story is about a professor.,这个故事讲的是一位教授。,[],结合常用释义整体记忆。先听老师读，再用自己的生活场景解释。,0,,https://www.cambridgeenglish.org/images/506887-b1-preliminary-vocabulary-list.pdf,prә'fesә,https://github.com/skywind3000/ECDICT,offline-materials,professor,person,professor · 单词里的小故事,读书会轮到小乐介绍故事里的一个人物。这个故事讲的是一位教授。小乐说：“This story is about a professor.”朋友听懂了，也想起自己遇到过的事。,,This story is about a __________.,professor,这个故事讲的是一位教授。,context,2026-09-v2,本地预制课堂素材；原创短句与场景模板,[],想象你也在这个场景里。用 professor 说一句自己的话。
programmer,PET,3,程序员,n.,日常沟通,This story is about a programmer.,这个故事讲的是一位程序员。,[],结合常用释义整体记忆。先听老师读，再用自己的生活场景解释。,0,,https://www.cambridgeenglish.org/images/506887-b1-preliminary-vocabulary-list.pdf,'prәugræmә,https://github.com/skywind3000/ECDICT,offline-materials,programmer,person,programmer · 单词里的小故事,读书会轮到小乐介绍故事里的一个人物。这个故事讲的是一位程序员。小乐说：“This story is about a programmer.”朋友听懂了，也想起自己遇到过的事。,,This story is about a __________.,programmer,这个故事讲的是一位程序员。,context,2026-09-v2,本地预制课堂素材；原创短句与场景模板,[],想象你也在这个场景里。用 programmer 说一句自己的话。
progress,PET,1,进步,n.,日常沟通,We talked about the progress today.,我们今天谈到了进步。,[],结合常用释义整体记忆。先听老师读，再用自己的生活场景解释。,0,,https://www.cambridgeenglish.org/images/506887-b1-preliminary-vocabulary-list.pdf,'prәugres,常用义教学修订；原词典见 ECDICT-LICENSE.txt,offline-materials,progress,discussion,progress · 单词里的小故事,小乐和朋友聊起今天的一件事。我们今天谈到了进步。小乐说：“We talked about the progress today.”朋友听懂了，也想起自己遇到过的事。,,We talked about the __________ today.,progress,我们今天谈到了进步。,context,2026-09-v2,本地预制课堂素材；原创短句与场景模板,[],想象你也在这个场景里。用 progress 说一句自己的话。
prohibited,PET,3,被禁止的；禁止（prohibit 的过去式）,adj.,日常沟通,Smoking is prohibited here.,这里禁止吸烟。,[],结合常用释义整体记忆。先听老师读，再用自己的生活场景解释。,0,,https://www.cambridgeenglish.org/images/506887-b1-preliminary-vocabulary-list.pdf,,常用义教学修订；原词典见 ECDICT-LICENSE.txt,offline-materials,prohibited,authored,prohibited · 单词里的小故事,小乐和朋友交换今天的小发现。这里禁止吸烟。小乐说：“Smoking is prohibited here.”朋友听懂了，也想起自己遇到过的事。,,Smoking is __________ here.,prohibited,这里禁止吸烟。,context,2026-09-v2,本地预制课堂素材；原创短句与场景模板,[],想象你也在这个场景里。用 prohibited 说一句自己的话。
promise,PET,1,承诺；答应,n; v.,日常沟通,We talked about the promise today.,我们今天谈到了承诺。,[],结合常用释义整体记忆。先听老师读，再用自己的生活场景解释。,0,,https://www.cambridgeenglish.org/images/506887-b1-preliminary-vocabulary-list.pdf,'prɒmis,常用义教学修订；原词典见 ECDICT-LICENSE.txt,offline-materials,promise,discussion,promise · 单词里的小故事,小乐和朋友聊起今天的一件事。我们今天谈到了承诺。小乐说：“We talked about the promise today.”朋友听懂了，也想起自己遇到过的事。,,We talked about the __________ today.,promise,我们今天谈到了承诺。,context,2026-09-v2,本地预制课堂素材；原创短句与场景模板,[],想象你也在这个场景里。用 promise 说一句自己的话。
promote,PET,1,促进；晋升,v.,日常沟通,The new park will promote health.,这个新公园会促进健康。,[],结合常用释义整体记忆。先听老师读，再用自己的生活场景解释。,0,,https://www.cambridgeenglish.org/images/506887-b1-preliminary-vocabulary-list.pdf,prәu'mәut,常用义教学修订；原词典见 ECDICT-LICENSE.txt,offline-materials,promote,authored,promote · 单词里的小故事,小乐和朋友交换今天的小发现。这个新公园会促进健康。小乐说：“The new park will promote health.”朋友听懂了，也想起自己遇到过的事。,,The new park will __________ health.,promote,这个新公园会促进健康。,context,2026-09-v2,本地预制课堂素材；原创短句与场景模板,[],想象你也在这个场景里。用 promote 说一句自己的话。
pronounce,PET,2,发音；宣告；断言,v.,日常沟通,How do you pronounce this word?,这个词怎么发音？,[],结合常用释义整体记忆。先听老师读，再用自己的生活场景解释。,0,,https://www.cambridgeenglish.org/images/506887-b1-preliminary-vocabulary-list.pdf,prә'nauns,https://github.com/skywind3000/ECDICT,offline-materials,pronounce,authored,pronounce · 单词里的小故事,小乐和朋友交换今天的小发现。这个词怎么发音？小乐说：“How do you pronounce this word?”朋友听懂了，也想起自己遇到过的事。,,How do you __________ this word?,pronounce,这个词怎么发音？,context,2026-09-v2,本地预制课堂素材；原创短句与场景模板,[],想象你也在这个场景里。用 pronounce 说一句自己的话。
pronunciation,PET,3,发音；读法,n.,日常沟通,We learn about pronunciation at school.,我们在学校学习发音。,[],结合常用释义整体记忆。先听老师读，再用自己的生活场景解释。,0,,https://www.cambridgeenglish.org/images/506887-b1-preliminary-vocabulary-list.pdf,prәu.nʌnsi'eiʃәn,https://github.com/skywind3000/ECDICT,offline-materials,pronunciation,school,pronunciation · 单词里的小故事,小乐把今天在学校学到的内容讲给家人听。我们在学校学习发音。小乐说：“We learn about pronunciation at school.”朋友听懂了，也想起自己遇到过的事。,,We learn about __________ at school.,pronunciation,我们在学校学习发音。,context,2026-09-v2,本地预制课堂素材；原创短句与场景模板,[],想象你也在这个场景里。用 pronunciation 说一句自己的话。
proper,PET,1,适当的；固有的；高尚的,adj.,日常沟通,Please use the proper tool.,请使用合适的工具。,"[{""text"": ""proper"", ""kind"": ""root"", ""meaning"": ""恰当的""}]",这个词本身可以作为词基，与相关派生词联系起来理解。,0,,https://www.cambridgeenglish.org/images/506887-b1-preliminary-vocabulary-list.pdf,'prɒpә,https://github.com/skywind3000/ECDICT,offline-materials,proper,authored,proper · 单词里的小故事,小乐和朋友交换今天的小发现。请使用合适的工具。小乐说：“Please use the proper tool.”朋友听懂了，也想起自己遇到过的事。,,Please use the __________ tool.,proper,请使用合适的工具。,context,2026-09-v2,本地预制课堂素材；原创短句与场景模板,[],想象你也在这个场景里。用 proper 说一句自己的话。
properly,PET,1,适当地；相当地,adv.,日常沟通,Please close the door properly.,请把门关好。,"[{""text"": ""proper"", ""kind"": ""root"", ""meaning"": ""恰当的""}, {""text"": ""-ly"", ""kind"": ""suffix"", ""meaning"": ""以……的方式（构成副词）"", ""story"": ""-ly 在古英语中有表示“像……的”的形容词形式，也有表示“以某种方式”的副词形式。今天同样的结尾仍有不同工作。先问它是在描写一个人或物，还是在说明怎样做事。"", ""source"": ""https://www.merriam-webster.com/dictionary/ly-""}]",先理解词基，再看词缀如何改变含义或词性。,0,,https://www.cambridgeenglish.org/images/506887-b1-preliminary-vocabulary-list.pdf,'prɒpәli,https://github.com/skywind3000/ECDICT,offline-materials,properly,authored,properly · 单词里的小故事,小乐和朋友交换今天的小发现。请把门关好。小乐说：“Please close the door properly.”朋友听懂了，也想起自己遇到过的事。,,Please close the door __________.,properly,请把门关好。,context,2026-09-v2,本地预制课堂素材；原创短句与场景模板,[],想象你也在这个场景里。用 properly 说一句自己的话。
property,PET,1,财产,n.,日常沟通,We talked about the property today.,我们今天谈到了财产。,[],结合常用释义整体记忆。先听老师读，再用自己的生活场景解释。,0,,https://www.cambridgeenglish.org/images/506887-b1-preliminary-vocabulary-list.pdf,'prɒpәti,常用义教学修订；原词典见 ECDICT-LICENSE.txt,offline-materials,property,discussion,property · 单词里的小故事,小乐和朋友聊起今天的一件事。我们今天谈到了财产。小乐说：“We talked about the property today.”朋友听懂了，也想起自己遇到过的事。,,We talked about the __________ today.,property,我们今天谈到了财产。,context,2026-09-v2,本地预制课堂素材；原创短句与场景模板,[],想象你也在这个场景里。用 property 说一句自己的话。
protect,PET,1,防卫；保护；警戒,v.,日常沟通,This hat can protect you from the sun.,这顶帽子能为你遮阳。,"[{""text"": ""protect"", ""kind"": ""root"", ""meaning"": ""保护""}]",这个词本身可以作为词基，与相关派生词联系起来理解。,0,,https://www.cambridgeenglish.org/images/506887-b1-preliminary-vocabulary-list.pdf,prә'tekt,https://github.com/skywind3000/ECDICT,offline-materials,protect,authored,protect · 单词里的小故事,小乐和朋友交换今天的小发现。这顶帽子能为你遮阳。小乐说：“This hat can protect you from the sun.”朋友听懂了，也想起自己遇到过的事。,,This hat can __________ you from the sun.,protect,这顶帽子能为你遮阳。,context,2026-09-v2,本地预制课堂素材；原创短句与场景模板,[],想象你也在这个场景里。用 protect 说一句自己的话。
proud,PET,2,骄傲的；自大的；自豪的,adj.,日常沟通,I am proud of my work.,我为自己的作品感到骄傲。,[],结合常用释义整体记忆。先听老师读，再用自己的生活场景解释。,0,,https://www.cambridgeenglish.org/images/506887-b1-preliminary-vocabulary-list.pdf,praud,https://github.com/skywind3000/ECDICT,offline-materials,proud,authored,proud · 单词里的小故事,小乐和朋友交换今天的小发现。我为自己的作品感到骄傲。小乐说：“I am proud of my work.”朋友听懂了，也想起自己遇到过的事。,,I am __________ of my work.,proud,我为自己的作品感到骄傲。,context,2026-09-v2,本地预制课堂素材；原创短句与场景模板,[],想象你也在这个场景里。用 proud 说一句自己的话。
prove,PET,1,证明；查验；检验,v.,日常沟通,Can you prove that your answer is right?,你能证明你的答案是对的吗？,[],结合常用释义整体记忆。先听老师读，再用自己的生活场景解释。,0,,https://www.cambridgeenglish.org/images/506887-b1-preliminary-vocabulary-list.pdf,pru:v,https://github.com/skywind3000/ECDICT,offline-materials,prove,authored,prove · 单词里的小故事,小乐和朋友交换今天的小发现。你能证明你的答案是对的吗？小乐说：“Can you prove that your answer is right?”朋友听懂了，也想起自己遇到过的事。,,Can you __________ that your answer is right?,prove,你能证明你的答案是对的吗？,context,2026-09-v2,本地预制课堂素材；原创短句与场景模板,[],想象你也在这个场景里。用 prove 说一句自己的话。
provide,PET,1,提供；供应；规定,v.,日常沟通,The school will provide lunch.,学校会提供午餐。,[],结合常用释义整体记忆。先听老师读，再用自己的生活场景解释。,0,,https://www.cambridgeenglish.org/images/506887-b1-preliminary-vocabulary-list.pdf,prә'vaid,https://github.com/skywind3000/ECDICT,offline-materials,provide,authored,provide · 单词里的小故事,小乐和朋友交换今天的小发现。学校会提供午餐。小乐说：“The school will provide lunch.”朋友听懂了，也想起自己遇到过的事。,,The school will __________ lunch.,provide,学校会提供午餐。,context,2026-09-v2,本地预制课堂素材；原创短句与场景模板,[],想象你也在这个场景里。用 provide 说一句自己的话。
public,PET,1,公共的；公众,adj; n.,日常沟通,This is a public park.,这是公共公园。,[],结合常用释义整体记忆。先听老师读，再用自己的生活场景解释。,0,,https://www.cambridgeenglish.org/images/506887-b1-preliminary-vocabulary-list.pdf,'pʌblik,常用义教学修订；原词典见 ECDICT-LICENSE.txt,offline-materials,public,authored,public · 单词里的小故事,小乐和朋友交换今天的小发现。这是公共公园。小乐说：“This is a public park.”朋友听懂了，也想起自己遇到过的事。,,This is a __________ park.,public,这是公共公园。,context,2026-09-v2,本地预制课堂素材；原创短句与场景模板,[],想象你也在这个场景里。用 public 说一句自己的话。
public transport,PET,3,公共交通,n.,日常沟通,Look at the public transport in this picture.,看看这张图片中的公共交通。,[],结合常用释义整体记忆。先听老师读，再用自己的生活场景解释。,0,,https://www.cambridgeenglish.org/images/506887-b1-preliminary-vocabulary-list.pdf,ˈpʌblik trænsˈpɔ:t,常用义教学修订；原词典见 ECDICT-LICENSE.txt,offline-materials,public transport,transport,public transport · 单词里的小故事,小乐和朋友观察一张出行图片，轮流指出里面的东西。看看这张图片中的公共交通。小乐说：“Look at the public transport in this picture.”朋友听懂了，也想起自己遇到过的事。,,Look at the __________ in this picture.,public transport,看看这张图片中的公共交通。,context,2026-09-v2,本地预制课堂素材；原创短句与场景模板,[],想象你也在这个场景里。用 public transport 说一句自己的话。
publish,PET,1,出版；发行；公开,v.,日常沟通,They plan to publish her story.,他们计划出版她的故事。,[],结合常用释义整体记忆。先听老师读，再用自己的生活场景解释。,0,,https://www.cambridgeenglish.org/images/506887-b1-preliminary-vocabulary-list.pdf,'pʌbliʃ,https://github.com/skywind3000/ECDICT,offline-materials,publish,authored,publish · 单词里的小故事,小乐和朋友交换今天的小发现。他们计划出版她的故事。小乐说：“They plan to publish her story.”朋友听懂了，也想起自己遇到过的事。,,They plan to __________ her story.,publish,他们计划出版她的故事。,context,2026-09-v2,本地预制课堂素材；原创短句与场景模板,[],想象你也在这个场景里。用 publish 说一句自己的话。
publisher,PET,2,出版者；发行人,n.,日常沟通,This story is about a publisher.,这个故事讲的是一位出版者。,[],结合常用释义整体记忆。先听老师读，再用自己的生活场景解释。,0,,https://www.cambridgeenglish.org/images/506887-b1-preliminary-vocabulary-list.pdf,'pʌbliʃә,https://github.com/skywind3000/ECDICT,offline-materials,publisher,person,publisher · 单词里的小故事,读书会轮到小乐介绍故事里的一个人物。这个故事讲的是一位出版者。小乐说：“This story is about a publisher.”朋友听懂了，也想起自己遇到过的事。,,This story is about a __________.,publisher,这个故事讲的是一位出版者。,context,2026-09-v2,本地预制课堂素材；原创短句与场景模板,[],想象你也在这个场景里。用 publisher 说一句自己的话。
pullover,PET,3,套衫,n.,日常沟通,I like your pullover.,我喜欢你的套衫。,[],结合常用释义整体记忆。先听老师读，再用自己的生活场景解释。,0,,https://www.cambridgeenglish.org/images/506887-b1-preliminary-vocabulary-list.pdf,'pul.әuvә,https://github.com/skywind3000/ECDICT,offline-materials,pullover,clothes,pullover · 单词里的小故事,出门前，小乐注意到了朋友的穿着。我喜欢你的套衫。小乐说：“I like your pullover.”朋友听懂了，也想起自己遇到过的事。,,I like your __________.,pullover,我喜欢你的套衫。,context,2026-09-v2,本地预制课堂素材；原创短句与场景模板,[],想象你也在这个场景里。用 pullover 说一句自己的话。
pump,PET,2,抽水机；打气筒；泵,n.,日常沟通,We talked about the pump today.,我们今天谈到了抽水机。,[],结合常用释义整体记忆。先听老师读，再用自己的生活场景解释。,0,,https://www.cambridgeenglish.org/images/506887-b1-preliminary-vocabulary-list.pdf,pʌmp,https://github.com/skywind3000/ECDICT,offline-materials,pump,discussion,pump · 单词里的小故事,小乐和朋友聊起今天的一件事。我们今天谈到了抽水机。小乐说：“We talked about the pump today.”朋友听懂了，也想起自己遇到过的事。,,We talked about the __________ today.,pump,我们今天谈到了抽水机。,context,2026-09-v2,本地预制课堂素材；原创短句与场景模板,[],想象你也在这个场景里。用 pump 说一句自己的话。
punish,PET,2,处罚；惩罚；严厉对待,v.,日常沟通,They will punish people who break the rules.,他们会处罚违反规则的人。,"[{""text"": ""punish"", ""kind"": ""root"", ""meaning"": ""惩罚""}]",这个词本身可以作为词基，与相关派生词联系起来理解。,0,,https://www.cambridgeenglish.org/images/506887-b1-preliminary-vocabulary-list.pdf,'pʌniʃ,https://github.com/skywind3000/ECDICT,offline-materials,punish,authored,punish · 单词里的小故事,小乐和朋友交换今天的小发现。他们会处罚违反规则的人。小乐说：“They will punish people who break the rules.”朋友听懂了，也想起自己遇到过的事。,,They will __________ people who break the rules.,punish,他们会处罚违反规则的人。,context,2026-09-v2,本地预制课堂素材；原创短句与场景模板,[],想象你也在这个场景里。用 punish 说一句自己的话。
pure,PET,2,纯的；纯净的；纯洁的,adj.,日常沟通,This is pure water.,这是纯净水。,[],结合常用释义整体记忆。先听老师读，再用自己的生活场景解释。,0,,https://www.cambridgeenglish.org/images/506887-b1-preliminary-vocabulary-list.pdf,pjuә,https://github.com/skywind3000/ECDICT,offline-materials,pure,authored,pure · 单词里的小故事,小乐和朋友交换今天的小发现。这是纯净水。小乐说：“This is pure water.”朋友听懂了，也想起自己遇到过的事。,,This is __________ water.,pure,这是纯净水。,context,2026-09-v2,本地预制课堂素材；原创短句与场景模板,[],想象你也在这个场景里。用 pure 说一句自己的话。
purpose,PET,1,目的；意向；决心,n.,日常沟通,We talked about the purpose today.,我们今天谈到了目的。,[],结合常用释义整体记忆。先听老师读，再用自己的生活场景解释。,0,,https://www.cambridgeenglish.org/images/506887-b1-preliminary-vocabulary-list.pdf,'pә:pәs,https://github.com/skywind3000/ECDICT,offline-materials,purpose,discussion,purpose · 单词里的小故事,小乐和朋友聊起今天的一件事。我们今天谈到了目的。小乐说：“We talked about the purpose today.”朋友听懂了，也想起自己遇到过的事。,,We talked about the __________ today.,purpose,我们今天谈到了目的。,context,2026-09-v2,本地预制课堂素材；原创短句与场景模板,[],想象你也在这个场景里。用 purpose 说一句自己的话。
put away,PET,3,放好；储存...备用；抛弃,phr v.,日常沟通,Please put away your toys.,请把玩具收好。,[],结合常用释义整体记忆。先听老师读，再用自己的生活场景解释。,0,,https://www.cambridgeenglish.org/images/506887-b1-preliminary-vocabulary-list.pdf,,https://github.com/skywind3000/ECDICT,offline-materials,put away,authored,put away · 单词里的小故事,小乐和朋友交换今天的小发现。请把玩具收好。小乐说：“Please put away your toys.”朋友听懂了，也想起自己遇到过的事。,,Please __________ your toys.,put away,请把玩具收好。,context,2026-09-v2,本地预制课堂素材；原创短句与场景模板,[],想象你也在这个场景里。用 put away 说一句自己的话。
put down,PET,3,放下；不赞成；镇压,phr v.,日常沟通,Put down the heavy box.,放下那个重箱子。,[],结合常用释义整体记忆。先听老师读，再用自己的生活场景解释。,0,,https://www.cambridgeenglish.org/images/506887-b1-preliminary-vocabulary-list.pdf,,https://github.com/skywind3000/ECDICT,offline-materials,put down,authored,put down · 单词里的小故事,小乐和朋友交换今天的小发现。放下那个重箱子。小乐说：“Put down the heavy box.”朋友听懂了，也想起自己遇到过的事。,,__________ the heavy box.,Put down,放下那个重箱子。,context,2026-09-v2,本地预制课堂素材；原创短句与场景模板,[],想象你也在这个场景里。用 put down 说一句自己的话。
put off,PET,3,推迟；拖延；搪塞,phr v.,日常沟通,We must put off the game until Friday.,我们必须把比赛推迟到周五。,[],结合常用释义整体记忆。先听老师读，再用自己的生活场景解释。,0,,https://www.cambridgeenglish.org/images/506887-b1-preliminary-vocabulary-list.pdf,,https://github.com/skywind3000/ECDICT,offline-materials,put off,authored,put off · 单词里的小故事,小乐和朋友交换今天的小发现。我们必须把比赛推迟到周五。小乐说：“We must put off the game until Friday.”朋友听懂了，也想起自己遇到过的事。,,We must __________ the game until Friday.,put off,我们必须把比赛推迟到周五。,context,2026-09-v2,本地预制课堂素材；原创短句与场景模板,[],想象你也在这个场景里。用 put off 说一句自己的话。
put out,PET,3,放出；伸出；生产,phr v.,日常沟通,Please put out the fire.,请把火熄灭。,[],结合常用释义整体记忆。先听老师读，再用自己的生活场景解释。,0,,https://www.cambridgeenglish.org/images/506887-b1-preliminary-vocabulary-list.pdf,,https://github.com/skywind3000/ECDICT,offline-materials,put out,authored,put out · 单词里的小故事,小乐和朋友交换今天的小发现。请把火熄灭。小乐说：“Please put out the fire.”朋友听懂了，也想起自己遇到过的事。,,Please __________ the fire.,put out,请把火熄灭。,context,2026-09-v2,本地预制课堂素材；原创短句与场景模板,[],想象你也在这个场景里。用 put out 说一句自己的话。
put through,PET,3,搞成；接通,phr v.,日常沟通,Can you put me through to the office?,你能帮我接通办公室吗？,[],结合常用释义整体记忆。先听老师读，再用自己的生活场景解释。,0,,https://www.cambridgeenglish.org/images/506887-b1-preliminary-vocabulary-list.pdf,,https://github.com/skywind3000/ECDICT,offline-materials,put through,authored,put through · 单词里的小故事,小乐和朋友交换今天的小发现。你能帮我接通办公室吗？小乐说：“Can you put me through to the office?”朋友听懂了，也想起自己遇到过的事。,,请根据中文和本课例句，写出词表中的目标词。,put through,搞成；接通,headword,2026-09-v2,本地预制课堂素材；原创短句与场景模板,[],想象你也在这个场景里。用 put through 说一句自己的话。
put up,PET,3,举起；抬起；进行,phr v.,日常沟通,Let's put up the tent.,我们把帐篷搭起来吧。,[],结合常用释义整体记忆。先听老师读，再用自己的生活场景解释。,0,,https://www.cambridgeenglish.org/images/506887-b1-preliminary-vocabulary-list.pdf,,https://github.com/skywind3000/ECDICT,offline-materials,put up,authored,put up · 单词里的小故事,小乐和朋友交换今天的小发现。我们把帐篷搭起来吧。小乐说：“Let's put up the tent.”朋友听懂了，也想起自己遇到过的事。,,Let's __________ the tent.,put up,我们把帐篷搭起来吧。,context,2026-09-v2,本地预制课堂素材；原创短句与场景模板,[],想象你也在这个场景里。用 put up 说一句自己的话。
pyjamas,PET,3,睡衣裤；宽松裤,n pl.,日常沟通,I like your pyjamas.,我喜欢你的睡衣裤。,[],结合常用释义整体记忆。先听老师读，再用自己的生活场景解释。,0,,https://www.cambridgeenglish.org/images/506887-b1-preliminary-vocabulary-list.pdf,pә'dʒɑ:mәs,https://github.com/skywind3000/ECDICT,offline-materials,pyjamas,clothes,pyjamas · 单词里的小故事,出门前，小乐注意到了朋友的穿着。我喜欢你的睡衣裤。小乐说：“I like your pyjamas.”朋友听懂了，也想起自己遇到过的事。,,I like your __________.,pyjamas,我喜欢你的睡衣裤。,context,2026-09-v2,本地预制课堂素材；原创短句与场景模板,[],想象你也在这个场景里。用 pyjamas 说一句自己的话。
qualification,PET,2,资格,n.,日常沟通,We talked about the qualification today.,我们今天谈到了资格。,[],结合常用释义整体记忆。先听老师读，再用自己的生活场景解释。,0,,https://www.cambridgeenglish.org/images/506887-b1-preliminary-vocabulary-list.pdf,.kwɒlifi'keiʃәn,常用义教学修订；原词典见 ECDICT-LICENSE.txt,offline-materials,qualification,discussion,qualification · 单词里的小故事,小乐和朋友聊起今天的一件事。我们今天谈到了资格。小乐说：“We talked about the qualification today.”朋友听懂了，也想起自己遇到过的事。,,We talked about the __________ today.,qualification,我们今天谈到了资格。,context,2026-09-v2,本地预制课堂素材；原创短句与场景模板,[],想象你也在这个场景里。用 qualification 说一句自己的话。
qualified,PET,2,有资格的,adj.,日常沟通,She is a qualified teacher.,她是一名合格的老师。,[],结合常用释义整体记忆。先听老师读，再用自己的生活场景解释。,0,,https://www.cambridgeenglish.org/images/506887-b1-preliminary-vocabulary-list.pdf,'kwɒlifaid,https://github.com/skywind3000/ECDICT,offline-materials,qualified,authored,qualified · 单词里的小故事,小乐和朋友交换今天的小发现。她是一名合格的老师。小乐说：“She is a qualified teacher.”朋友听懂了，也想起自己遇到过的事。,,She is a __________ teacher.,qualified,她是一名合格的老师。,context,2026-09-v2,本地预制课堂素材；原创短句与场景模板,[],想象你也在这个场景里。用 qualified 说一句自己的话。
quality,PET,1,品质；特性；才能,n.,日常沟通,We talked about the quality today.,我们今天谈到了品质。,[],结合常用释义整体记忆。先听老师读，再用自己的生活场景解释。,0,,https://www.cambridgeenglish.org/images/506887-b1-preliminary-vocabulary-list.pdf,'kwɒlәti,https://github.com/skywind3000/ECDICT,offline-materials,quality,discussion,quality · 单词里的小故事,小乐和朋友聊起今天的一件事。我们今天谈到了品质。小乐说：“We talked about the quality today.”朋友听懂了，也想起自己遇到过的事。,,We talked about the __________ today.,quality,我们今天谈到了品质。,context,2026-09-v2,本地预制课堂素材；原创短句与场景模板,[],想象你也在这个场景里。用 quality 说一句自己的话。
quantity,PET,2,量；数量；总量,n.,日常沟通,We talked about the quantity today.,我们今天谈到了量。,[],结合常用释义整体记忆。先听老师读，再用自己的生活场景解释。,0,,https://www.cambridgeenglish.org/images/506887-b1-preliminary-vocabulary-list.pdf,'kwɒntәti,https://github.com/skywind3000/ECDICT,offline-materials,quantity,discussion,quantity · 单词里的小故事,小乐和朋友聊起今天的一件事。我们今天谈到了量。小乐说：“We talked about the quantity today.”朋友听懂了，也想起自己遇到过的事。,,We talked about the __________ today.,quantity,我们今天谈到了量。,context,2026-09-v2,本地预制课堂素材；原创短句与场景模板,[],想象你也在这个场景里。用 quantity 说一句自己的话。
questionnaire,PET,2,调查表；问卷,n.,日常沟通,We talked about the questionnaire today.,我们今天谈到了调查表。,[],结合常用释义整体记忆。先听老师读，再用自己的生活场景解释。,0,,https://www.cambridgeenglish.org/images/506887-b1-preliminary-vocabulary-list.pdf,kwestʃә'nєә,https://github.com/skywind3000/ECDICT,offline-materials,questionnaire,discussion,questionnaire · 单词里的小故事,小乐和朋友聊起今天的一件事。我们今天谈到了调查表。小乐说：“We talked about the questionnaire today.”朋友听懂了，也想起自己遇到过的事。,,We talked about the __________ today.,questionnaire,我们今天谈到了调查表。,context,2026-09-v2,本地预制课堂素材；原创短句与场景模板,[],想象你也在这个场景里。用 questionnaire 说一句自己的话。
queue,PET,2,辫子；一队人；队列,n.,日常沟通,We talked about the queue today.,我们今天谈到了辫子。,[],结合常用释义整体记忆。先听老师读，再用自己的生活场景解释。,0,,https://www.cambridgeenglish.org/images/506887-b1-preliminary-vocabulary-list.pdf,kju:,https://github.com/skywind3000/ECDICT,offline-materials,queue,discussion,queue · 单词里的小故事,小乐和朋友聊起今天的一件事。我们今天谈到了辫子。小乐说：“We talked about the queue today.”朋友听懂了，也想起自己遇到过的事。,,We talked about the __________ today.,queue,我们今天谈到了辫子。,context,2026-09-v2,本地预制课堂素材；原创短句与场景模板,[],想象你也在这个场景里。用 queue 说一句自己的话。
quietly,PET,2,安静地；沉着地；秘密地,adv.,日常沟通,Please walk quietly.,请轻轻地走。,"[{""text"": ""quiet"", ""kind"": ""root"", ""meaning"": ""安静的""}, {""text"": ""-ly"", ""kind"": ""suffix"", ""meaning"": ""以……的方式（构成副词）"", ""story"": ""-ly 在古英语中有表示“像……的”的形容词形式，也有表示“以某种方式”的副词形式。今天同样的结尾仍有不同工作。先问它是在描写一个人或物，还是在说明怎样做事。"", ""source"": ""https://www.merriam-webster.com/dictionary/ly-""}]",先理解词基，再看词缀如何改变含义或词性。,0,,https://www.cambridgeenglish.org/images/506887-b1-preliminary-vocabulary-list.pdf,'kwaiәtli,https://github.com/skywind3000/ECDICT,offline-materials,quietly,authored,quietly · 单词里的小故事,小猫在椅子上睡着了。小乐踮起脚尖走过去，又轻轻关上门。小猫的耳朵动了动，继续睡得很香。这就是 quietly 留下的画面。,,Please walk __________.,quietly,请轻轻地走。,context,2026-09-v2,本地预制课堂素材；原创短句与场景模板,"[{""en"": ""She closes the door quietly."", ""zh"": ""她轻轻地关上门。""}]",还有什么时候，我们需要轻轻地做事？
quit,PET,2,离开；辞职；停止,v.,日常沟通,He wants to quit his job.,他想辞职。,[],结合常用释义整体记忆。先听老师读，再用自己的生活场景解释。,0,,https://www.cambridgeenglish.org/images/506887-b1-preliminary-vocabulary-list.pdf,kwit,https://github.com/skywind3000/ECDICT,offline-materials,quit,authored,quit · 单词里的小故事,小乐和朋友交换今天的小发现。他想辞职。小乐说：“He wants to quit his job.”朋友听懂了，也想起自己遇到过的事。,,He wants to __________ his job.,quit,他想辞职。,context,2026-09-v2,本地预制课堂素材；原创短句与场景模板,[],想象你也在这个场景里。用 quit 说一句自己的话。
racing,PET,3,赛马；赛车,n.,日常沟通,I want to learn more about racing.,我想多了解一些赛马。,"[{""text"": ""race"", ""kind"": ""root"", ""meaning"": ""竞赛""}, {""text"": ""-ing"", ""kind"": ""suffix"", ""meaning"": ""把动作当作活动或事物来表达"", ""story"": ""把动作变成名词的 -ing，可以追溯到古英语的 -ung、-ing。一个动作加上这样的结尾，就能作为一种活动来谈论。注意句子里的位置：-ing 也会用于进行时和形容词。"", ""source"": ""https://www.merriam-webster.com/dictionary/-ing""}]",这是词基与派生词的关系。拼写发生了变化，请把本课目标单词完整写对；构词成分不是原词的逐字切片。,0,,https://www.cambridgeenglish.org/images/506887-b1-preliminary-vocabulary-list.pdf,'reisiŋ,https://github.com/skywind3000/ECDICT,offline-materials,racing,activity,racing · 单词里的小故事,班级要举办兴趣日，小乐选了自己想了解的活动。我想多了解一些赛马。小乐说：“I want to learn more about racing.”朋友听懂了，也想起自己遇到过的事。,,I want to learn more about __________.,racing,我想多了解一些赛马。,context,2026-09-v2,本地预制课堂素材；原创短句与场景模板,[],想象你也在这个场景里。用 racing 说一句自己的话。
rail,PET,1,横杆；围栏；栏杆,n.,日常沟通,Look at the rail in this picture.,看看这张图片中的横杆。,[],结合常用释义整体记忆。先听老师读，再用自己的生活场景解释。,0,,https://www.cambridgeenglish.org/images/506887-b1-preliminary-vocabulary-list.pdf,reil,https://github.com/skywind3000/ECDICT,offline-materials,rail,transport,rail · 单词里的小故事,小乐和朋友观察一张出行图片，轮流指出里面的东西。看看这张图片中的横杆。小乐说：“Look at the rail in this picture.”朋友听懂了，也想起自己遇到过的事。,,Look at the __________ in this picture.,rail,看看这张图片中的横杆。,context,2026-09-v2,本地预制课堂素材；原创短句与场景模板,[],想象你也在这个场景里。用 rail 说一句自己的话。
railroad,PET,3,铁路；铁路公司,n.,日常沟通,Look at the railroad in this picture.,看看这张图片中的铁路。,[],结合常用释义整体记忆。先听老师读，再用自己的生活场景解释。,0,,https://www.cambridgeenglish.org/images/506887-b1-preliminary-vocabulary-list.pdf,'reilrәud,https://github.com/skywind3000/ECDICT,offline-materials,railroad,transport,railroad · 单词里的小故事,小乐和朋友观察一张出行图片，轮流指出里面的东西。看看这张图片中的铁路。小乐说：“Look at the railroad in this picture.”朋友听懂了，也想起自己遇到过的事。,,Look at the __________ in this picture.,railroad,看看这张图片中的铁路。,context,2026-09-v2,本地预制课堂素材；原创短句与场景模板,[],想象你也在这个场景里。用 railroad 说一句自己的话。
raise,PET,1,升起；举起；唤起,v.,日常沟通,Raise your hand if you know.,如果知道，请举手。,[],结合常用释义整体记忆。先听老师读，再用自己的生活场景解释。,0,,https://www.cambridgeenglish.org/images/506887-b1-preliminary-vocabulary-list.pdf,reiz,https://github.com/skywind3000/ECDICT,offline-materials,raise,authored,raise · 单词里的小故事,小乐和朋友交换今天的小发现。如果知道，请举手。小乐说：“Raise your hand if you know.”朋友听懂了，也想起自己遇到过的事。,,__________ your hand if you know.,Raise,如果知道，请举手。,context,2026-09-v2,本地预制课堂素材；原创短句与场景模板,[],想象你也在这个场景里。用 raise 说一句自己的话。
range,PET,1,范围；一系列,n.,日常沟通,We talked about the range today.,我们今天谈到了范围。,[],结合常用释义整体记忆。先听老师读，再用自己的生活场景解释。,0,,https://www.cambridgeenglish.org/images/506887-b1-preliminary-vocabulary-list.pdf,'reindʒ,常用义教学修订；原词典见 ECDICT-LICENSE.txt,offline-materials,range,discussion,range · 单词里的小故事,小乐和朋友聊起今天的一件事。我们今天谈到了范围。小乐说：“We talked about the range today.”朋友听懂了，也想起自己遇到过的事。,,We talked about the __________ today.,range,我们今天谈到了范围。,context,2026-09-v2,本地预制课堂素材；原创短句与场景模板,[],想象你也在这个场景里。用 range 说一句自己的话。
rare,PET,1,稀罕的；罕有的；珍奇的,adj.,日常沟通,This bird is rare.,这种鸟很少见。,[],结合常用释义整体记忆。先听老师读，再用自己的生活场景解释。,0,,https://www.cambridgeenglish.org/images/506887-b1-preliminary-vocabulary-list.pdf,rєә,https://github.com/skywind3000/ECDICT,offline-materials,rare,authored,rare · 单词里的小故事,小乐和朋友交换今天的小发现。这种鸟很少见。小乐说：“This bird is rare.”朋友听懂了，也想起自己遇到过的事。,,This bird is __________.,rare,这种鸟很少见。,context,2026-09-v2,本地预制课堂素材；原创短句与场景模板,[],想象你也在这个场景里。用 rare 说一句自己的话。
rarely,PET,2,很少地；罕有地,adv.,日常沟通,I rarely watch television.,我很少看电视。,[],结合常用释义整体记忆。先听老师读，再用自己的生活场景解释。,0,,https://www.cambridgeenglish.org/images/506887-b1-preliminary-vocabulary-list.pdf,'rєәli,https://github.com/skywind3000/ECDICT,offline-materials,rarely,authored,rarely · 单词里的小故事,小乐和朋友交换今天的小发现。我很少看电视。小乐说：“I rarely watch television.”朋友听懂了，也想起自己遇到过的事。,,I __________ watch television.,rarely,我很少看电视。,context,2026-09-v2,本地预制课堂素材；原创短句与场景模板,[],想象你也在这个场景里。用 rarely 说一句自己的话。
rather,PET,1,宁可；稍微；相当,adv.,日常沟通,The bag is rather heavy.,这个包相当重。,[],结合常用释义整体记忆。先听老师读，再用自己的生活场景解释。,0,,https://www.cambridgeenglish.org/images/506887-b1-preliminary-vocabulary-list.pdf,'ræðә,https://github.com/skywind3000/ECDICT,offline-materials,rather,authored,rather · 单词里的小故事,小乐和朋友交换今天的小发现。这个包相当重。小乐说：“The bag is rather heavy.”朋友听懂了，也想起自己遇到过的事。,,The bag is __________ heavy.,rather,这个包相当重。,context,2026-09-v2,本地预制课堂素材；原创短句与场景模板,[],想象你也在这个场景里。用 rather 说一句自己的话。
raw,PET,2,生的；未加工的；生疏的,adj.,日常沟通,Do not eat raw chicken.,不要吃生鸡肉。,[],结合常用释义整体记忆。先听老师读，再用自己的生活场景解释。,0,,https://www.cambridgeenglish.org/images/506887-b1-preliminary-vocabulary-list.pdf,rɒ:,https://github.com/skywind3000/ECDICT,offline-materials,raw,authored,raw · 单词里的小故事,小乐和朋友交换今天的小发现。不要吃生鸡肉。小乐说：“Do not eat raw chicken.”朋友听懂了，也想起自己遇到过的事。,,Do not eat __________ chicken.,raw,不要吃生鸡肉。,context,2026-09-v2,本地预制课堂素材；原创短句与场景模板,[],想象你也在这个场景里。用 raw 说一句自己的话。
reach,PET,1,到达；达到；伸出,v.,日常沟通,We can reach the town before dark.,我们能在天黑前到达镇上。,[],结合常用释义整体记忆。先听老师读，再用自己的生活场景解释。,0,,https://www.cambridgeenglish.org/images/506887-b1-preliminary-vocabulary-list.pdf,ri:tʃ,https://github.com/skywind3000/ECDICT,offline-materials,reach,authored,reach · 单词里的小故事,小乐和朋友交换今天的小发现。我们能在天黑前到达镇上。小乐说：“We can reach the town before dark.”朋友听懂了，也想起自己遇到过的事。,,We can __________ the town before dark.,reach,我们能在天黑前到达镇上。,context,2026-09-v2,本地预制课堂素材；原创短句与场景模板,[],想象你也在这个场景里。用 reach 说一句自己的话。
react,PET,2,起反应；起作用；反攻,v.,日常沟通,How did she react to the news?,她对这个消息有什么反应？,[],结合常用释义整体记忆。先听老师读，再用自己的生活场景解释。,0,,https://www.cambridgeenglish.org/images/506887-b1-preliminary-vocabulary-list.pdf,ri'ækt,https://github.com/skywind3000/ECDICT,offline-materials,react,authored,react · 单词里的小故事,小乐和朋友交换今天的小发现。她对这个消息有什么反应？小乐说：“How did she react to the news?”朋友听懂了，也想起自己遇到过的事。,,How did she __________ to the news?,react,她对这个消息有什么反应？,context,2026-09-v2,本地预制课堂素材；原创短句与场景模板,[],想象你也在这个场景里。用 react 说一句自己的话。
reader,PET,1,读者；读物,n.,日常沟通,This story is about a reader.,这个故事讲的是一位读者。,"[{""text"": ""read"", ""kind"": ""root"", ""meaning"": ""阅读""}, {""text"": ""-er"", ""kind"": ""suffix"", ""meaning"": ""做某事的人或物"", ""story"": ""表示做事者的 -er 有古英语 -ere 等历史来源。它常把动作变成做这个动作的人或工具。先找到动作，再问“谁来做”，就能串起一组词。比较级里的 -er 是另一种用法。"", ""source"": ""https://www.merriam-webster.com/dictionary/-er""}]",先理解词基，再看词缀如何改变含义或词性。,0,,https://www.cambridgeenglish.org/images/506887-b1-preliminary-vocabulary-list.pdf,'ri:dә,常用义教学修订；原词典见 ECDICT-LICENSE.txt,offline-materials,reader,person,reader · 单词里的小故事,读书会轮到小乐介绍故事里的一个人物。这个故事讲的是一位读者。小乐说：“This story is about a reader.”朋友听懂了，也想起自己遇到过的事。,,This story is about a __________.,reader,这个故事讲的是一位读者。,context,2026-09-v2,本地预制课堂素材；原创短句与场景模板,"[{""en"": ""This book is for young readers."", ""zh"": ""这本书是给小读者看的。""}]",想象你也在这个场景里。用 reader 说一句自己的话。
realise,PET,1,实现；认识到；体会到,v.,日常沟通,I realise that I need more practice.,我意识到我需要更多练习。,[],结合常用释义整体记忆。先听老师读，再用自己的生活场景解释。,0,,https://www.cambridgeenglish.org/images/506887-b1-preliminary-vocabulary-list.pdf,"'riәlaiz,'ri:-",https://github.com/skywind3000/ECDICT,offline-materials,realise,authored,realise · 单词里的小故事,小乐和朋友交换今天的小发现。我意识到我需要更多练习。小乐说：“I realise that I need more practice.”朋友听懂了，也想起自己遇到过的事。,,I __________ that I need more practice.,realise,我意识到我需要更多练习。,context,2026-09-v2,本地预制课堂素材；原创短句与场景模板,[],想象你也在这个场景里。用 realise 说一句自己的话。
realistic,PET,2,现实的；逼真的；现实主义的,adj.,日常沟通,Her drawing is realistic.,她的画很逼真。,[],结合常用释义整体记忆。先听老师读，再用自己的生活场景解释。,0,,https://www.cambridgeenglish.org/images/506887-b1-preliminary-vocabulary-list.pdf,riә'listik,https://github.com/skywind3000/ECDICT,offline-materials,realistic,authored,realistic · 单词里的小故事,小乐和朋友交换今天的小发现。她的画很逼真。小乐说：“Her drawing is realistic.”朋友听懂了，也想起自己遇到过的事。,,Her drawing is __________.,realistic,她的画很逼真。,context,2026-09-v2,本地预制课堂素材；原创短句与场景模板,[],想象你也在这个场景里。用 realistic 说一句自己的话。
reality,PET,1,实在；事实；实体,n.,日常沟通,We talked about the reality today.,我们今天谈到了实在。,[],结合常用释义整体记忆。先听老师读，再用自己的生活场景解释。,0,,https://www.cambridgeenglish.org/images/506887-b1-preliminary-vocabulary-list.pdf,ri'æliti,https://github.com/skywind3000/ECDICT,offline-materials,reality,discussion,reality · 单词里的小故事,小乐和朋友聊起今天的一件事。我们今天谈到了实在。小乐说：“We talked about the reality today.”朋友听懂了，也想起自己遇到过的事。,,We talked about the __________ today.,reality,我们今天谈到了实在。,context,2026-09-v2,本地预制课堂素材；原创短句与场景模板,[],想象你也在这个场景里。用 reality 说一句自己的话。
reasonable,PET,1,合理的,adj.,日常沟通,The shop sells books at reasonable prices.,这家店以合理的价格售书。,"[{""text"": ""reason"", ""kind"": ""root"", ""meaning"": ""道理""}, {""text"": ""-able"", ""kind"": ""suffix"", ""meaning"": ""可以……的；适合……的"", ""story"": ""-able 经由法语进入英语，更早来自拉丁语的后缀形式。它常告诉我们“可以被这样做”或“适合这样做”。先认出动作，再想一想，这个东西能不能接受这个动作。"", ""source"": ""https://www.merriam-webster.com/dictionary/able""}]",先理解词基，再看词缀如何改变含义或词性。,0,,https://www.cambridgeenglish.org/images/506887-b1-preliminary-vocabulary-list.pdf,'ri:znәbl,原创课堂释义与例句,offline-materials,reasonable,authored,reasonable · 单词里的小故事,小乐和朋友交换今天的小发现。这家店以合理的价格售书。小乐说：“The shop sells books at reasonable prices.”朋友听懂了，也想起自己遇到过的事。,,The shop sells books at __________ prices.,reasonable,这家店以合理的价格售书。,context,2026-09-v2,本地预制课堂素材；原创短句与场景模板,[],想象你也在这个场景里。用 reasonable 说一句自己的话。
reasonably,PET,2,适度地；相当地,adv.,日常沟通,The room is reasonably large.,这个房间还算大。,[],结合常用释义整体记忆。先听老师读，再用自己的生活场景解释。,0,,https://www.cambridgeenglish.org/images/506887-b1-preliminary-vocabulary-list.pdf,'ri:znәbli,https://github.com/skywind3000/ECDICT,offline-materials,reasonably,authored,reasonably · 单词里的小故事,小乐和朋友交换今天的小发现。这个房间还算大。小乐说：“The room is reasonably large.”朋友听懂了，也想起自己遇到过的事。,,The room is __________ large.,reasonably,这个房间还算大。,context,2026-09-v2,本地预制课堂素材；原创短句与场景模板,[],想象你也在这个场景里。用 reasonably 说一句自己的话。
rebuild,PET,2,重建,v.,日常沟通,They plan to rebuild the bridge.,他们计划重建这座桥。,"[{""text"": ""re-"", ""kind"": ""prefix"", ""meaning"": ""再次；重新"", ""story"": ""re- 经由法语进入英语，更早来自拉丁语，带有“回来、再次”的意思。这里它像一个回放按钮：把某个动作再做一遍。先认出动作，就容易记住整个词。"", ""source"": ""https://www.merriam-webster.com/dictionary/re-""}, {""text"": ""build"", ""kind"": ""root"", ""meaning"": ""建造""}]",先理解词基，再看词缀如何改变含义或词性。,0,,https://www.cambridgeenglish.org/images/506887-b1-preliminary-vocabulary-list.pdf,ri'bild,原创课堂释义与例句,offline-materials,rebuild,authored,rebuild · 单词里的小故事,小乐和朋友交换今天的小发现。他们计划重建这座桥。小乐说：“They plan to rebuild the bridge.”朋友听懂了，也想起自己遇到过的事。,,They plan to __________ the bridge.,rebuild,他们计划重建这座桥。,context,2026-09-v2,本地预制课堂素材；原创短句与场景模板,"[{""en"": ""They want to rebuild the old bridge."", ""zh"": ""他们想重建那座旧桥。""}]",想象你也在这个场景里。用 rebuild 说一句自己的话。
recent,PET,1,最近的；近代的；最新的,adj.,日常沟通,This is a recent photo.,这是最近拍的照片。,"[{""text"": ""recent"", ""kind"": ""root"", ""meaning"": ""最近的""}]",这个词本身可以作为词基，与相关派生词联系起来理解。,0,,https://www.cambridgeenglish.org/images/506887-b1-preliminary-vocabulary-list.pdf,'ri:snt,https://github.com/skywind3000/ECDICT,offline-materials,recent,authored,recent · 单词里的小故事,小乐和朋友交换今天的小发现。这是最近拍的照片。小乐说：“This is a recent photo.”朋友听懂了，也想起自己遇到过的事。,,This is a __________ photo.,recent,这是最近拍的照片。,context,2026-09-v2,本地预制课堂素材；原创短句与场景模板,[],想象你也在这个场景里。用 recent 说一句自己的话。
reception,PET,2,接待处,n.,日常沟通,We visited the reception today.,我们今天参观了接待处。,[],结合常用释义整体记忆。先听老师读，再用自己的生活场景解释。,0,,https://www.cambridgeenglish.org/images/506887-b1-preliminary-vocabulary-list.pdf,ri'sepʃәn,常用义教学修订；原词典见 ECDICT-LICENSE.txt,offline-materials,reception,place,reception · 单词里的小故事,小乐把今天的外出经历记进了日记。我们今天参观了接待处。小乐说：“We visited the reception today.”朋友听懂了，也想起自己遇到过的事。,,We visited the __________ today.,reception,我们今天参观了接待处。,context,2026-09-v2,本地预制课堂素材；原创短句与场景模板,[],想象你也在这个场景里。用 reception 说一句自己的话。
recognise,PET,1,认识；辩认；认出,v.,日常沟通,I recognise her voice.,我认出了她的声音。,[],结合常用释义整体记忆。先听老师读，再用自己的生活场景解释。,0,,https://www.cambridgeenglish.org/images/506887-b1-preliminary-vocabulary-list.pdf,'rekә^naiz,https://github.com/skywind3000/ECDICT,offline-materials,recognise,authored,recognise · 单词里的小故事,小乐和朋友交换今天的小发现。我认出了她的声音。小乐说：“I recognise her voice.”朋友听懂了，也想起自己遇到过的事。,,I __________ her voice.,recognise,我认出了她的声音。,context,2026-09-v2,本地预制课堂素材；原创短句与场景模板,[],想象你也在这个场景里。用 recognise 说一句自己的话。
recommend,PET,1,推荐；介绍；劝告,v.,日常沟通,Can you recommend a good book?,你能推荐一本好书吗？,[],结合常用释义整体记忆。先听老师读，再用自己的生活场景解释。,0,,https://www.cambridgeenglish.org/images/506887-b1-preliminary-vocabulary-list.pdf,.rekә'mend,https://github.com/skywind3000/ECDICT,offline-materials,recommend,authored,recommend · 单词里的小故事,小乐和朋友交换今天的小发现。你能推荐一本好书吗？小乐说：“Can you recommend a good book?”朋友听懂了，也想起自己遇到过的事。,,Can you __________ a good book?,recommend,你能推荐一本好书吗？,context,2026-09-v2,本地预制课堂素材；原创短句与场景模板,[],想象你也在这个场景里。用 recommend 说一句自己的话。
recording,PET,2,录音,n.,日常沟通,We talked about the recording today.,我们今天谈到了录音。,[],结合常用释义整体记忆。先听老师读，再用自己的生活场景解释。,0,,https://www.cambridgeenglish.org/images/506887-b1-preliminary-vocabulary-list.pdf,ri'kɒ:diŋ,https://github.com/skywind3000/ECDICT,offline-materials,recording,discussion,recording · 单词里的小故事,小乐和朋友聊起今天的一件事。我们今天谈到了录音。小乐说：“We talked about the recording today.”朋友听懂了，也想起自己遇到过的事。,,We talked about the __________ today.,recording,我们今天谈到了录音。,context,2026-09-v2,本地预制课堂素材；原创短句与场景模板,[],想象你也在这个场景里。用 recording 说一句自己的话。
recover,PET,1,重新获得；恢复；复原,v.,日常沟通,I hope you recover soon.,我希望你很快恢复健康。,[],结合常用释义整体记忆。先听老师读，再用自己的生活场景解释。,0,,https://www.cambridgeenglish.org/images/506887-b1-preliminary-vocabulary-list.pdf,ri'kʌvә,https://github.com/skywind3000/ECDICT,offline-materials,recover,authored,recover · 单词里的小故事,小乐和朋友交换今天的小发现。我希望你很快恢复健康。小乐说：“I hope you recover soon.”朋友听懂了，也想起自己遇到过的事。,,I hope you __________ soon.,recover,我希望你很快恢复健康。,context,2026-09-v2,本地预制课堂素材；原创短句与场景模板,[],想象你也在这个场景里。用 recover 说一句自己的话。
recycle,PET,3,回收利用,v.,日常沟通,We recycle paper at school.,我们在学校回收纸张。,"[{""text"": ""re-"", ""kind"": ""prefix"", ""meaning"": ""再次；重新"", ""story"": ""re- 经由法语进入英语，更早来自拉丁语，带有“回来、再次”的意思。这里它像一个回放按钮：把某个动作再做一遍。先认出动作，就容易记住整个词。"", ""source"": ""https://www.merriam-webster.com/dictionary/re-""}, {""text"": ""cycle"", ""kind"": ""root"", ""meaning"": ""循环""}]",先理解词基，再看词缀如何改变含义或词性。,0,,https://www.cambridgeenglish.org/images/506887-b1-preliminary-vocabulary-list.pdf,.ri:'saikl,原创课堂释义与例句,offline-materials,recycle,authored,recycle · 单词里的小故事,小乐和朋友交换今天的小发现。我们在学校回收纸张。小乐说：“We recycle paper at school.”朋友听懂了，也想起自己遇到过的事。,,We __________ paper at school.,recycle,我们在学校回收纸张。,context,2026-09-v2,本地预制课堂素材；原创短句与场景模板,"[{""en"": ""Our school asks us to recycle paper."", ""zh"": ""我们学校要求我们回收纸张。""}]",想象你也在这个场景里。用 recycle 说一句自己的话。
recycled,PET,3,回收再利用的,adj.,日常沟通,We use recycled paper.,我们使用再生纸。,[],结合常用释义整体记忆。先听老师读，再用自己的生活场景解释。,0,,https://www.cambridgeenglish.org/images/506887-b1-preliminary-vocabulary-list.pdf,ˌri:ˈsaikld,常用义教学修订；原词典见 ECDICT-LICENSE.txt,offline-materials,recycled,authored,recycled · 单词里的小故事,小乐和朋友交换今天的小发现。我们使用再生纸。小乐说：“We use recycled paper.”朋友听懂了，也想起自己遇到过的事。,,We use __________ paper.,recycled,我们使用再生纸。,context,2026-09-v2,本地预制课堂素材；原创短句与场景模板,[],想象你也在这个场景里。用 recycled 说一句自己的话。
recycling,PET,2,回收利用,n.,日常沟通,Recycling can reduce waste.,回收利用可以减少浪费。,"[{""text"": ""recycle"", ""kind"": ""root"", ""meaning"": ""回收利用""}, {""text"": ""-ing"", ""kind"": ""suffix"", ""meaning"": ""把动作当作活动或事物来表达"", ""story"": ""把动作变成名词的 -ing，可以追溯到古英语的 -ung、-ing。一个动作加上这样的结尾，就能作为一种活动来谈论。注意句子里的位置：-ing 也会用于进行时和形容词。"", ""source"": ""https://www.merriam-webster.com/dictionary/-ing""}]",这是词基与派生词的关系。拼写发生了变化，请把本课目标单词完整写对；构词成分不是原词的逐字切片。,0,,https://www.cambridgeenglish.org/images/506887-b1-preliminary-vocabulary-list.pdf,,原创课堂释义与例句,offline-materials,recycling,authored,recycling · 单词里的小故事,小乐和朋友交换今天的小发现。回收利用可以减少浪费。小乐说：“Recycling can reduce waste.”朋友听懂了，也想起自己遇到过的事。,,__________ can reduce waste.,Recycling,回收利用可以减少浪费。,context,2026-09-v2,本地预制课堂素材；原创短句与场景模板,[],想象你也在这个场景里。用 recycling 说一句自己的话。
reduce,PET,1,减少；分解；降低,v.,日常沟通,We can reduce the amount of rubbish.,我们可以减少垃圾的数量。,[],结合常用释义整体记忆。先听老师读，再用自己的生活场景解释。,0,,https://www.cambridgeenglish.org/images/506887-b1-preliminary-vocabulary-list.pdf,ri'dju:s,https://github.com/skywind3000/ECDICT,offline-materials,reduce,authored,reduce · 单词里的小故事,小乐和朋友交换今天的小发现。我们可以减少垃圾的数量。小乐说：“We can reduce the amount of rubbish.”朋友听懂了，也想起自己遇到过的事。,,We can __________ the amount of rubbish.,reduce,我们可以减少垃圾的数量。,context,2026-09-v2,本地预制课堂素材；原创短句与场景模板,[],想象你也在这个场景里。用 reduce 说一句自己的话。
reduced,PET,2,减少的；简化的；缩减的,adj.,日常沟通,These shoes are at a reduced price.,这些鞋降价了。,[],结合常用释义整体记忆。先听老师读，再用自己的生活场景解释。,0,,https://www.cambridgeenglish.org/images/506887-b1-preliminary-vocabulary-list.pdf,ri'dju:st,https://github.com/skywind3000/ECDICT,offline-materials,reduced,authored,reduced · 单词里的小故事,小乐和朋友交换今天的小发现。这些鞋降价了。小乐说：“These shoes are at a reduced price.”朋友听懂了，也想起自己遇到过的事。,,These shoes are at a __________ price.,reduced,这些鞋降价了。,context,2026-09-v2,本地预制课堂素材；原创短句与场景模板,[],想象你也在这个场景里。用 reduced 说一句自己的话。
refreshments,PET,3,茶点；点心；小吃,n pl.,日常沟通,These refreshments taste good.,这份茶点味道很好。,[],结合常用释义整体记忆。先听老师读，再用自己的生活场景解释。,0,,https://www.cambridgeenglish.org/images/506887-b1-preliminary-vocabulary-list.pdf,,https://github.com/skywind3000/ECDICT,offline-materials,refreshments,food,refreshments · 单词里的小故事,小乐第一次给家人当小帮手，端出一份食物。这份茶点味道很好。小乐说：“These refreshments taste good.”朋友听懂了，也想起自己遇到过的事。,,These __________ taste good.,refreshments,这份茶点味道很好。,context,2026-09-v2,本地预制课堂素材；原创短句与场景模板,[],想象你也在这个场景里。用 refreshments 说一句自己的话。
refund,PET,3,偿还,n.,日常沟通,We talked about the refund today.,我们今天谈到了偿还。,[],结合常用释义整体记忆。先听老师读，再用自己的生活场景解释。,0,,https://www.cambridgeenglish.org/images/506887-b1-preliminary-vocabulary-list.pdf,'ri:fʌnd,https://github.com/skywind3000/ECDICT,offline-materials,refund,discussion,refund · 单词里的小故事,小乐和朋友聊起今天的一件事。我们今天谈到了偿还。小乐说：“We talked about the refund today.”朋友听懂了，也想起自己遇到过的事。,,We talked about the __________ today.,refund,我们今天谈到了偿还。,context,2026-09-v2,本地预制课堂素材；原创短句与场景模板,[],想象你也在这个场景里。用 refund 说一句自己的话。
refuse,PET,1,拒绝；谢绝,v.,日常沟通,It is fine to refuse more food politely.,礼貌地谢绝更多食物是可以的。,[],结合常用释义整体记忆。先听老师读，再用自己的生活场景解释。,0,,https://www.cambridgeenglish.org/images/506887-b1-preliminary-vocabulary-list.pdf,ri'fju:z,https://github.com/skywind3000/ECDICT,offline-materials,refuse,authored,refuse · 单词里的小故事,小乐和朋友交换今天的小发现。礼貌地谢绝更多食物是可以的。小乐说：“It is fine to refuse more food politely.”朋友听懂了，也想起自己遇到过的事。,,It is fine to __________ more food politely.,refuse,礼貌地谢绝更多食物是可以的。,context,2026-09-v2,本地预制课堂素材；原创短句与场景模板,[],想象你也在这个场景里。用 refuse 说一句自己的话。
regarding,PET,2,关于,prep.,日常沟通,I have a question regarding the trip.,我有个关于这次旅行的问题。,[],结合常用释义整体记忆。先听老师读，再用自己的生活场景解释。,0,,https://www.cambridgeenglish.org/images/506887-b1-preliminary-vocabulary-list.pdf,ri'gɑ:diŋ,https://github.com/skywind3000/ECDICT,offline-materials,regarding,authored,regarding · 单词里的小故事,小乐和朋友交换今天的小发现。我有个关于这次旅行的问题。小乐说：“I have a question regarding the trip.”朋友听懂了，也想起自己遇到过的事。,,I have a question __________ the trip.,regarding,我有个关于这次旅行的问题。,context,2026-09-v2,本地预制课堂素材；原创短句与场景模板,[],想象你也在这个场景里。用 regarding 说一句自己的话。
regards,PET,3,问候,n.,日常沟通,We talked about the regards today.,我们今天谈到了问候。,[],结合常用释义整体记忆。先听老师读，再用自己的生活场景解释。,0,,https://www.cambridgeenglish.org/images/506887-b1-preliminary-vocabulary-list.pdf,,常用义教学修订；原词典见 ECDICT-LICENSE.txt,offline-materials,regards,discussion,regards · 单词里的小故事,小乐和朋友聊起今天的一件事。我们今天谈到了问候。小乐说：“We talked about the regards today.”朋友听懂了，也想起自己遇到过的事。,,We talked about the __________ today.,regards,我们今天谈到了问候。,context,2026-09-v2,本地预制课堂素材；原创短句与场景模板,[],想象你也在这个场景里。用 regards 说一句自己的话。
region,PET,1,区域；地带；地区,n.,日常沟通,We visited the region today.,我们今天参观了区域。,[],结合常用释义整体记忆。先听老师读，再用自己的生活场景解释。,0,,https://www.cambridgeenglish.org/images/506887-b1-preliminary-vocabulary-list.pdf,'ri:dʒәn,https://github.com/skywind3000/ECDICT,offline-materials,region,place,region · 单词里的小故事,小乐把今天的外出经历记进了日记。我们今天参观了区域。小乐说：“We visited the region today.”朋友听懂了，也想起自己遇到过的事。,,We visited the __________ today.,region,我们今天参观了区域。,context,2026-09-v2,本地预制课堂素材；原创短句与场景模板,[],想象你也在这个场景里。用 region 说一句自己的话。
register,PET,2,记录；注册；提示,v.,日常沟通,Please register for the class today.,请今天报名这个课程。,[],结合常用释义整体记忆。先听老师读，再用自己的生活场景解释。,0,,https://www.cambridgeenglish.org/images/506887-b1-preliminary-vocabulary-list.pdf,'redʒistә,https://github.com/skywind3000/ECDICT,offline-materials,register,authored,register · 单词里的小故事,小乐和朋友交换今天的小发现。请今天报名这个课程。小乐说：“Please register for the class today.”朋友听懂了，也想起自己遇到过的事。,,Please __________ for the class today.,register,请今天报名这个课程。,context,2026-09-v2,本地预制课堂素材；原创短句与场景模板,[],想象你也在这个场景里。用 register 说一句自己的话。
registration,PET,2,登记；挂号；注册,n.,日常沟通,We talked about the registration today.,我们今天谈到了登记。,[],结合常用释义整体记忆。先听老师读，再用自己的生活场景解释。,0,,https://www.cambridgeenglish.org/images/506887-b1-preliminary-vocabulary-list.pdf,.redʒi'streiʃәn,https://github.com/skywind3000/ECDICT,offline-materials,registration,discussion,registration · 单词里的小故事,小乐和朋友聊起今天的一件事。我们今天谈到了登记。小乐说：“We talked about the registration today.”朋友听懂了，也想起自己遇到过的事。,,We talked about the __________ today.,registration,我们今天谈到了登记。,context,2026-09-v2,本地预制课堂素材；原创短句与场景模板,[],想象你也在这个场景里。用 registration 说一句自己的话。
regret,PET,2,遗憾；后悔；悔恨,n; v.,日常沟通,We talked about the regret today.,我们今天谈到了遗憾。,[],结合常用释义整体记忆。先听老师读，再用自己的生活场景解释。,0,,https://www.cambridgeenglish.org/images/506887-b1-preliminary-vocabulary-list.pdf,ri'gret,https://github.com/skywind3000/ECDICT,offline-materials,regret,discussion,regret · 单词里的小故事,小乐和朋友聊起今天的一件事。我们今天谈到了遗憾。小乐说：“We talked about the regret today.”朋友听懂了，也想起自己遇到过的事。,,We talked about the __________ today.,regret,我们今天谈到了遗憾。,context,2026-09-v2,本地预制课堂素材；原创短句与场景模板,[],想象你也在这个场景里。用 regret 说一句自己的话。
regular,PET,1,定期的；有规律的,adj.,日常沟通,We take regular breaks.,我们定时休息。,"[{""text"": ""regular"", ""kind"": ""root"", ""meaning"": ""有规律的""}]",这个词本身可以作为词基，与相关派生词联系起来理解。,0,,https://www.cambridgeenglish.org/images/506887-b1-preliminary-vocabulary-list.pdf,'regjulә,常用义教学修订；原词典见 ECDICT-LICENSE.txt,offline-materials,regular,authored,regular · 单词里的小故事,小乐和朋友交换今天的小发现。我们定时休息。小乐说：“We take regular breaks.”朋友听懂了，也想起自己遇到过的事。,,We take __________ breaks.,regular,我们定时休息。,context,2026-09-v2,本地预制课堂素材；原创短句与场景模板,[],想象你也在这个场景里。用 regular 说一句自己的话。
regularly,PET,2,有规则地；一丝不苟地；正式地,adv.,日常沟通,We visit our grandparents regularly.,我们定期去看望祖父母。,"[{""text"": ""regular"", ""kind"": ""root"", ""meaning"": ""有规律的""}, {""text"": ""-ly"", ""kind"": ""suffix"", ""meaning"": ""以……的方式（构成副词）"", ""story"": ""-ly 在古英语中有表示“像……的”的形容词形式，也有表示“以某种方式”的副词形式。今天同样的结尾仍有不同工作。先问它是在描写一个人或物，还是在说明怎样做事。"", ""source"": ""https://www.merriam-webster.com/dictionary/ly-""}]",先理解词基，再看词缀如何改变含义或词性。,0,,https://www.cambridgeenglish.org/images/506887-b1-preliminary-vocabulary-list.pdf,'regjulәli,https://github.com/skywind3000/ECDICT,offline-materials,regularly,authored,regularly · 单词里的小故事,小乐和朋友交换今天的小发现。我们定期去看望祖父母。小乐说：“We visit our grandparents regularly.”朋友听懂了，也想起自己遇到过的事。,,We visit our grandparents __________.,regularly,我们定期去看望祖父母。,context,2026-09-v2,本地预制课堂素材；原创短句与场景模板,[],想象你也在这个场景里。用 regularly 说一句自己的话。
relation,PET,1,关系；联系；叙述,n.,日常沟通,We talked about the relation today.,我们今天谈到了关系。,[],结合常用释义整体记忆。先听老师读，再用自己的生活场景解释。,0,,https://www.cambridgeenglish.org/images/506887-b1-preliminary-vocabulary-list.pdf,ri'leiʃәn,https://github.com/skywind3000/ECDICT,offline-materials,relation,discussion,relation · 单词里的小故事,小乐和朋友聊起今天的一件事。我们今天谈到了关系。小乐说：“We talked about the relation today.”朋友听懂了，也想起自己遇到过的事。,,We talked about the __________ today.,relation,我们今天谈到了关系。,context,2026-09-v2,本地预制课堂素材；原创短句与场景模板,[],想象你也在这个场景里。用 relation 说一句自己的话。
relationship,PET,1,关系；关联,n.,日常沟通,We talked about the relationship today.,我们今天谈到了关系。,[],结合常用释义整体记忆。先听老师读，再用自己的生活场景解释。,0,,https://www.cambridgeenglish.org/images/506887-b1-preliminary-vocabulary-list.pdf,ri'leiʃәnʃip,https://github.com/skywind3000/ECDICT,offline-materials,relationship,discussion,relationship · 单词里的小故事,小乐和朋友聊起今天的一件事。我们今天谈到了关系。小乐说：“We talked about the relationship today.”朋友听懂了，也想起自己遇到过的事。,,We talked about the __________ today.,relationship,我们今天谈到了关系。,context,2026-09-v2,本地预制课堂素材；原创短句与场景模板,[],想象你也在这个场景里。用 relationship 说一句自己的话。
relative,PET,2,亲戚；关系词,n.,日常沟通,This story is about a relative.,这个故事讲的是一位亲戚。,[],结合常用释义整体记忆。先听老师读，再用自己的生活场景解释。,0,,https://www.cambridgeenglish.org/images/506887-b1-preliminary-vocabulary-list.pdf,'relәtiv,https://github.com/skywind3000/ECDICT,offline-materials,relative,person,relative · 单词里的小故事,读书会轮到小乐介绍故事里的一个人物。这个故事讲的是一位亲戚。小乐说：“This story is about a relative.”朋友听懂了，也想起自己遇到过的事。,,This story is about a __________.,relative,这个故事讲的是一位亲戚。,context,2026-09-v2,本地预制课堂素材；原创短句与场景模板,[],想象你也在这个场景里。用 relative 说一句自己的话。
relaxation,PET,2,松弛；放松；减轻,n.,日常沟通,We talked about the relaxation today.,我们今天谈到了松弛。,[],结合常用释义整体记忆。先听老师读，再用自己的生活场景解释。,0,,https://www.cambridgeenglish.org/images/506887-b1-preliminary-vocabulary-list.pdf,.ri:læk'seiʃәn,https://github.com/skywind3000/ECDICT,offline-materials,relaxation,discussion,relaxation · 单词里的小故事,小乐和朋友聊起今天的一件事。我们今天谈到了松弛。小乐说：“We talked about the relaxation today.”朋友听懂了，也想起自己遇到过的事。,,We talked about the __________ today.,relaxation,我们今天谈到了松弛。,context,2026-09-v2,本地预制课堂素材；原创短句与场景模板,[],想象你也在这个场景里。用 relaxation 说一句自己的话。
relaxed,PET,2,松懈的；不严密的；不严格的,adj.,日常沟通,I feel relaxed today.,我今天感到松懈的。,[],结合常用释义整体记忆。先听老师读，再用自己的生活场景解释。,0,,https://www.cambridgeenglish.org/images/506887-b1-preliminary-vocabulary-list.pdf,ri'lækst,https://github.com/skywind3000/ECDICT,offline-materials,relaxed,feeling,relaxed · 单词里的小故事,老师请大家用一个词说说今天的感受，小乐先举了手。我今天感到松懈的。小乐说：“I feel relaxed today.”朋友听懂了，也想起自己遇到过的事。,,I feel __________ today.,relaxed,我今天感到松懈的。,context,2026-09-v2,本地预制课堂素材；原创短句与场景模板,[],想象你也在这个场景里。用 relaxed 说一句自己的话。
reliable,PET,2,可靠的,adj.,日常沟通,Our neighbour is a reliable friend.,我们的邻居是个可靠的朋友。,"[{""text"": ""reliable"", ""kind"": ""root"", ""meaning"": ""可靠的""}]",这个词本身可以作为词基，与相关派生词联系起来理解。,0,,https://www.cambridgeenglish.org/images/506887-b1-preliminary-vocabulary-list.pdf,ri'laiәbl,原创课堂释义与例句,offline-materials,reliable,authored,reliable · 单词里的小故事,小乐和朋友交换今天的小发现。我们的邻居是个可靠的朋友。小乐说：“Our neighbour is a reliable friend.”朋友听懂了，也想起自己遇到过的事。,,Our neighbour is a __________ friend.,reliable,我们的邻居是个可靠的朋友。,context,2026-09-v2,本地预制课堂素材；原创短句与场景模板,[],想象你也在这个场景里。用 reliable 说一句自己的话。
relieved,PET,2,宽慰的；解除的；减轻的,adj.,日常沟通,I feel relieved today.,我今天感到宽慰的。,[],结合常用释义整体记忆。先听老师读，再用自己的生活场景解释。,0,,https://www.cambridgeenglish.org/images/506887-b1-preliminary-vocabulary-list.pdf,ri'li:vd,https://github.com/skywind3000/ECDICT,offline-materials,relieved,feeling,relieved · 单词里的小故事,老师请大家用一个词说说今天的感受，小乐先举了手。我今天感到宽慰的。小乐说：“I feel relieved today.”朋友听懂了，也想起自己遇到过的事。,,I feel __________ today.,relieved,我今天感到宽慰的。,context,2026-09-v2,本地预制课堂素材；原创短句与场景模板,[],想象你也在这个场景里。用 relieved 说一句自己的话。
religion,PET,1,宗教；信仰,n.,日常沟通,We talked about the religion today.,我们今天谈到了宗教。,[],结合常用释义整体记忆。先听老师读，再用自己的生活场景解释。,0,,https://www.cambridgeenglish.org/images/506887-b1-preliminary-vocabulary-list.pdf,ri'lidʒәn,https://github.com/skywind3000/ECDICT,offline-materials,religion,discussion,religion · 单词里的小故事,小乐和朋友聊起今天的一件事。我们今天谈到了宗教。小乐说：“We talked about the religion today.”朋友听懂了，也想起自己遇到过的事。,,We talked about the __________ today.,religion,我们今天谈到了宗教。,context,2026-09-v2,本地预制课堂素材；原创短句与场景模板,[],想象你也在这个场景里。用 religion 说一句自己的话。
rely,PET,1,信赖；依赖；信任,v.,日常沟通,You can rely on me.,你可以依靠我。,[],结合常用释义整体记忆。先听老师读，再用自己的生活场景解释。,0,,https://www.cambridgeenglish.org/images/506887-b1-preliminary-vocabulary-list.pdf,ri'lai,https://github.com/skywind3000/ECDICT,offline-materials,rely,authored,rely · 单词里的小故事,小乐和朋友交换今天的小发现。你可以依靠我。小乐说：“You can rely on me.”朋友听懂了，也想起自己遇到过的事。,,You can __________ on me.,rely,你可以依靠我。,context,2026-09-v2,本地预制课堂素材；原创短句与场景模板,[],想象你也在这个场景里。用 rely 说一句自己的话。
remain,PET,1,保持；逗留；剩余,v.,日常沟通,Please remain in your seat.,请留在你的座位上。,[],结合常用释义整体记忆。先听老师读，再用自己的生活场景解释。,0,,https://www.cambridgeenglish.org/images/506887-b1-preliminary-vocabulary-list.pdf,ri'mein,https://github.com/skywind3000/ECDICT,offline-materials,remain,authored,remain · 单词里的小故事,小乐和朋友交换今天的小发现。请留在你的座位上。小乐说：“Please remain in your seat.”朋友听懂了，也想起自己遇到过的事。,,Please __________ in your seat.,remain,请留在你的座位上。,context,2026-09-v2,本地预制课堂素材；原创短句与场景模板,[],想象你也在这个场景里。用 remain 说一句自己的话。
remind,PET,1,提醒；使想起,v.,日常沟通,Please remind me to bring my book.,请提醒我带书。,[],结合常用释义整体记忆。先听老师读，再用自己的生活场景解释。,0,,https://www.cambridgeenglish.org/images/506887-b1-preliminary-vocabulary-list.pdf,ri'maind,https://github.com/skywind3000/ECDICT,offline-materials,remind,authored,remind · 单词里的小故事,小乐和朋友交换今天的小发现。请提醒我带书。小乐说：“Please remind me to bring my book.”朋友听懂了，也想起自己遇到过的事。,,Please __________ me to bring my book.,remind,请提醒我带书。,context,2026-09-v2,本地预制课堂素材；原创短句与场景模板,[],想象你也在这个场景里。用 remind 说一句自己的话。
remote control,PET,2,遥控器,n.,日常沟通,The remote control is on the sofa.,遥控器在沙发上。,[],结合例句和场景整体记忆。,0,,https://www.cambridgeenglish.org/images/506887-b1-preliminary-vocabulary-list.pdf,,原创课堂释义与例句,offline-materials,remote control,authored,remote control · 单词里的小故事,小乐和朋友交换今天的小发现。遥控器在沙发上。小乐说：“The remote control is on the sofa.”朋友听懂了，也想起自己遇到过的事。,,The __________ is on the sofa.,remote control,遥控器在沙发上。,context,2026-09-v2,本地预制课堂素材；原创短句与场景模板,[],想象你也在这个场景里。用 remote control 说一句自己的话。
remove,PET,1,移动；调动；除去,v.,日常沟通,Please remove your shoes.,请脱鞋。,[],结合常用释义整体记忆。先听老师读，再用自己的生活场景解释。,0,,https://www.cambridgeenglish.org/images/506887-b1-preliminary-vocabulary-list.pdf,ri'mu:v,https://github.com/skywind3000/ECDICT,offline-materials,remove,authored,remove · 单词里的小故事,小乐和朋友交换今天的小发现。请脱鞋。小乐说：“Please remove your shoes.”朋友听懂了，也想起自己遇到过的事。,,Please __________ your shoes.,remove,请脱鞋。,context,2026-09-v2,本地预制课堂素材；原创短句与场景模板,[],想象你也在这个场景里。用 remove 说一句自己的话。
replace,PET,1,代替；替换；放回,v.,日常沟通,We need to replace the old chair.,我们需要更换旧椅子。,"[{""text"": ""replace"", ""kind"": ""root"", ""meaning"": ""替换""}]",这个词本身可以作为词基，与相关派生词联系起来理解。,0,,https://www.cambridgeenglish.org/images/506887-b1-preliminary-vocabulary-list.pdf,ri'pleis,https://github.com/skywind3000/ECDICT,offline-materials,replace,authored,replace · 单词里的小故事,小乐和朋友交换今天的小发现。我们需要更换旧椅子。小乐说：“We need to replace the old chair.”朋友听懂了，也想起自己遇到过的事。,,We need to __________ the old chair.,replace,我们需要更换旧椅子。,context,2026-09-v2,本地预制课堂素材；原创短句与场景模板,[],想象你也在这个场景里。用 replace 说一句自己的话。
reply,PET,1,答复；回答；答辩,n; v.,日常沟通,We talked about the reply today.,我们今天谈到了答复。,[],结合常用释义整体记忆。先听老师读，再用自己的生活场景解释。,0,,https://www.cambridgeenglish.org/images/506887-b1-preliminary-vocabulary-list.pdf,ri'plai,https://github.com/skywind3000/ECDICT,offline-materials,reply,discussion,reply · 单词里的小故事,小乐和朋友聊起今天的一件事。我们今天谈到了答复。小乐说：“We talked about the reply today.”朋友听懂了，也想起自己遇到过的事。,,We talked about the __________ today.,reply,我们今天谈到了答复。,context,2026-09-v2,本地预制课堂素材；原创短句与场景模板,[],想象你也在这个场景里。用 reply 说一句自己的话。
report,PET,1,报告；报道；传说,n; v.,日常沟通,We talked about the report today.,我们今天谈到了报告。,"[{""text"": ""report"", ""kind"": ""root"", ""meaning"": ""报道""}]",这个词本身可以作为词基，与相关派生词联系起来理解。,0,,https://www.cambridgeenglish.org/images/506887-b1-preliminary-vocabulary-list.pdf,ri'pɒ:t,https://github.com/skywind3000/ECDICT,offline-materials,report,discussion,report · 单词里的小故事,小乐和朋友聊起今天的一件事。我们今天谈到了报告。小乐说：“We talked about the report today.”朋友听懂了，也想起自己遇到过的事。,,We talked about the __________ today.,report,我们今天谈到了报告。,context,2026-09-v2,本地预制课堂素材；原创短句与场景模板,[],想象你也在这个场景里。用 report 说一句自己的话。
reporter,PET,2,记者；报告者,n.,日常沟通,This story is about a reporter.,这个故事讲的是一位记者。,"[{""text"": ""report"", ""kind"": ""root"", ""meaning"": ""报道""}, {""text"": ""-er"", ""kind"": ""suffix"", ""meaning"": ""做某事的人或物"", ""story"": ""表示做事者的 -er 有古英语 -ere 等历史来源。它常把动作变成做这个动作的人或工具。先找到动作，再问“谁来做”，就能串起一组词。比较级里的 -er 是另一种用法。"", ""source"": ""https://www.merriam-webster.com/dictionary/-er""}]",先理解词基，再看词缀如何改变含义或词性。,0,,https://www.cambridgeenglish.org/images/506887-b1-preliminary-vocabulary-list.pdf,ri'pɒ:tә,https://github.com/skywind3000/ECDICT,offline-materials,reporter,person,reporter · 单词里的小故事,读书会轮到小乐介绍故事里的一个人物。这个故事讲的是一位记者。小乐说：“This story is about a reporter.”朋友听懂了，也想起自己遇到过的事。,,This story is about a __________.,reporter,这个故事讲的是一位记者。,context,2026-09-v2,本地预制课堂素材；原创短句与场景模板,[],想象你也在这个场景里。用 reporter 说一句自己的话。
request,PET,1,请求；需要；申请书,n; v.,日常沟通,We talked about the request today.,我们今天谈到了请求。,[],结合常用释义整体记忆。先听老师读，再用自己的生活场景解释。,0,,https://www.cambridgeenglish.org/images/506887-b1-preliminary-vocabulary-list.pdf,ri'kwest,https://github.com/skywind3000/ECDICT,offline-materials,request,discussion,request · 单词里的小故事,小乐和朋友聊起今天的一件事。我们今天谈到了请求。小乐说：“We talked about the request today.”朋友听懂了，也想起自己遇到过的事。,,We talked about the __________ today.,request,我们今天谈到了请求。,context,2026-09-v2,本地预制课堂素材；原创短句与场景模板,[],想象你也在这个场景里。用 request 说一句自己的话。
require,PET,1,需要；命令；要求,v.,日常沟通,Some games require a lot of space.,有些游戏需要很大空间。,[],结合常用释义整体记忆。先听老师读，再用自己的生活场景解释。,0,,https://www.cambridgeenglish.org/images/506887-b1-preliminary-vocabulary-list.pdf,ri'kwaiә,https://github.com/skywind3000/ECDICT,offline-materials,require,authored,require · 单词里的小故事,小乐和朋友交换今天的小发现。有些游戏需要很大空间。小乐说：“Some games require a lot of space.”朋友听懂了，也想起自己遇到过的事。,,Some games __________ a lot of space.,require,有些游戏需要很大空间。,context,2026-09-v2,本地预制课堂素材；原创短句与场景模板,[],想象你也在这个场景里。用 require 说一句自己的话。
rescue,PET,2,援救；解救；营救,n; v.,日常沟通,We talked about the rescue today.,我们今天谈到了援救。,[],结合常用释义整体记忆。先听老师读，再用自己的生活场景解释。,0,,https://www.cambridgeenglish.org/images/506887-b1-preliminary-vocabulary-list.pdf,'reskju:,https://github.com/skywind3000/ECDICT,offline-materials,rescue,discussion,rescue · 单词里的小故事,小乐和朋友聊起今天的一件事。我们今天谈到了援救。小乐说：“We talked about the rescue today.”朋友听懂了，也想起自己遇到过的事。,,We talked about the __________ today.,rescue,我们今天谈到了援救。,context,2026-09-v2,本地预制课堂素材；原创短句与场景模板,[],想象你也在这个场景里。用 rescue 说一句自己的话。
research,PET,1,研究；调查；考察,n; v.,日常沟通,We talked about the research today.,我们今天谈到了研究。,"[{""text"": ""research"", ""kind"": ""root"", ""meaning"": ""研究""}]",这个词本身可以作为词基，与相关派生词联系起来理解。,0,,https://www.cambridgeenglish.org/images/506887-b1-preliminary-vocabulary-list.pdf,ri'sә:tʃ,https://github.com/skywind3000/ECDICT,offline-materials,research,discussion,research · 单词里的小故事,小乐和朋友聊起今天的一件事。我们今天谈到了研究。小乐说：“We talked about the research today.”朋友听懂了，也想起自己遇到过的事。,,We talked about the __________ today.,research,我们今天谈到了研究。,context,2026-09-v2,本地预制课堂素材；原创短句与场景模板,[],想象你也在这个场景里。用 research 说一句自己的话。
reservation,PET,2,预订,n.,日常沟通,We talked about the reservation today.,我们今天谈到了预订。,[],结合常用释义整体记忆。先听老师读，再用自己的生活场景解释。,0,,https://www.cambridgeenglish.org/images/506887-b1-preliminary-vocabulary-list.pdf,.rezә'veiʃәn,常用义教学修订；原词典见 ECDICT-LICENSE.txt,offline-materials,reservation,discussion,reservation · 单词里的小故事,小乐和朋友聊起今天的一件事。我们今天谈到了预订。小乐说：“We talked about the reservation today.”朋友听懂了，也想起自己遇到过的事。,,We talked about the __________ today.,reservation,我们今天谈到了预订。,context,2026-09-v2,本地预制课堂素材；原创短句与场景模板,[],想象你也在这个场景里。用 reservation 说一句自己的话。
reserve,PET,2,预订；保留,n; v.,日常沟通,We talked about the reserve today.,我们今天谈到了预订。,[],结合常用释义整体记忆。先听老师读，再用自己的生活场景解释。,0,,https://www.cambridgeenglish.org/images/506887-b1-preliminary-vocabulary-list.pdf,ri'zә:v,常用义教学修订；原词典见 ECDICT-LICENSE.txt,offline-materials,reserve,discussion,reserve · 单词里的小故事,小乐和朋友聊起今天的一件事。我们今天谈到了预订。小乐说：“We talked about the reserve today.”朋友听懂了，也想起自己遇到过的事。,,We talked about the __________ today.,reserve,我们今天谈到了预订。,context,2026-09-v2,本地预制课堂素材；原创短句与场景模板,[],想象你也在这个场景里。用 reserve 说一句自己的话。
resort,PET,2,度假地,n.,日常沟通,We visited the resort today.,我们今天参观了度假地。,[],结合常用释义整体记忆。先听老师读，再用自己的生活场景解释。,0,,https://www.cambridgeenglish.org/images/506887-b1-preliminary-vocabulary-list.pdf,ri'zɒ:t,常用义教学修订；原词典见 ECDICT-LICENSE.txt,offline-materials,resort,place,resort · 单词里的小故事,小乐把今天的外出经历记进了日记。我们今天参观了度假地。小乐说：“We visited the resort today.”朋友听懂了，也想起自己遇到过的事。,,We visited the __________ today.,resort,我们今天参观了度假地。,context,2026-09-v2,本地预制课堂素材；原创短句与场景模板,[],想象你也在这个场景里。用 resort 说一句自己的话。
respect,PET,1,尊重,n; v.,日常沟通,We talked about the respect today.,我们今天谈到了尊重。,[],结合常用释义整体记忆。先听老师读，再用自己的生活场景解释。,0,,https://www.cambridgeenglish.org/images/506887-b1-preliminary-vocabulary-list.pdf,ri'spekt,常用义教学修订；原词典见 ECDICT-LICENSE.txt,offline-materials,respect,discussion,respect · 单词里的小故事,小乐和朋友聊起今天的一件事。我们今天谈到了尊重。小乐说：“We talked about the respect today.”朋友听懂了，也想起自己遇到过的事。,,We talked about the __________ today.,respect,我们今天谈到了尊重。,context,2026-09-v2,本地预制课堂素材；原创短句与场景模板,[],想象你也在这个场景里。用 respect 说一句自己的话。
responsible,PET,1,负责任的；负责的,adj.,日常沟通,I am responsible for feeding the cat.,我负责喂猫。,[],结合常用释义整体记忆。先听老师读，再用自己的生活场景解释。,0,,https://www.cambridgeenglish.org/images/506887-b1-preliminary-vocabulary-list.pdf,ri'spɒnsәbl,原创课堂释义与例句,offline-materials,responsible,authored,responsible · 单词里的小故事,小乐和朋友交换今天的小发现。我负责喂猫。小乐说：“I am responsible for feeding the cat.”朋友听懂了，也想起自己遇到过的事。,,I am __________ for feeding the cat.,responsible,我负责喂猫。,context,2026-09-v2,本地预制课堂素材；原创短句与场景模板,[],想象你也在这个场景里。用 responsible 说一句自己的话。
result,PET,1,结果；成绩；答案,n.,日常沟通,We talked about the result today.,我们今天谈到了结果。,[],结合常用释义整体记忆。先听老师读，再用自己的生活场景解释。,0,,https://www.cambridgeenglish.org/images/506887-b1-preliminary-vocabulary-list.pdf,ri'zʌlt,https://github.com/skywind3000/ECDICT,offline-materials,result,discussion,result · 单词里的小故事,小乐和朋友聊起今天的一件事。我们今天谈到了结果。小乐说：“We talked about the result today.”朋友听懂了，也想起自己遇到过的事。,,We talked about the __________ today.,result,我们今天谈到了结果。,context,2026-09-v2,本地预制课堂素材；原创短句与场景模板,[],想象你也在这个场景里。用 result 说一句自己的话。
retire,PET,2,引退；退役；退休,v.,日常沟通,She plans to retire next year.,她计划明年退休。,[],结合常用释义整体记忆。先听老师读，再用自己的生活场景解释。,0,,https://www.cambridgeenglish.org/images/506887-b1-preliminary-vocabulary-list.pdf,ri'taiә,https://github.com/skywind3000/ECDICT,offline-materials,retire,authored,retire · 单词里的小故事,小乐和朋友交换今天的小发现。她计划明年退休。小乐说：“She plans to retire next year.”朋友听懂了，也想起自己遇到过的事。,,She plans to __________ next year.,retire,她计划明年退休。,context,2026-09-v2,本地预制课堂素材；原创短句与场景模板,[],想象你也在这个场景里。用 retire 说一句自己的话。
retirement,PET,2,退休；隐居；撤退,n.,日常沟通,We talked about the retirement today.,我们今天谈到了退休。,[],结合常用释义整体记忆。先听老师读，再用自己的生活场景解释。,0,,https://www.cambridgeenglish.org/images/506887-b1-preliminary-vocabulary-list.pdf,ri'taiәmәnt,https://github.com/skywind3000/ECDICT,offline-materials,retirement,discussion,retirement · 单词里的小故事,小乐和朋友聊起今天的一件事。我们今天谈到了退休。小乐说：“We talked about the retirement today.”朋友听懂了，也想起自己遇到过的事。,,We talked about the __________ today.,retirement,我们今天谈到了退休。,context,2026-09-v2,本地预制课堂素材；原创短句与场景模板,[],想象你也在这个场景里。用 retirement 说一句自己的话。
revise,PET,2,校订；修正；校正,v.,日常沟通,I need to revise for my test.,我需要为考试复习。,[],结合常用释义整体记忆。先听老师读，再用自己的生活场景解释。,0,,https://www.cambridgeenglish.org/images/506887-b1-preliminary-vocabulary-list.pdf,ri'vaiz,https://github.com/skywind3000/ECDICT,offline-materials,revise,authored,revise · 单词里的小故事,小乐和朋友交换今天的小发现。我需要为考试复习。小乐说：“I need to revise for my test.”朋友听懂了，也想起自己遇到过的事。,,I need to __________ for my test.,revise,我需要为考试复习。,context,2026-09-v2,本地预制课堂素材；原创短句与场景模板,[],想象你也在这个场景里。用 revise 说一句自己的话。
revision,PET,2,复习；修订,n.,日常沟通,We talked about the revision today.,我们今天谈到了复习。,[],结合常用释义整体记忆。先听老师读，再用自己的生活场景解释。,0,,https://www.cambridgeenglish.org/images/506887-b1-preliminary-vocabulary-list.pdf,ri'viʒәn,常用义教学修订；原词典见 ECDICT-LICENSE.txt,offline-materials,revision,discussion,revision · 单词里的小故事,小乐和朋友聊起今天的一件事。我们今天谈到了复习。小乐说：“We talked about the revision today.”朋友听懂了，也想起自己遇到过的事。,,We talked about the __________ today.,revision,我们今天谈到了复习。,context,2026-09-v2,本地预制课堂素材；原创短句与场景模板,[],想象你也在这个场景里。用 revision 说一句自己的话。
reward,PET,2,报酬；酬谢；赏金,n.,日常沟通,We talked about the reward today.,我们今天谈到了报酬。,[],结合常用释义整体记忆。先听老师读，再用自己的生活场景解释。,0,,https://www.cambridgeenglish.org/images/506887-b1-preliminary-vocabulary-list.pdf,ri'wɒ:d,https://github.com/skywind3000/ECDICT,offline-materials,reward,discussion,reward · 单词里的小故事,小乐和朋友聊起今天的一件事。我们今天谈到了报酬。小乐说：“We talked about the reward today.”朋友听懂了，也想起自己遇到过的事。,,We talked about the __________ today.,reward,我们今天谈到了报酬。,context,2026-09-v2,本地预制课堂素材；原创短句与场景模板,[],想象你也在这个场景里。用 reward 说一句自己的话。
rider,PET,2,骑手；(文件后的)附件；扶手,n.,日常沟通,This story is about a rider.,这个故事讲的是一位骑手。,"[{""text"": ""ride"", ""kind"": ""root"", ""meaning"": ""骑""}, {""text"": ""-er"", ""kind"": ""suffix"", ""meaning"": ""做某事的人或物"", ""story"": ""表示做事者的 -er 有古英语 -ere 等历史来源。它常把动作变成做这个动作的人或工具。先找到动作，再问“谁来做”，就能串起一组词。比较级里的 -er 是另一种用法。"", ""source"": ""https://www.merriam-webster.com/dictionary/-er""}]",这是词基与派生词的关系。拼写发生了变化，请把本课目标单词完整写对；构词成分不是原词的逐字切片。,0,,https://www.cambridgeenglish.org/images/506887-b1-preliminary-vocabulary-list.pdf,'raidә,https://github.com/skywind3000/ECDICT,offline-materials,rider,person,rider · 单词里的小故事,读书会轮到小乐介绍故事里的一个人物。这个故事讲的是一位骑手。小乐说：“This story is about a rider.”朋友听懂了，也想起自己遇到过的事。,,This story is about a __________.,rider,这个故事讲的是一位骑手。,context,2026-09-v2,本地预制课堂素材；原创短句与场景模板,[],想象你也在这个场景里。用 rider 说一句自己的话。
right-hand,PET,3,用右手的；右侧的,adj.,日常沟通,Please use the right-hand door.,请走右边的门。,[],结合常用释义整体记忆。先听老师读，再用自己的生活场景解释。,0,,https://www.cambridgeenglish.org/images/506887-b1-preliminary-vocabulary-list.pdf,,https://github.com/skywind3000/ECDICT,offline-materials,right-hand,authored,right-hand · 单词里的小故事,小乐和朋友交换今天的小发现。请走右边的门。小乐说：“Please use the right-hand door.”朋友听懂了，也想起自己遇到过的事。,,Please use the __________ door.,right-hand,请走右边的门。,context,2026-09-v2,本地预制课堂素材；原创短句与场景模板,[],想象你也在这个场景里。用 right-hand 说一句自己的话。
ring back,PET,3,回电话；再打电话,phr v.,日常沟通,I will ring back after lunch.,我午饭后会回电话。,[],结合常用释义整体记忆。先听老师读，再用自己的生活场景解释。,0,,https://www.cambridgeenglish.org/images/506887-b1-preliminary-vocabulary-list.pdf,riŋ bæk,https://github.com/skywind3000/ECDICT,offline-materials,ring back,authored,ring back · 单词里的小故事,小乐和朋友交换今天的小发现。我午饭后会回电话。小乐说：“I will ring back after lunch.”朋友听懂了，也想起自己遇到过的事。,,I will __________ after lunch.,ring back,我午饭后会回电话。,context,2026-09-v2,本地预制课堂素材；原创短句与场景模板,[],想象你也在这个场景里。用 ring back 说一句自己的话。
ring up,PET,3,打电话,phr v.,日常沟通,Let's ring up our friend.,我们给朋友打电话吧。,[],结合常用释义整体记忆。先听老师读，再用自己的生活场景解释。,0,,https://www.cambridgeenglish.org/images/506887-b1-preliminary-vocabulary-list.pdf,,常用义教学修订；原词典见 ECDICT-LICENSE.txt,offline-materials,ring up,authored,ring up · 单词里的小故事,小乐和朋友交换今天的小发现。我们给朋友打电话吧。小乐说：“Let's ring up our friend.”朋友听懂了，也想起自己遇到过的事。,,Let's __________ our friend.,ring up,我们给朋友打电话吧。,context,2026-09-v2,本地预制课堂素材；原创短句与场景模板,[],想象你也在这个场景里。用 ring up 说一句自己的话。
rise,PET,1,升起；起身；起立,v.,日常沟通,Warm air can rise.,暖空气会上升。,[],结合常用释义整体记忆。先听老师读，再用自己的生活场景解释。,0,,https://www.cambridgeenglish.org/images/506887-b1-preliminary-vocabulary-list.pdf,raiz,https://github.com/skywind3000/ECDICT,offline-materials,rise,authored,rise · 单词里的小故事,小乐和朋友交换今天的小发现。暖空气会上升。小乐说：“Warm air can rise.”朋友听懂了，也想起自己遇到过的事。,,Warm air can __________.,rise,暖空气会上升。,context,2026-09-v2,本地预制课堂素材；原创短句与场景模板,[],想象你也在这个场景里。用 rise 说一句自己的话。
rob,PET,2,抢夺；抢掠；剥夺,v.,日常沟通,It is a crime to rob a bank.,抢银行是犯罪。,[],结合常用释义整体记忆。先听老师读，再用自己的生活场景解释。,0,,https://www.cambridgeenglish.org/images/506887-b1-preliminary-vocabulary-list.pdf,rɒb,https://github.com/skywind3000/ECDICT,offline-materials,rob,authored,rob · 单词里的小故事,小乐和朋友交换今天的小发现。抢银行是犯罪。小乐说：“It is a crime to rob a bank.”朋友听懂了，也想起自己遇到过的事。,,It is a crime to __________ a bank.,rob,抢银行是犯罪。,context,2026-09-v2,本地预制课堂素材；原创短句与场景模板,[],想象你也在这个场景里。用 rob 说一句自己的话。
robot,PET,2,机械人；自动机械；机械般工作的人,n.,日常沟通,We talked about the robot today.,我们今天谈到了机械人。,[],结合常用释义整体记忆。先听老师读，再用自己的生活场景解释。,0,,https://www.cambridgeenglish.org/images/506887-b1-preliminary-vocabulary-list.pdf,'rәubәt,https://github.com/skywind3000/ECDICT,offline-materials,robot,discussion,robot · 单词里的小故事,小乐和朋友聊起今天的一件事。我们今天谈到了机械人。小乐说：“We talked about the robot today.”朋友听懂了，也想起自己遇到过的事。,,We talked about the __________ today.,robot,我们今天谈到了机械人。,context,2026-09-v2,本地预制课堂素材；原创短句与场景模板,[],想象你也在这个场景里。用 robot 说一句自己的话。
rocket,PET,2,火箭；烟火,n.,日常沟通,Look at the rocket in this picture.,看看这张图片中的火箭。,[],结合常用释义整体记忆。先听老师读，再用自己的生活场景解释。,0,,https://www.cambridgeenglish.org/images/506887-b1-preliminary-vocabulary-list.pdf,'rɒkit,https://github.com/skywind3000/ECDICT,offline-materials,rocket,transport,rocket · 单词里的小故事,小乐和朋友观察一张出行图片，轮流指出里面的东西。看看这张图片中的火箭。小乐说：“Look at the rocket in this picture.”朋友听懂了，也想起自己遇到过的事。,,Look at the __________ in this picture.,rocket,看看这张图片中的火箭。,context,2026-09-v2,本地预制课堂素材；原创短句与场景模板,[],想象你也在这个场景里。用 rocket 说一句自己的话。
role,PET,1,角色,n.,日常沟通,We talked about the role today.,我们今天谈到了角色。,[],结合常用释义整体记忆。先听老师读，再用自己的生活场景解释。,0,,https://www.cambridgeenglish.org/images/506887-b1-preliminary-vocabulary-list.pdf,rәul,常用义教学修订；原词典见 ECDICT-LICENSE.txt,offline-materials,role,discussion,role · 单词里的小故事,小乐和朋友聊起今天的一件事。我们今天谈到了角色。小乐说：“We talked about the role today.”朋友听懂了，也想起自己遇到过的事。,,We talked about the __________ today.,role,我们今天谈到了角色。,context,2026-09-v2,本地预制课堂素材；原创短句与场景模板,[],想象你也在这个场景里。用 role 说一句自己的话。
roll,PET,1,卷；小圆面包,n.,日常沟通,This roll tastes good.,这份卷味道很好。,[],结合常用释义整体记忆。先听老师读，再用自己的生活场景解释。,0,,https://www.cambridgeenglish.org/images/506887-b1-preliminary-vocabulary-list.pdf,rәul,常用义教学修订；原词典见 ECDICT-LICENSE.txt,offline-materials,roll,food,roll · 单词里的小故事,小乐第一次给家人当小帮手，端出一份食物。这份卷味道很好。小乐说：“This roll tastes good.”朋友听懂了，也想起自己遇到过的事。,,This __________ tastes good.,roll,这份卷味道很好。,context,2026-09-v2,本地预制课堂素材；原创短句与场景模板,[],想象你也在这个场景里。用 roll 说一句自己的话。
romance,PET,2,冒险故事；浪漫史；传奇文学,n.,日常沟通,We talked about the romance today.,我们今天谈到了冒险故事。,[],结合常用释义整体记忆。先听老师读，再用自己的生活场景解释。,0,,https://www.cambridgeenglish.org/images/506887-b1-preliminary-vocabulary-list.pdf,rәu'mæns,https://github.com/skywind3000/ECDICT,offline-materials,romance,discussion,romance · 单词里的小故事,小乐和朋友聊起今天的一件事。我们今天谈到了冒险故事。小乐说：“We talked about the romance today.”朋友听懂了，也想起自己遇到过的事。,,We talked about the __________ today.,romance,我们今天谈到了冒险故事。,context,2026-09-v2,本地预制课堂素材；原创短句与场景模板,[],想象你也在这个场景里。用 romance 说一句自己的话。
romantic,PET,2,浪漫的；风流的；传奇性的,adj.,日常沟通,It is a romantic story.,这是一个浪漫的故事。,[],结合常用释义整体记忆。先听老师读，再用自己的生活场景解释。,0,,https://www.cambridgeenglish.org/images/506887-b1-preliminary-vocabulary-list.pdf,rәu'mæntik,https://github.com/skywind3000/ECDICT,offline-materials,romantic,story-quality,romantic · 单词里的小故事,读完一本故事书，小乐想用一句话向朋友介绍它。这是一个浪漫的故事。小乐说：“It is a romantic story.”朋友听懂了，也想起自己遇到过的事。,,It is a __________ story.,romantic,这是一个浪漫的故事。,context,2026-09-v2,本地预制课堂素材；原创短句与场景模板,[],想象你也在这个场景里。用 romantic 说一句自己的话。
roommate,PET,3,室友,n.,日常沟通,This story is about a roommate.,这个故事讲的是一位室友。,[],结合常用释义整体记忆。先听老师读，再用自己的生活场景解释。,0,,https://www.cambridgeenglish.org/images/506887-b1-preliminary-vocabulary-list.pdf,,常用义教学修订；原词典见 ECDICT-LICENSE.txt,offline-materials,roommate,person,roommate · 单词里的小故事,读书会轮到小乐介绍故事里的一个人物。这个故事讲的是一位室友。小乐说：“This story is about a roommate.”朋友听懂了，也想起自己遇到过的事。,,This story is about a __________.,roommate,这个故事讲的是一位室友。,context,2026-09-v2,本地预制课堂素材；原创短句与场景模板,[],想象你也在这个场景里。用 roommate 说一句自己的话。
rope,PET,2,绳；索；粗绳,n.,日常沟通,We need the rope today.,我们今天需要绳。,[],结合常用释义整体记忆。先听老师读，再用自己的生活场景解释。,0,,https://www.cambridgeenglish.org/images/506887-b1-preliminary-vocabulary-list.pdf,rәup,https://github.com/skywind3000/ECDICT,offline-materials,rope,equipment,rope · 单词里的小故事,班级活动开始前，小乐负责核对需要的东西。我们今天需要绳。小乐说：“We need the rope today.”朋友听懂了，也想起自己遇到过的事。,,We need the __________ today.,rope,我们今天需要绳。,context,2026-09-v2,本地预制课堂素材；原创短句与场景模板,[],想象你也在这个场景里。用 rope 说一句自己的话。
rose,PET,2,玫瑰；蔷薇；玫瑰色,n.,日常沟通,We talked about the rose today.,我们今天谈到了玫瑰。,[],结合常用释义整体记忆。先听老师读，再用自己的生活场景解释。,0,,https://www.cambridgeenglish.org/images/506887-b1-preliminary-vocabulary-list.pdf,rәuz,https://github.com/skywind3000/ECDICT,offline-materials,rose,discussion,rose · 单词里的小故事,小乐和朋友聊起今天的一件事。我们今天谈到了玫瑰。小乐说：“We talked about the rose today.”朋友听懂了，也想起自己遇到过的事。,,We talked about the __________ today.,rose,我们今天谈到了玫瑰。,context,2026-09-v2,本地预制课堂素材；原创短句与场景模板,[],想象你也在这个场景里。用 rose 说一句自己的话。
rough,PET,2,粗糙的；粗暴的；蓬乱的,adj.,日常沟通,This box is rough.,这个盒子是粗糙的。,[],结合常用释义整体记忆。先听老师读，再用自己的生活场景解释。,0,,https://www.cambridgeenglish.org/images/506887-b1-preliminary-vocabulary-list.pdf,rʌf,https://github.com/skywind3000/ECDICT,offline-materials,rough,object-quality,rough · 单词里的小故事,朋友闭上眼睛，让小乐描述面前的盒子。这个盒子是粗糙的。小乐说：“This box is rough.”朋友听懂了，也想起自己遇到过的事。,,This box is __________.,rough,这个盒子是粗糙的。,context,2026-09-v2,本地预制课堂素材；原创短句与场景模板,[],想象你也在这个场景里。用 rough 说一句自己的话。
route,PET,1,路径；途径；路线,n.,日常沟通,We visited the route today.,我们今天参观了路径。,[],结合常用释义整体记忆。先听老师读，再用自己的生活场景解释。,0,,https://www.cambridgeenglish.org/images/506887-b1-preliminary-vocabulary-list.pdf,ru:t,https://github.com/skywind3000/ECDICT,offline-materials,route,place,route · 单词里的小故事,小乐把今天的外出经历记进了日记。我们今天参观了路径。小乐说：“We visited the route today.”朋友听懂了，也想起自己遇到过的事。,,We visited the __________ today.,route,我们今天参观了路径。,context,2026-09-v2,本地预制课堂素材；原创短句与场景模板,[],想象你也在这个场景里。用 route 说一句自己的话。
routine,PET,2,常规；日常工作；惯例,n.,日常沟通,We talked about the routine today.,我们今天谈到了常规。,[],结合常用释义整体记忆。先听老师读，再用自己的生活场景解释。,0,,https://www.cambridgeenglish.org/images/506887-b1-preliminary-vocabulary-list.pdf,ru:'ti:n,https://github.com/skywind3000/ECDICT,offline-materials,routine,discussion,routine · 单词里的小故事,小乐和朋友聊起今天的一件事。我们今天谈到了常规。小乐说：“We talked about the routine today.”朋友听懂了，也想起自己遇到过的事。,,We talked about the __________ today.,routine,我们今天谈到了常规。,context,2026-09-v2,本地预制课堂素材；原创短句与场景模板,[],想象你也在这个场景里。用 routine 说一句自己的话。
row,PET,1,一排；划船,n.,日常沟通,We talked about the row today.,我们今天谈到了一排。,[],结合常用释义整体记忆。先听老师读，再用自己的生活场景解释。,0,,https://www.cambridgeenglish.org/images/506887-b1-preliminary-vocabulary-list.pdf,rәu. rau,常用义教学修订；原词典见 ECDICT-LICENSE.txt,offline-materials,row,discussion,row · 单词里的小故事,小乐和朋友聊起今天的一件事。我们今天谈到了一排。小乐说：“We talked about the row today.”朋友听懂了，也想起自己遇到过的事。,,We talked about the __________ today.,row,我们今天谈到了一排。,context,2026-09-v2,本地预制课堂素材；原创短句与场景模板,[],想象你也在这个场景里。用 row 说一句自己的话。
rubbish,PET,2,废物；垃圾；胡说,n.,日常沟通,We talked about the rubbish today.,我们今天谈到了废物。,[],结合常用释义整体记忆。先听老师读，再用自己的生活场景解释。,0,,https://www.cambridgeenglish.org/images/506887-b1-preliminary-vocabulary-list.pdf,'rʌbiʃ,https://github.com/skywind3000/ECDICT,offline-materials,rubbish,discussion,rubbish · 单词里的小故事,小乐和朋友聊起今天的一件事。我们今天谈到了废物。小乐说：“We talked about the rubbish today.”朋友听懂了，也想起自己遇到过的事。,,We talked about the __________ today.,rubbish,我们今天谈到了废物。,context,2026-09-v2,本地预制课堂素材；原创短句与场景模板,[],想象你也在这个场景里。用 rubbish 说一句自己的话。
rude,PET,2,粗鲁无礼的；粗陋的；粗暴的,adj.,日常沟通,It is rude to shout at people.,冲别人大喊是不礼貌的。,[],结合常用释义整体记忆。先听老师读，再用自己的生活场景解释。,0,,https://www.cambridgeenglish.org/images/506887-b1-preliminary-vocabulary-list.pdf,ru:d,https://github.com/skywind3000/ECDICT,offline-materials,rude,authored,rude · 单词里的小故事,小乐和朋友交换今天的小发现。冲别人大喊是不礼貌的。小乐说：“It is rude to shout at people.”朋友听懂了，也想起自己遇到过的事。,,It is __________ to shout at people.,rude,冲别人大喊是不礼貌的。,context,2026-09-v2,本地预制课堂素材；原创短句与场景模板,[],想象你也在这个场景里。用 rude 说一句自己的话。
rug,PET,2,小块地毯；揭露某人,n.,日常沟通,We need the rug today.,我们今天需要小块地毯。,[],结合常用释义整体记忆。先听老师读，再用自己的生活场景解释。,0,,https://www.cambridgeenglish.org/images/506887-b1-preliminary-vocabulary-list.pdf,rʌg,https://github.com/skywind3000/ECDICT,offline-materials,rug,equipment,rug · 单词里的小故事,班级活动开始前，小乐负责核对需要的东西。我们今天需要小块地毯。小乐说：“We need the rug today.”朋友听懂了，也想起自己遇到过的事。,,We need the __________ today.,rug,我们今天需要小块地毯。,context,2026-09-v2,本地预制课堂素材；原创短句与场景模板,[],想象你也在这个场景里。用 rug 说一句自己的话。
ruin,PET,2,毁坏；废墟,n.,日常沟通,We talked about the ruin today.,我们今天谈到了毁坏。,[],结合常用释义整体记忆。先听老师读，再用自己的生活场景解释。,0,,https://www.cambridgeenglish.org/images/506887-b1-preliminary-vocabulary-list.pdf,ruin,常用义教学修订；原词典见 ECDICT-LICENSE.txt,offline-materials,ruin,discussion,ruin · 单词里的小故事,小乐和朋友聊起今天的一件事。我们今天谈到了毁坏。小乐说：“We talked about the ruin today.”朋友听懂了，也想起自己遇到过的事。,,We talked about the __________ today.,ruin,我们今天谈到了毁坏。,context,2026-09-v2,本地预制课堂素材；原创短句与场景模板,[],想象你也在这个场景里。用 ruin 说一句自己的话。
rule,PET,1,规则；统治；控制,n; v.,日常沟通,We talked about the rule today.,我们今天谈到了规则。,[],结合常用释义整体记忆。先听老师读，再用自己的生活场景解释。,0,,https://www.cambridgeenglish.org/images/506887-b1-preliminary-vocabulary-list.pdf,ru:l,https://github.com/skywind3000/ECDICT,offline-materials,rule,discussion,rule · 单词里的小故事,小乐和朋友聊起今天的一件事。我们今天谈到了规则。小乐说：“We talked about the rule today.”朋友听懂了，也想起自己遇到过的事。,,We talked about the __________ today.,rule,我们今天谈到了规则。,context,2026-09-v2,本地预制课堂素材；原创短句与场景模板,[],想象你也在这个场景里。用 rule 说一句自己的话。
run out,PET,3,跑出；离开；流逝,phr v.,日常沟通,Our food may run out soon.,我们的食物可能很快就用完了。,[],结合常用释义整体记忆。先听老师读，再用自己的生活场景解释。,0,,https://www.cambridgeenglish.org/images/506887-b1-preliminary-vocabulary-list.pdf,,https://github.com/skywind3000/ECDICT,offline-materials,run out,authored,run out · 单词里的小故事,小乐和朋友交换今天的小发现。我们的食物可能很快就用完了。小乐说：“Our food may run out soon.”朋友听懂了，也想起自己遇到过的事。,,Our food may __________ soon.,run out,我们的食物可能很快就用完了。,context,2026-09-v2,本地预制课堂素材；原创短句与场景模板,[],想象你也在这个场景里。用 run out 说一句自己的话。
safely,PET,2,安全地；确实地,adv.,日常沟通,We arrived home safely.,我们安全到家了。,"[{""text"": ""safe"", ""kind"": ""root"", ""meaning"": ""安全的""}, {""text"": ""-ly"", ""kind"": ""suffix"", ""meaning"": ""以……的方式（构成副词）"", ""story"": ""-ly 在古英语中有表示“像……的”的形容词形式，也有表示“以某种方式”的副词形式。今天同样的结尾仍有不同工作。先问它是在描写一个人或物，还是在说明怎样做事。"", ""source"": ""https://www.merriam-webster.com/dictionary/ly-""}]",先理解词基，再看词缀如何改变含义或词性。,0,,https://www.cambridgeenglish.org/images/506887-b1-preliminary-vocabulary-list.pdf,'seifli,https://github.com/skywind3000/ECDICT,offline-materials,safely,authored,safely · 单词里的小故事,小乐和朋友交换今天的小发现。我们安全到家了。小乐说：“We arrived home safely.”朋友听懂了，也想起自己遇到过的事。,,We arrived home __________.,safely,我们安全到家了。,context,2026-09-v2,本地预制课堂素材；原创短句与场景模板,[],想象你也在这个场景里。用 safely 说一句自己的话。
sailor,PET,2,水手；船员；海员,n.,日常沟通,This story is about a sailor.,这个故事讲的是一位水手。,"[{""text"": ""sail"", ""kind"": ""root"", ""meaning"": ""航行""}, {""text"": ""-or"", ""kind"": ""suffix"", ""meaning"": ""做某事的人"", ""story"": ""-or 的一条来路是法语，更早能追到拉丁语。它常把注意力从一个动作，转到做这个动作的人身上。看到这样的结尾，可以先问：这是谁在做什么？"", ""source"": ""https://www.merriam-webster.com/dictionary/-or""}]",先理解词基，再看词缀如何改变含义或词性。,0,,https://www.cambridgeenglish.org/images/506887-b1-preliminary-vocabulary-list.pdf,'seilә,https://github.com/skywind3000/ECDICT,offline-materials,sailor,person,sailor · 单词里的小故事,读书会轮到小乐介绍故事里的一个人物。这个故事讲的是一位水手。小乐说：“This story is about a sailor.”朋友听懂了，也想起自己遇到过的事。,,This story is about a __________.,sailor,这个故事讲的是一位水手。,context,2026-09-v2,本地预制课堂素材；原创短句与场景模板,[],想象你也在这个场景里。用 sailor 说一句自己的话。
salary,PET,2,工资,n.,日常沟通,We talked about the salary today.,我们今天谈到了工资。,[],结合常用释义整体记忆。先听老师读，再用自己的生活场景解释。,0,,https://www.cambridgeenglish.org/images/506887-b1-preliminary-vocabulary-list.pdf,'sælәri,常用义教学修订；原词典见 ECDICT-LICENSE.txt,offline-materials,salary,discussion,salary · 单词里的小故事,小乐和朋友聊起今天的一件事。我们今天谈到了工资。小乐说：“We talked about the salary today.”朋友听懂了，也想起自己遇到过的事。,,We talked about the __________ today.,salary,我们今天谈到了工资。,context,2026-09-v2,本地预制课堂素材；原创短句与场景模板,[],想象你也在这个场景里。用 salary 说一句自己的话。
salesman,PET,2,售货员；推销员,n.,日常沟通,This story is about a salesman.,这个故事讲的是一位售货员。,[],结合常用释义整体记忆。先听老师读，再用自己的生活场景解释。,0,,https://www.cambridgeenglish.org/images/506887-b1-preliminary-vocabulary-list.pdf,'seilzmәn,https://github.com/skywind3000/ECDICT,offline-materials,salesman,person,salesman · 单词里的小故事,读书会轮到小乐介绍故事里的一个人物。这个故事讲的是一位售货员。小乐说：“This story is about a salesman.”朋友听懂了，也想起自己遇到过的事。,,This story is about a __________.,salesman,这个故事讲的是一位售货员。,context,2026-09-v2,本地预制课堂素材；原创短句与场景模板,[],想象你也在这个场景里。用 salesman 说一句自己的话。
salmon,PET,2,鲑鱼；大麻哈鱼,n.,日常沟通,This salmon tastes good.,这份鲑鱼味道很好。,[],结合常用释义整体记忆。先听老师读，再用自己的生活场景解释。,0,,https://www.cambridgeenglish.org/images/506887-b1-preliminary-vocabulary-list.pdf,'sæmәn,https://github.com/skywind3000/ECDICT,offline-materials,salmon,food,salmon · 单词里的小故事,小乐第一次给家人当小帮手，端出一份食物。这份鲑鱼味道很好。小乐说：“This salmon tastes good.”朋友听懂了，也想起自己遇到过的事。,,This __________ tastes good.,salmon,这份鲑鱼味道很好。,context,2026-09-v2,本地预制课堂素材；原创短句与场景模板,[],想象你也在这个场景里。用 salmon 说一句自己的话。
sand,PET,2,沙；沙子；沙滩,n.,日常沟通,We talked about the sand today.,我们今天谈到了沙。,[],结合常用释义整体记忆。先听老师读，再用自己的生活场景解释。,0,,https://www.cambridgeenglish.org/images/506887-b1-preliminary-vocabulary-list.pdf,sænd,https://github.com/skywind3000/ECDICT,offline-materials,sand,nature,sand · 单词里的小故事,小乐观察完身边的世界，回教室讲了一件事。我们今天谈到了沙。小乐说：“We talked about the sand today.”朋友听懂了，也想起自己遇到过的事。,,We talked about the __________ today.,sand,我们今天谈到了沙。,context,2026-09-v2,本地预制课堂素材；原创短句与场景模板,[],想象你也在这个场景里。用 sand 说一句自己的话。
sandal,PET,3,凉鞋；拖鞋；檀香木,n.,日常沟通,I like your sandal.,我喜欢你的凉鞋。,[],结合常用释义整体记忆。先听老师读，再用自己的生活场景解释。,0,,https://www.cambridgeenglish.org/images/506887-b1-preliminary-vocabulary-list.pdf,'sændl,https://github.com/skywind3000/ECDICT,offline-materials,sandal,clothes,sandal · 单词里的小故事,出门前，小乐注意到了朋友的穿着。我喜欢你的凉鞋。小乐说：“I like your sandal.”朋友听懂了，也想起自己遇到过的事。,,I like your __________.,sandal,我喜欢你的凉鞋。,context,2026-09-v2,本地预制课堂素材；原创短句与场景模板,[],想象你也在这个场景里。用 sandal 说一句自己的话。
satisfactory,PET,2,满意的；赎罪的,adj.,日常沟通,The result was satisfactory.,结果令人满意。,[],结合常用释义整体记忆。先听老师读，再用自己的生活场景解释。,0,,https://www.cambridgeenglish.org/images/506887-b1-preliminary-vocabulary-list.pdf,.sætis'fæktәri,https://github.com/skywind3000/ECDICT,offline-materials,satisfactory,authored,satisfactory · 单词里的小故事,小乐和朋友交换今天的小发现。结果令人满意。小乐说：“The result was satisfactory.”朋友听懂了，也想起自己遇到过的事。,,The result was __________.,satisfactory,结果令人满意。,context,2026-09-v2,本地预制课堂素材；原创短句与场景模板,[],想象你也在这个场景里。用 satisfactory 说一句自己的话。
satisfied,PET,2,感到满意的,adj.,日常沟通,I feel satisfied today.,我今天感到感到满意的。,[],结合常用释义整体记忆。先听老师读，再用自己的生活场景解释。,0,,https://www.cambridgeenglish.org/images/506887-b1-preliminary-vocabulary-list.pdf,'sætisfaiәd,https://github.com/skywind3000/ECDICT,offline-materials,satisfied,feeling,satisfied · 单词里的小故事,老师请大家用一个词说说今天的感受，小乐先举了手。我今天感到感到满意的。小乐说：“I feel satisfied today.”朋友听懂了，也想起自己遇到过的事。,,I feel __________ today.,satisfied,我今天感到感到满意的。,context,2026-09-v2,本地预制课堂素材；原创短句与场景模板,[],想象你也在这个场景里。用 satisfied 说一句自己的话。
saucepan,PET,3,(长柄有盖)深平底锅；炖锅,n.,日常沟通,We need the saucepan today.,我们今天需要深平底锅。,[],结合常用释义整体记忆。先听老师读，再用自己的生活场景解释。,0,,https://www.cambridgeenglish.org/images/506887-b1-preliminary-vocabulary-list.pdf,'sɒ:spәn,https://github.com/skywind3000/ECDICT,offline-materials,saucepan,equipment,saucepan · 单词里的小故事,班级活动开始前，小乐负责核对需要的东西。我们今天需要深平底锅。小乐说：“We need the saucepan today.”朋友听懂了，也想起自己遇到过的事。,,We need the __________ today.,saucepan,我们今天需要深平底锅。,context,2026-09-v2,本地预制课堂素材；原创短句与场景模板,[],想象你也在这个场景里。用 saucepan 说一句自己的话。
saucer,PET,3,茶碟；茶托,n.,日常沟通,We need the saucer today.,我们今天需要茶碟。,[],结合常用释义整体记忆。先听老师读，再用自己的生活场景解释。,0,,https://www.cambridgeenglish.org/images/506887-b1-preliminary-vocabulary-list.pdf,'sɒ:sә,https://github.com/skywind3000/ECDICT,offline-materials,saucer,equipment,saucer · 单词里的小故事,班级活动开始前，小乐负责核对需要的东西。我们今天需要茶碟。小乐说：“We need the saucer today.”朋友听懂了，也想起自己遇到过的事。,,We need the __________ today.,saucer,我们今天需要茶碟。,context,2026-09-v2,本地预制课堂素材；原创短句与场景模板,[],想象你也在这个场景里。用 saucer 说一句自己的话。
scene,PET,1,场景；一幕,n.,日常沟通,We talked about the scene today.,我们今天谈到了场景。,[],结合常用释义整体记忆。先听老师读，再用自己的生活场景解释。,0,,https://www.cambridgeenglish.org/images/506887-b1-preliminary-vocabulary-list.pdf,si:n,常用义教学修订；原词典见 ECDICT-LICENSE.txt,offline-materials,scene,discussion,scene · 单词里的小故事,小乐和朋友聊起今天的一件事。我们今天谈到了场景。小乐说：“We talked about the scene today.”朋友听懂了，也想起自己遇到过的事。,,We talked about the __________ today.,scene,我们今天谈到了场景。,context,2026-09-v2,本地预制课堂素材；原创短句与场景模板,[],想象你也在这个场景里。用 scene 说一句自己的话。
scenery,PET,2,风景；景色；舞台布景,n.,日常沟通,We talked about the scenery today.,我们今天谈到了风景。,[],结合常用释义整体记忆。先听老师读，再用自己的生活场景解释。,0,,https://www.cambridgeenglish.org/images/506887-b1-preliminary-vocabulary-list.pdf,'si:nәri,https://github.com/skywind3000/ECDICT,offline-materials,scenery,discussion,scenery · 单词里的小故事,小乐和朋友聊起今天的一件事。我们今天谈到了风景。小乐说：“We talked about the scenery today.”朋友听懂了，也想起自己遇到过的事。,,We talked about the __________ today.,scenery,我们今天谈到了风景。,context,2026-09-v2,本地预制课堂素材；原创短句与场景模板,[],想象你也在这个场景里。用 scenery 说一句自己的话。
science fiction,PET,3,科幻；科学幻想小说；科幻小说,n.,日常沟通,We talked about the science fiction today.,我们今天谈到了科幻。,[],结合常用释义整体记忆。先听老师读，再用自己的生活场景解释。,0,,https://www.cambridgeenglish.org/images/506887-b1-preliminary-vocabulary-list.pdf,ˈsaiəns ˈfikʃən,https://github.com/skywind3000/ECDICT,offline-materials,science fiction,discussion,science fiction · 单词里的小故事,小乐和朋友聊起今天的一件事。我们今天谈到了科幻。小乐说：“We talked about the science fiction today.”朋友听懂了，也想起自己遇到过的事。,,We talked about the __________ today.,science fiction,我们今天谈到了科幻。,context,2026-09-v2,本地预制课堂素材；原创短句与场景模板,[],想象你也在这个场景里。用 science fiction 说一句自己的话。
scientific,PET,1,科学的,adj.,日常沟通,We did a scientific test.,我们做了一项科学测试。,[],结合常用释义整体记忆。先听老师读，再用自己的生活场景解释。,0,,https://www.cambridgeenglish.org/images/506887-b1-preliminary-vocabulary-list.pdf,.saiәn'tifik,常用义教学修订；原词典见 ECDICT-LICENSE.txt,offline-materials,scientific,authored,scientific · 单词里的小故事,小乐和朋友交换今天的小发现。我们做了一项科学测试。小乐说：“We did a scientific test.”朋友听懂了，也想起自己遇到过的事。,,We did a __________ test.,scientific,我们做了一项科学测试。,context,2026-09-v2,本地预制课堂素材；原创短句与场景模板,[],想象你也在这个场景里。用 scientific 说一句自己的话。
scream,PET,2,尖叫声,n; v.,日常沟通,We talked about the scream today.,我们今天谈到了尖叫声。,[],结合常用释义整体记忆。先听老师读，再用自己的生活场景解释。,0,,https://www.cambridgeenglish.org/images/506887-b1-preliminary-vocabulary-list.pdf,skri:m,https://github.com/skywind3000/ECDICT,offline-materials,scream,discussion,scream · 单词里的小故事,小乐和朋友聊起今天的一件事。我们今天谈到了尖叫声。小乐说：“We talked about the scream today.”朋友听懂了，也想起自己遇到过的事。,,We talked about the __________ today.,scream,我们今天谈到了尖叫声。,context,2026-09-v2,本地预制课堂素材；原创短句与场景模板,[],想象你也在这个场景里。用 scream 说一句自己的话。
sculpture,PET,2,雕刻；雕塑,n.,日常沟通,We need the sculpture today.,我们今天需要雕刻。,[],结合常用释义整体记忆。先听老师读，再用自己的生活场景解释。,0,,https://www.cambridgeenglish.org/images/506887-b1-preliminary-vocabulary-list.pdf,'skʌlptʃә,https://github.com/skywind3000/ECDICT,offline-materials,sculpture,equipment,sculpture · 单词里的小故事,班级活动开始前，小乐负责核对需要的东西。我们今天需要雕刻。小乐说：“We need the sculpture today.”朋友听懂了，也想起自己遇到过的事。,,We need the __________ today.,sculpture,我们今天需要雕刻。,context,2026-09-v2,本地预制课堂素材；原创短句与场景模板,[],想象你也在这个场景里。用 sculpture 说一句自己的话。
search,PET,1,搜寻；查究,n; v.,日常沟通,We talked about the search today.,我们今天谈到了搜寻。,[],结合常用释义整体记忆。先听老师读，再用自己的生活场景解释。,0,,https://www.cambridgeenglish.org/images/506887-b1-preliminary-vocabulary-list.pdf,sә:tʃ,https://github.com/skywind3000/ECDICT,offline-materials,search,discussion,search · 单词里的小故事,小乐和朋友聊起今天的一件事。我们今天谈到了搜寻。小乐说：“We talked about the search today.”朋友听懂了，也想起自己遇到过的事。,,We talked about the __________ today.,search,我们今天谈到了搜寻。,context,2026-09-v2,本地预制课堂素材；原创短句与场景模板,[],想象你也在这个场景里。用 search 说一句自己的话。
seaside,PET,3,海滨,n.,日常沟通,We visited the seaside today.,我们今天参观了海滨。,"[{""text"": ""sea"", ""kind"": ""compound"", ""meaning"": ""海""}, {""text"": ""side"", ""kind"": ""compound"", ""meaning"": ""边""}]",两个已有成分组合成一个词。结合它们的意思理解整体词义，但不要把这种现代拆分当作完整的历史词源。,0,,https://www.cambridgeenglish.org/images/506887-b1-preliminary-vocabulary-list.pdf,'si:said,https://github.com/skywind3000/ECDICT,offline-materials,seaside,place,seaside · 单词里的小故事,小乐把今天的外出经历记进了日记。我们今天参观了海滨。小乐说：“We visited the seaside today.”朋友听懂了，也想起自己遇到过的事。,,We visited the __________ today.,seaside,我们今天参观了海滨。,context,2026-09-v2,本地预制课堂素材；原创短句与场景模板,[],想象你也在这个场景里。用 seaside 说一句自己的话。
seat belt,PET,3,安全带,n.,日常沟通,We need the seat belt today.,我们今天需要安全带。,"[{""text"": ""seat"", ""kind"": ""compound"", ""meaning"": ""座位""}, {""text"": ""belt"", ""kind"": ""compound"", ""meaning"": ""带子""}]",两个已有成分组合成一个词。结合它们的意思理解整体词义，但不要把这种现代拆分当作完整的历史词源。,0,,https://www.cambridgeenglish.org/images/506887-b1-preliminary-vocabulary-list.pdf,,https://github.com/skywind3000/ECDICT,offline-materials,seat belt,equipment,seat belt · 单词里的小故事,班级活动开始前，小乐负责核对需要的东西。我们今天需要安全带。小乐说：“We need the seat belt today.”朋友听懂了，也想起自己遇到过的事。,,We need the __________ today.,seat belt,我们今天需要安全带。,context,2026-09-v2,本地预制课堂素材；原创短句与场景模板,[],想象你也在这个场景里。用 seat belt 说一句自己的话。
second-hand,PET,3,用过的；旧货的；旧的,adj; adv.,日常沟通,This is a second-hand bike.,这是一辆二手自行车。,[],结合常用释义整体记忆。先听老师读，再用自己的生活场景解释。,0,,https://www.cambridgeenglish.org/images/506887-b1-preliminary-vocabulary-list.pdf,'sekәnd'hænd,https://github.com/skywind3000/ECDICT,offline-materials,second-hand,authored,second-hand · 单词里的小故事,小乐和朋友交换今天的小发现。这是一辆二手自行车。小乐说：“This is a second-hand bike.”朋友听懂了，也想起自己遇到过的事。,,This is a __________ bike.,second-hand,这是一辆二手自行车。,context,2026-09-v2,本地预制课堂素材；原创短句与场景模板,[],想象你也在这个场景里。用 second-hand 说一句自己的话。
secondary,PET,2,中等教育的；次要的,adj.,日常沟通,My sister goes to secondary school.,我姐姐上中学。,[],结合常用释义整体记忆。先听老师读，再用自己的生活场景解释。,0,,https://www.cambridgeenglish.org/images/506887-b1-preliminary-vocabulary-list.pdf,'sekәndәri,常用义教学修订；原词典见 ECDICT-LICENSE.txt,offline-materials,secondary,authored,secondary · 单词里的小故事,小乐和朋友交换今天的小发现。我姐姐上中学。小乐说：“My sister goes to secondary school.”朋友听懂了，也想起自己遇到过的事。,,My sister goes to __________ school.,secondary,我姐姐上中学。,context,2026-09-v2,本地预制课堂素材；原创短句与场景模板,[],想象你也在这个场景里。用 secondary 说一句自己的话。
secret,PET,2,秘密；秘密的,adj; n.,日常沟通,Please keep this a secret.,请保守这个秘密。,[],结合常用释义整体记忆。先听老师读，再用自己的生活场景解释。,0,,https://www.cambridgeenglish.org/images/506887-b1-preliminary-vocabulary-list.pdf,'si:krit,常用义教学修订；原词典见 ECDICT-LICENSE.txt,offline-materials,secret,authored,secret · 单词里的小故事,小乐和朋友交换今天的小发现。请保守这个秘密。小乐说：“Please keep this a secret.”朋友听懂了，也想起自己遇到过的事。,,Please keep this a __________.,secret,请保守这个秘密。,context,2026-09-v2,本地预制课堂素材；原创短句与场景模板,[],想象你也在这个场景里。用 secret 说一句自己的话。
section,PET,1,区段；部分；区域,n.,日常沟通,We talked about the section today.,我们今天谈到了区段。,[],结合常用释义整体记忆。先听老师读，再用自己的生活场景解释。,0,,https://www.cambridgeenglish.org/images/506887-b1-preliminary-vocabulary-list.pdf,'sekʃәn,https://github.com/skywind3000/ECDICT,offline-materials,section,discussion,section · 单词里的小故事,小乐和朋友聊起今天的一件事。我们今天谈到了区段。小乐说：“We talked about the section today.”朋友听懂了，也想起自己遇到过的事。,,We talked about the __________ today.,section,我们今天谈到了区段。,context,2026-09-v2,本地预制课堂素材；原创短句与场景模板,[],想象你也在这个场景里。用 section 说一句自己的话。
security,PET,1,安全；保安工作,n.,日常沟通,We talked about the security today.,我们今天谈到了安全。,[],结合常用释义整体记忆。先听老师读，再用自己的生活场景解释。,0,,https://www.cambridgeenglish.org/images/506887-b1-preliminary-vocabulary-list.pdf,si'kjuriti,常用义教学修订；原词典见 ECDICT-LICENSE.txt,offline-materials,security,discussion,security · 单词里的小故事,小乐和朋友聊起今天的一件事。我们今天谈到了安全。小乐说：“We talked about the security today.”朋友听懂了，也想起自己遇到过的事。,,We talked about the __________ today.,security,我们今天谈到了安全。,context,2026-09-v2,本地预制课堂素材；原创短句与场景模板,[],想象你也在这个场景里。用 security 说一句自己的话。
security guard,PET,2,保安,n.,日常沟通,The security guard opens the gate.,保安打开大门。,[],结合例句和场景整体记忆。,0,,https://www.cambridgeenglish.org/images/506887-b1-preliminary-vocabulary-list.pdf,,原创课堂释义与例句,offline-materials,security guard,authored,security guard · 单词里的小故事,小乐和朋友交换今天的小发现。保安打开大门。小乐说：“The security guard opens the gate.”朋友听懂了，也想起自己遇到过的事。,,The __________ opens the gate.,security guard,保安打开大门。,context,2026-09-v2,本地预制课堂素材；原创短句与场景模板,[],想象你也在这个场景里。用 security guard 说一句自己的话。
select,PET,1,选择；挑选,v.,日常沟通,Please select one answer.,请选择一个答案。,[],结合常用释义整体记忆。先听老师读，再用自己的生活场景解释。,0,,https://www.cambridgeenglish.org/images/506887-b1-preliminary-vocabulary-list.pdf,si'lekt,https://github.com/skywind3000/ECDICT,offline-materials,select,authored,select · 单词里的小故事,小乐和朋友交换今天的小发现。请选择一个答案。小乐说：“Please select one answer.”朋友听懂了，也想起自己遇到过的事。,,Please __________ one answer.,select,请选择一个答案。,context,2026-09-v2,本地预制课堂素材；原创短句与场景模板,[],想象你也在这个场景里。用 select 说一句自己的话。
self-service,PET,3,自我服务；自助式销售,adj.,日常沟通,This is a self-service shop.,这是一家自助商店。,[],结合常用释义整体记忆。先听老师读，再用自己的生活场景解释。,0,,https://www.cambridgeenglish.org/images/506887-b1-preliminary-vocabulary-list.pdf,'self'sә:vis,https://github.com/skywind3000/ECDICT,offline-materials,self-service,authored,self-service · 单词里的小故事,小乐和朋友交换今天的小发现。这是一家自助商店。小乐说：“This is a self-service shop.”朋友听懂了，也想起自己遇到过的事。,,This is a __________ shop.,self-service,这是一家自助商店。,context,2026-09-v2,本地预制课堂素材；原创短句与场景模板,[],想象你也在这个场景里。用 self-service 说一句自己的话。
selfish,PET,2,自私的；利己主义的；自我中心的,adj.,日常沟通,The person in the story is selfish.,故事里的那个人是自私的。,[],结合常用释义整体记忆。先听老师读，再用自己的生活场景解释。,0,,https://www.cambridgeenglish.org/images/506887-b1-preliminary-vocabulary-list.pdf,'selfiʃ,https://github.com/skywind3000/ECDICT,offline-materials,selfish,person-quality,selfish · 单词里的小故事,同学们在给故事人物选词卡，小乐找到了合适的一张。故事里的那个人是自私的。小乐说：“The person in the story is selfish.”朋友听懂了，也想起自己遇到过的事。,,The person in the story is __________.,selfish,故事里的那个人是自私的。,context,2026-09-v2,本地预制课堂素材；原创短句与场景模板,[],想象你也在这个场景里。用 selfish 说一句自己的话。
separate,PET,1,分开的；各别的；单独的,adj.,日常沟通,This box is separate.,这个盒子是分开的。,[],结合常用释义整体记忆。先听老师读，再用自己的生活场景解释。,0,,https://www.cambridgeenglish.org/images/506887-b1-preliminary-vocabulary-list.pdf,'sepәreit,https://github.com/skywind3000/ECDICT,offline-materials,separate,object-quality,separate · 单词里的小故事,朋友闭上眼睛，让小乐描述面前的盒子。这个盒子是分开的。小乐说：“This box is separate.”朋友听懂了，也想起自己遇到过的事。,,This box is __________.,separate,这个盒子是分开的。,context,2026-09-v2,本地预制课堂素材；原创短句与场景模板,[],想象你也在这个场景里。用 separate 说一句自己的话。
series,PET,1,串联；序列；连续,n.,日常沟通,We talked about the series today.,我们今天谈到了串联。,[],结合常用释义整体记忆。先听老师读，再用自己的生活场景解释。,0,,https://www.cambridgeenglish.org/images/506887-b1-preliminary-vocabulary-list.pdf,'siәri:z,https://github.com/skywind3000/ECDICT,offline-materials,series,discussion,series · 单词里的小故事,小乐和朋友聊起今天的一件事。我们今天谈到了串联。小乐说：“We talked about the series today.”朋友听懂了，也想起自己遇到过的事。,,We talked about the __________ today.,series,我们今天谈到了串联。,context,2026-09-v2,本地预制课堂素材；原创短句与场景模板,[],想象你也在这个场景里。用 series 说一句自己的话。
seriously,PET,1,严肃地；认真地；严重地,adv.,日常沟通,Please take the question seriously.,请认真对待这个问题。,"[{""text"": ""serious"", ""kind"": ""root"", ""meaning"": ""认真的""}, {""text"": ""-ly"", ""kind"": ""suffix"", ""meaning"": ""以……的方式（构成副词）"", ""story"": ""-ly 在古英语中有表示“像……的”的形容词形式，也有表示“以某种方式”的副词形式。今天同样的结尾仍有不同工作。先问它是在描写一个人或物，还是在说明怎样做事。"", ""source"": ""https://www.merriam-webster.com/dictionary/ly-""}]",先理解词基，再看词缀如何改变含义或词性。,0,,https://www.cambridgeenglish.org/images/506887-b1-preliminary-vocabulary-list.pdf,'siәriәsli,https://github.com/skywind3000/ECDICT,offline-materials,seriously,authored,seriously · 单词里的小故事,小乐和朋友交换今天的小发现。请认真对待这个问题。小乐说：“Please take the question seriously.”朋友听懂了，也想起自己遇到过的事。,,Please take the question __________.,seriously,请认真对待这个问题。,context,2026-09-v2,本地预制课堂素材；原创短句与场景模板,[],想象你也在这个场景里。用 seriously 说一句自己的话。
server,PET,2,服务器；服务员,n.,日常沟通,We talked about the server today.,我们今天谈到了服务器。,[],结合常用释义整体记忆。先听老师读，再用自己的生活场景解释。,0,,https://www.cambridgeenglish.org/images/506887-b1-preliminary-vocabulary-list.pdf,'sә:vә,常用义教学修订；原词典见 ECDICT-LICENSE.txt,offline-materials,server,discussion,server · 单词里的小故事,小乐和朋友聊起今天的一件事。我们今天谈到了服务器。小乐说：“We talked about the server today.”朋友听懂了，也想起自己遇到过的事。,,We talked about the __________ today.,server,我们今天谈到了服务器。,context,2026-09-v2,本地预制课堂素材；原创短句与场景模板,[],想象你也在这个场景里。用 server 说一句自己的话。
service,PET,1,服务,n.,日常沟通,We talked about the service today.,我们今天谈到了服务。,[],结合常用释义整体记忆。先听老师读，再用自己的生活场景解释。,0,,https://www.cambridgeenglish.org/images/506887-b1-preliminary-vocabulary-list.pdf,'sә:vis,常用义教学修订；原词典见 ECDICT-LICENSE.txt,offline-materials,service,discussion,service · 单词里的小故事,小乐和朋友聊起今天的一件事。我们今天谈到了服务。小乐说：“We talked about the service today.”朋友听懂了，也想起自己遇到过的事。,,We talked about the __________ today.,service,我们今天谈到了服务。,context,2026-09-v2,本地预制课堂素材；原创短句与场景模板,[],想象你也在这个场景里。用 service 说一句自己的话。
session,PET,1,期间；开庭期；会议,n.,日常沟通,We talked about the session today.,我们今天谈到了期间。,[],结合常用释义整体记忆。先听老师读，再用自己的生活场景解释。,0,,https://www.cambridgeenglish.org/images/506887-b1-preliminary-vocabulary-list.pdf,'seʃәn,https://github.com/skywind3000/ECDICT,offline-materials,session,discussion,session · 单词里的小故事,小乐和朋友聊起今天的一件事。我们今天谈到了期间。小乐说：“We talked about the session today.”朋友听懂了，也想起自己遇到过的事。,,We talked about the __________ today.,session,我们今天谈到了期间。,context,2026-09-v2,本地预制课堂素材；原创短句与场景模板,[],想象你也在这个场景里。用 session 说一句自己的话。
set off,PET,3,出发；开始；引起,phr v.,日常沟通,We set off early in the morning.,我们一大早出发。,[],结合常用释义整体记忆。先听老师读，再用自己的生活场景解释。,0,,https://www.cambridgeenglish.org/images/506887-b1-preliminary-vocabulary-list.pdf,,https://github.com/skywind3000/ECDICT,offline-materials,set off,authored,set off · 单词里的小故事,小乐和朋友交换今天的小发现。我们一大早出发。小乐说：“We set off early in the morning.”朋友听懂了，也想起自己遇到过的事。,,We __________ early in the morning.,set off,我们一大早出发。,context,2026-09-v2,本地预制课堂素材；原创短句与场景模板,[],想象你也在这个场景里。用 set off 说一句自己的话。
set out,PET,3,出发；开始；陈列,phr v.,日常沟通,We set out on our trip at nine.,我们九点启程旅行。,[],结合常用释义整体记忆。先听老师读，再用自己的生活场景解释。,0,,https://www.cambridgeenglish.org/images/506887-b1-preliminary-vocabulary-list.pdf,,https://github.com/skywind3000/ECDICT,offline-materials,set out,authored,set out · 单词里的小故事,小乐和朋友交换今天的小发现。我们九点启程旅行。小乐说：“We set out on our trip at nine.”朋友听懂了，也想起自己遇到过的事。,,We __________ on our trip at nine.,set out,我们九点启程旅行。,context,2026-09-v2,本地预制课堂素材；原创短句与场景模板,[],想象你也在这个场景里。用 set out 说一句自己的话。
set up,PET,3,设立,phr v.,日常沟通,Let's set up a new club.,我们成立一个新俱乐部吧。,[],结合常用释义整体记忆。先听老师读，再用自己的生活场景解释。,0,,https://www.cambridgeenglish.org/images/506887-b1-preliminary-vocabulary-list.pdf,,https://github.com/skywind3000/ECDICT,offline-materials,set up,authored,set up · 单词里的小故事,小乐和朋友交换今天的小发现。我们成立一个新俱乐部吧。小乐说：“Let's set up a new club.”朋友听懂了，也想起自己遇到过的事。,,Let's __________ a new club.,set up,我们成立一个新俱乐部吧。,context,2026-09-v2,本地预制课堂素材；原创短句与场景模板,[],想象你也在这个场景里。用 set up 说一句自己的话。
sew,PET,2,缝纫；缝合；缝,v.,日常沟通,Can you sew a button on my shirt?,你能帮我在衬衫上缝颗扣子吗？,[],结合常用释义整体记忆。先听老师读，再用自己的生活场景解释。,0,,https://www.cambridgeenglish.org/images/506887-b1-preliminary-vocabulary-list.pdf,sәu,https://github.com/skywind3000/ECDICT,offline-materials,sew,authored,sew · 单词里的小故事,小乐和朋友交换今天的小发现。你能帮我在衬衫上缝颗扣子吗？小乐说：“Can you sew a button on my shirt?”朋友听懂了，也想起自己遇到过的事。,,Can you __________ a button on my shirt?,sew,你能帮我在衬衫上缝颗扣子吗？,context,2026-09-v2,本地预制课堂素材；原创短句与场景模板,[],想象你也在这个场景里。用 sew 说一句自己的话。
sex,PET,1,性别,n.,日常沟通,"Write your name, age and sex on the form.",在表格上填写你的名字、年龄和性别。,[],结合常用释义整体记忆。先听老师读，再用自己的生活场景解释。,0,,https://www.cambridgeenglish.org/images/506887-b1-preliminary-vocabulary-list.pdf,seks,常用义教学修订；原词典见 ECDICT-LICENSE.txt,offline-materials,sex,authored,sex · 单词里的小故事,"小乐和朋友交换今天的小发现。在表格上填写你的名字、年龄和性别。小乐说：“Write your name, age and sex on the form.”朋友听懂了，也想起自己遇到过的事。",,"Write your name, age and __________ on the form.",sex,在表格上填写你的名字、年龄和性别。,context,2026-09-v2,本地预制课堂素材；原创短句与场景模板,[],想象你也在这个场景里。用 sex 说一句自己的话。
shade,PET,2,阴凉处,n.,日常沟通,We talked about the shade today.,我们今天谈到了阴凉处。,[],结合常用释义整体记忆。先听老师读，再用自己的生活场景解释。,0,,https://www.cambridgeenglish.org/images/506887-b1-preliminary-vocabulary-list.pdf,ʃeid,常用义教学修订；原词典见 ECDICT-LICENSE.txt,offline-materials,shade,discussion,shade · 单词里的小故事,小乐和朋友聊起今天的一件事。我们今天谈到了阴凉处。小乐说：“We talked about the shade today.”朋友听懂了，也想起自己遇到过的事。,,We talked about the __________ today.,shade,我们今天谈到了阴凉处。,context,2026-09-v2,本地预制课堂素材；原创短句与场景模板,[],想象你也在这个场景里。用 shade 说一句自己的话。
shadow,PET,2,阴影；荫；影子,n.,日常沟通,We talked about the shadow today.,我们今天谈到了阴影。,[],结合常用释义整体记忆。先听老师读，再用自己的生活场景解释。,0,,https://www.cambridgeenglish.org/images/506887-b1-preliminary-vocabulary-list.pdf,'ʃædәu,https://github.com/skywind3000/ECDICT,offline-materials,shadow,discussion,shadow · 单词里的小故事,小乐和朋友聊起今天的一件事。我们今天谈到了阴影。小乐说：“We talked about the shadow today.”朋友听懂了，也想起自己遇到过的事。,,We talked about the __________ today.,shadow,我们今天谈到了阴影。,context,2026-09-v2,本地预制课堂素材；原创短句与场景模板,[],想象你也在这个场景里。用 shadow 说一句自己的话。
shake,PET,1,摇动；动摇；使震动,v.,日常沟通,Shake the bottle before you open it.,打开瓶子前摇一摇。,[],结合常用释义整体记忆。先听老师读，再用自己的生活场景解释。,0,,https://www.cambridgeenglish.org/images/506887-b1-preliminary-vocabulary-list.pdf,ʃeik,https://github.com/skywind3000/ECDICT,offline-materials,shake,authored,shake · 单词里的小故事,小乐和朋友交换今天的小发现。打开瓶子前摇一摇。小乐说：“Shake the bottle before you open it.”朋友听懂了，也想起自己遇到过的事。,,__________ the bottle before you open it.,Shake,打开瓶子前摇一摇。,context,2026-09-v2,本地预制课堂素材；原创短句与场景模板,[],想象你也在这个场景里。用 shake 说一句自己的话。
shape,PET,1,形状；形态；外形,n.,日常沟通,We talked about the shape today.,我们今天谈到了形状。,[],结合常用释义整体记忆。先听老师读，再用自己的生活场景解释。,0,,https://www.cambridgeenglish.org/images/506887-b1-preliminary-vocabulary-list.pdf,ʃeip,https://github.com/skywind3000/ECDICT,offline-materials,shape,discussion,shape · 单词里的小故事,小乐和朋友聊起今天的一件事。我们今天谈到了形状。小乐说：“We talked about the shape today.”朋友听懂了，也想起自己遇到过的事。,,We talked about the __________ today.,shape,我们今天谈到了形状。,context,2026-09-v2,本地预制课堂素材；原创短句与场景模板,[],想象你也在这个场景里。用 shape 说一句自己的话。
sharp,PET,2,锋利的；明显的；敏锐的,adj.,日常沟通,Be careful. The knife is sharp.,小心。这把刀很锋利。,[],结合常用释义整体记忆。先听老师读，再用自己的生活场景解释。,0,,https://www.cambridgeenglish.org/images/506887-b1-preliminary-vocabulary-list.pdf,ʃɑ:p,https://github.com/skywind3000/ECDICT,offline-materials,sharp,authored,sharp · 单词里的小故事,小乐和朋友交换今天的小发现。小心。这把刀很锋利。小乐说：“Be careful. The knife is sharp.”朋友听懂了，也想起自己遇到过的事。,,Be careful. The knife is __________.,sharp,小心。这把刀很锋利。,context,2026-09-v2,本地预制课堂素材；原创短句与场景模板,[],想象你也在这个场景里。用 sharp 说一句自己的话。
shave,PET,3,修面；剃；修剪,v.,日常沟通,He needs to shave before work.,他上班前需要刮胡子。,[],结合常用释义整体记忆。先听老师读，再用自己的生活场景解释。,0,,https://www.cambridgeenglish.org/images/506887-b1-preliminary-vocabulary-list.pdf,ʃeiv,https://github.com/skywind3000/ECDICT,offline-materials,shave,authored,shave · 单词里的小故事,小乐和朋友交换今天的小发现。他上班前需要刮胡子。小乐说：“He needs to shave before work.”朋友听懂了，也想起自己遇到过的事。,,He needs to __________ before work.,shave,他上班前需要刮胡子。,context,2026-09-v2,本地预制课堂素材；原创短句与场景模板,[],想象你也在这个场景里。用 shave 说一句自己的话。
shine,PET,2,使发光,v.,日常沟通,The stars shine at night.,星星在夜晚闪耀。,[],结合常用释义整体记忆。先听老师读，再用自己的生活场景解释。,0,,https://www.cambridgeenglish.org/images/506887-b1-preliminary-vocabulary-list.pdf,ʃain,https://github.com/skywind3000/ECDICT,offline-materials,shine,authored,shine · 单词里的小故事,小乐和朋友交换今天的小发现。星星在夜晚闪耀。小乐说：“The stars shine at night.”朋友听懂了，也想起自己遇到过的事。,,The stars __________ at night.,shine,星星在夜晚闪耀。,context,2026-09-v2,本地预制课堂素材；原创短句与场景模板,[],想象你也在这个场景里。用 shine 说一句自己的话。
shiny,PET,2,有光泽的；发光的；辉煌的,adj.,日常沟通,This box is shiny.,这个盒子是有光泽的。,[],结合常用释义整体记忆。先听老师读，再用自己的生活场景解释。,0,,https://www.cambridgeenglish.org/images/506887-b1-preliminary-vocabulary-list.pdf,'ʃaini,https://github.com/skywind3000/ECDICT,offline-materials,shiny,object-quality,shiny · 单词里的小故事,朋友闭上眼睛，让小乐描述面前的盒子。这个盒子是有光泽的。小乐说：“This box is shiny.”朋友听懂了，也想起自己遇到过的事。,,This box is __________.,shiny,这个盒子是有光泽的。,context,2026-09-v2,本地预制课堂素材；原创短句与场景模板,[],想象你也在这个场景里。用 shiny 说一句自己的话。
shock,PET,1,震动；冲突；震惊,n.,日常沟通,We talked about the shock today.,我们今天谈到了震动。,[],结合常用释义整体记忆。先听老师读，再用自己的生活场景解释。,0,,https://www.cambridgeenglish.org/images/506887-b1-preliminary-vocabulary-list.pdf,ʃɒk,https://github.com/skywind3000/ECDICT,offline-materials,shock,discussion,shock · 单词里的小故事,小乐和朋友聊起今天的一件事。我们今天谈到了震动。小乐说：“We talked about the shock today.”朋友听懂了，也想起自己遇到过的事。,,We talked about the __________ today.,shock,我们今天谈到了震动。,context,2026-09-v2,本地预制课堂素材；原创短句与场景模板,[],想象你也在这个场景里。用 shock 说一句自己的话。
shocked,PET,2,震撼的；震惊的,adj.,日常沟通,I feel shocked today.,我今天感到震撼的。,[],结合常用释义整体记忆。先听老师读，再用自己的生活场景解释。,0,,https://www.cambridgeenglish.org/images/506887-b1-preliminary-vocabulary-list.pdf,ʃɔkt,https://github.com/skywind3000/ECDICT,offline-materials,shocked,feeling,shocked · 单词里的小故事,老师请大家用一个词说说今天的感受，小乐先举了手。我今天感到震撼的。小乐说：“I feel shocked today.”朋友听懂了，也想起自己遇到过的事。,,I feel __________ today.,shocked,我今天感到震撼的。,context,2026-09-v2,本地预制课堂素材；原创短句与场景模板,[],想象你也在这个场景里。用 shocked 说一句自己的话。
shocking,PET,3,令人震惊的；极坏的；不正当的,adj.,日常沟通,It is a shocking story.,这是一个令人震惊的故事。,[],结合常用释义整体记忆。先听老师读，再用自己的生活场景解释。,0,,https://www.cambridgeenglish.org/images/506887-b1-preliminary-vocabulary-list.pdf,'ʃɒkiŋ,https://github.com/skywind3000/ECDICT,offline-materials,shocking,story-quality,shocking · 单词里的小故事,读完一本故事书，小乐想用一句话向朋友介绍它。这是一个令人震惊的故事。小乐说：“It is a shocking story.”朋友听懂了，也想起自己遇到过的事。,,It is a __________ story.,shocking,这是一个令人震惊的故事。,context,2026-09-v2,本地预制课堂素材；原创短句与场景模板,[],想象你也在这个场景里。用 shocking 说一句自己的话。
shoot,PET,1,射击；射中；损毁,v.,日常沟通,The player is ready to shoot.,那位队员准备射门。,[],结合常用释义整体记忆。先听老师读，再用自己的生活场景解释。,0,,https://www.cambridgeenglish.org/images/506887-b1-preliminary-vocabulary-list.pdf,ʃu:t,https://github.com/skywind3000/ECDICT,offline-materials,shoot,authored,shoot · 单词里的小故事,小乐和朋友交换今天的小发现。那位队员准备射门。小乐说：“The player is ready to shoot.”朋友听懂了，也想起自己遇到过的事。,,The player is ready to __________.,shoot,那位队员准备射门。,context,2026-09-v2,本地预制课堂素材；原创短句与场景模板,[],想象你也在这个场景里。用 shoot 说一句自己的话。
shore,PET,2,海岸；海滨；斜撑柱,n.,日常沟通,We visited the shore today.,我们今天参观了海岸。,[],结合常用释义整体记忆。先听老师读，再用自己的生活场景解释。,0,,https://www.cambridgeenglish.org/images/506887-b1-preliminary-vocabulary-list.pdf,ʃɒ:,https://github.com/skywind3000/ECDICT,offline-materials,shore,place,shore · 单词里的小故事,小乐把今天的外出经历记进了日记。我们今天参观了海岸。小乐说：“We visited the shore today.”朋友听懂了，也想起自己遇到过的事。,,We visited the __________ today.,shore,我们今天参观了海岸。,context,2026-09-v2,本地预制课堂素材；原创短句与场景模板,[],想象你也在这个场景里。用 shore 说一句自己的话。
shortly,PET,2,不久；简短；唐突地,adv.,日常沟通,The bus will arrive shortly.,公交车很快就到。,[],结合常用释义整体记忆。先听老师读，再用自己的生活场景解释。,0,,https://www.cambridgeenglish.org/images/506887-b1-preliminary-vocabulary-list.pdf,'ʃɒ:tli,https://github.com/skywind3000/ECDICT,offline-materials,shortly,authored,shortly · 单词里的小故事,小乐和朋友交换今天的小发现。公交车很快就到。小乐说：“The bus will arrive shortly.”朋友听懂了，也想起自己遇到过的事。,,The bus will arrive __________.,shortly,公交车很快就到。,context,2026-09-v2,本地预制课堂素材；原创短句与场景模板,[],想象你也在这个场景里。用 shortly 说一句自己的话。
shoulder,PET,1,肩；肩膀；衣肩,n.,日常沟通,We learn about the shoulder at school.,我们在学校了解肩。,[],结合常用释义整体记忆。先听老师读，再用自己的生活场景解释。,0,,https://www.cambridgeenglish.org/images/506887-b1-preliminary-vocabulary-list.pdf,'ʃәuldә,https://github.com/skywind3000/ECDICT,offline-materials,shoulder,body,shoulder · 单词里的小故事,小乐在课堂上做一张认识自己的知识卡。我们在学校了解肩。小乐说：“We learn about the shoulder at school.”朋友听懂了，也想起自己遇到过的事。,,We learn about the __________ at school.,shoulder,我们在学校了解肩。,context,2026-09-v2,本地预制课堂素材；原创短句与场景模板,[],想象你也在这个场景里。用 shoulder 说一句自己的话。
show up,PET,3,揭露；露出；露面,phr v.,日常沟通,Will he show up on time?,他会准时出现吗？,[],结合常用释义整体记忆。先听老师读，再用自己的生活场景解释。,0,,https://www.cambridgeenglish.org/images/506887-b1-preliminary-vocabulary-list.pdf,,https://github.com/skywind3000/ECDICT,offline-materials,show up,authored,show up · 单词里的小故事,小乐和朋友交换今天的小发现。他会准时出现吗？小乐说：“Will he show up on time?”朋友听懂了，也想起自己遇到过的事。,,Will he __________ on time?,show up,他会准时出现吗？,context,2026-09-v2,本地预制课堂素材；原创短句与场景模板,[],想象你也在这个场景里。用 show up 说一句自己的话。
sight,PET,1,视力；景象,n.,日常沟通,We talked about the sight today.,我们今天谈到了视力。,[],结合常用释义整体记忆。先听老师读，再用自己的生活场景解释。,0,,https://www.cambridgeenglish.org/images/506887-b1-preliminary-vocabulary-list.pdf,sait,常用义教学修订；原词典见 ECDICT-LICENSE.txt,offline-materials,sight,discussion,sight · 单词里的小故事,小乐和朋友聊起今天的一件事。我们今天谈到了视力。小乐说：“We talked about the sight today.”朋友听懂了，也想起自己遇到过的事。,,We talked about the __________ today.,sight,我们今天谈到了视力。,context,2026-09-v2,本地预制课堂素材；原创短句与场景模板,[],想象你也在这个场景里。用 sight 说一句自己的话。
sign up,PET,3,签约参加工作；签约雇用,v.,日常沟通,You can sign up for the club today.,你今天可以报名加入俱乐部。,[],结合常用释义整体记忆。先听老师读，再用自己的生活场景解释。,0,,https://www.cambridgeenglish.org/images/506887-b1-preliminary-vocabulary-list.pdf,,https://github.com/skywind3000/ECDICT,offline-materials,sign up,authored,sign up · 单词里的小故事,小乐和朋友交换今天的小发现。你今天可以报名加入俱乐部。小乐说：“You can sign up for the club today.”朋友听懂了，也想起自己遇到过的事。,,You can __________ for the club today.,sign up,你今天可以报名加入俱乐部。,context,2026-09-v2,本地预制课堂素材；原创短句与场景模板,[],想象你也在这个场景里。用 sign up 说一句自己的话。
signal,PET,1,信号；发信号,n; v.,日常沟通,We talked about the signal today.,我们今天谈到了信号。,[],结合常用释义整体记忆。先听老师读，再用自己的生活场景解释。,0,,https://www.cambridgeenglish.org/images/506887-b1-preliminary-vocabulary-list.pdf,'signl,常用义教学修订；原词典见 ECDICT-LICENSE.txt,offline-materials,signal,discussion,signal · 单词里的小故事,小乐和朋友聊起今天的一件事。我们今天谈到了信号。小乐说：“We talked about the signal today.”朋友听懂了，也想起自己遇到过的事。,,We talked about the __________ today.,signal,我们今天谈到了信号。,context,2026-09-v2,本地预制课堂素材；原创短句与场景模板,[],想象你也在这个场景里。用 signal 说一句自己的话。
signature,PET,2,签字；识别标志；调号,n.,日常沟通,We talked about the signature today.,我们今天谈到了签字。,[],结合常用释义整体记忆。先听老师读，再用自己的生活场景解释。,0,,https://www.cambridgeenglish.org/images/506887-b1-preliminary-vocabulary-list.pdf,'signәtʃә,https://github.com/skywind3000/ECDICT,offline-materials,signature,discussion,signature · 单词里的小故事,小乐和朋友聊起今天的一件事。我们今天谈到了签字。小乐说：“We talked about the signature today.”朋友听懂了，也想起自己遇到过的事。,,We talked about the __________ today.,signature,我们今天谈到了签字。,context,2026-09-v2,本地预制课堂素材；原创短句与场景模板,[],想象你也在这个场景里。用 signature 说一句自己的话。
signpost,PET,3,招牌柱；广告柱；路标,n.,日常沟通,We need the signpost today.,我们今天需要招牌柱。,[],结合常用释义整体记忆。先听老师读，再用自己的生活场景解释。,0,,https://www.cambridgeenglish.org/images/506887-b1-preliminary-vocabulary-list.pdf,'sainpәust,https://github.com/skywind3000/ECDICT,offline-materials,signpost,equipment,signpost · 单词里的小故事,班级活动开始前，小乐负责核对需要的东西。我们今天需要招牌柱。小乐说：“We need the signpost today.”朋友听懂了，也想起自己遇到过的事。,,We need the __________ today.,signpost,我们今天需要招牌柱。,context,2026-09-v2,本地预制课堂素材；原创短句与场景模板,[],想象你也在这个场景里。用 signpost 说一句自己的话。
silence,PET,1,沉默；无声；静寂,n.,日常沟通,We talked about the silence today.,我们今天谈到了沉默。,[],结合常用释义整体记忆。先听老师读，再用自己的生活场景解释。,0,,https://www.cambridgeenglish.org/images/506887-b1-preliminary-vocabulary-list.pdf,'sailәns,https://github.com/skywind3000/ECDICT,offline-materials,silence,discussion,silence · 单词里的小故事,小乐和朋友聊起今天的一件事。我们今天谈到了沉默。小乐说：“We talked about the silence today.”朋友听懂了，也想起自己遇到过的事。,,We talked about the __________ today.,silence,我们今天谈到了沉默。,context,2026-09-v2,本地预制课堂素材；原创短句与场景模板,[],想象你也在这个场景里。用 silence 说一句自己的话。
silent,PET,2,沉默的；安静的；无声的,adj.,日常沟通,The room was silent.,房间里很安静。,[],结合常用释义整体记忆。先听老师读，再用自己的生活场景解释。,0,,https://www.cambridgeenglish.org/images/506887-b1-preliminary-vocabulary-list.pdf,'sailәnt,https://github.com/skywind3000/ECDICT,offline-materials,silent,authored,silent · 单词里的小故事,小乐和朋友交换今天的小发现。房间里很安静。小乐说：“The room was silent.”朋友听懂了，也想起自己遇到过的事。,,The room was __________.,silent,房间里很安静。,context,2026-09-v2,本地预制课堂素材；原创短句与场景模板,[],想象你也在这个场景里。用 silent 说一句自己的话。
silk,PET,2,丝；丝绸,adj; n.,日常沟通,This scarf is made of silk.,这条围巾是丝绸做的。,[],结合常用释义整体记忆。先听老师读，再用自己的生活场景解释。,0,,https://www.cambridgeenglish.org/images/506887-b1-preliminary-vocabulary-list.pdf,silk,常用义教学修订；原词典见 ECDICT-LICENSE.txt,offline-materials,silk,authored,silk · 单词里的小故事,小乐和朋友交换今天的小发现。这条围巾是丝绸做的。小乐说：“This scarf is made of silk.”朋友听懂了，也想起自己遇到过的事。,,This scarf is made of __________.,silk,这条围巾是丝绸做的。,context,2026-09-v2,本地预制课堂素材；原创短句与场景模板,[],想象你也在这个场景里。用 silk 说一句自己的话。
silly,PET,2,愚蠢的；糊涂的,adj.,日常沟通,The person in the story is silly.,故事里的那个人是愚蠢的。,[],结合常用释义整体记忆。先听老师读，再用自己的生活场景解释。,0,,https://www.cambridgeenglish.org/images/506887-b1-preliminary-vocabulary-list.pdf,'sili,https://github.com/skywind3000/ECDICT,offline-materials,silly,person-quality,silly · 单词里的小故事,同学们在给故事人物选词卡，小乐找到了合适的一张。故事里的那个人是愚蠢的。小乐说：“The person in the story is silly.”朋友听懂了，也想起自己遇到过的事。,,The person in the story is __________.,silly,故事里的那个人是愚蠢的。,context,2026-09-v2,本地预制课堂素材；原创短句与场景模板,[],想象你也在这个场景里。用 silly 说一句自己的话。
sincerely,PET,2,真诚地,adv.,日常沟通,I sincerely hope you feel better soon.,我真心希望你很快好起来。,[],结合常用释义整体记忆。先听老师读，再用自己的生活场景解释。,0,,https://www.cambridgeenglish.org/images/506887-b1-preliminary-vocabulary-list.pdf,sin'siәli,https://github.com/skywind3000/ECDICT,offline-materials,sincerely,authored,sincerely · 单词里的小故事,小乐和朋友交换今天的小发现。我真心希望你很快好起来。小乐说：“I sincerely hope you feel better soon.”朋友听懂了，也想起自己遇到过的事。,,I __________ hope you feel better soon.,sincerely,我真心希望你很快好起来。,context,2026-09-v2,本地预制课堂素材；原创短句与场景模板,[],想象你也在这个场景里。用 sincerely 说一句自己的话。
situated,PET,3,位于……的；坐落在……的,adj.,日常沟通,The hotel is situated near the sea.,酒店位于海边。,[],结合常用释义整体记忆。先听老师读，再用自己的生活场景解释。,0,,https://www.cambridgeenglish.org/images/506887-b1-preliminary-vocabulary-list.pdf,'sitjueitid,常用义教学修订；原词典见 ECDICT-LICENSE.txt,offline-materials,situated,authored,situated · 单词里的小故事,小乐和朋友交换今天的小发现。酒店位于海边。小乐说：“The hotel is situated near the sea.”朋友听懂了，也想起自己遇到过的事。,,The hotel is __________ near the sea.,situated,酒店位于海边。,context,2026-09-v2,本地预制课堂素材；原创短句与场景模板,[],想象你也在这个场景里。用 situated 说一句自己的话。
situation,PET,1,情形；境遇；位置,n.,日常沟通,We talked about the situation today.,我们今天谈到了情形。,[],结合常用释义整体记忆。先听老师读，再用自己的生活场景解释。,0,,https://www.cambridgeenglish.org/images/506887-b1-preliminary-vocabulary-list.pdf,.sitju'eiʃәn,https://github.com/skywind3000/ECDICT,offline-materials,situation,discussion,situation · 单词里的小故事,小乐和朋友聊起今天的一件事。我们今天谈到了情形。小乐说：“We talked about the situation today.”朋友听懂了，也想起自己遇到过的事。,,We talked about the __________ today.,situation,我们今天谈到了情形。,context,2026-09-v2,本地预制课堂素材；原创短句与场景模板,[],想象你也在这个场景里。用 situation 说一句自己的话。
skill,PET,1,技术；技巧；技能,n.,日常沟通,We talked about the skill today.,我们今天谈到了技术。,[],结合常用释义整体记忆。先听老师读，再用自己的生活场景解释。,0,,https://www.cambridgeenglish.org/images/506887-b1-preliminary-vocabulary-list.pdf,'skil,https://github.com/skywind3000/ECDICT,offline-materials,skill,discussion,skill · 单词里的小故事,小乐和朋友聊起今天的一件事。我们今天谈到了技术。小乐说：“We talked about the skill today.”朋友听懂了，也想起自己遇到过的事。,,We talked about the __________ today.,skill,我们今天谈到了技术。,context,2026-09-v2,本地预制课堂素材；原创短句与场景模板,[],想象你也在这个场景里。用 skill 说一句自己的话。
skin,PET,1,皮肤；皮,n.,日常沟通,We learn about the skin at school.,我们在学校了解皮肤。,[],结合常用释义整体记忆。先听老师读，再用自己的生活场景解释。,0,,https://www.cambridgeenglish.org/images/506887-b1-preliminary-vocabulary-list.pdf,skin,https://github.com/skywind3000/ECDICT,offline-materials,skin,body,skin · 单词里的小故事,小乐在课堂上做一张认识自己的知识卡。我们在学校了解皮肤。小乐说：“We learn about the skin at school.”朋友听懂了，也想起自己遇到过的事。,,We learn about the __________ at school.,skin,我们在学校了解皮肤。,context,2026-09-v2,本地预制课堂素材；原创短句与场景模板,[],想象你也在这个场景里。用 skin 说一句自己的话。
sleepy,PET,3,困乏的；欲睡的,adj.,日常沟通,I feel sleepy today.,我今天感到困乏的。,"[{""text"": ""sleep"", ""kind"": ""root"", ""meaning"": ""睡眠""}, {""text"": ""-y"", ""kind"": ""suffix"", ""meaning"": ""有……特征的"", ""story"": ""表示特征的 -y 可以追溯到古英语的 -ig。它常帮助我们描述一个事物有什么特点。先看看词基指什么，再想想“有这种特点的”会是什么样子。"", ""source"": ""https://www.merriam-webster.com/dictionary/-y""}]",先理解词基，再看词缀如何改变含义或词性。,0,,https://www.cambridgeenglish.org/images/506887-b1-preliminary-vocabulary-list.pdf,'sli:pi,https://github.com/skywind3000/ECDICT,offline-materials,sleepy,feeling,sleepy · 单词里的小故事,老师请大家用一个词说说今天的感受，小乐先举了手。我今天感到困乏的。小乐说：“I feel sleepy today.”朋友听懂了，也想起自己遇到过的事。,,I feel __________ today.,sleepy,我今天感到困乏的。,context,2026-09-v2,本地预制课堂素材；原创短句与场景模板,"[{""en"": ""I feel sleepy after the long trip."", ""zh"": ""长途旅行后我觉得困了。""}]",想象你也在这个场景里。用 sleepy 说一句自己的话。
sleeve,PET,2,袖子；套管,n.,日常沟通,I like your sleeve.,我喜欢你的袖子。,[],结合常用释义整体记忆。先听老师读，再用自己的生活场景解释。,0,,https://www.cambridgeenglish.org/images/506887-b1-preliminary-vocabulary-list.pdf,sli:v,https://github.com/skywind3000/ECDICT,offline-materials,sleeve,clothes,sleeve · 单词里的小故事,出门前，小乐注意到了朋友的穿着。我喜欢你的袖子。小乐说：“I like your sleeve.”朋友听懂了，也想起自己遇到过的事。,,I like your __________.,sleeve,我喜欢你的袖子。,context,2026-09-v2,本地预制课堂素材；原创短句与场景模板,[],想象你也在这个场景里。用 sleeve 说一句自己的话。
sleeveless,PET,3,无袖的,adj.,日常沟通,She wore a sleeveless dress.,她穿了一件无袖连衣裙。,[],结合常用释义整体记忆。先听老师读，再用自己的生活场景解释。,0,,https://www.cambridgeenglish.org/images/506887-b1-preliminary-vocabulary-list.pdf,'sli:vlis,https://github.com/skywind3000/ECDICT,offline-materials,sleeveless,authored,sleeveless · 单词里的小故事,小乐和朋友交换今天的小发现。她穿了一件无袖连衣裙。小乐说：“She wore a sleeveless dress.”朋友听懂了，也想起自己遇到过的事。,,She wore a __________ dress.,sleeveless,她穿了一件无袖连衣裙。,context,2026-09-v2,本地预制课堂素材；原创短句与场景模板,[],想象你也在这个场景里。用 sleeveless 说一句自己的话。
slide,PET,2,滑梯；滑动,n.,日常沟通,We talked about the slide today.,我们今天谈到了滑梯。,[],结合常用释义整体记忆。先听老师读，再用自己的生活场景解释。,0,,https://www.cambridgeenglish.org/images/506887-b1-preliminary-vocabulary-list.pdf,slaid,常用义教学修订；原词典见 ECDICT-LICENSE.txt,offline-materials,slide,discussion,slide · 单词里的小故事,小乐和朋友聊起今天的一件事。我们今天谈到了滑梯。小乐说：“We talked about the slide today.”朋友听懂了，也想起自己遇到过的事。,,We talked about the __________ today.,slide,我们今天谈到了滑梯。,context,2026-09-v2,本地预制课堂素材；原创短句与场景模板,[],想象你也在这个场景里。用 slide 说一句自己的话。
slightly,PET,1,些微地；苗条地,adv.,日常沟通,This bag is slightly bigger.,这个包稍微大一点。,[],结合常用释义整体记忆。先听老师读，再用自己的生活场景解释。,0,,https://www.cambridgeenglish.org/images/506887-b1-preliminary-vocabulary-list.pdf,'slaitli,https://github.com/skywind3000/ECDICT,offline-materials,slightly,authored,slightly · 单词里的小故事,小乐和朋友交换今天的小发现。这个包稍微大一点。小乐说：“This bag is slightly bigger.”朋友听懂了，也想起自己遇到过的事。,,This bag is __________ bigger.,slightly,这个包稍微大一点。,context,2026-09-v2,本地预制课堂素材；原创短句与场景模板,[],想象你也在这个场景里。用 slightly 说一句自己的话。
slip,PET,1,滑动；滑倒；失足,v.,日常沟通,Be careful not to slip on the wet floor.,小心别在湿地板上滑倒。,[],结合常用释义整体记忆。先听老师读，再用自己的生活场景解释。,0,,https://www.cambridgeenglish.org/images/506887-b1-preliminary-vocabulary-list.pdf,slip,https://github.com/skywind3000/ECDICT,offline-materials,slip,authored,slip · 单词里的小故事,小乐和朋友交换今天的小发现。小心别在湿地板上滑倒。小乐说：“Be careful not to slip on the wet floor.”朋友听懂了，也想起自己遇到过的事。,,Be careful not to __________ on the wet floor.,slip,小心别在湿地板上滑倒。,context,2026-09-v2,本地预制课堂素材；原创短句与场景模板,[],想象你也在这个场景里。用 slip 说一句自己的话。
smartphone,PET,3,智能手机,n.,日常沟通,We need the smartphone today.,我们今天需要智能手机。,[],结合常用释义整体记忆。先听老师读，再用自己的生活场景解释。,0,,https://www.cambridgeenglish.org/images/506887-b1-preliminary-vocabulary-list.pdf,,https://github.com/skywind3000/ECDICT,offline-materials,smartphone,equipment,smartphone · 单词里的小故事,班级活动开始前，小乐负责核对需要的东西。我们今天需要智能手机。小乐说：“We need the smartphone today.”朋友听懂了，也想起自己遇到过的事。,,We need the __________ today.,smartphone,我们今天需要智能手机。,context,2026-09-v2,本地预制课堂素材；原创短句与场景模板,[],想象你也在这个场景里。用 smartphone 说一句自己的话。
smell,PET,2,味道；气味；嗅觉,n; v.,日常沟通,We talked about the smell today.,我们今天谈到了味道。,[],结合常用释义整体记忆。先听老师读，再用自己的生活场景解释。,0,,https://www.cambridgeenglish.org/images/506887-b1-preliminary-vocabulary-list.pdf,smel,https://github.com/skywind3000/ECDICT,offline-materials,smell,discussion,smell · 单词里的小故事,小乐和朋友聊起今天的一件事。我们今天谈到了味道。小乐说：“We talked about the smell today.”朋友听懂了，也想起自己遇到过的事。,,We talked about the __________ today.,smell,我们今天谈到了味道。,context,2026-09-v2,本地预制课堂素材；原创短句与场景模板,[],想象你也在这个场景里。用 smell 说一句自己的话。
smile,PET,1,微笑；喜色；笑容,n; v.,日常沟通,We talked about the smile today.,我们今天谈到了微笑。,[],结合常用释义整体记忆。先听老师读，再用自己的生活场景解释。,0,,https://www.cambridgeenglish.org/images/506887-b1-preliminary-vocabulary-list.pdf,smail,https://github.com/skywind3000/ECDICT,offline-materials,smile,discussion,smile · 单词里的小故事,小乐和朋友聊起今天的一件事。我们今天谈到了微笑。小乐说：“We talked about the smile today.”朋友听懂了，也想起自己遇到过的事。,,We talked about the __________ today.,smile,我们今天谈到了微笑。,context,2026-09-v2,本地预制课堂素材；原创短句与场景模板,[],想象你也在这个场景里。用 smile 说一句自己的话。
smooth,PET,2,平滑的；平稳的；流畅的,adj.,日常沟通,This box is smooth.,这个盒子是平滑的。,[],结合常用释义整体记忆。先听老师读，再用自己的生活场景解释。,0,,https://www.cambridgeenglish.org/images/506887-b1-preliminary-vocabulary-list.pdf,smu:ð,https://github.com/skywind3000/ECDICT,offline-materials,smooth,object-quality,smooth · 单词里的小故事,朋友闭上眼睛，让小乐描述面前的盒子。这个盒子是平滑的。小乐说：“This box is smooth.”朋友听懂了，也想起自己遇到过的事。,,This box is __________.,smooth,这个盒子是平滑的。,context,2026-09-v2,本地预制课堂素材；原创短句与场景模板,[],想象你也在这个场景里。用 smooth 说一句自己的话。
snowfall,PET,3,降雪；降雪量,n.,日常沟通,We talked about the snowfall today.,我们今天谈到了降雪。,[],结合常用释义整体记忆。先听老师读，再用自己的生活场景解释。,0,,https://www.cambridgeenglish.org/images/506887-b1-preliminary-vocabulary-list.pdf,'snәufɒ:l,https://github.com/skywind3000/ECDICT,offline-materials,snowfall,nature,snowfall · 单词里的小故事,小乐观察完身边的世界，回教室讲了一件事。我们今天谈到了降雪。小乐说：“We talked about the snowfall today.”朋友听懂了，也想起自己遇到过的事。,,We talked about the __________ today.,snowfall,我们今天谈到了降雪。,context,2026-09-v2,本地预制课堂素材；原创短句与场景模板,[],想象你也在这个场景里。用 snowfall 说一句自己的话。
so-so,PET,3,平常的；还过得去的；马马虎虎的,adj.,日常沟通,The film was so-so.,这部电影一般般。,[],结合常用释义整体记忆。先听老师读，再用自己的生活场景解释。,0,,https://www.cambridgeenglish.org/images/506887-b1-preliminary-vocabulary-list.pdf,'sәusәu,https://github.com/skywind3000/ECDICT,offline-materials,so-so,authored,so-so · 单词里的小故事,小乐和朋友交换今天的小发现。这部电影一般般。小乐说：“The film was so-so.”朋友听懂了，也想起自己遇到过的事。,,The film was __________.,so-so,这部电影一般般。,context,2026-09-v2,本地预制课堂素材；原创短句与场景模板,[],想象你也在这个场景里。用 so-so 说一句自己的话。
soap opera,PET,3,肥皂剧,n.,日常沟通,We talked about the soap opera today.,我们今天谈到了肥皂剧。,[],结合常用释义整体记忆。先听老师读，再用自己的生活场景解释。,0,,https://www.cambridgeenglish.org/images/506887-b1-preliminary-vocabulary-list.pdf,,https://github.com/skywind3000/ECDICT,offline-materials,soap opera,discussion,soap opera · 单词里的小故事,小乐和朋友聊起今天的一件事。我们今天谈到了肥皂剧。小乐说：“We talked about the soap opera today.”朋友听懂了，也想起自己遇到过的事。,,We talked about the __________ today.,soap opera,我们今天谈到了肥皂剧。,context,2026-09-v2,本地预制课堂素材；原创短句与场景模板,[],想象你也在这个场景里。用 soap opera 说一句自己的话。
soldier,PET,1,军人；士兵；兵蚁,n.,日常沟通,This story is about a soldier.,这个故事讲的是一位军人。,[],结合常用释义整体记忆。先听老师读，再用自己的生活场景解释。,0,,https://www.cambridgeenglish.org/images/506887-b1-preliminary-vocabulary-list.pdf,'sәuldʒә,https://github.com/skywind3000/ECDICT,offline-materials,soldier,person,soldier · 单词里的小故事,读书会轮到小乐介绍故事里的一个人物。这个故事讲的是一位军人。小乐说：“This story is about a soldier.”朋友听懂了，也想起自己遇到过的事。,,This story is about a __________.,soldier,这个故事讲的是一位军人。,context,2026-09-v2,本地预制课堂素材；原创短句与场景模板,[],想象你也在这个场景里。用 soldier 说一句自己的话。
solution,PET,1,解决；解答；溶液,n.,日常沟通,We talked about the solution today.,我们今天谈到了解决。,[],结合常用释义整体记忆。先听老师读，再用自己的生活场景解释。,0,,https://www.cambridgeenglish.org/images/506887-b1-preliminary-vocabulary-list.pdf,sә'lu:ʃәn,https://github.com/skywind3000/ECDICT,offline-materials,solution,discussion,solution · 单词里的小故事,小乐和朋友聊起今天的一件事。我们今天谈到了解决。小乐说：“We talked about the solution today.”朋友听懂了，也想起自己遇到过的事。,,We talked about the __________ today.,solution,我们今天谈到了解决。,context,2026-09-v2,本地预制课堂素材；原创短句与场景模板,[],想象你也在这个场景里。用 solution 说一句自己的话。
solve,PET,2,解决,v.,日常沟通,Let's solve this problem together.,我们一起解决这个问题吧。,[],结合常用释义整体记忆。先听老师读，再用自己的生活场景解释。,0,,https://www.cambridgeenglish.org/images/506887-b1-preliminary-vocabulary-list.pdf,sɒlv,常用义教学修订；原词典见 ECDICT-LICENSE.txt,offline-materials,solve,authored,solve · 单词里的小故事,小乐和朋友交换今天的小发现。我们一起解决这个问题吧。小乐说：“Let's solve this problem together.”朋友听懂了，也想起自己遇到过的事。,,Let's __________ this problem together.,solve,我们一起解决这个问题吧。,context,2026-09-v2,本地预制课堂素材；原创短句与场景模板,[],想象你也在这个场景里。用 solve 说一句自己的话。
somehow,PET,2,不知何故,adv.,日常沟通,We must somehow find the key.,我们必须想办法找到钥匙。,[],结合常用释义整体记忆。先听老师读，再用自己的生活场景解释。,0,,https://www.cambridgeenglish.org/images/506887-b1-preliminary-vocabulary-list.pdf,'sʌmhau,https://github.com/skywind3000/ECDICT,offline-materials,somehow,authored,somehow · 单词里的小故事,小乐和朋友交换今天的小发现。我们必须想办法找到钥匙。小乐说：“We must somehow find the key.”朋友听懂了，也想起自己遇到过的事。,,We must __________ find the key.,somehow,我们必须想办法找到钥匙。,context,2026-09-v2,本地预制课堂素材；原创短句与场景模板,[],想象你也在这个场景里。用 somehow 说一句自己的话。
soul,PET,2,心灵；灵魂,n.,日常沟通,We talked about the soul today.,我们今天谈到了心灵。,[],结合常用释义整体记忆。先听老师读，再用自己的生活场景解释。,0,,https://www.cambridgeenglish.org/images/506887-b1-preliminary-vocabulary-list.pdf,sәul,常用义教学修订；原词典见 ECDICT-LICENSE.txt,offline-materials,soul,discussion,soul · 单词里的小故事,小乐和朋友聊起今天的一件事。我们今天谈到了心灵。小乐说：“We talked about the soul today.”朋友听懂了，也想起自己遇到过的事。,,We talked about the __________ today.,soul,我们今天谈到了心灵。,context,2026-09-v2,本地预制课堂素材；原创短句与场景模板,[],想象你也在这个场景里。用 soul 说一句自己的话。
soundtrack,PET,3,声迹；声槽；声带,n.,日常沟通,We talked about the soundtrack today.,我们今天谈到了声迹。,[],结合常用释义整体记忆。先听老师读，再用自己的生活场景解释。,0,,https://www.cambridgeenglish.org/images/506887-b1-preliminary-vocabulary-list.pdf,,https://github.com/skywind3000/ECDICT,offline-materials,soundtrack,discussion,soundtrack · 单词里的小故事,小乐和朋友聊起今天的一件事。我们今天谈到了声迹。小乐说：“We talked about the soundtrack today.”朋友听懂了，也想起自己遇到过的事。,,We talked about the __________ today.,soundtrack,我们今天谈到了声迹。,context,2026-09-v2,本地预制课堂素材；原创短句与场景模板,[],想象你也在这个场景里。用 soundtrack 说一句自己的话。
sour,PET,3,酸的；酸臭的；发酵的,adj.,日常沟通,This apple tastes sour.,这个苹果尝起来很酸。,[],结合常用释义整体记忆。先听老师读，再用自己的生活场景解释。,0,,https://www.cambridgeenglish.org/images/506887-b1-preliminary-vocabulary-list.pdf,'sauә,https://github.com/skywind3000/ECDICT,offline-materials,sour,authored,sour · 单词里的小故事,小乐和朋友交换今天的小发现。这个苹果尝起来很酸。小乐说：“This apple tastes sour.”朋友听懂了，也想起自己遇到过的事。,,This apple tastes __________.,sour,这个苹果尝起来很酸。,context,2026-09-v2,本地预制课堂素材；原创短句与场景模板,[],想象你也在这个场景里。用 sour 说一句自己的话。
southeast,PET,3,东南的；向东南的；来自东南的,adj; n.,日常沟通,The town is in the southeast.,这个镇在东南部。,[],结合常用释义整体记忆。先听老师读，再用自己的生活场景解释。,0,,https://www.cambridgeenglish.org/images/506887-b1-preliminary-vocabulary-list.pdf,sauθ'i:st,https://github.com/skywind3000/ECDICT,offline-materials,southeast,authored,southeast · 单词里的小故事,小乐和朋友交换今天的小发现。这个镇在东南部。小乐说：“The town is in the southeast.”朋友听懂了，也想起自己遇到过的事。,,The town is in the __________.,southeast,这个镇在东南部。,context,2026-09-v2,本地预制课堂素材；原创短句与场景模板,[],想象你也在这个场景里。用 southeast 说一句自己的话。
southern,PET,1,向南方的；来自南方的,adj.,日常沟通,We live in the southern part of town.,我们住在镇的南部。,[],结合常用释义整体记忆。先听老师读，再用自己的生活场景解释。,0,,https://www.cambridgeenglish.org/images/506887-b1-preliminary-vocabulary-list.pdf,'sʌðәn,https://github.com/skywind3000/ECDICT,offline-materials,southern,authored,southern · 单词里的小故事,小乐和朋友交换今天的小发现。我们住在镇的南部。小乐说：“We live in the southern part of town.”朋友听懂了，也想起自己遇到过的事。,,We live in the __________ part of town.,southern,我们住在镇的南部。,context,2026-09-v2,本地预制课堂素材；原创短句与场景模板,[],想象你也在这个场景里。用 southern 说一句自己的话。
southwest,PET,3,西南的；来自西南方的,adj; n.,日常沟通,The town is in the southwest.,这个镇在西南部。,[],结合常用释义整体记忆。先听老师读，再用自己的生活场景解释。,0,,https://www.cambridgeenglish.org/images/506887-b1-preliminary-vocabulary-list.pdf,sauθ'west,https://github.com/skywind3000/ECDICT,offline-materials,southwest,authored,southwest · 单词里的小故事,小乐和朋友交换今天的小发现。这个镇在西南部。小乐说：“The town is in the southwest.”朋友听懂了，也想起自己遇到过的事。,,The town is in the __________.,southwest,这个镇在西南部。,context,2026-09-v2,本地预制课堂素材；原创短句与场景模板,[],想象你也在这个场景里。用 southwest 说一句自己的话。
souvenir,PET,3,纪念品,n.,日常沟通,We talked about the souvenir today.,我们今天谈到了纪念品。,[],结合常用释义整体记忆。先听老师读，再用自己的生活场景解释。,0,,https://www.cambridgeenglish.org/images/506887-b1-preliminary-vocabulary-list.pdf,.su:vә'niә,https://github.com/skywind3000/ECDICT,offline-materials,souvenir,discussion,souvenir · 单词里的小故事,小乐和朋友聊起今天的一件事。我们今天谈到了纪念品。小乐说：“We talked about the souvenir today.”朋友听懂了，也想起自己遇到过的事。,,We talked about the __________ today.,souvenir,我们今天谈到了纪念品。,context,2026-09-v2,本地预制课堂素材；原创短句与场景模板,[],想象你也在这个场景里。用 souvenir 说一句自己的话。
spaceship,PET,3,宇宙飞船,n.,日常沟通,Look at the spaceship in this picture.,看看这张图片中的宇宙飞船。,[],结合常用释义整体记忆。先听老师读，再用自己的生活场景解释。,0,,https://www.cambridgeenglish.org/images/506887-b1-preliminary-vocabulary-list.pdf,'speisʃip,https://github.com/skywind3000/ECDICT,offline-materials,spaceship,transport,spaceship · 单词里的小故事,小乐和朋友观察一张出行图片，轮流指出里面的东西。看看这张图片中的宇宙飞船。小乐说：“Look at the spaceship in this picture.”朋友听懂了，也想起自己遇到过的事。,,Look at the __________ in this picture.,spaceship,看看这张图片中的宇宙飞船。,context,2026-09-v2,本地预制课堂素材；原创短句与场景模板,[],想象你也在这个场景里。用 spaceship 说一句自己的话。
sparkling,PET,3,闪闪发光的；闪烁的；闪烁着才华的,adj.,日常沟通,Would you like sparkling water?,你想要气泡水吗？,[],结合常用释义整体记忆。先听老师读，再用自己的生活场景解释。,0,,https://www.cambridgeenglish.org/images/506887-b1-preliminary-vocabulary-list.pdf,'spɑ:liŋ,https://github.com/skywind3000/ECDICT,offline-materials,sparkling,authored,sparkling · 单词里的小故事,小乐和朋友交换今天的小发现。你想要气泡水吗？小乐说：“Would you like sparkling water?”朋友听懂了，也想起自己遇到过的事。,,Would you like __________ water?,sparkling,你想要气泡水吗？,context,2026-09-v2,本地预制课堂素材；原创短句与场景模板,[],想象你也在这个场景里。用 sparkling 说一句自己的话。
specially,PET,2,特别地；专门地,adv.,日常沟通,I made this cake specially for you.,我特意为你做了这个蛋糕。,"[{""text"": ""special"", ""kind"": ""root"", ""meaning"": ""特别的""}, {""text"": ""-ly"", ""kind"": ""suffix"", ""meaning"": ""以……的方式（构成副词）"", ""story"": ""-ly 在古英语中有表示“像……的”的形容词形式，也有表示“以某种方式”的副词形式。今天同样的结尾仍有不同工作。先问它是在描写一个人或物，还是在说明怎样做事。"", ""source"": ""https://www.merriam-webster.com/dictionary/ly-""}]",先理解词基，再看词缀如何改变含义或词性。,0,,https://www.cambridgeenglish.org/images/506887-b1-preliminary-vocabulary-list.pdf,'speʃәli,https://github.com/skywind3000/ECDICT,offline-materials,specially,authored,specially · 单词里的小故事,小乐和朋友交换今天的小发现。我特意为你做了这个蛋糕。小乐说：“I made this cake specially for you.”朋友听懂了，也想起自己遇到过的事。,,I made this cake __________ for you.,specially,我特意为你做了这个蛋糕。,context,2026-09-v2,本地预制课堂素材；原创短句与场景模板,[],想象你也在这个场景里。用 specially 说一句自己的话。
species,PET,1,种；类；外形,n.,日常沟通,We talked about the species today.,我们今天谈到了种。,[],结合常用释义整体记忆。先听老师读，再用自己的生活场景解释。,0,,https://www.cambridgeenglish.org/images/506887-b1-preliminary-vocabulary-list.pdf,'spi:ʃiz,https://github.com/skywind3000/ECDICT,offline-materials,species,discussion,species · 单词里的小故事,小乐和朋友聊起今天的一件事。我们今天谈到了种。小乐说：“We talked about the species today.”朋友听懂了，也想起自己遇到过的事。,,We talked about the __________ today.,species,我们今天谈到了种。,context,2026-09-v2,本地预制课堂素材；原创短句与场景模板,[],想象你也在这个场景里。用 species 说一句自己的话。
spectacular,PET,2,公开展示的；惊人的；壮观的,adj.,日常沟通,The view is spectacular.,景色壮观。,[],结合常用释义整体记忆。先听老师读，再用自己的生活场景解释。,0,,https://www.cambridgeenglish.org/images/506887-b1-preliminary-vocabulary-list.pdf,spek'tækjulә,https://github.com/skywind3000/ECDICT,offline-materials,spectacular,authored,spectacular · 单词里的小故事,小乐和朋友交换今天的小发现。景色壮观。小乐说：“The view is spectacular.”朋友听懂了，也想起自己遇到过的事。,,The view is __________.,spectacular,景色壮观。,context,2026-09-v2,本地预制课堂素材；原创短句与场景模板,[],想象你也在这个场景里。用 spectacular 说一句自己的话。
speech,PET,1,演讲；说话；谈话,n.,日常沟通,We talked about the speech today.,我们今天谈到了演讲。,[],结合常用释义整体记忆。先听老师读，再用自己的生活场景解释。,0,,https://www.cambridgeenglish.org/images/506887-b1-preliminary-vocabulary-list.pdf,spi:tʃ,https://github.com/skywind3000/ECDICT,offline-materials,speech,discussion,speech · 单词里的小故事,小乐和朋友聊起今天的一件事。我们今天谈到了演讲。小乐说：“We talked about the speech today.”朋友听懂了，也想起自己遇到过的事。,,We talked about the __________ today.,speech,我们今天谈到了演讲。,context,2026-09-v2,本地预制课堂素材；原创短句与场景模板,[],想象你也在这个场景里。用 speech 说一句自己的话。
speed,PET,1,速率；速度；迅速,n.,日常沟通,We talked about the speed today.,我们今天谈到了速率。,[],结合常用释义整体记忆。先听老师读，再用自己的生活场景解释。,0,,https://www.cambridgeenglish.org/images/506887-b1-preliminary-vocabulary-list.pdf,spi:d,https://github.com/skywind3000/ECDICT,offline-materials,speed,discussion,speed · 单词里的小故事,小乐和朋友聊起今天的一件事。我们今天谈到了速率。小乐说：“We talked about the speed today.”朋友听懂了，也想起自己遇到过的事。,,We talked about the __________ today.,speed,我们今天谈到了速率。,context,2026-09-v2,本地预制课堂素材；原创短句与场景模板,[],想象你也在这个场景里。用 speed 说一句自己的话。
spice,PET,3,香料；药料；香气,n.,日常沟通,This spice tastes good.,这份香料味道很好。,"[{""text"": ""spice"", ""kind"": ""root"", ""meaning"": ""香料""}]",这个词本身可以作为词基，与相关派生词联系起来理解。,0,,https://www.cambridgeenglish.org/images/506887-b1-preliminary-vocabulary-list.pdf,spais,https://github.com/skywind3000/ECDICT,offline-materials,spice,food,spice · 单词里的小故事,小乐第一次给家人当小帮手，端出一份食物。这份香料味道很好。小乐说：“This spice tastes good.”朋友听懂了，也想起自己遇到过的事。,,This __________ tastes good.,spice,这份香料味道很好。,context,2026-09-v2,本地预制课堂素材；原创短句与场景模板,[],想象你也在这个场景里。用 spice 说一句自己的话。
spicy,PET,3,香的；多香料的；辛辣的,adj.,日常沟通,This food is too spicy for me.,这食物对我来说太辣了。,"[{""text"": ""spice"", ""kind"": ""root"", ""meaning"": ""香料""}, {""text"": ""-y"", ""kind"": ""suffix"", ""meaning"": ""有……特征的"", ""story"": ""表示特征的 -y 可以追溯到古英语的 -ig。它常帮助我们描述一个事物有什么特点。先看看词基指什么，再想想“有这种特点的”会是什么样子。"", ""source"": ""https://www.merriam-webster.com/dictionary/-y""}]",这是词基与派生词的关系。拼写发生了变化，请把本课目标单词完整写对；构词成分不是原词的逐字切片。,0,,https://www.cambridgeenglish.org/images/506887-b1-preliminary-vocabulary-list.pdf,'spaisi,https://github.com/skywind3000/ECDICT,offline-materials,spicy,authored,spicy · 单词里的小故事,小乐和朋友交换今天的小发现。这食物对我来说太辣了。小乐说：“This food is too spicy for me.”朋友听懂了，也想起自己遇到过的事。,,This food is too __________ for me.,spicy,这食物对我来说太辣了。,context,2026-09-v2,本地预制课堂素材；原创短句与场景模板,[],想象你也在这个场景里。用 spicy 说一句自己的话。
spill,PET,2,使溢出；使散落；洒,v.,日常沟通,Do not spill the milk.,不要把牛奶洒了。,[],结合常用释义整体记忆。先听老师读，再用自己的生活场景解释。,0,,https://www.cambridgeenglish.org/images/506887-b1-preliminary-vocabulary-list.pdf,spil,https://github.com/skywind3000/ECDICT,offline-materials,spill,authored,spill · 单词里的小故事,小乐和朋友交换今天的小发现。不要把牛奶洒了。小乐说：“Do not spill the milk.”朋友听懂了，也想起自己遇到过的事。,,Do not __________ the milk.,spill,不要把牛奶洒了。,context,2026-09-v2,本地预制课堂素材；原创短句与场景模板,[],想象你也在这个场景里。用 spill 说一句自己的话。
spinach,PET,3,菠菜；货币；胡说八道,n.,日常沟通,This spinach tastes good.,这份菠菜味道很好。,[],结合常用释义整体记忆。先听老师读，再用自己的生活场景解释。,0,,https://www.cambridgeenglish.org/images/506887-b1-preliminary-vocabulary-list.pdf,'spinitʃ,https://github.com/skywind3000/ECDICT,offline-materials,spinach,food,spinach · 单词里的小故事,小乐第一次给家人当小帮手，端出一份食物。这份菠菜味道很好。小乐说：“This spinach tastes good.”朋友听懂了，也想起自己遇到过的事。,,This __________ tastes good.,spinach,这份菠菜味道很好。,context,2026-09-v2,本地预制课堂素材；原创短句与场景模板,[],想象你也在这个场景里。用 spinach 说一句自己的话。
spite,PET,3,恶意（常见于 in spite of：尽管）,n.,日常沟通,We went out in spite of the rain.,尽管下雨了，我们还是出去了。,[],结合常用释义整体记忆。先听老师读，再用自己的生活场景解释。,0,,https://www.cambridgeenglish.org/images/506887-b1-preliminary-vocabulary-list.pdf,spait,常用义教学修订；原词典见 ECDICT-LICENSE.txt,offline-materials,spite,authored,spite · 单词里的小故事,小乐和朋友交换今天的小发现。尽管下雨了，我们还是出去了。小乐说：“We went out in spite of the rain.”朋友听懂了，也想起自己遇到过的事。,,We went out in __________ of the rain.,spite,尽管下雨了，我们还是出去了。,context,2026-09-v2,本地预制课堂素材；原创短句与场景模板,[],想象你也在这个场景里。用 spite 说一句自己的话。
split up,PET,3,分开；分成小组,phr v.,日常沟通,Let's split up into two teams.,我们分成两队吧。,[],结合常用释义整体记忆。先听老师读，再用自己的生活场景解释。,0,,https://www.cambridgeenglish.org/images/506887-b1-preliminary-vocabulary-list.pdf,split ʌp,常用义教学修订；原词典见 ECDICT-LICENSE.txt,offline-materials,split up,authored,split up · 单词里的小故事,小乐和朋友交换今天的小发现。我们分成两队吧。小乐说：“Let's split up into two teams.”朋友听懂了，也想起自己遇到过的事。,,Let's __________ into two teams.,split up,我们分成两队吧。,context,2026-09-v2,本地预制课堂素材；原创短句与场景模板,[],想象你也在这个场景里。用 split up 说一句自己的话。
spoil,PET,2,损坏；破坏；溺爱,v.,日常沟通,Rain could spoil our picnic.,下雨可能会破坏我们的野餐。,[],结合常用释义整体记忆。先听老师读，再用自己的生活场景解释。,0,,https://www.cambridgeenglish.org/images/506887-b1-preliminary-vocabulary-list.pdf,spɒil,https://github.com/skywind3000/ECDICT,offline-materials,spoil,authored,spoil · 单词里的小故事,小乐和朋友交换今天的小发现。下雨可能会破坏我们的野餐。小乐说：“Rain could spoil our picnic.”朋友听懂了，也想起自己遇到过的事。,,Rain could __________ our picnic.,spoil,下雨可能会破坏我们的野餐。,context,2026-09-v2,本地预制课堂素材；原创短句与场景模板,[],想象你也在这个场景里。用 spoil 说一句自己的话。
spot,PET,1,地点；斑点,n.,日常沟通,We talked about the spot today.,我们今天谈到了地点。,[],结合常用释义整体记忆。先听老师读，再用自己的生活场景解释。,0,,https://www.cambridgeenglish.org/images/506887-b1-preliminary-vocabulary-list.pdf,spɒt,常用义教学修订；原词典见 ECDICT-LICENSE.txt,offline-materials,spot,discussion,spot · 单词里的小故事,小乐和朋友聊起今天的一件事。我们今天谈到了地点。小乐说：“We talked about the spot today.”朋友听懂了，也想起自己遇到过的事。,,We talked about the __________ today.,spot,我们今天谈到了地点。,context,2026-09-v2,本地预制课堂素材；原创短句与场景模板,[],想象你也在这个场景里。用 spot 说一句自己的话。
spy,PET,2,间谍；侦探；侦察,n.,日常沟通,This story is about a spy.,这个故事讲的是一位间谍。,[],结合常用释义整体记忆。先听老师读，再用自己的生活场景解释。,0,,https://www.cambridgeenglish.org/images/506887-b1-preliminary-vocabulary-list.pdf,spai,https://github.com/skywind3000/ECDICT,offline-materials,spy,person,spy · 单词里的小故事,读书会轮到小乐介绍故事里的一个人物。这个故事讲的是一位间谍。小乐说：“This story is about a spy.”朋友听懂了，也想起自己遇到过的事。,,This story is about a __________.,spy,这个故事讲的是一位间谍。,context,2026-09-v2,本地预制课堂素材；原创短句与场景模板,[],想象你也在这个场景里。用 spy 说一句自己的话。
stall,PET,2,摊位,n.,日常沟通,We talked about the stall today.,我们今天谈到了摊位。,[],结合常用释义整体记忆。先听老师读，再用自己的生活场景解释。,0,,https://www.cambridgeenglish.org/images/506887-b1-preliminary-vocabulary-list.pdf,stɒ:l,常用义教学修订；原词典见 ECDICT-LICENSE.txt,offline-materials,stall,discussion,stall · 单词里的小故事,小乐和朋友聊起今天的一件事。我们今天谈到了摊位。小乐说：“We talked about the stall today.”朋友听懂了，也想起自己遇到过的事。,,We talked about the __________ today.,stall,我们今天谈到了摊位。,context,2026-09-v2,本地预制课堂素材；原创短句与场景模板,[],想象你也在这个场景里。用 stall 说一句自己的话。
statue,PET,2,雕像,n.,日常沟通,We need the statue today.,我们今天需要雕像。,[],结合常用释义整体记忆。先听老师读，再用自己的生活场景解释。,0,,https://www.cambridgeenglish.org/images/506887-b1-preliminary-vocabulary-list.pdf,'stætju,https://github.com/skywind3000/ECDICT,offline-materials,statue,equipment,statue · 单词里的小故事,班级活动开始前，小乐负责核对需要的东西。我们今天需要雕像。小乐说：“We need the statue today.”朋友听懂了，也想起自己遇到过的事。,,We need the __________ today.,statue,我们今天需要雕像。,context,2026-09-v2,本地预制课堂素材；原创短句与场景模板,[],想象你也在这个场景里。用 statue 说一句自己的话。
stay behind,PET,2,留下来,phr. v.,日常沟通,I will stay behind to help.,我会留下来帮忙。,[],作为一个常用表达整体理解，先跟读再结合场景练习。,0,,https://www.cambridgeenglish.org/images/506887-b1-preliminary-vocabulary-list.pdf,,原创课堂释义,offline-materials,stay behind,authored,stay behind · 单词里的小故事,小乐和朋友交换今天的小发现。我会留下来帮忙。小乐说：“I will stay behind to help.”朋友听懂了，也想起自己遇到过的事。,,I will __________ to help.,stay behind,我会留下来帮忙。,context,2026-09-v2,本地预制课堂素材；原创短句与场景模板,[],想象你也在这个场景里。用 stay behind 说一句自己的话。
steep,PET,2,陡峭的,adj.,日常沟通,The hill is very steep.,这座山很陡。,[],结合常用释义整体记忆。先听老师读，再用自己的生活场景解释。,0,,https://www.cambridgeenglish.org/images/506887-b1-preliminary-vocabulary-list.pdf,sti:p,常用义教学修订；原词典见 ECDICT-LICENSE.txt,offline-materials,steep,authored,steep · 单词里的小故事,小乐和朋友交换今天的小发现。这座山很陡。小乐说：“The hill is very steep.”朋友听懂了，也想起自己遇到过的事。,,The hill is very __________.,steep,这座山很陡。,context,2026-09-v2,本地预制课堂素材；原创短句与场景模板,[],想象你也在这个场景里。用 steep 说一句自己的话。
step,PET,1,步骤；步；步幅,n.,日常沟通,We talked about the step today.,我们今天谈到了步骤。,[],结合常用释义整体记忆。先听老师读，再用自己的生活场景解释。,0,,https://www.cambridgeenglish.org/images/506887-b1-preliminary-vocabulary-list.pdf,step,https://github.com/skywind3000/ECDICT,offline-materials,step,discussion,step · 单词里的小故事,小乐和朋友聊起今天的一件事。我们今天谈到了步骤。小乐说：“We talked about the step today.”朋友听懂了，也想起自己遇到过的事。,,We talked about the __________ today.,step,我们今天谈到了步骤。,context,2026-09-v2,本地预制课堂素材；原创短句与场景模板,[],想象你也在这个场景里。用 step 说一句自己的话。
step forward,PET,3,向前走；站出来；迈步,v.,日常沟通,Please step forward when I call your name.,我叫到你的名字时请向前一步。,[],结合常用释义整体记忆。先听老师读，再用自己的生活场景解释。,0,,https://www.cambridgeenglish.org/images/506887-b1-preliminary-vocabulary-list.pdf,step ˈfɔ:wəd,https://github.com/skywind3000/ECDICT,offline-materials,step forward,authored,step forward · 单词里的小故事,小乐和朋友交换今天的小发现。我叫到你的名字时请向前一步。小乐说：“Please step forward when I call your name.”朋友听懂了，也想起自己遇到过的事。,,Please __________ when I call your name.,step forward,我叫到你的名字时请向前一步。,context,2026-09-v2,本地预制课堂素材；原创短句与场景模板,[],想象你也在这个场景里。用 step forward 说一句自己的话。
step over,PET,2,跨过,phr. v.,日常沟通,Please step over the small branch.,请跨过这根小树枝。,[],结合例句和场景整体记忆。,0,,https://www.cambridgeenglish.org/images/506887-b1-preliminary-vocabulary-list.pdf,,原创课堂释义与例句,offline-materials,step over,authored,step over · 单词里的小故事,小乐和朋友交换今天的小发现。请跨过这根小树枝。小乐说：“Please step over the small branch.”朋友听懂了，也想起自己遇到过的事。,,Please __________ the small branch.,step over,请跨过这根小树枝。,context,2026-09-v2,本地预制课堂素材；原创短句与场景模板,[],想象你也在这个场景里。用 step over 说一句自己的话。
stick,PET,1,棍子；粘贴,n; v.,日常沟通,We talked about the stick today.,我们今天谈到了棍子。,[],结合常用释义整体记忆。先听老师读，再用自己的生活场景解释。,0,,https://www.cambridgeenglish.org/images/506887-b1-preliminary-vocabulary-list.pdf,stik,常用义教学修订；原词典见 ECDICT-LICENSE.txt,offline-materials,stick,discussion,stick · 单词里的小故事,小乐和朋友聊起今天的一件事。我们今天谈到了棍子。小乐说：“We talked about the stick today.”朋友听懂了，也想起自己遇到过的事。,,We talked about the __________ today.,stick,我们今天谈到了棍子。,context,2026-09-v2,本地预制课堂素材；原创短句与场景模板,[],想象你也在这个场景里。用 stick 说一句自己的话。
sticky,PET,2,粘的；有粘性的；顽固的,adj.,日常沟通,This box is sticky.,这个盒子是粘的。,[],结合常用释义整体记忆。先听老师读，再用自己的生活场景解释。,0,,https://www.cambridgeenglish.org/images/506887-b1-preliminary-vocabulary-list.pdf,'stiki,https://github.com/skywind3000/ECDICT,offline-materials,sticky,object-quality,sticky · 单词里的小故事,朋友闭上眼睛，让小乐描述面前的盒子。这个盒子是粘的。小乐说：“This box is sticky.”朋友听懂了，也想起自己遇到过的事。,,This box is __________.,sticky,这个盒子是粘的。,context,2026-09-v2,本地预制课堂素材；原创短句与场景模板,[],想象你也在这个场景里。用 sticky 说一句自己的话。
stir,PET,2,移动；摇动；激起,v.,日常沟通,Stir the soup with a spoon.,用勺子搅一搅汤。,[],结合常用释义整体记忆。先听老师读，再用自己的生活场景解释。,0,,https://www.cambridgeenglish.org/images/506887-b1-preliminary-vocabulary-list.pdf,stә:,https://github.com/skywind3000/ECDICT,offline-materials,stir,authored,stir · 单词里的小故事,小乐和朋友交换今天的小发现。用勺子搅一搅汤。小乐说：“Stir the soup with a spoon.”朋友听懂了，也想起自己遇到过的事。,,__________ the soup with a spoon.,Stir,用勺子搅一搅汤。,context,2026-09-v2,本地预制课堂素材；原创短句与场景模板,[],想象你也在这个场景里。用 stir 说一句自己的话。
stone,PET,1,石头；宝石；果核,n.,日常沟通,We need the stone today.,我们今天需要石头。,[],结合常用释义整体记忆。先听老师读，再用自己的生活场景解释。,0,,https://www.cambridgeenglish.org/images/506887-b1-preliminary-vocabulary-list.pdf,stәun,https://github.com/skywind3000/ECDICT,offline-materials,stone,equipment,stone · 单词里的小故事,班级活动开始前，小乐负责核对需要的东西。我们今天需要石头。小乐说：“We need the stone today.”朋友听懂了，也想起自己遇到过的事。,,We need the __________ today.,stone,我们今天需要石头。,context,2026-09-v2,本地预制课堂素材；原创短句与场景模板,[],想象你也在这个场景里。用 stone 说一句自己的话。
stranger,PET,2,陌生人；门外汉,n.,日常沟通,This story is about a stranger.,这个故事讲的是一位陌生人。,[],结合常用释义整体记忆。先听老师读，再用自己的生活场景解释。,0,,https://www.cambridgeenglish.org/images/506887-b1-preliminary-vocabulary-list.pdf,'streindʒә,https://github.com/skywind3000/ECDICT,offline-materials,stranger,person,stranger · 单词里的小故事,读书会轮到小乐介绍故事里的一个人物。这个故事讲的是一位陌生人。小乐说：“This story is about a stranger.”朋友听懂了，也想起自己遇到过的事。,,This story is about a __________.,stranger,这个故事讲的是一位陌生人。,context,2026-09-v2,本地预制课堂素材；原创短句与场景模板,[],想象你也在这个场景里。用 stranger 说一句自己的话。
stream,PET,2,水流；小河；流出,n.,日常沟通,We visited the stream today.,我们今天参观了水流。,[],结合常用释义整体记忆。先听老师读，再用自己的生活场景解释。,0,,https://www.cambridgeenglish.org/images/506887-b1-preliminary-vocabulary-list.pdf,stri:m,https://github.com/skywind3000/ECDICT,offline-materials,stream,place,stream · 单词里的小故事,小乐把今天的外出经历记进了日记。我们今天参观了水流。小乐说：“We visited the stream today.”朋友听懂了，也想起自己遇到过的事。,,We visited the __________ today.,stream,我们今天参观了水流。,context,2026-09-v2,本地预制课堂素材；原创短句与场景模板,[],想象你也在这个场景里。用 stream 说一句自己的话。
stress,PET,2,压力；紧迫；强调,n.,日常沟通,We talked about the stress today.,我们今天谈到了压力。,[],结合常用释义整体记忆。先听老师读，再用自己的生活场景解释。,0,,https://www.cambridgeenglish.org/images/506887-b1-preliminary-vocabulary-list.pdf,stres,https://github.com/skywind3000/ECDICT,offline-materials,stress,discussion,stress · 单词里的小故事,小乐和朋友聊起今天的一件事。我们今天谈到了压力。小乐说：“We talked about the stress today.”朋友听懂了，也想起自己遇到过的事。,,We talked about the __________ today.,stress,我们今天谈到了压力。,context,2026-09-v2,本地预制课堂素材；原创短句与场景模板,[],想象你也在这个场景里。用 stress 说一句自己的话。
stressed,PET,3,感到有压力的；紧张的,adj.,日常沟通,I feel stressed today.,我今天感到感到有压力的。,[],结合常用释义整体记忆。先听老师读，再用自己的生活场景解释。,0,,https://www.cambridgeenglish.org/images/506887-b1-preliminary-vocabulary-list.pdf,,https://github.com/skywind3000/ECDICT,offline-materials,stressed,feeling,stressed · 单词里的小故事,老师请大家用一个词说说今天的感受，小乐先举了手。我今天感到感到有压力的。小乐说：“I feel stressed today.”朋友听懂了，也想起自己遇到过的事。,,I feel __________ today.,stressed,我今天感到感到有压力的。,context,2026-09-v2,本地预制课堂素材；原创短句与场景模板,[],想象你也在这个场景里。用 stressed 说一句自己的话。
stressful,PET,3,着重；强调；重读,adj.,日常沟通,It was a stressful day.,那是充满压力的一天。,[],结合常用释义整体记忆。先听老师读，再用自己的生活场景解释。,0,,https://www.cambridgeenglish.org/images/506887-b1-preliminary-vocabulary-list.pdf,,https://github.com/skywind3000/ECDICT,offline-materials,stressful,authored,stressful · 单词里的小故事,小乐和朋友交换今天的小发现。那是充满压力的一天。小乐说：“It was a stressful day.”朋友听懂了，也想起自己遇到过的事。,,It was a __________ day.,stressful,那是充满压力的一天。,context,2026-09-v2,本地预制课堂素材；原创短句与场景模板,[],想象你也在这个场景里。用 stressful 说一句自己的话。
strict,PET,2,严厉的；绝对的；详尽的,adj.,日常沟通,The person in the story is strict.,故事里的那个人是严厉的。,[],结合常用释义整体记忆。先听老师读，再用自己的生活场景解释。,0,,https://www.cambridgeenglish.org/images/506887-b1-preliminary-vocabulary-list.pdf,strikt,https://github.com/skywind3000/ECDICT,offline-materials,strict,person-quality,strict · 单词里的小故事,同学们在给故事人物选词卡，小乐找到了合适的一张。故事里的那个人是严厉的。小乐说：“The person in the story is strict.”朋友听懂了，也想起自己遇到过的事。,,The person in the story is __________.,strict,故事里的那个人是严厉的。,context,2026-09-v2,本地预制课堂素材；原创短句与场景模板,[],想象你也在这个场景里。用 strict 说一句自己的话。
strike,PET,1,打击；罢工,n; v.,日常沟通,We talked about the strike today.,我们今天谈到了打击。,[],结合常用释义整体记忆。先听老师读，再用自己的生活场景解释。,0,,https://www.cambridgeenglish.org/images/506887-b1-preliminary-vocabulary-list.pdf,straik,常用义教学修订；原词典见 ECDICT-LICENSE.txt,offline-materials,strike,discussion,strike · 单词里的小故事,小乐和朋友聊起今天的一件事。我们今天谈到了打击。小乐说：“We talked about the strike today.”朋友听懂了，也想起自己遇到过的事。,,We talked about the __________ today.,strike,我们今天谈到了打击。,context,2026-09-v2,本地预制课堂素材；原创短句与场景模板,[],想象你也在这个场景里。用 strike 说一句自己的话。
stripe,PET,3,斑纹；条纹,n.,日常沟通,We talked about the stripe today.,我们今天谈到了斑纹。,[],结合常用释义整体记忆。先听老师读，再用自己的生活场景解释。,0,,https://www.cambridgeenglish.org/images/506887-b1-preliminary-vocabulary-list.pdf,straip,https://github.com/skywind3000/ECDICT,offline-materials,stripe,discussion,stripe · 单词里的小故事,小乐和朋友聊起今天的一件事。我们今天谈到了斑纹。小乐说：“We talked about the stripe today.”朋友听懂了，也想起自己遇到过的事。,,We talked about the __________ today.,stripe,我们今天谈到了斑纹。,context,2026-09-v2,本地预制课堂素材；原创短句与场景模板,[],想象你也在这个场景里。用 stripe 说一句自己的话。
studio,PET,1,工作室,n.,日常沟通,We visited the studio today.,我们今天参观了工作室。,[],结合常用释义整体记忆。先听老师读，再用自己的生活场景解释。,0,,https://www.cambridgeenglish.org/images/506887-b1-preliminary-vocabulary-list.pdf,'stju:diәu,常用义教学修订；原词典见 ECDICT-LICENSE.txt,offline-materials,studio,place,studio · 单词里的小故事,小乐把今天的外出经历记进了日记。我们今天参观了工作室。小乐说：“We visited the studio today.”朋友听懂了，也想起自己遇到过的事。,,We visited the __________ today.,studio,我们今天参观了工作室。,context,2026-09-v2,本地预制课堂素材；原创短句与场景模板,[],想象你也在这个场景里。用 studio 说一句自己的话。
stupid,PET,2,愚蠢的；麻木的,adj.,日常沟通,The person in the story is stupid.,故事里的那个人是愚蠢的。,[],结合常用释义整体记忆。先听老师读，再用自己的生活场景解释。,0,,https://www.cambridgeenglish.org/images/506887-b1-preliminary-vocabulary-list.pdf,'stju:pid,https://github.com/skywind3000/ECDICT,offline-materials,stupid,person-quality,stupid · 单词里的小故事,同学们在给故事人物选词卡，小乐找到了合适的一张。故事里的那个人是愚蠢的。小乐说：“The person in the story is stupid.”朋友听懂了，也想起自己遇到过的事。,,The person in the story is __________.,stupid,故事里的那个人是愚蠢的。,context,2026-09-v2,本地预制课堂素材；原创短句与场景模板,[],想象你也在这个场景里。用 stupid 说一句自己的话。
style,PET,1,风格；时尚；文体,n.,日常沟通,We talked about the style today.,我们今天谈到了风格。,[],结合常用释义整体记忆。先听老师读，再用自己的生活场景解释。,0,,https://www.cambridgeenglish.org/images/506887-b1-preliminary-vocabulary-list.pdf,stail,https://github.com/skywind3000/ECDICT,offline-materials,style,discussion,style · 单词里的小故事,小乐和朋友聊起今天的一件事。我们今天谈到了风格。小乐说：“We talked about the style today.”朋友听懂了，也想起自己遇到过的事。,,We talked about the __________ today.,style,我们今天谈到了风格。,context,2026-09-v2,本地预制课堂素材；原创短句与场景模板,[],想象你也在这个场景里。用 style 说一句自己的话。
stylish,PET,3,现代风格的；流行的；潇洒的,adj.,日常沟通,She has a stylish coat.,她有一件时髦的外套。,[],结合常用释义整体记忆。先听老师读，再用自己的生活场景解释。,0,,https://www.cambridgeenglish.org/images/506887-b1-preliminary-vocabulary-list.pdf,'stailiʃ,https://github.com/skywind3000/ECDICT,offline-materials,stylish,authored,stylish · 单词里的小故事,小乐和朋友交换今天的小发现。她有一件时髦的外套。小乐说：“She has a stylish coat.”朋友听懂了，也想起自己遇到过的事。,,She has a __________ coat.,stylish,她有一件时髦的外套。,context,2026-09-v2,本地预制课堂素材；原创短句与场景模板,[],想象你也在这个场景里。用 stylish 说一句自己的话。
subtract,PET,3,减去；扣掉；减少,v.,日常沟通,Subtract two from five to get three.,五减二得三。,[],结合常用释义整体记忆。先听老师读，再用自己的生活场景解释。,0,,https://www.cambridgeenglish.org/images/506887-b1-preliminary-vocabulary-list.pdf,sәb'trækt,https://github.com/skywind3000/ECDICT,offline-materials,subtract,authored,subtract · 单词里的小故事,小乐和朋友交换今天的小发现。五减二得三。小乐说：“Subtract two from five to get three.”朋友听懂了，也想起自己遇到过的事。,,__________ two from five to get three.,Subtract,五减二得三。,context,2026-09-v2,本地预制课堂素材；原创短句与场景模板,[],想象你也在这个场景里。用 subtract 说一句自己的话。
subway,PET,3,地铁；地道,n.,日常沟通,Look at the subway in this picture.,看看这张图片中的地铁。,[],结合常用释义整体记忆。先听老师读，再用自己的生活场景解释。,0,,https://www.cambridgeenglish.org/images/506887-b1-preliminary-vocabulary-list.pdf,'sʌbwei,https://github.com/skywind3000/ECDICT,offline-materials,subway,transport,subway · 单词里的小故事,小乐和朋友观察一张出行图片，轮流指出里面的东西。看看这张图片中的地铁。小乐说：“Look at the subway in this picture.”朋友听懂了，也想起自己遇到过的事。,,Look at the __________ in this picture.,subway,看看这张图片中的地铁。,context,2026-09-v2,本地预制课堂素材；原创短句与场景模板,[],想象你也在这个场景里。用 subway 说一句自己的话。
succeed,PET,1,成功；继承；继续,v.,日常沟通,Keep trying and you can succeed.,继续尝试，你会成功。,[],结合常用释义整体记忆。先听老师读，再用自己的生活场景解释。,0,,https://www.cambridgeenglish.org/images/506887-b1-preliminary-vocabulary-list.pdf,sәk'si:d,https://github.com/skywind3000/ECDICT,offline-materials,succeed,authored,succeed · 单词里的小故事,小乐和朋友交换今天的小发现。继续尝试，你会成功。小乐说：“Keep trying and you can succeed.”朋友听懂了，也想起自己遇到过的事。,,Keep trying and you can __________.,succeed,继续尝试，你会成功。,context,2026-09-v2,本地预制课堂素材；原创短句与场景模板,[],想象你也在这个场景里。用 succeed 说一句自己的话。
sudden,PET,2,突然的；意外的；快速的,adj.,日常沟通,There was a sudden noise.,突然传来一阵声响。,[],结合常用释义整体记忆。先听老师读，再用自己的生活场景解释。,0,,https://www.cambridgeenglish.org/images/506887-b1-preliminary-vocabulary-list.pdf,'sʌdn,https://github.com/skywind3000/ECDICT,offline-materials,sudden,authored,sudden · 单词里的小故事,小乐和朋友交换今天的小发现。突然传来一阵声响。小乐说：“There was a sudden noise.”朋友听懂了，也想起自己遇到过的事。,,There was a __________ noise.,sudden,突然传来一阵声响。,context,2026-09-v2,本地预制课堂素材；原创短句与场景模板,[],想象你也在这个场景里。用 sudden 说一句自己的话。
suffer,PET,1,遭受；经历；忍受,v.,日常沟通,Some people suffer from back pain.,有些人受背痛困扰。,[],结合常用释义整体记忆。先听老师读，再用自己的生活场景解释。,0,,https://www.cambridgeenglish.org/images/506887-b1-preliminary-vocabulary-list.pdf,'sʌfә,https://github.com/skywind3000/ECDICT,offline-materials,suffer,authored,suffer · 单词里的小故事,小乐和朋友交换今天的小发现。有些人受背痛困扰。小乐说：“Some people suffer from back pain.”朋友听懂了，也想起自己遇到过的事。,,Some people __________ from back pain.,suffer,有些人受背痛困扰。,context,2026-09-v2,本地预制课堂素材；原创短句与场景模板,[],想象你也在这个场景里。用 suffer 说一句自己的话。
suitable,PET,1,合适的,adj.,日常沟通,These shoes are suitable for walking.,这双鞋适合走路。,"[{""text"": ""suit"", ""kind"": ""root"", ""meaning"": ""适合""}, {""text"": ""-able"", ""kind"": ""suffix"", ""meaning"": ""可以……的；适合……的"", ""story"": ""-able 经由法语进入英语，更早来自拉丁语的后缀形式。它常告诉我们“可以被这样做”或“适合这样做”。先认出动作，再想一想，这个东西能不能接受这个动作。"", ""source"": ""https://www.merriam-webster.com/dictionary/able""}]",先理解词基，再看词缀如何改变含义或词性。,0,,https://www.cambridgeenglish.org/images/506887-b1-preliminary-vocabulary-list.pdf,'sju:tәbl,原创课堂释义与例句,offline-materials,suitable,authored,suitable · 单词里的小故事,小乐和朋友交换今天的小发现。这双鞋适合走路。小乐说：“These shoes are suitable for walking.”朋友听懂了，也想起自己遇到过的事。,,These shoes are __________ for walking.,suitable,这双鞋适合走路。,context,2026-09-v2,本地预制课堂素材；原创短句与场景模板,"[{""en"": ""Is this film suitable for children?"", ""zh"": ""这部电影适合孩子看吗？""}]",想象你也在这个场景里。用 suitable 说一句自己的话。
sum,PET,1,总数；金额,n.,日常沟通,We talked about the sum today.,我们今天谈到了总数。,[],结合常用释义整体记忆。先听老师读，再用自己的生活场景解释。,0,,https://www.cambridgeenglish.org/images/506887-b1-preliminary-vocabulary-list.pdf,sʌm,常用义教学修订；原词典见 ECDICT-LICENSE.txt,offline-materials,sum,discussion,sum · 单词里的小故事,小乐和朋友聊起今天的一件事。我们今天谈到了总数。小乐说：“We talked about the sum today.”朋友听懂了，也想起自己遇到过的事。,,We talked about the __________ today.,sum,我们今天谈到了总数。,context,2026-09-v2,本地预制课堂素材；原创短句与场景模板,[],想象你也在这个场景里。用 sum 说一句自己的话。
sunbathe,PET,3,日光浴,v.,日常沟通,They like to sunbathe by the pool.,他们喜欢在泳池边晒太阳。,[],结合常用释义整体记忆。先听老师读，再用自己的生活场景解释。,0,,https://www.cambridgeenglish.org/images/506887-b1-preliminary-vocabulary-list.pdf,'sʌnbeið,https://github.com/skywind3000/ECDICT,offline-materials,sunbathe,authored,sunbathe · 单词里的小故事,小乐和朋友交换今天的小发现。他们喜欢在泳池边晒太阳。小乐说：“They like to sunbathe by the pool.”朋友听懂了，也想起自己遇到过的事。,,They like to __________ by the pool.,sunbathe,他们喜欢在泳池边晒太阳。,context,2026-09-v2,本地预制课堂素材；原创短句与场景模板,[],想象你也在这个场景里。用 sunbathe 说一句自己的话。
sunrise,PET,3,日出；黎明；拂晓,n.,日常沟通,We talked about the sunrise today.,我们今天谈到了日出。,"[{""text"": ""sun"", ""kind"": ""compound"", ""meaning"": ""太阳""}, {""text"": ""rise"", ""kind"": ""compound"", ""meaning"": ""升起""}]",两个已有成分组合成一个词。结合它们的意思理解整体词义，但不要把这种现代拆分当作完整的历史词源。,0,,https://www.cambridgeenglish.org/images/506887-b1-preliminary-vocabulary-list.pdf,'sʌnraiz,https://github.com/skywind3000/ECDICT,offline-materials,sunrise,nature,sunrise · 单词里的小故事,小乐观察完身边的世界，回教室讲了一件事。我们今天谈到了日出。小乐说：“We talked about the sunrise today.”朋友听懂了，也想起自己遇到过的事。,,We talked about the __________ today.,sunrise,我们今天谈到了日出。,context,2026-09-v2,本地预制课堂素材；原创短句与场景模板,[],想象你也在这个场景里。用 sunrise 说一句自己的话。
sunset,PET,3,日落；晚年,n.,日常沟通,We talked about the sunset today.,我们今天谈到了日落。,"[{""text"": ""sun"", ""kind"": ""compound"", ""meaning"": ""太阳""}, {""text"": ""set"", ""kind"": ""compound"", ""meaning"": ""落下""}]",两个已有成分组合成一个词。结合它们的意思理解整体词义，但不要把这种现代拆分当作完整的历史词源。,0,,https://www.cambridgeenglish.org/images/506887-b1-preliminary-vocabulary-list.pdf,'sʌnset,https://github.com/skywind3000/ECDICT,offline-materials,sunset,nature,sunset · 单词里的小故事,小乐观察完身边的世界，回教室讲了一件事。我们今天谈到了日落。小乐说：“We talked about the sunset today.”朋友听懂了，也想起自己遇到过的事。,,We talked about the __________ today.,sunset,我们今天谈到了日落。,context,2026-09-v2,本地预制课堂素材；原创短句与场景模板,[],想象你也在这个场景里。用 sunset 说一句自己的话。
sunshine,PET,2,阳光；光明；晴天,n.,日常沟通,We talked about the sunshine today.,我们今天谈到了阳光。,"[{""text"": ""sun"", ""kind"": ""compound"", ""meaning"": ""太阳""}, {""text"": ""shine"", ""kind"": ""compound"", ""meaning"": ""照耀""}]",两个已有成分组合成一个词。结合它们的意思理解整体词义，但不要把这种现代拆分当作完整的历史词源。,0,,https://www.cambridgeenglish.org/images/506887-b1-preliminary-vocabulary-list.pdf,'sʌnʃain,https://github.com/skywind3000/ECDICT,offline-materials,sunshine,nature,sunshine · 单词里的小故事,小乐观察完身边的世界，回教室讲了一件事。我们今天谈到了阳光。小乐说：“We talked about the sunshine today.”朋友听懂了，也想起自己遇到过的事。,,We talked about the __________ today.,sunshine,我们今天谈到了阳光。,context,2026-09-v2,本地预制课堂素材；原创短句与场景模板,"[{""en"": ""Let's sit outside and enjoy the sunshine."", ""zh"": ""我们坐在外面享受阳光吧。""}]",想象你也在这个场景里。用 sunshine 说一句自己的话。
superhero,PET,3,超级英雄,n.,日常沟通,This story is about a superhero.,这个故事讲的是一位超级英雄。,[],结合常用释义整体记忆。先听老师读，再用自己的生活场景解释。,0,,https://www.cambridgeenglish.org/images/506887-b1-preliminary-vocabulary-list.pdf,"'sju:pә,hiәrәj",https://github.com/skywind3000/ECDICT,offline-materials,superhero,person,superhero · 单词里的小故事,读书会轮到小乐介绍故事里的一个人物。这个故事讲的是一位超级英雄。小乐说：“This story is about a superhero.”朋友听懂了，也想起自己遇到过的事。,,This story is about a __________.,superhero,这个故事讲的是一位超级英雄。,context,2026-09-v2,本地预制课堂素材；原创短句与场景模板,[],想象你也在这个场景里。用 superhero 说一句自己的话。
supply,PET,1,补给；供给；提供,v.,日常沟通,This farm will supply milk to the school.,这个农场会给学校供应牛奶。,[],结合常用释义整体记忆。先听老师读，再用自己的生活场景解释。,0,,https://www.cambridgeenglish.org/images/506887-b1-preliminary-vocabulary-list.pdf,sә'plai,https://github.com/skywind3000/ECDICT,offline-materials,supply,authored,supply · 单词里的小故事,小乐和朋友交换今天的小发现。这个农场会给学校供应牛奶。小乐说：“This farm will supply milk to the school.”朋友听懂了，也想起自己遇到过的事。,,This farm will __________ milk to the school.,supply,这个农场会给学校供应牛奶。,context,2026-09-v2,本地预制课堂素材；原创短句与场景模板,[],想象你也在这个场景里。用 supply 说一句自己的话。
support,PET,1,支持；支撑；援助,n; v.,日常沟通,We talked about the support today.,我们今天谈到了支持。,"[{""text"": ""support"", ""kind"": ""root"", ""meaning"": ""支持""}]",这个词本身可以作为词基，与相关派生词联系起来理解。,0,,https://www.cambridgeenglish.org/images/506887-b1-preliminary-vocabulary-list.pdf,sә'pɒ:t,https://github.com/skywind3000/ECDICT,offline-materials,support,discussion,support · 单词里的小故事,小乐和朋友聊起今天的一件事。我们今天谈到了支持。小乐说：“We talked about the support today.”朋友听懂了，也想起自己遇到过的事。,,We talked about the __________ today.,support,我们今天谈到了支持。,context,2026-09-v2,本地预制课堂素材；原创短句与场景模板,[],想象你也在这个场景里。用 support 说一句自己的话。
supporter,PET,2,支持者,n.,日常沟通,This story is about a supporter.,这个故事讲的是一位支持者。,"[{""text"": ""support"", ""kind"": ""root"", ""meaning"": ""支持""}, {""text"": ""-er"", ""kind"": ""suffix"", ""meaning"": ""做某事的人或物"", ""story"": ""表示做事者的 -er 有古英语 -ere 等历史来源。它常把动作变成做这个动作的人或工具。先找到动作，再问“谁来做”，就能串起一组词。比较级里的 -er 是另一种用法。"", ""source"": ""https://www.merriam-webster.com/dictionary/-er""}]",先理解词基，再看词缀如何改变含义或词性。,0,,https://www.cambridgeenglish.org/images/506887-b1-preliminary-vocabulary-list.pdf,sә'pɒ:tә,常用义教学修订；原词典见 ECDICT-LICENSE.txt,offline-materials,supporter,person,supporter · 单词里的小故事,读书会轮到小乐介绍故事里的一个人物。这个故事讲的是一位支持者。小乐说：“This story is about a supporter.”朋友听懂了，也想起自己遇到过的事。,,This story is about a __________.,supporter,这个故事讲的是一位支持者。,context,2026-09-v2,本地预制课堂素材；原创短句与场景模板,[],想象你也在这个场景里。用 supporter 说一句自己的话。
surround,PET,1,包围；环绕；围绕,v.,日常沟通,Tall trees surround the house.,大树围绕着房子。,[],结合常用释义整体记忆。先听老师读，再用自己的生活场景解释。,0,,https://www.cambridgeenglish.org/images/506887-b1-preliminary-vocabulary-list.pdf,sә'raund,https://github.com/skywind3000/ECDICT,offline-materials,surround,authored,surround · 单词里的小故事,小乐和朋友交换今天的小发现。大树围绕着房子。小乐说：“Tall trees surround the house.”朋友听懂了，也想起自己遇到过的事。,,Tall trees __________ the house.,surround,大树围绕着房子。,context,2026-09-v2,本地预制课堂素材；原创短句与场景模板,[],想象你也在这个场景里。用 surround 说一句自己的话。
sweatshirt,PET,3,园领长袖运动衫,n.,日常沟通,I like your sweatshirt.,我喜欢你的园领长袖运动衫。,"[{""text"": ""sweat"", ""kind"": ""compound"", ""meaning"": ""汗""}, {""text"": ""shirt"", ""kind"": ""compound"", ""meaning"": ""衬衫""}]",两个已有成分组合成一个词。结合它们的意思理解整体词义，但不要把这种现代拆分当作完整的历史词源。,0,,https://www.cambridgeenglish.org/images/506887-b1-preliminary-vocabulary-list.pdf,,https://github.com/skywind3000/ECDICT,offline-materials,sweatshirt,clothes,sweatshirt · 单词里的小故事,出门前，小乐注意到了朋友的穿着。我喜欢你的园领长袖运动衫。小乐说：“I like your sweatshirt.”朋友听懂了，也想起自己遇到过的事。,,I like your __________.,sweatshirt,我喜欢你的园领长袖运动衫。,context,2026-09-v2,本地预制课堂素材；原创短句与场景模板,[],想象你也在这个场景里。用 sweatshirt 说一句自己的话。
swimmer,PET,3,游泳者,n.,日常沟通,We talked about the swimmer today.,我们今天谈到了游泳者。,"[{""text"": ""swim"", ""kind"": ""root"", ""meaning"": ""游泳""}, {""text"": ""-er"", ""kind"": ""suffix"", ""meaning"": ""做某事的人或物"", ""story"": ""表示做事者的 -er 有古英语 -ere 等历史来源。它常把动作变成做这个动作的人或工具。先找到动作，再问“谁来做”，就能串起一组词。比较级里的 -er 是另一种用法。"", ""source"": ""https://www.merriam-webster.com/dictionary/-er""}]",这是词基与派生词的关系。拼写发生了变化，请把本课目标单词完整写对；构词成分不是原词的逐字切片。,0,,https://www.cambridgeenglish.org/images/506887-b1-preliminary-vocabulary-list.pdf,'swimә,https://github.com/skywind3000/ECDICT,offline-materials,swimmer,discussion,swimmer · 单词里的小故事,小乐和朋友聊起今天的一件事。我们今天谈到了游泳者。小乐说：“We talked about the swimmer today.”朋友听懂了，也想起自己遇到过的事。,,We talked about the __________ today.,swimmer,我们今天谈到了游泳者。,context,2026-09-v2,本地预制课堂素材；原创短句与场景模板,[],想象你也在这个场景里。用 swimmer 说一句自己的话。
switch,PET,1,开关；电闸；转换,n; v.,日常沟通,We need the switch today.,我们今天需要开关。,[],结合常用释义整体记忆。先听老师读，再用自己的生活场景解释。,0,,https://www.cambridgeenglish.org/images/506887-b1-preliminary-vocabulary-list.pdf,switʃ,https://github.com/skywind3000/ECDICT,offline-materials,switch,equipment,switch · 单词里的小故事,班级活动开始前，小乐负责核对需要的东西。我们今天需要开关。小乐说：“We need the switch today.”朋友听懂了，也想起自己遇到过的事。,,We need the __________ today.,switch,我们今天需要开关。,context,2026-09-v2,本地预制课堂素材；原创短句与场景模板,[],想象你也在这个场景里。用 switch 说一句自己的话。
system,PET,1,系统；体系；制度,n.,日常沟通,We talked about the system today.,我们今天谈到了系统。,[],结合常用释义整体记忆。先听老师读，再用自己的生活场景解释。,0,,https://www.cambridgeenglish.org/images/506887-b1-preliminary-vocabulary-list.pdf,'sistәm,https://github.com/skywind3000/ECDICT,offline-materials,system,discussion,system · 单词里的小故事,小乐和朋友聊起今天的一件事。我们今天谈到了系统。小乐说：“We talked about the system today.”朋友听懂了，也想起自己遇到过的事。,,We talked about the __________ today.,system,我们今天谈到了系统。,context,2026-09-v2,本地预制课堂素材；原创短句与场景模板,[],想象你也在这个场景里。用 system 说一句自己的话。
table-cloth,PET,3,台布,n.,日常沟通,We need the table-cloth today.,我们今天需要台布。,[],结合常用释义整体记忆。先听老师读，再用自己的生活场景解释。,0,,https://www.cambridgeenglish.org/images/506887-b1-preliminary-vocabulary-list.pdf,'teɪbl klɒθ,https://github.com/skywind3000/ECDICT,offline-materials,table-cloth,equipment,table-cloth · 单词里的小故事,班级活动开始前，小乐负责核对需要的东西。我们今天需要台布。小乐说：“We need the table-cloth today.”朋友听懂了，也想起自己遇到过的事。,,We need the __________ today.,table-cloth,我们今天需要台布。,context,2026-09-v2,本地预制课堂素材；原创短句与场景模板,[],想象你也在这个场景里。用 table-cloth 说一句自己的话。
take away,PET,3,取走,v.,日常沟通,Please take away the empty plates.,请把空盘子拿走。,[],结合常用释义整体记忆。先听老师读，再用自己的生活场景解释。,0,,https://www.cambridgeenglish.org/images/506887-b1-preliminary-vocabulary-list.pdf,,https://github.com/skywind3000/ECDICT,offline-materials,take away,authored,take away · 单词里的小故事,小乐和朋友交换今天的小发现。请把空盘子拿走。小乐说：“Please take away the empty plates.”朋友听懂了，也想起自己遇到过的事。,,Please __________ the empty plates.,take away,请把空盘子拿走。,context,2026-09-v2,本地预制课堂素材；原创短句与场景模板,[],想象你也在这个场景里。用 take away 说一句自己的话。
take care of,PET,3,照顾,v.,日常沟通,I take care of our cat.,我照顾我们家的猫。,[],结合常用释义整体记忆。先听老师读，再用自己的生活场景解释。,0,,https://www.cambridgeenglish.org/images/506887-b1-preliminary-vocabulary-list.pdf,,https://github.com/skywind3000/ECDICT,offline-materials,take care of,authored,take care of · 单词里的小故事,小乐和朋友交换今天的小发现。我照顾我们家的猫。小乐说：“I take care of our cat.”朋友听懂了，也想起自己遇到过的事。,,I __________ our cat.,take care of,我照顾我们家的猫。,context,2026-09-v2,本地预制课堂素材；原创短句与场景模板,[],想象你也在这个场景里。用 take care of 说一句自己的话。
take place,PET,3,发生,v.,日常沟通,The show will take place on Friday.,表演将在周五举行。,[],结合常用释义整体记忆。先听老师读，再用自己的生活场景解释。,0,,https://www.cambridgeenglish.org/images/506887-b1-preliminary-vocabulary-list.pdf,,https://github.com/skywind3000/ECDICT,offline-materials,take place,authored,take place · 单词里的小故事,小乐和朋友交换今天的小发现。表演将在周五举行。小乐说：“The show will take place on Friday.”朋友听懂了，也想起自己遇到过的事。,,The show will __________ on Friday.,take place,表演将在周五举行。,context,2026-09-v2,本地预制课堂素材；原创短句与场景模板,[],想象你也在这个场景里。用 take place 说一句自己的话。
take up,PET,3,拿起；开始从事；继续,phr v.,日常沟通,I want to take up swimming.,我想开始学游泳。,[],结合常用释义整体记忆。先听老师读，再用自己的生活场景解释。,0,,https://www.cambridgeenglish.org/images/506887-b1-preliminary-vocabulary-list.pdf,,https://github.com/skywind3000/ECDICT,offline-materials,take up,authored,take up · 单词里的小故事,小乐和朋友交换今天的小发现。我想开始学游泳。小乐说：“I want to take up swimming.”朋友听懂了，也想起自己遇到过的事。,,I want to __________ swimming.,take up,我想开始学游泳。,context,2026-09-v2,本地预制课堂素材；原创短句与场景模板,[],想象你也在这个场景里。用 take up 说一句自己的话。
takeaway,PET,3,外卖食品的餐馆；外卖食品的商店,n.,日常沟通,This takeaway tastes good.,这份外卖食品的餐馆味道很好。,[],结合常用释义整体记忆。先听老师读，再用自己的生活场景解释。,0,,https://www.cambridgeenglish.org/images/506887-b1-preliminary-vocabulary-list.pdf,,https://github.com/skywind3000/ECDICT,offline-materials,takeaway,food,takeaway · 单词里的小故事,小乐第一次给家人当小帮手，端出一份食物。这份外卖食品的餐馆味道很好。小乐说：“This takeaway tastes good.”朋友听懂了，也想起自己遇到过的事。,,This __________ tastes good.,takeaway,这份外卖食品的餐馆味道很好。,context,2026-09-v2,本地预制课堂素材；原创短句与场景模板,[],想象你也在这个场景里。用 takeaway 说一句自己的话。
talent,PET,2,天才；才能；有才干的人,n.,日常沟通,We talked about the talent today.,我们今天谈到了天才。,[],结合常用释义整体记忆。先听老师读，再用自己的生活场景解释。,0,,https://www.cambridgeenglish.org/images/506887-b1-preliminary-vocabulary-list.pdf,'tælәnt,https://github.com/skywind3000/ECDICT,offline-materials,talent,discussion,talent · 单词里的小故事,小乐和朋友聊起今天的一件事。我们今天谈到了天才。小乐说：“We talked about the talent today.”朋友听懂了，也想起自己遇到过的事。,,We talked about the __________ today.,talent,我们今天谈到了天才。,context,2026-09-v2,本地预制课堂素材；原创短句与场景模板,[],想象你也在这个场景里。用 talent 说一句自己的话。
talented,PET,2,天资高的；有才能的,adj.,日常沟通,The person in the story is talented.,故事里的那个人是天资高的。,[],结合常用释义整体记忆。先听老师读，再用自己的生活场景解释。,0,,https://www.cambridgeenglish.org/images/506887-b1-preliminary-vocabulary-list.pdf,'tælәntid,https://github.com/skywind3000/ECDICT,offline-materials,talented,person-quality,talented · 单词里的小故事,同学们在给故事人物选词卡，小乐找到了合适的一张。故事里的那个人是天资高的。小乐说：“The person in the story is talented.”朋友听懂了，也想起自己遇到过的事。,,The person in the story is __________.,talented,故事里的那个人是天资高的。,context,2026-09-v2,本地预制课堂素材；原创短句与场景模板,[],想象你也在这个场景里。用 talented 说一句自己的话。
talk show,PET,3,访谈节目,n.,日常沟通,We talked about the talk show today.,我们今天谈到了访谈节目。,[],结合常用释义整体记忆。先听老师读，再用自己的生活场景解释。,0,,https://www.cambridgeenglish.org/images/506887-b1-preliminary-vocabulary-list.pdf,,https://github.com/skywind3000/ECDICT,offline-materials,talk show,discussion,talk show · 单词里的小故事,小乐和朋友聊起今天的一件事。我们今天谈到了访谈节目。小乐说：“We talked about the talk show today.”朋友听懂了，也想起自己遇到过的事。,,We talked about the __________ today.,talk show,我们今天谈到了访谈节目。,context,2026-09-v2,本地预制课堂素材；原创短句与场景模板,[],想象你也在这个场景里。用 talk show 说一句自己的话。
tap,PET,2,水龙头；轻拍,n.,日常沟通,We need the tap today.,我们今天需要水龙头。,[],结合常用释义整体记忆。先听老师读，再用自己的生活场景解释。,0,,https://www.cambridgeenglish.org/images/506887-b1-preliminary-vocabulary-list.pdf,'tæp,常用义教学修订；原词典见 ECDICT-LICENSE.txt,offline-materials,tap,equipment,tap · 单词里的小故事,班级活动开始前，小乐负责核对需要的东西。我们今天需要水龙头。小乐说：“We need the tap today.”朋友听懂了，也想起自己遇到过的事。,,We need the __________ today.,tap,我们今天需要水龙头。,context,2026-09-v2,本地预制课堂素材；原创短句与场景模板,[],想象你也在这个场景里。用 tap 说一句自己的话。
taste,PET,2,味道；品味；味觉,n; v.,日常沟通,We talked about the taste today.,我们今天谈到了味道。,"[{""text"": ""taste"", ""kind"": ""root"", ""meaning"": ""味道""}]",这个词本身可以作为词基，与相关派生词联系起来理解。,0,,https://www.cambridgeenglish.org/images/506887-b1-preliminary-vocabulary-list.pdf,teist,https://github.com/skywind3000/ECDICT,offline-materials,taste,discussion,taste · 单词里的小故事,小乐和朋友聊起今天的一件事。我们今天谈到了味道。小乐说：“We talked about the taste today.”朋友听懂了，也想起自己遇到过的事。,,We talked about the __________ today.,taste,我们今天谈到了味道。,context,2026-09-v2,本地预制课堂素材；原创短句与场景模板,[],想象你也在这个场景里。用 taste 说一句自己的话。
tax,PET,1,税；税款；重负,n.,日常沟通,We talked about the tax today.,我们今天谈到了税。,[],结合常用释义整体记忆。先听老师读，再用自己的生活场景解释。,0,,https://www.cambridgeenglish.org/images/506887-b1-preliminary-vocabulary-list.pdf,tæks,https://github.com/skywind3000/ECDICT,offline-materials,tax,discussion,tax · 单词里的小故事,小乐和朋友聊起今天的一件事。我们今天谈到了税。小乐说：“We talked about the tax today.”朋友听懂了，也想起自己遇到过的事。,,We talked about the __________ today.,tax,我们今天谈到了税。,context,2026-09-v2,本地预制课堂素材；原创短句与场景模板,[],想象你也在这个场景里。用 tax 说一句自己的话。
teaching,PET,1,教学；学说；教导,n.,日常沟通,We learn about teaching at school.,我们在学校学习教学。,[],结合常用释义整体记忆。先听老师读，再用自己的生活场景解释。,0,,https://www.cambridgeenglish.org/images/506887-b1-preliminary-vocabulary-list.pdf,'ti:tʃiŋ,https://github.com/skywind3000/ECDICT,offline-materials,teaching,school,teaching · 单词里的小故事,小乐把今天在学校学到的内容讲给家人听。我们在学校学习教学。小乐说：“We learn about teaching at school.”朋友听懂了，也想起自己遇到过的事。,,We learn about __________ at school.,teaching,我们在学校学习教学。,context,2026-09-v2,本地预制课堂素材；原创短句与场景模板,[],想象你也在这个场景里。用 teaching 说一句自己的话。
tear,PET,1,眼泪；撕开,n; v.,日常沟通,We talked about the tear today.,我们今天谈到了眼泪。,[],结合常用释义整体记忆。先听老师读，再用自己的生活场景解释。,0,,https://www.cambridgeenglish.org/images/506887-b1-preliminary-vocabulary-list.pdf,tiә. tєә,常用义教学修订；原词典见 ECDICT-LICENSE.txt,offline-materials,tear,discussion,tear · 单词里的小故事,小乐和朋友聊起今天的一件事。我们今天谈到了眼泪。小乐说：“We talked about the tear today.”朋友听懂了，也想起自己遇到过的事。,,We talked about the __________ today.,tear,我们今天谈到了眼泪。,context,2026-09-v2,本地预制课堂素材；原创短句与场景模板,[],想象你也在这个场景里。用 tear 说一句自己的话。
technique,PET,1,技巧；技术；方法,n.,日常沟通,We talked about the technique today.,我们今天谈到了技巧。,[],结合常用释义整体记忆。先听老师读，再用自己的生活场景解释。,0,,https://www.cambridgeenglish.org/images/506887-b1-preliminary-vocabulary-list.pdf,tek'ni:k,https://github.com/skywind3000/ECDICT,offline-materials,technique,discussion,technique · 单词里的小故事,小乐和朋友聊起今天的一件事。我们今天谈到了技巧。小乐说：“We talked about the technique today.”朋友听懂了，也想起自己遇到过的事。,,We talked about the __________ today.,technique,我们今天谈到了技巧。,context,2026-09-v2,本地预制课堂素材；原创短句与场景模板,[],想象你也在这个场景里。用 technique 说一句自己的话。
temporary,PET,2,暂时的；临时的,adj.,日常沟通,This is our temporary classroom.,这是我们的临时教室。,[],结合常用释义整体记忆。先听老师读，再用自己的生活场景解释。,0,,https://www.cambridgeenglish.org/images/506887-b1-preliminary-vocabulary-list.pdf,'tempәrәri,https://github.com/skywind3000/ECDICT,offline-materials,temporary,authored,temporary · 单词里的小故事,小乐和朋友交换今天的小发现。这是我们的临时教室。小乐说：“This is our temporary classroom.”朋友听懂了，也想起自己遇到过的事。,,This is our __________ classroom.,temporary,这是我们的临时教室。,context,2026-09-v2,本地预制课堂素材；原创短句与场景模板,[],想象你也在这个场景里。用 temporary 说一句自己的话。
tense,PET,2,时态,n.,日常沟通,We talked about the tense today.,我们今天谈到了时态。,[],结合常用释义整体记忆。先听老师读，再用自己的生活场景解释。,0,,https://www.cambridgeenglish.org/images/506887-b1-preliminary-vocabulary-list.pdf,tens,常用义教学修订；原词典见 ECDICT-LICENSE.txt,offline-materials,tense,discussion,tense · 单词里的小故事,小乐和朋友聊起今天的一件事。我们今天谈到了时态。小乐说：“We talked about the tense today.”朋友听懂了，也想起自己遇到过的事。,,We talked about the __________ today.,tense,我们今天谈到了时态。,context,2026-09-v2,本地预制课堂素材；原创短句与场景模板,[],想象你也在这个场景里。用 tense 说一句自己的话。
terribly,PET,2,可怕地；甚为；非常,adv.,日常沟通,I am terribly sorry.,我十分抱歉。,[],结合常用释义整体记忆。先听老师读，再用自己的生活场景解释。,0,,https://www.cambridgeenglish.org/images/506887-b1-preliminary-vocabulary-list.pdf,'terәbli,https://github.com/skywind3000/ECDICT,offline-materials,terribly,authored,terribly · 单词里的小故事,小乐和朋友交换今天的小发现。我十分抱歉。小乐说：“I am terribly sorry.”朋友听懂了，也想起自己遇到过的事。,,I am __________ sorry.,terribly,我十分抱歉。,context,2026-09-v2,本地预制课堂素材；原创短句与场景模板,[],想象你也在这个场景里。用 terribly 说一句自己的话。
terrific,PET,3,非常好的；极端的；可怕的,adj.,日常沟通,It is terrific today.,今天的天气是非常好的。,[],结合常用释义整体记忆。先听老师读，再用自己的生活场景解释。,0,,https://www.cambridgeenglish.org/images/506887-b1-preliminary-vocabulary-list.pdf,tә'rifik,https://github.com/skywind3000/ECDICT,offline-materials,terrific,weather-quality,terrific · 单词里的小故事,出门前，小乐看了一眼窗外，把天气告诉家人。今天的天气是非常好的。小乐说：“It is terrific today.”朋友听懂了，也想起自己遇到过的事。,,It is __________ today.,terrific,今天的天气是非常好的。,context,2026-09-v2,本地预制课堂素材；原创短句与场景模板,[],想象你也在这个场景里。用 terrific 说一句自己的话。
terrified,PET,2,受惊吓的；感到恐惧的,adj.,日常沟通,I feel terrified today.,我今天感到受惊吓的。,[],结合常用释义整体记忆。先听老师读，再用自己的生活场景解释。,0,,https://www.cambridgeenglish.org/images/506887-b1-preliminary-vocabulary-list.pdf,'terifaid,https://github.com/skywind3000/ECDICT,offline-materials,terrified,feeling,terrified · 单词里的小故事,老师请大家用一个词说说今天的感受，小乐先举了手。我今天感到受惊吓的。小乐说：“I feel terrified today.”朋友听懂了，也想起自己遇到过的事。,,I feel __________ today.,terrified,我今天感到受惊吓的。,context,2026-09-v2,本地预制课堂素材；原创短句与场景模板,[],想象你也在这个场景里。用 terrified 说一句自己的话。
therefore,PET,1,因此；所以,adv.,日常沟通,"It was raining. Therefore, we stayed inside.",当时在下雨。因此，我们待在里面。,[],结合常用释义整体记忆。先听老师读，再用自己的生活场景解释。,0,,https://www.cambridgeenglish.org/images/506887-b1-preliminary-vocabulary-list.pdf,'ðєәfɒ:,https://github.com/skywind3000/ECDICT,offline-materials,therefore,authored,therefore · 单词里的小故事,"小乐和朋友交换今天的小发现。当时在下雨。因此，我们待在里面。小乐说：“It was raining. Therefore, we stayed inside.”朋友听懂了，也想起自己遇到过的事。",,"It was raining. __________, we stayed inside.",Therefore,当时在下雨。因此，我们待在里面。,context,2026-09-v2,本地预制课堂素材；原创短句与场景模板,[],想象你也在这个场景里。用 therefore 说一句自己的话。
thick,PET,1,厚的；粗壮的；浓的,adj.,日常沟通,This book is thick.,这本书很厚。,[],结合常用释义整体记忆。先听老师读，再用自己的生活场景解释。,0,,https://www.cambridgeenglish.org/images/506887-b1-preliminary-vocabulary-list.pdf,θik,https://github.com/skywind3000/ECDICT,offline-materials,thick,authored,thick · 单词里的小故事,小乐和朋友交换今天的小发现。这本书很厚。小乐说：“This book is thick.”朋友听懂了，也想起自己遇到过的事。,,This book is __________.,thick,这本书很厚。,context,2026-09-v2,本地预制课堂素材；原创短句与场景模板,[],想象你也在这个场景里。用 thick 说一句自己的话。
thief,PET,2,小偷；贼,n.,日常沟通,This story is about a thief.,这个故事讲的是一位小偷。,[],结合常用释义整体记忆。先听老师读，再用自己的生活场景解释。,0,,https://www.cambridgeenglish.org/images/506887-b1-preliminary-vocabulary-list.pdf,θi:f,https://github.com/skywind3000/ECDICT,offline-materials,thief,person,thief · 单词里的小故事,读书会轮到小乐介绍故事里的一个人物。这个故事讲的是一位小偷。小乐说：“This story is about a thief.”朋友听懂了，也想起自己遇到过的事。,,This story is about a __________.,thief,这个故事讲的是一位小偷。,context,2026-09-v2,本地预制课堂素材；原创短句与场景模板,[],想象你也在这个场景里。用 thief 说一句自己的话。
though,PET,1,然而；可是,conj; adv.,日常沟通,I went outside though it was cold.,虽然冷，我还是出去了。,[],结合常用释义整体记忆。先听老师读，再用自己的生活场景解释。,0,,https://www.cambridgeenglish.org/images/506887-b1-preliminary-vocabulary-list.pdf,ðәu,https://github.com/skywind3000/ECDICT,offline-materials,though,authored,though · 单词里的小故事,小乐和朋友交换今天的小发现。虽然冷，我还是出去了。小乐说：“I went outside though it was cold.”朋友听懂了，也想起自己遇到过的事。,,I went outside __________ it was cold.,though,虽然冷，我还是出去了。,context,2026-09-v2,本地预制课堂素材；原创短句与场景模板,[],想象你也在这个场景里。用 though 说一句自己的话。
thought,PET,1,想法；思想；思维,n.,日常沟通,We talked about the thought today.,我们今天谈到了想法。,[],结合常用释义整体记忆。先听老师读，再用自己的生活场景解释。,0,,https://www.cambridgeenglish.org/images/506887-b1-preliminary-vocabulary-list.pdf,θɒ:t,https://github.com/skywind3000/ECDICT,offline-materials,thought,discussion,thought · 单词里的小故事,小乐和朋友聊起今天的一件事。我们今天谈到了想法。小乐说：“We talked about the thought today.”朋友听懂了，也想起自己遇到过的事。,,We talked about the __________ today.,thought,我们今天谈到了想法。,context,2026-09-v2,本地预制课堂素材；原创短句与场景模板,[],想象你也在这个场景里。用 thought 说一句自己的话。
thriller,PET,3,惊悚小说；惊悚片,n.,日常沟通,We talked about the thriller today.,我们今天谈到了惊悚小说。,[],结合常用释义整体记忆。先听老师读，再用自己的生活场景解释。,0,,https://www.cambridgeenglish.org/images/506887-b1-preliminary-vocabulary-list.pdf,'θrilә,常用义教学修订；原词典见 ECDICT-LICENSE.txt,offline-materials,thriller,discussion,thriller · 单词里的小故事,小乐和朋友聊起今天的一件事。我们今天谈到了惊悚小说。小乐说：“We talked about the thriller today.”朋友听懂了，也想起自己遇到过的事。,,We talked about the __________ today.,thriller,我们今天谈到了惊悚小说。,context,2026-09-v2,本地预制课堂素材；原创短句与场景模板,[],想象你也在这个场景里。用 thriller 说一句自己的话。
throat,PET,2,咽喉；喉咙；嗓音,n.,日常沟通,We learn about the throat at school.,我们在学校了解咽喉。,[],结合常用释义整体记忆。先听老师读，再用自己的生活场景解释。,0,,https://www.cambridgeenglish.org/images/506887-b1-preliminary-vocabulary-list.pdf,θrәut,https://github.com/skywind3000/ECDICT,offline-materials,throat,body,throat · 单词里的小故事,小乐在课堂上做一张认识自己的知识卡。我们在学校了解咽喉。小乐说：“We learn about the throat at school.”朋友听懂了，也想起自己遇到过的事。,,We learn about the __________ at school.,throat,我们在学校了解咽喉。,context,2026-09-v2,本地预制课堂素材；原创短句与场景模板,[],想象你也在这个场景里。用 throat 说一句自己的话。
throw away,PET,3,丢弃,phr v.,日常沟通,Do not throw away this box.,不要扔掉这个箱子。,[],结合常用释义整体记忆。先听老师读，再用自己的生活场景解释。,0,,https://www.cambridgeenglish.org/images/506887-b1-preliminary-vocabulary-list.pdf,,https://github.com/skywind3000/ECDICT,offline-materials,throw away,authored,throw away · 单词里的小故事,小乐和朋友交换今天的小发现。不要扔掉这个箱子。小乐说：“Do not throw away this box.”朋友听懂了，也想起自己遇到过的事。,,Do not __________ this box.,throw away,不要扔掉这个箱子。,context,2026-09-v2,本地预制课堂素材；原创短句与场景模板,[],想象你也在这个场景里。用 throw away 说一句自己的话。
thumb,PET,2,拇指,n.,日常沟通,We learn about the thumb at school.,我们在学校了解拇指。,[],结合常用释义整体记忆。先听老师读，再用自己的生活场景解释。,0,,https://www.cambridgeenglish.org/images/506887-b1-preliminary-vocabulary-list.pdf,θʌm,https://github.com/skywind3000/ECDICT,offline-materials,thumb,body,thumb · 单词里的小故事,小乐在课堂上做一张认识自己的知识卡。我们在学校了解拇指。小乐说：“We learn about the thumb at school.”朋友听懂了，也想起自己遇到过的事。,,We learn about the __________ at school.,thumb,我们在学校了解拇指。,context,2026-09-v2,本地预制课堂素材；原创短句与场景模板,[],想象你也在这个场景里。用 thumb 说一句自己的话。
thunder,PET,2,雷；雷声,n.,日常沟通,We talked about the thunder today.,我们今天谈到了雷。,[],结合常用释义整体记忆。先听老师读，再用自己的生活场景解释。,0,,https://www.cambridgeenglish.org/images/506887-b1-preliminary-vocabulary-list.pdf,'θʌndә,https://github.com/skywind3000/ECDICT,offline-materials,thunder,nature,thunder · 单词里的小故事,小乐观察完身边的世界，回教室讲了一件事。我们今天谈到了雷。小乐说：“We talked about the thunder today.”朋友听懂了，也想起自己遇到过的事。,,We talked about the __________ today.,thunder,我们今天谈到了雷。,context,2026-09-v2,本地预制课堂素材；原创短句与场景模板,[],想象你也在这个场景里。用 thunder 说一句自己的话。
tick,PET,2,对号；打勾；滴答声,n; v.,日常沟通,We talked about the tick today.,我们今天谈到了对号。,[],结合常用释义整体记忆。先听老师读，再用自己的生活场景解释。,0,,https://www.cambridgeenglish.org/images/506887-b1-preliminary-vocabulary-list.pdf,tik,常用义教学修订；原词典见 ECDICT-LICENSE.txt,offline-materials,tick,discussion,tick · 单词里的小故事,小乐和朋友聊起今天的一件事。我们今天谈到了对号。小乐说：“We talked about the tick today.”朋友听懂了，也想起自己遇到过的事。,,We talked about the __________ today.,tick,我们今天谈到了对号。,context,2026-09-v2,本地预制课堂素材；原创短句与场景模板,[],想象你也在这个场景里。用 tick 说一句自己的话。
tight,PET,2,紧的；密封的；吝啬的,adj.,日常沟通,These shoes are too tight.,这双鞋太紧了。,[],结合常用释义整体记忆。先听老师读，再用自己的生活场景解释。,0,,https://www.cambridgeenglish.org/images/506887-b1-preliminary-vocabulary-list.pdf,tait,https://github.com/skywind3000/ECDICT,offline-materials,tight,authored,tight · 单词里的小故事,小乐和朋友交换今天的小发现。这双鞋太紧了。小乐说：“These shoes are too tight.”朋友听懂了，也想起自己遇到过的事。,,These shoes are too __________.,tight,这双鞋太紧了。,context,2026-09-v2,本地预制课堂素材；原创短句与场景模板,[],想象你也在这个场景里。用 tight 说一句自己的话。
tin,PET,2,罐头盒；锡,n.,日常沟通,We talked about the tin today.,我们今天谈到了罐头盒。,[],结合常用释义整体记忆。先听老师读，再用自己的生活场景解释。,0,,https://www.cambridgeenglish.org/images/506887-b1-preliminary-vocabulary-list.pdf,tin,常用义教学修订；原词典见 ECDICT-LICENSE.txt,offline-materials,tin,discussion,tin · 单词里的小故事,小乐和朋友聊起今天的一件事。我们今天谈到了罐头盒。小乐说：“We talked about the tin today.”朋友听懂了，也想起自己遇到过的事。,,We talked about the __________ today.,tin,我们今天谈到了罐头盒。,context,2026-09-v2,本地预制课堂素材；原创短句与场景模板,[],想象你也在这个场景里。用 tin 说一句自己的话。
tiny,PET,1,极小的,adj.,日常沟通,The box is tiny.,这个盒子很小。,[],结合常用释义整体记忆。先听老师读，再用自己的生活场景解释。,0,,https://www.cambridgeenglish.org/images/506887-b1-preliminary-vocabulary-list.pdf,'taini,常用义教学修订；原词典见 ECDICT-LICENSE.txt,offline-materials,tiny,authored,tiny · 单词里的小故事,小乐和朋友交换今天的小发现。这个盒子很小。小乐说：“The box is tiny.”朋友听懂了，也想起自己遇到过的事。,,The box is __________.,tiny,这个盒子很小。,context,2026-09-v2,本地预制课堂素材；原创短句与场景模板,[],想象你也在这个场景里。用 tiny 说一句自己的话。
tip,PET,2,建议；小费；尖端,n.,日常沟通,We talked about the tip today.,我们今天谈到了建议。,[],结合常用释义整体记忆。先听老师读，再用自己的生活场景解释。,0,,https://www.cambridgeenglish.org/images/506887-b1-preliminary-vocabulary-list.pdf,tip,常用义教学修订；原词典见 ECDICT-LICENSE.txt,offline-materials,tip,discussion,tip · 单词里的小故事,小乐和朋友聊起今天的一件事。我们今天谈到了建议。小乐说：“We talked about the tip today.”朋友听懂了，也想起自己遇到过的事。,,We talked about the __________ today.,tip,我们今天谈到了建议。,context,2026-09-v2,本地预制课堂素材；原创短句与场景模板,[],想象你也在这个场景里。用 tip 说一句自己的话。
tiring,PET,3,引起疲劳的；累人的,adj.,日常沟通,It was a tiring day.,那是令人疲惫的一天。,[],结合常用释义整体记忆。先听老师读，再用自己的生活场景解释。,0,,https://www.cambridgeenglish.org/images/506887-b1-preliminary-vocabulary-list.pdf,'taiәriŋ,https://github.com/skywind3000/ECDICT,offline-materials,tiring,authored,tiring · 单词里的小故事,小乐和朋友交换今天的小发现。那是令人疲惫的一天。小乐说：“It was a tiring day.”朋友听懂了，也想起自己遇到过的事。,,It was a __________ day.,tiring,那是令人疲惫的一天。,context,2026-09-v2,本地预制课堂素材；原创短句与场景模板,[],想象你也在这个场景里。用 tiring 说一句自己的话。
tissue,PET,2,薄的织物；薄纱；棉纸,n.,日常沟通,We need the tissue today.,我们今天需要薄的织物。,[],结合常用释义整体记忆。先听老师读，再用自己的生活场景解释。,0,,https://www.cambridgeenglish.org/images/506887-b1-preliminary-vocabulary-list.pdf,'tiʃu:,https://github.com/skywind3000/ECDICT,offline-materials,tissue,equipment,tissue · 单词里的小故事,班级活动开始前，小乐负责核对需要的东西。我们今天需要薄的织物。小乐说：“We need the tissue today.”朋友听懂了，也想起自己遇到过的事。,,We need the __________ today.,tissue,我们今天需要薄的织物。,context,2026-09-v2,本地预制课堂素材；原创短句与场景模板,[],想象你也在这个场景里。用 tissue 说一句自己的话。
tongue,PET,2,舌；语言能力；讲话方式,n.,日常沟通,We learn about the tongue at school.,我们在学校了解舌。,[],结合常用释义整体记忆。先听老师读，再用自己的生活场景解释。,0,,https://www.cambridgeenglish.org/images/506887-b1-preliminary-vocabulary-list.pdf,tʌŋ,https://github.com/skywind3000/ECDICT,offline-materials,tongue,body,tongue · 单词里的小故事,小乐在课堂上做一张认识自己的知识卡。我们在学校了解舌。小乐说：“We learn about the tongue at school.”朋友听懂了，也想起自己遇到过的事。,,We learn about the __________ at school.,tongue,我们在学校了解舌。,context,2026-09-v2,本地预制课堂素材；原创短句与场景模板,[],想象你也在这个场景里。用 tongue 说一句自己的话。
toothpaste,PET,3,牙膏,n.,日常沟通,We talked about the toothpaste today.,我们今天谈到了牙膏。,"[{""text"": ""tooth"", ""kind"": ""compound"", ""meaning"": ""牙""}, {""text"": ""paste"", ""kind"": ""compound"", ""meaning"": ""膏""}]",两个已有成分组合成一个词。结合它们的意思理解整体词义，但不要把这种现代拆分当作完整的历史词源。,0,,https://www.cambridgeenglish.org/images/506887-b1-preliminary-vocabulary-list.pdf,'tu:θpeist,https://github.com/skywind3000/ECDICT,offline-materials,toothpaste,discussion,toothpaste · 单词里的小故事,小乐和朋友聊起今天的一件事。我们今天谈到了牙膏。小乐说：“We talked about the toothpaste today.”朋友听懂了，也想起自己遇到过的事。,,We talked about the __________ today.,toothpaste,我们今天谈到了牙膏。,context,2026-09-v2,本地预制课堂素材；原创短句与场景模板,[],想象你也在这个场景里。用 toothpaste 说一句自己的话。
torch,PET,2,手电筒,n.,日常沟通,We need the torch today.,我们今天需要手电筒。,[],结合常用释义整体记忆。先听老师读，再用自己的生活场景解释。,0,,https://www.cambridgeenglish.org/images/506887-b1-preliminary-vocabulary-list.pdf,tɒ:tʃ,常用义教学修订；原词典见 ECDICT-LICENSE.txt,offline-materials,torch,equipment,torch · 单词里的小故事,班级活动开始前，小乐负责核对需要的东西。我们今天需要手电筒。小乐说：“We need the torch today.”朋友听懂了，也想起自己遇到过的事。,,We need the __________ today.,torch,我们今天需要手电筒。,context,2026-09-v2,本地预制课堂素材；原创短句与场景模板,[],想象你也在这个场景里。用 torch 说一句自己的话。
totally,PET,1,完全地,adv.,日常沟通,The two pictures are totally different.,这两幅画完全不同。,[],结合常用释义整体记忆。先听老师读，再用自己的生活场景解释。,0,,https://www.cambridgeenglish.org/images/506887-b1-preliminary-vocabulary-list.pdf,'tәutli,https://github.com/skywind3000/ECDICT,offline-materials,totally,authored,totally · 单词里的小故事,小乐和朋友交换今天的小发现。这两幅画完全不同。小乐说：“The two pictures are totally different.”朋友听懂了，也想起自己遇到过的事。,,The two pictures are __________ different.,totally,这两幅画完全不同。,context,2026-09-v2,本地预制课堂素材；原创短句与场景模板,[],想象你也在这个场景里。用 totally 说一句自己的话。
touch,PET,1,接触；触摸；触及,v.,日常沟通,Please do not touch the hot cup.,请不要碰那个热杯子。,[],结合常用释义整体记忆。先听老师读，再用自己的生活场景解释。,0,,https://www.cambridgeenglish.org/images/506887-b1-preliminary-vocabulary-list.pdf,tʌtʃ,https://github.com/skywind3000/ECDICT,offline-materials,touch,authored,touch · 单词里的小故事,小乐和朋友交换今天的小发现。请不要碰那个热杯子。小乐说：“Please do not touch the hot cup.”朋友听懂了，也想起自己遇到过的事。,,Please do not __________ the hot cup.,touch,请不要碰那个热杯子。,context,2026-09-v2,本地预制课堂素材；原创短句与场景模板,[],想象你也在这个场景里。用 touch 说一句自己的话。
tourism,PET,2,观光业；游览,n.,日常沟通,We talked about the tourism today.,我们今天谈到了观光业。,[],结合常用释义整体记忆。先听老师读，再用自己的生活场景解释。,0,,https://www.cambridgeenglish.org/images/506887-b1-preliminary-vocabulary-list.pdf,'tuәrizm,https://github.com/skywind3000/ECDICT,offline-materials,tourism,discussion,tourism · 单词里的小故事,小乐和朋友聊起今天的一件事。我们今天谈到了观光业。小乐说：“We talked about the tourism today.”朋友听懂了，也想起自己遇到过的事。,,We talked about the __________ today.,tourism,我们今天谈到了观光业。,context,2026-09-v2,本地预制课堂素材；原创短句与场景模板,[],想象你也在这个场景里。用 tourism 说一句自己的话。
tournament,PET,2,比赛；竞赛；锦标赛,n.,日常沟通,We talked about the tournament today.,我们今天谈到了比赛。,[],结合常用释义整体记忆。先听老师读，再用自己的生活场景解释。,0,,https://www.cambridgeenglish.org/images/506887-b1-preliminary-vocabulary-list.pdf,'tә:nәmәnt,https://github.com/skywind3000/ECDICT,offline-materials,tournament,discussion,tournament · 单词里的小故事,小乐和朋友聊起今天的一件事。我们今天谈到了比赛。小乐说：“We talked about the tournament today.”朋友听懂了，也想起自己遇到过的事。,,We talked about the __________ today.,tournament,我们今天谈到了比赛。,context,2026-09-v2,本地预制课堂素材；原创短句与场景模板,[],想象你也在这个场景里。用 tournament 说一句自己的话。
toward,PET,2,向；对于；为了,prep.,日常沟通,We walked toward the school.,我们朝学校走去。,[],结合常用释义整体记忆。先听老师读，再用自己的生活场景解释。,0,,https://www.cambridgeenglish.org/images/506887-b1-preliminary-vocabulary-list.pdf,tә'wɒ:d,https://github.com/skywind3000/ECDICT,offline-materials,toward,authored,toward · 单词里的小故事,小乐和朋友交换今天的小发现。我们朝学校走去。小乐说：“We walked toward the school.”朋友听懂了，也想起自己遇到过的事。,,We walked __________ the school.,toward,我们朝学校走去。,context,2026-09-v2,本地预制课堂素材；原创短句与场景模板,[],想象你也在这个场景里。用 toward 说一句自己的话。
tower,PET,2,塔；高楼；堡垒,n.,日常沟通,We talked about the tower today.,我们今天谈到了塔。,[],结合常用释义整体记忆。先听老师读，再用自己的生活场景解释。,0,,https://www.cambridgeenglish.org/images/506887-b1-preliminary-vocabulary-list.pdf,'tauә,https://github.com/skywind3000/ECDICT,offline-materials,tower,discussion,tower · 单词里的小故事,小乐和朋友聊起今天的一件事。我们今天谈到了塔。小乐说：“We talked about the tower today.”朋友听懂了，也想起自己遇到过的事。,,We talked about the __________ today.,tower,我们今天谈到了塔。,context,2026-09-v2,本地预制课堂素材；原创短句与场景模板,[],想象你也在这个场景里。用 tower 说一句自己的话。
track,PET,1,跑道；轨道,n.,日常沟通,We talked about the track today.,我们今天谈到了跑道。,[],结合常用释义整体记忆。先听老师读，再用自己的生活场景解释。,0,,https://www.cambridgeenglish.org/images/506887-b1-preliminary-vocabulary-list.pdf,træk,常用义教学修订；原词典见 ECDICT-LICENSE.txt,offline-materials,track,discussion,track · 单词里的小故事,小乐和朋友聊起今天的一件事。我们今天谈到了跑道。小乐说：“We talked about the track today.”朋友听懂了，也想起自己遇到过的事。,,We talked about the __________ today.,track,我们今天谈到了跑道。,context,2026-09-v2,本地预制课堂素材；原创短句与场景模板,[],想象你也在这个场景里。用 track 说一句自己的话。
tracksuit,PET,3,运动服,n.,日常沟通,I like your tracksuit.,我喜欢你的运动服。,[],结合常用释义整体记忆。先听老师读，再用自己的生活场景解释。,0,,https://www.cambridgeenglish.org/images/506887-b1-preliminary-vocabulary-list.pdf,,https://github.com/skywind3000/ECDICT,offline-materials,tracksuit,clothes,tracksuit · 单词里的小故事,出门前，小乐注意到了朋友的穿着。我喜欢你的运动服。小乐说：“I like your tracksuit.”朋友听懂了，也想起自己遇到过的事。,,I like your __________.,tracksuit,我喜欢你的运动服。,context,2026-09-v2,本地预制课堂素材；原创短句与场景模板,[],想象你也在这个场景里。用 tracksuit 说一句自己的话。
trade,PET,1,贸易,n.,日常沟通,We talked about the trade today.,我们今天谈到了贸易。,[],结合常用释义整体记忆。先听老师读，再用自己的生活场景解释。,0,,https://www.cambridgeenglish.org/images/506887-b1-preliminary-vocabulary-list.pdf,treid,常用义教学修订；原词典见 ECDICT-LICENSE.txt,offline-materials,trade,discussion,trade · 单词里的小故事,小乐和朋友聊起今天的一件事。我们今天谈到了贸易。小乐说：“We talked about the trade today.”朋友听懂了，也想起自己遇到过的事。,,We talked about the __________ today.,trade,我们今天谈到了贸易。,context,2026-09-v2,本地预制课堂素材；原创短句与场景模板,[],想象你也在这个场景里。用 trade 说一句自己的话。
traditional,PET,1,传统的；惯例的,adj.,日常沟通,This is a traditional game.,这是一个传统游戏。,[],结合常用释义整体记忆。先听老师读，再用自己的生活场景解释。,0,,https://www.cambridgeenglish.org/images/506887-b1-preliminary-vocabulary-list.pdf,trә'diʃәnl,https://github.com/skywind3000/ECDICT,offline-materials,traditional,authored,traditional · 单词里的小故事,小乐和朋友交换今天的小发现。这是一个传统游戏。小乐说：“This is a traditional game.”朋友听懂了，也想起自己遇到过的事。,,This is a __________ game.,traditional,这是一个传统游戏。,context,2026-09-v2,本地预制课堂素材；原创短句与场景模板,[],想象你也在这个场景里。用 traditional 说一句自己的话。
traffic jam,PET,3,塞车；交通阻塞,n.,日常沟通,We talked about the traffic jam today.,我们今天谈到了塞车。,[],结合常用释义整体记忆。先听老师读，再用自己的生活场景解释。,0,,https://www.cambridgeenglish.org/images/506887-b1-preliminary-vocabulary-list.pdf,,https://github.com/skywind3000/ECDICT,offline-materials,traffic jam,discussion,traffic jam · 单词里的小故事,小乐和朋友聊起今天的一件事。我们今天谈到了塞车。小乐说：“We talked about the traffic jam today.”朋友听懂了，也想起自己遇到过的事。,,We talked about the __________ today.,traffic jam,我们今天谈到了塞车。,context,2026-09-v2,本地预制课堂素材；原创短句与场景模板,[],想象你也在这个场景里。用 traffic jam 说一句自己的话。
transfer,PET,1,使转移；调转；调任,v.,日常沟通,Can you transfer the photos to my phone?,你能把照片传到我手机上吗？,[],结合常用释义整体记忆。先听老师读，再用自己的生活场景解释。,0,,https://www.cambridgeenglish.org/images/506887-b1-preliminary-vocabulary-list.pdf,træns'fә:,https://github.com/skywind3000/ECDICT,offline-materials,transfer,authored,transfer · 单词里的小故事,小乐和朋友交换今天的小发现。你能把照片传到我手机上吗？小乐说：“Can you transfer the photos to my phone?”朋友听懂了，也想起自己遇到过的事。,,Can you __________ the photos to my phone?,transfer,你能把照片传到我手机上吗？,context,2026-09-v2,本地预制课堂素材；原创短句与场景模板,[],想象你也在这个场景里。用 transfer 说一句自己的话。
translate,PET,2,翻译；解释；转化,v.,日常沟通,Can you translate this word into Chinese?,你能把这个词译成中文吗？,"[{""text"": ""translate"", ""kind"": ""root"", ""meaning"": ""翻译""}]",这个词本身可以作为词基，与相关派生词联系起来理解。,0,,https://www.cambridgeenglish.org/images/506887-b1-preliminary-vocabulary-list.pdf,træns'leit,https://github.com/skywind3000/ECDICT,offline-materials,translate,authored,translate · 单词里的小故事,小乐和朋友交换今天的小发现。你能把这个词译成中文吗？小乐说：“Can you translate this word into Chinese?”朋友听懂了，也想起自己遇到过的事。,,Can you __________ this word into Chinese?,translate,你能把这个词译成中文吗？,context,2026-09-v2,本地预制课堂素材；原创短句与场景模板,[],想象你也在这个场景里。用 translate 说一句自己的话。
translation,PET,2,翻译；译文；转化,n.,日常沟通,We learn about translation at school.,我们在学校学习翻译。,"[{""text"": ""translate"", ""kind"": ""root"", ""meaning"": ""翻译""}, {""text"": ""-ion"", ""kind"": ""suffix"", ""meaning"": ""动作或结果（构成名词）"", ""story"": ""-ion 经由法语进入英语，更早来自拉丁语。它常把一个动作、过程或状态当作一件可以谈论的事。词基像动作的起点，结尾则帮助我们给它取一个名字。"", ""source"": ""https://www.merriam-webster.com/dictionary/-ion""}]",这是词基与派生词的关系。拼写发生了变化，请把本课目标单词完整写对；构词成分不是原词的逐字切片。,0,,https://www.cambridgeenglish.org/images/506887-b1-preliminary-vocabulary-list.pdf,træns'leiʃәn,https://github.com/skywind3000/ECDICT,offline-materials,translation,school,translation · 单词里的小故事,小乐把今天在学校学到的内容讲给家人听。我们在学校学习翻译。小乐说：“We learn about translation at school.”朋友听懂了，也想起自己遇到过的事。,,We learn about __________ at school.,translation,我们在学校学习翻译。,context,2026-09-v2,本地预制课堂素材；原创短句与场景模板,[],想象你也在这个场景里。用 translation 说一句自己的话。
trash can,PET,3,垃圾桶,n.,日常沟通,We talked about the trash can today.,我们今天谈到了垃圾桶。,[],结合常用释义整体记忆。先听老师读，再用自己的生活场景解释。,0,,https://www.cambridgeenglish.org/images/506887-b1-preliminary-vocabulary-list.pdf,,https://github.com/skywind3000/ECDICT,offline-materials,trash can,discussion,trash can · 单词里的小故事,小乐和朋友聊起今天的一件事。我们今天谈到了垃圾桶。小乐说：“We talked about the trash can today.”朋友听懂了，也想起自己遇到过的事。,,We talked about the __________ today.,trash can,我们今天谈到了垃圾桶。,context,2026-09-v2,本地预制课堂素材；原创短句与场景模板,[],想象你也在这个场景里。用 trash can 说一句自己的话。
trend,PET,1,趋势；倾向；走向,n.,日常沟通,We talked about the trend today.,我们今天谈到了趋势。,[],结合常用释义整体记忆。先听老师读，再用自己的生活场景解释。,0,,https://www.cambridgeenglish.org/images/506887-b1-preliminary-vocabulary-list.pdf,trend,https://github.com/skywind3000/ECDICT,offline-materials,trend,discussion,trend · 单词里的小故事,小乐和朋友聊起今天的一件事。我们今天谈到了趋势。小乐说：“We talked about the trend today.”朋友听懂了，也想起自己遇到过的事。,,We talked about the __________ today.,trend,我们今天谈到了趋势。,context,2026-09-v2,本地预制课堂素材；原创短句与场景模板,[],想象你也在这个场景里。用 trend 说一句自己的话。
trick,PET,2,小把戏；诀窍,n.,日常沟通,We talked about the trick today.,我们今天谈到了小把戏。,[],结合常用释义整体记忆。先听老师读，再用自己的生活场景解释。,0,,https://www.cambridgeenglish.org/images/506887-b1-preliminary-vocabulary-list.pdf,trik,常用义教学修订；原词典见 ECDICT-LICENSE.txt,offline-materials,trick,discussion,trick · 单词里的小故事,小乐和朋友聊起今天的一件事。我们今天谈到了小把戏。小乐说：“We talked about the trick today.”朋友听懂了，也想起自己遇到过的事。,,We talked about the __________ today.,trick,我们今天谈到了小把戏。,context,2026-09-v2,本地预制课堂素材；原创短句与场景模板,[],想象你也在这个场景里。用 trick 说一句自己的话。
trumpet,PET,3,喇叭；小号；喇叭声,n.,日常沟通,We need the trumpet today.,我们今天需要喇叭。,[],结合常用释义整体记忆。先听老师读，再用自己的生活场景解释。,0,,https://www.cambridgeenglish.org/images/506887-b1-preliminary-vocabulary-list.pdf,'trʌmpit,https://github.com/skywind3000/ECDICT,offline-materials,trumpet,equipment,trumpet · 单词里的小故事,班级活动开始前，小乐负责核对需要的东西。我们今天需要喇叭。小乐说：“We need the trumpet today.”朋友听懂了，也想起自己遇到过的事。,,We need the __________ today.,trumpet,我们今天需要喇叭。,context,2026-09-v2,本地预制课堂素材；原创短句与场景模板,[],想象你也在这个场景里。用 trumpet 说一句自己的话。
trunk,PET,2,树干；象鼻,n.,日常沟通,We talked about the trunk today.,我们今天谈到了树干。,[],结合常用释义整体记忆。先听老师读，再用自己的生活场景解释。,0,,https://www.cambridgeenglish.org/images/506887-b1-preliminary-vocabulary-list.pdf,trʌŋk,常用义教学修订；原词典见 ECDICT-LICENSE.txt,offline-materials,trunk,discussion,trunk · 单词里的小故事,小乐和朋友聊起今天的一件事。我们今天谈到了树干。小乐说：“We talked about the trunk today.”朋友听懂了，也想起自己遇到过的事。,,We talked about the __________ today.,trunk,我们今天谈到了树干。,context,2026-09-v2,本地预制课堂素材；原创短句与场景模板,[],想象你也在这个场景里。用 trunk 说一句自己的话。
trust,PET,1,信赖；信任；相信,v.,日常沟通,You can trust your friend.,你可以信任你的朋友。,[],结合常用释义整体记忆。先听老师读，再用自己的生活场景解释。,0,,https://www.cambridgeenglish.org/images/506887-b1-preliminary-vocabulary-list.pdf,trʌst,https://github.com/skywind3000/ECDICT,offline-materials,trust,authored,trust · 单词里的小故事,小乐和朋友交换今天的小发现。你可以信任你的朋友。小乐说：“You can trust your friend.”朋友听懂了，也想起自己遇到过的事。,,You can __________ your friend.,trust,你可以信任你的朋友。,context,2026-09-v2,本地预制课堂素材；原创短句与场景模板,[],想象你也在这个场景里。用 trust 说一句自己的话。
truth,PET,1,事实；实情,n.,日常沟通,We talked about the truth today.,我们今天谈到了事实。,"[{""text"": ""truth"", ""kind"": ""root"", ""meaning"": ""真相""}]",这个词本身可以作为词基，与相关派生词联系起来理解。,0,,https://www.cambridgeenglish.org/images/506887-b1-preliminary-vocabulary-list.pdf,tru:θ,https://github.com/skywind3000/ECDICT,offline-materials,truth,discussion,truth · 单词里的小故事,小乐和朋友聊起今天的一件事。我们今天谈到了事实。小乐说：“We talked about the truth today.”朋友听懂了，也想起自己遇到过的事。,,We talked about the __________ today.,truth,我们今天谈到了事实。,context,2026-09-v2,本地预制课堂素材；原创短句与场景模板,[],想象你也在这个场景里。用 truth 说一句自己的话。
tube,PET,2,管子；地铁（英国口语）,n.,日常沟通,Look at the tube in this picture.,看看这张图片中的管子。,[],结合常用释义整体记忆。先听老师读，再用自己的生活场景解释。,0,,https://www.cambridgeenglish.org/images/506887-b1-preliminary-vocabulary-list.pdf,tju:b,常用义教学修订；原词典见 ECDICT-LICENSE.txt,offline-materials,tube,transport,tube · 单词里的小故事,小乐和朋友观察一张出行图片，轮流指出里面的东西。看看这张图片中的管子。小乐说：“Look at the tube in this picture.”朋友听懂了，也想起自己遇到过的事。,,Look at the __________ in this picture.,tube,看看这张图片中的管子。,context,2026-09-v2,本地预制课堂素材；原创短句与场景模板,[],想象你也在这个场景里。用 tube 说一句自己的话。
tuna,PET,3,金枪鱼；金枪鱼肉,n.,日常沟通,This tuna tastes good.,这份金枪鱼味道很好。,[],结合常用释义整体记忆。先听老师读，再用自己的生活场景解释。,0,,https://www.cambridgeenglish.org/images/506887-b1-preliminary-vocabulary-list.pdf,'tju:nә,https://github.com/skywind3000/ECDICT,offline-materials,tuna,food,tuna · 单词里的小故事,小乐第一次给家人当小帮手，端出一份食物。这份金枪鱼味道很好。小乐说：“This tuna tastes good.”朋友听懂了，也想起自己遇到过的事。,,This __________ tastes good.,tuna,这份金枪鱼味道很好。,context,2026-09-v2,本地预制课堂素材；原创短句与场景模板,[],想象你也在这个场景里。用 tuna 说一句自己的话。
tunnel,PET,2,隧道；地下道,n.,日常沟通,We visited the tunnel today.,我们今天参观了隧道。,[],结合常用释义整体记忆。先听老师读，再用自己的生活场景解释。,0,,https://www.cambridgeenglish.org/images/506887-b1-preliminary-vocabulary-list.pdf,'tʌnl,https://github.com/skywind3000/ECDICT,offline-materials,tunnel,place,tunnel · 单词里的小故事,小乐把今天的外出经历记进了日记。我们今天参观了隧道。小乐说：“We visited the tunnel today.”朋友听懂了，也想起自己遇到过的事。,,We visited the __________ today.,tunnel,我们今天参观了隧道。,context,2026-09-v2,本地预制课堂素材；原创短句与场景模板,[],想象你也在这个场景里。用 tunnel 说一句自己的话。
turkey,PET,2,火鸡,n.,日常沟通,This turkey tastes good.,这份火鸡味道很好。,[],结合常用释义整体记忆。先听老师读，再用自己的生活场景解释。,0,,https://www.cambridgeenglish.org/images/506887-b1-preliminary-vocabulary-list.pdf,'tә:ki,常用义教学修订；原词典见 ECDICT-LICENSE.txt,offline-materials,turkey,food,turkey · 单词里的小故事,小乐第一次给家人当小帮手，端出一份食物。这份火鸡味道很好。小乐说：“This turkey tastes good.”朋友听懂了，也想起自己遇到过的事。,,This __________ tastes good.,turkey,这份火鸡味道很好。,context,2026-09-v2,本地预制课堂素材；原创短句与场景模板,[],想象你也在这个场景里。用 turkey 说一句自己的话。
turn down,PET,3,拒绝,phr v.,日常沟通,Please turn down the music.,请把音乐调小声。,[],结合常用释义整体记忆。先听老师读，再用自己的生活场景解释。,0,,https://www.cambridgeenglish.org/images/506887-b1-preliminary-vocabulary-list.pdf,,https://github.com/skywind3000/ECDICT,offline-materials,turn down,authored,turn down · 单词里的小故事,小乐和朋友交换今天的小发现。请把音乐调小声。小乐说：“Please turn down the music.”朋友听懂了，也想起自己遇到过的事。,,Please __________ the music.,turn down,请把音乐调小声。,context,2026-09-v2,本地预制课堂素材；原创短句与场景模板,[],想象你也在这个场景里。用 turn down 说一句自己的话。
turn into,PET,3,进入；(使)变成,phr v.,日常沟通,This room can turn into a classroom.,这个房间可以变成教室。,[],结合常用释义整体记忆。先听老师读，再用自己的生活场景解释。,0,,https://www.cambridgeenglish.org/images/506887-b1-preliminary-vocabulary-list.pdf,,https://github.com/skywind3000/ECDICT,offline-materials,turn into,authored,turn into · 单词里的小故事,小乐和朋友交换今天的小发现。这个房间可以变成教室。小乐说：“This room can turn into a classroom.”朋友听懂了，也想起自己遇到过的事。,,This room can __________ a classroom.,turn into,这个房间可以变成教室。,context,2026-09-v2,本地预制课堂素材；原创短句与场景模板,[],想象你也在这个场景里。用 turn into 说一句自己的话。
turn up,PET,3,开大；找到；发现,phr v.,日常沟通,Please turn up the sound.,请把声音调大。,[],结合常用释义整体记忆。先听老师读，再用自己的生活场景解释。,0,,https://www.cambridgeenglish.org/images/506887-b1-preliminary-vocabulary-list.pdf,,https://github.com/skywind3000/ECDICT,offline-materials,turn up,authored,turn up · 单词里的小故事,小乐和朋友交换今天的小发现。请把声音调大。小乐说：“Please turn up the sound.”朋友听懂了，也想起自己遇到过的事。,,Please __________ the sound.,turn up,请把声音调大。,context,2026-09-v2,本地预制课堂素材；原创短句与场景模板,[],想象你也在这个场景里。用 turn up 说一句自己的话。
turning,PET,2,旋转；转弯处；车削工作,n.,日常沟通,We talked about the turning today.,我们今天谈到了旋转。,[],结合常用释义整体记忆。先听老师读，再用自己的生活场景解释。,0,,https://www.cambridgeenglish.org/images/506887-b1-preliminary-vocabulary-list.pdf,'tә:niŋ,https://github.com/skywind3000/ECDICT,offline-materials,turning,discussion,turning · 单词里的小故事,小乐和朋友聊起今天的一件事。我们今天谈到了旋转。小乐说：“We talked about the turning today.”朋友听懂了，也想起自己遇到过的事。,,We talked about the __________ today.,turning,我们今天谈到了旋转。,context,2026-09-v2,本地预制课堂素材；原创短句与场景模板,[],想象你也在这个场景里。用 turning 说一句自己的话。
twin,PET,2,双胞胎中的一个,n.,日常沟通,This story is about a twin.,这个故事讲的是一位双胞胎中的一个。,[],结合常用释义整体记忆。先听老师读，再用自己的生活场景解释。,0,,https://www.cambridgeenglish.org/images/506887-b1-preliminary-vocabulary-list.pdf,twin,常用义教学修订；原词典见 ECDICT-LICENSE.txt,offline-materials,twin,person,twin · 单词里的小故事,读书会轮到小乐介绍故事里的一个人物。这个故事讲的是一位双胞胎中的一个。小乐说：“This story is about a twin.”朋友听懂了，也想起自己遇到过的事。,,This story is about a __________.,twin,这个故事讲的是一位双胞胎中的一个。,context,2026-09-v2,本地预制课堂素材；原创短句与场景模板,[],想象你也在这个场景里。用 twin 说一句自己的话。
typical,PET,1,典型的；象征性的,adj.,日常沟通,This is a typical school day.,这是平常的一个上学日。,[],结合常用释义整体记忆。先听老师读，再用自己的生活场景解释。,0,,https://www.cambridgeenglish.org/images/506887-b1-preliminary-vocabulary-list.pdf,'tipikl,https://github.com/skywind3000/ECDICT,offline-materials,typical,authored,typical · 单词里的小故事,小乐和朋友交换今天的小发现。这是平常的一个上学日。小乐说：“This is a typical school day.”朋友听懂了，也想起自己遇到过的事。,,This is a __________ school day.,typical,这是平常的一个上学日。,context,2026-09-v2,本地预制课堂素材；原创短句与场景模板,[],想象你也在这个场景里。用 typical 说一句自己的话。
typically,PET,2,代表性地；作为特色地,adv.,日常沟通,We typically have lunch at twelve.,我们通常十二点吃午饭。,[],结合常用释义整体记忆。先听老师读，再用自己的生活场景解释。,0,,https://www.cambridgeenglish.org/images/506887-b1-preliminary-vocabulary-list.pdf,'tipikәli,https://github.com/skywind3000/ECDICT,offline-materials,typically,authored,typically · 单词里的小故事,小乐和朋友交换今天的小发现。我们通常十二点吃午饭。小乐说：“We typically have lunch at twelve.”朋友听懂了，也想起自己遇到过的事。,,We __________ have lunch at twelve.,typically,我们通常十二点吃午饭。,context,2026-09-v2,本地预制课堂素材；原创短句与场景模板,[],想象你也在这个场景里。用 typically 说一句自己的话。
ugly,PET,2,丑陋的；邪恶的；险恶的,adj.,日常沟通,This box is ugly.,这个盒子是丑陋的。,[],结合常用释义整体记忆。先听老师读，再用自己的生活场景解释。,0,,https://www.cambridgeenglish.org/images/506887-b1-preliminary-vocabulary-list.pdf,'ʌgli,https://github.com/skywind3000/ECDICT,offline-materials,ugly,object-quality,ugly · 单词里的小故事,朋友闭上眼睛，让小乐描述面前的盒子。这个盒子是丑陋的。小乐说：“This box is ugly.”朋友听懂了，也想起自己遇到过的事。,,This box is __________.,ugly,这个盒子是丑陋的。,context,2026-09-v2,本地预制课堂素材；原创短句与场景模板,[],想象你也在这个场景里。用 ugly 说一句自己的话。
unable,PET,1,不能的；不会的,adj.,日常沟通,He is unable to come today.,他今天不能来。,"[{""text"": ""un-"", ""kind"": ""prefix"", ""meaning"": ""不；非"", ""story"": ""表示“不”的 un- 在古英语中就已经存在。放在一些形容词前面，它能把意思转向相反的一边。读完整个词，再检查这种相反的意思是否说得通。"", ""source"": ""https://www.merriam-webster.com/dictionary/un-""}, {""text"": ""able"", ""kind"": ""root"", ""meaning"": ""能够的""}]",先理解词基，再看词缀如何改变含义或词性。,0,,https://www.cambridgeenglish.org/images/506887-b1-preliminary-vocabulary-list.pdf,ʌn'eibl,https://github.com/skywind3000/ECDICT,offline-materials,unable,authored,unable · 单词里的小故事,小乐和朋友交换今天的小发现。他今天不能来。小乐说：“He is unable to come today.”朋友听懂了，也想起自己遇到过的事。,,He is __________ to come today.,unable,他今天不能来。,context,2026-09-v2,本地预制课堂素材；原创短句与场景模板,[],想象你也在这个场景里。用 unable 说一句自己的话。
unbelievable,PET,3,难以置信的,adj.,日常沟通,The news was unbelievable.,这个消息令人难以置信。,[],结合常用释义整体记忆。先听老师读，再用自己的生活场景解释。,0,,https://www.cambridgeenglish.org/images/506887-b1-preliminary-vocabulary-list.pdf,.ʌnbi'li:vәbl,https://github.com/skywind3000/ECDICT,offline-materials,unbelievable,authored,unbelievable · 单词里的小故事,小乐和朋友交换今天的小发现。这个消息令人难以置信。小乐说：“The news was unbelievable.”朋友听懂了，也想起自己遇到过的事。,,The news was __________.,unbelievable,这个消息令人难以置信。,context,2026-09-v2,本地预制课堂素材；原创短句与场景模板,[],想象你也在这个场景里。用 unbelievable 说一句自己的话。
uncomfortable,PET,2,不舒服的,adj.,日常沟通,The wet clothes make me uncomfortable.,湿衣服让我不舒服。,"[{""text"": ""un-"", ""kind"": ""prefix"", ""meaning"": ""不；非"", ""story"": ""表示“不”的 un- 在古英语中就已经存在。放在一些形容词前面，它能把意思转向相反的一边。读完整个词，再检查这种相反的意思是否说得通。"", ""source"": ""https://www.merriam-webster.com/dictionary/un-""}, {""text"": ""comfortable"", ""kind"": ""root"", ""meaning"": ""舒服的""}]",先理解词基，再看词缀如何改变含义或词性。,0,,https://www.cambridgeenglish.org/images/506887-b1-preliminary-vocabulary-list.pdf,.ʌn'kʌmfәtәbl,原创课堂释义与例句,offline-materials,uncomfortable,authored,uncomfortable · 单词里的小故事,小乐和朋友交换今天的小发现。湿衣服让我不舒服。小乐说：“The wet clothes make me uncomfortable.”朋友听懂了，也想起自己遇到过的事。,,The wet clothes make me __________.,uncomfortable,湿衣服让我不舒服。,context,2026-09-v2,本地预制课堂素材；原创短句与场景模板,"[{""en"": ""These shoes are too small and uncomfortable."", ""zh"": ""这双鞋太小，穿着不舒服。""}]",想象你也在这个场景里。用 uncomfortable 说一句自己的话。
underline,PET,2,在...下面划线；作...的衬里；强调,v.,日常沟通,Underline the word you do not know.,在你不认识的词下面画线。,[],结合常用释义整体记忆。先听老师读，再用自己的生活场景解释。,0,,https://www.cambridgeenglish.org/images/506887-b1-preliminary-vocabulary-list.pdf,'ʌndәlain,https://github.com/skywind3000/ECDICT,offline-materials,underline,authored,underline · 单词里的小故事,小乐和朋友交换今天的小发现。在你不认识的词下面画线。小乐说：“Underline the word you do not know.”朋友听懂了，也想起自己遇到过的事。,,__________ the word you do not know.,Underline,在你不认识的词下面画线。,context,2026-09-v2,本地预制课堂素材；原创短句与场景模板,[],想象你也在这个场景里。用 underline 说一句自己的话。
underneath,PET,2,在下面,prep.,日常沟通,The key is underneath the book.,钥匙在书下面。,[],结合常用释义整体记忆。先听老师读，再用自己的生活场景解释。,0,,https://www.cambridgeenglish.org/images/506887-b1-preliminary-vocabulary-list.pdf,.ʌndә'ni:θ,https://github.com/skywind3000/ECDICT,offline-materials,underneath,authored,underneath · 单词里的小故事,小乐和朋友交换今天的小发现。钥匙在书下面。小乐说：“The key is underneath the book.”朋友听懂了，也想起自己遇到过的事。,,The key is __________ the book.,underneath,钥匙在书下面。,context,2026-09-v2,本地预制课堂素材；原创短句与场景模板,[],想象你也在这个场景里。用 underneath 说一句自己的话。
underpants,PET,3,衬裤；短衬裤,n.,日常沟通,I like your underpants.,我喜欢你的衬裤。,[],结合常用释义整体记忆。先听老师读，再用自己的生活场景解释。,0,,https://www.cambridgeenglish.org/images/506887-b1-preliminary-vocabulary-list.pdf,'ʌndәpænts,https://github.com/skywind3000/ECDICT,offline-materials,underpants,clothes,underpants · 单词里的小故事,出门前，小乐注意到了朋友的穿着。我喜欢你的衬裤。小乐说：“I like your underpants.”朋友听懂了，也想起自己遇到过的事。,,I like your __________.,underpants,我喜欢你的衬裤。,context,2026-09-v2,本地预制课堂素材；原创短句与场景模板,[],想象你也在这个场景里。用 underpants 说一句自己的话。
underwater,PET,3,在水中的,adj.,日常沟通,We took photos underwater.,我们在水下拍照。,[],结合常用释义整体记忆。先听老师读，再用自己的生活场景解释。,0,,https://www.cambridgeenglish.org/images/506887-b1-preliminary-vocabulary-list.pdf,'ʌndә'wɒ:tә,https://github.com/skywind3000/ECDICT,offline-materials,underwater,authored,underwater · 单词里的小故事,小乐和朋友交换今天的小发现。我们在水下拍照。小乐说：“We took photos underwater.”朋友听懂了，也想起自己遇到过的事。,,We took photos __________.,underwater,我们在水下拍照。,context,2026-09-v2,本地预制课堂素材；原创短句与场景模板,[],想象你也在这个场景里。用 underwater 说一句自己的话。
underwear,PET,3,内衣,n.,日常沟通,I like your underwear.,我喜欢你的内衣。,[],结合常用释义整体记忆。先听老师读，再用自己的生活场景解释。,0,,https://www.cambridgeenglish.org/images/506887-b1-preliminary-vocabulary-list.pdf,'ʌndәwєә,https://github.com/skywind3000/ECDICT,offline-materials,underwear,clothes,underwear · 单词里的小故事,出门前，小乐注意到了朋友的穿着。我喜欢你的内衣。小乐说：“I like your underwear.”朋友听懂了，也想起自己遇到过的事。,,I like your __________.,underwear,我喜欢你的内衣。,context,2026-09-v2,本地预制课堂素材；原创短句与场景模板,[],想象你也在这个场景里。用 underwear 说一句自己的话。
undress,PET,3,使脱衣服；暴露；使卸去装饰,v.,日常沟通,The baby needs help to undress.,这个婴儿脱衣服需要帮助。,"[{""text"": ""un-"", ""kind"": ""prefix"", ""meaning"": ""解除；逆转动作"", ""story"": ""表示逆转动作的 un- 也有古英语来源，和表示“不”的用法有区别。可以把它想成一个倒放按钮：把已经做过的动作反过来。"", ""source"": ""https://www.merriam-webster.com/dictionary/un-""}, {""text"": ""dress"", ""kind"": ""root"", ""meaning"": ""穿衣""}]",先理解词基，再看词缀如何改变含义或词性。,0,,https://www.cambridgeenglish.org/images/506887-b1-preliminary-vocabulary-list.pdf,.ʌn'dres,https://github.com/skywind3000/ECDICT,offline-materials,undress,authored,undress · 单词里的小故事,小乐和朋友交换今天的小发现。这个婴儿脱衣服需要帮助。小乐说：“The baby needs help to undress.”朋友听懂了，也想起自己遇到过的事。,,The baby needs help to __________.,undress,这个婴儿脱衣服需要帮助。,context,2026-09-v2,本地预制课堂素材；原创短句与场景模板,[],想象你也在这个场景里。用 undress 说一句自己的话。
unemployed,PET,2,失业的；未被利用的,adj.,日常沟通,The person in the story is unemployed.,故事里的那个人是失业的。,[],结合常用释义整体记忆。先听老师读，再用自己的生活场景解释。,0,,https://www.cambridgeenglish.org/images/506887-b1-preliminary-vocabulary-list.pdf,.ʌnim'plɒid,https://github.com/skywind3000/ECDICT,offline-materials,unemployed,person-quality,unemployed · 单词里的小故事,同学们在给故事人物选词卡，小乐找到了合适的一张。故事里的那个人是失业的。小乐说：“The person in the story is unemployed.”朋友听懂了，也想起自己遇到过的事。,,The person in the story is __________.,unemployed,故事里的那个人是失业的。,context,2026-09-v2,本地预制课堂素材；原创短句与场景模板,[],想象你也在这个场景里。用 unemployed 说一句自己的话。
unemployment,PET,1,失业；失业人数,n.,日常沟通,We talked about the unemployment today.,我们今天谈到了失业。,[],结合常用释义整体记忆。先听老师读，再用自己的生活场景解释。,0,,https://www.cambridgeenglish.org/images/506887-b1-preliminary-vocabulary-list.pdf,.ʌnim'plɒimәnt,https://github.com/skywind3000/ECDICT,offline-materials,unemployment,discussion,unemployment · 单词里的小故事,小乐和朋友聊起今天的一件事。我们今天谈到了失业。小乐说：“We talked about the unemployment today.”朋友听懂了，也想起自己遇到过的事。,,We talked about the __________ today.,unemployment,我们今天谈到了失业。,context,2026-09-v2,本地预制课堂素材；原创短句与场景模板,[],想象你也在这个场景里。用 unemployment 说一句自己的话。
unexpected,PET,2,料想不到的；突然的；意外的,adj.,日常沟通,We had an unexpected guest.,我们来了一位意想不到的客人。,[],结合常用释义整体记忆。先听老师读，再用自己的生活场景解释。,0,,https://www.cambridgeenglish.org/images/506887-b1-preliminary-vocabulary-list.pdf,.ʌnik'spektid,https://github.com/skywind3000/ECDICT,offline-materials,unexpected,authored,unexpected · 单词里的小故事,小乐和朋友交换今天的小发现。我们来了一位意想不到的客人。小乐说：“We had an unexpected guest.”朋友听懂了，也想起自己遇到过的事。,,We had an __________ guest.,unexpected,我们来了一位意想不到的客人。,context,2026-09-v2,本地预制课堂素材；原创短句与场景模板,[],想象你也在这个场景里。用 unexpected 说一句自己的话。
unfair,PET,2,不公平的；不正直的；不正当的,adj.,日常沟通,The rule is unfair.,这条规则不公平。,"[{""text"": ""un-"", ""kind"": ""prefix"", ""meaning"": ""不；非"", ""story"": ""表示“不”的 un- 在古英语中就已经存在。放在一些形容词前面，它能把意思转向相反的一边。读完整个词，再检查这种相反的意思是否说得通。"", ""source"": ""https://www.merriam-webster.com/dictionary/un-""}, {""text"": ""fair"", ""kind"": ""root"", ""meaning"": ""公平的""}]",先理解词基，再看词缀如何改变含义或词性。,0,,https://www.cambridgeenglish.org/images/506887-b1-preliminary-vocabulary-list.pdf,.ʌn'fєә,https://github.com/skywind3000/ECDICT,offline-materials,unfair,authored,unfair · 单词里的小故事,小乐和朋友交换今天的小发现。这条规则不公平。小乐说：“The rule is unfair.”朋友听懂了，也想起自己遇到过的事。,,The rule is __________.,unfair,这条规则不公平。,context,2026-09-v2,本地预制课堂素材；原创短句与场景模板,"[{""en"": ""It is unfair to give only one child a turn."", ""zh"": ""只让一个孩子有机会是不公平的。""}]",想象你也在这个场景里。用 unfair 说一句自己的话。
unfit,PET,3,不适当的；不胜任的；不健康的,adj.,日常沟通,The person in the story is unfit.,故事里的那个人是不适当的。,"[{""text"": ""un-"", ""kind"": ""prefix"", ""meaning"": ""不；非"", ""story"": ""表示“不”的 un- 在古英语中就已经存在。放在一些形容词前面，它能把意思转向相反的一边。读完整个词，再检查这种相反的意思是否说得通。"", ""source"": ""https://www.merriam-webster.com/dictionary/un-""}, {""text"": ""fit"", ""kind"": ""root"", ""meaning"": ""健康的；合适的""}]",先理解词基，再看词缀如何改变含义或词性。,0,,https://www.cambridgeenglish.org/images/506887-b1-preliminary-vocabulary-list.pdf,.ʌn'fit,https://github.com/skywind3000/ECDICT,offline-materials,unfit,person-quality,unfit · 单词里的小故事,同学们在给故事人物选词卡，小乐找到了合适的一张。故事里的那个人是不适当的。小乐说：“The person in the story is unfit.”朋友听懂了，也想起自己遇到过的事。,,The person in the story is __________.,unfit,故事里的那个人是不适当的。,context,2026-09-v2,本地预制课堂素材；原创短句与场景模板,[],想象你也在这个场景里。用 unfit 说一句自己的话。
unforgettable,PET,3,忘不了的；令人难忘的,adj.,日常沟通,It is an unforgettable story.,这是一个忘不了的故事。,[],结合常用释义整体记忆。先听老师读，再用自己的生活场景解释。,0,,https://www.cambridgeenglish.org/images/506887-b1-preliminary-vocabulary-list.pdf,.ʌnfә'getәbl,https://github.com/skywind3000/ECDICT,offline-materials,unforgettable,story-quality,unforgettable · 单词里的小故事,读完一本故事书，小乐想用一句话向朋友介绍它。这是一个忘不了的故事。小乐说：“It is an unforgettable story.”朋友听懂了，也想起自己遇到过的事。,,It is an __________ story.,unforgettable,这是一个忘不了的故事。,context,2026-09-v2,本地预制课堂素材；原创短句与场景模板,[],想象你也在这个场景里。用 unforgettable 说一句自己的话。
unfriendly,PET,3,不友好的,adj.,日常沟通,He seems unfriendly at first.,一开始他显得不友好。,"[{""text"": ""un-"", ""kind"": ""prefix"", ""meaning"": ""不；非"", ""story"": ""表示“不”的 un- 在古英语中就已经存在。放在一些形容词前面，它能把意思转向相反的一边。读完整个词，再检查这种相反的意思是否说得通。"", ""source"": ""https://www.merriam-webster.com/dictionary/un-""}, {""text"": ""friendly"", ""kind"": ""root"", ""meaning"": ""友好的""}]",先理解词基，再看词缀如何改变含义或词性。,0,,https://www.cambridgeenglish.org/images/506887-b1-preliminary-vocabulary-list.pdf,.ʌn'frendli,原创课堂释义与例句,offline-materials,unfriendly,authored,unfriendly · 单词里的小故事,小乐和朋友交换今天的小发现。一开始他显得不友好。小乐说：“He seems unfriendly at first.”朋友听懂了，也想起自己遇到过的事。,,He seems __________ at first.,unfriendly,一开始他显得不友好。,context,2026-09-v2,本地预制课堂素材；原创短句与场景模板,"[{""en"": ""The man sounded unfriendly on the phone."", ""zh"": ""那个男人在电话里的语气听起来不友好。""}]",想象你也在这个场景里。用 unfriendly 说一句自己的话。
unhealthy,PET,3,不健康的,adj.,日常沟通,Too much sugar is unhealthy.,过量的糖不利于健康。,"[{""text"": ""un-"", ""kind"": ""prefix"", ""meaning"": ""不；非"", ""story"": ""表示“不”的 un- 在古英语中就已经存在。放在一些形容词前面，它能把意思转向相反的一边。读完整个词，再检查这种相反的意思是否说得通。"", ""source"": ""https://www.merriam-webster.com/dictionary/un-""}, {""text"": ""healthy"", ""kind"": ""root"", ""meaning"": ""健康的""}]",先理解词基，再看词缀如何改变含义或词性。,0,,https://www.cambridgeenglish.org/images/506887-b1-preliminary-vocabulary-list.pdf,.ʌn'helθi,https://github.com/skywind3000/ECDICT,offline-materials,unhealthy,authored,unhealthy · 单词里的小故事,小乐和朋友交换今天的小发现。过量的糖不利于健康。小乐说：“Too much sugar is unhealthy.”朋友听懂了，也想起自己遇到过的事。,,Too much sugar is __________.,unhealthy,过量的糖不利于健康。,context,2026-09-v2,本地预制课堂素材；原创短句与场景模板,"[{""en"": ""Too much sugar can be unhealthy."", ""zh"": ""吃太多糖可能不健康。""}]",想象你也在这个场景里。用 unhealthy 说一句自己的话。
unimportant,PET,3,不重要的,adj.,日常沟通,This small mistake is unimportant.,这个小错误不重要。,"[{""text"": ""un-"", ""kind"": ""prefix"", ""meaning"": ""不；非"", ""story"": ""表示“不”的 un- 在古英语中就已经存在。放在一些形容词前面，它能把意思转向相反的一边。读完整个词，再检查这种相反的意思是否说得通。"", ""source"": ""https://www.merriam-webster.com/dictionary/un-""}, {""text"": ""important"", ""kind"": ""root"", ""meaning"": ""重要的""}]",先理解词基，再看词缀如何改变含义或词性。,0,,https://www.cambridgeenglish.org/images/506887-b1-preliminary-vocabulary-list.pdf,.ʌnim'pɒ:tnt,https://github.com/skywind3000/ECDICT,offline-materials,unimportant,authored,unimportant · 单词里的小故事,小乐和朋友交换今天的小发现。这个小错误不重要。小乐说：“This small mistake is unimportant.”朋友听懂了，也想起自己遇到过的事。,,This small mistake is __________.,unimportant,这个小错误不重要。,context,2026-09-v2,本地预制课堂素材；原创短句与场景模板,[],想象你也在这个场景里。用 unimportant 说一句自己的话。
uninterested,PET,3,不感兴趣的；无利害关系的,adj.,日常沟通,He seemed uninterested in the game.,他似乎对游戏不感兴趣。,"[{""text"": ""un-"", ""kind"": ""prefix"", ""meaning"": ""不；非"", ""story"": ""表示“不”的 un- 在古英语中就已经存在。放在一些形容词前面，它能把意思转向相反的一边。读完整个词，再检查这种相反的意思是否说得通。"", ""source"": ""https://www.merriam-webster.com/dictionary/un-""}, {""text"": ""interested"", ""kind"": ""root"", ""meaning"": ""感兴趣的""}]",先理解词基，再看词缀如何改变含义或词性。,0,,https://www.cambridgeenglish.org/images/506887-b1-preliminary-vocabulary-list.pdf,.ʌn'intәristid,https://github.com/skywind3000/ECDICT,offline-materials,uninterested,authored,uninterested · 单词里的小故事,小乐和朋友交换今天的小发现。他似乎对游戏不感兴趣。小乐说：“He seemed uninterested in the game.”朋友听懂了，也想起自己遇到过的事。,,He seemed __________ in the game.,uninterested,他似乎对游戏不感兴趣。,context,2026-09-v2,本地预制课堂素材；原创短句与场景模板,[],想象你也在这个场景里。用 uninterested 说一句自己的话。
uninteresting,PET,3,引不起兴趣的；无趣味的；乏味的,adj.,日常沟通,It is an uninteresting story.,这是一个引不起兴趣的故事。,[],结合常用释义整体记忆。先听老师读，再用自己的生活场景解释。,0,,https://www.cambridgeenglish.org/images/506887-b1-preliminary-vocabulary-list.pdf,.ʌn'intәristiŋ,https://github.com/skywind3000/ECDICT,offline-materials,uninteresting,story-quality,uninteresting · 单词里的小故事,读完一本故事书，小乐想用一句话向朋友介绍它。这是一个引不起兴趣的故事。小乐说：“It is an uninteresting story.”朋友听懂了，也想起自己遇到过的事。,,It is an __________ story.,uninteresting,这是一个引不起兴趣的故事。,context,2026-09-v2,本地预制课堂素材；原创短句与场景模板,[],想象你也在这个场景里。用 uninteresting 说一句自己的话。
union,PET,1,联盟；联合；结合,n.,日常沟通,We talked about the union today.,我们今天谈到了联盟。,[],结合常用释义整体记忆。先听老师读，再用自己的生活场景解释。,0,,https://www.cambridgeenglish.org/images/506887-b1-preliminary-vocabulary-list.pdf,'ju:njәn,https://github.com/skywind3000/ECDICT,offline-materials,union,discussion,union · 单词里的小故事,小乐和朋友聊起今天的一件事。我们今天谈到了联盟。小乐说：“We talked about the union today.”朋友听懂了，也想起自己遇到过的事。,,We talked about the __________ today.,union,我们今天谈到了联盟。,context,2026-09-v2,本地预制课堂素材；原创短句与场景模板,[],想象你也在这个场景里。用 union 说一句自己的话。
unit,PET,1,单位；分队；部队,n.,日常沟通,We talked about the unit today.,我们今天谈到了单位。,[],结合常用释义整体记忆。先听老师读，再用自己的生活场景解释。,0,,https://www.cambridgeenglish.org/images/506887-b1-preliminary-vocabulary-list.pdf,'ju:nit,https://github.com/skywind3000/ECDICT,offline-materials,unit,discussion,unit · 单词里的小故事,小乐和朋友聊起今天的一件事。我们今天谈到了单位。小乐说：“We talked about the unit today.”朋友听懂了，也想起自己遇到过的事。,,We talked about the __________ today.,unit,我们今天谈到了单位。,context,2026-09-v2,本地预制课堂素材；原创短句与场景模板,[],想象你也在这个场景里。用 unit 说一句自己的话。
universe,PET,2,宇宙；星系；(思想等)范围,n.,日常沟通,We talked about the universe today.,我们今天谈到了宇宙。,[],结合常用释义整体记忆。先听老师读，再用自己的生活场景解释。,0,,https://www.cambridgeenglish.org/images/506887-b1-preliminary-vocabulary-list.pdf,'ju:nivә:s,https://github.com/skywind3000/ECDICT,offline-materials,universe,discussion,universe · 单词里的小故事,小乐和朋友聊起今天的一件事。我们今天谈到了宇宙。小乐说：“We talked about the universe today.”朋友听懂了，也想起自己遇到过的事。,,We talked about the __________ today.,universe,我们今天谈到了宇宙。,context,2026-09-v2,本地预制课堂素材；原创短句与场景模板,[],想象你也在这个场景里。用 universe 说一句自己的话。
unkind,PET,3,不仁慈的；不亲切的,adj.,日常沟通,The person in the story is unkind.,故事里的那个人是不仁慈的。,"[{""text"": ""un-"", ""kind"": ""prefix"", ""meaning"": ""不；非"", ""story"": ""表示“不”的 un- 在古英语中就已经存在。放在一些形容词前面，它能把意思转向相反的一边。读完整个词，再检查这种相反的意思是否说得通。"", ""source"": ""https://www.merriam-webster.com/dictionary/un-""}, {""text"": ""kind"", ""kind"": ""root"", ""meaning"": ""友善的""}]",先理解词基，再看词缀如何改变含义或词性。,0,,https://www.cambridgeenglish.org/images/506887-b1-preliminary-vocabulary-list.pdf,.ʌn'kaind,https://github.com/skywind3000/ECDICT,offline-materials,unkind,person-quality,unkind · 单词里的小故事,同学们在给故事人物选词卡，小乐找到了合适的一张。故事里的那个人是不仁慈的。小乐说：“The person in the story is unkind.”朋友听懂了，也想起自己遇到过的事。,,The person in the story is __________.,unkind,故事里的那个人是不仁慈的。,context,2026-09-v2,本地预制课堂素材；原创短句与场景模板,[],想象你也在这个场景里。用 unkind 说一句自己的话。
unknown,PET,2,不知道的；未知的；陌生的,adj.,日常沟通,The answer is still unknown.,答案仍然未知。,"[{""text"": ""un-"", ""kind"": ""prefix"", ""meaning"": ""不；非"", ""story"": ""表示“不”的 un- 在古英语中就已经存在。放在一些形容词前面，它能把意思转向相反的一边。读完整个词，再检查这种相反的意思是否说得通。"", ""source"": ""https://www.merriam-webster.com/dictionary/un-""}, {""text"": ""known"", ""kind"": ""root"", ""meaning"": ""已知的""}]",先理解词基，再看词缀如何改变含义或词性。,0,,https://www.cambridgeenglish.org/images/506887-b1-preliminary-vocabulary-list.pdf,.ʌn'nәun,https://github.com/skywind3000/ECDICT,offline-materials,unknown,authored,unknown · 单词里的小故事,小乐和朋友交换今天的小发现。答案仍然未知。小乐说：“The answer is still unknown.”朋友听懂了，也想起自己遇到过的事。,,The answer is still __________.,unknown,答案仍然未知。,context,2026-09-v2,本地预制课堂素材；原创短句与场景模板,"[{""en"": ""The name on the box is unknown to me."", ""zh"": ""我不认识盒子上写的那个名字。""}]",想象你也在这个场景里。用 unknown 说一句自己的话。
unlikely,PET,1,不太可能的,adj.,日常沟通,It is unlikely to rain today.,今天不太可能下雨。,[],结合常用释义整体记忆。先听老师读，再用自己的生活场景解释。,0,,https://www.cambridgeenglish.org/images/506887-b1-preliminary-vocabulary-list.pdf,.ʌn'laikli,https://github.com/skywind3000/ECDICT,offline-materials,unlikely,authored,unlikely · 单词里的小故事,小乐和朋友交换今天的小发现。今天不太可能下雨。小乐说：“It is unlikely to rain today.”朋友听懂了，也想起自己遇到过的事。,,It is __________ to rain today.,unlikely,今天不太可能下雨。,context,2026-09-v2,本地预制课堂素材；原创短句与场景模板,[],想象你也在这个场景里。用 unlikely 说一句自己的话。
unlucky,PET,3,不吉利的；不祥的；不幸的,adj.,日常沟通,We were unlucky to miss the bus.,我们没赶上公交车，真不走运。,"[{""text"": ""un-"", ""kind"": ""prefix"", ""meaning"": ""不；非"", ""story"": ""表示“不”的 un- 在古英语中就已经存在。放在一些形容词前面，它能把意思转向相反的一边。读完整个词，再检查这种相反的意思是否说得通。"", ""source"": ""https://www.merriam-webster.com/dictionary/un-""}, {""text"": ""lucky"", ""kind"": ""root"", ""meaning"": ""幸运的""}]",先理解词基，再看词缀如何改变含义或词性。,0,,https://www.cambridgeenglish.org/images/506887-b1-preliminary-vocabulary-list.pdf,.ʌn'lʌki,https://github.com/skywind3000/ECDICT,offline-materials,unlucky,authored,unlucky · 单词里的小故事,小乐和朋友交换今天的小发现。我们没赶上公交车，真不走运。小乐说：“We were unlucky to miss the bus.”朋友听懂了，也想起自己遇到过的事。,,We were __________ to miss the bus.,unlucky,我们没赶上公交车，真不走运。,context,2026-09-v2,本地预制课堂素材；原创短句与场景模板,"[{""en"": ""We were unlucky to miss the last bus."", ""zh"": ""我们运气不好，没赶上末班车。""}]",想象你也在这个场景里。用 unlucky 说一句自己的话。
unnecessary,PET,2,不必要的,adj.,日常沟通,This extra bag is unnecessary.,这个多带的包不需要。,"[{""text"": ""un-"", ""kind"": ""prefix"", ""meaning"": ""不；非"", ""story"": ""表示“不”的 un- 在古英语中就已经存在。放在一些形容词前面，它能把意思转向相反的一边。读完整个词，再检查这种相反的意思是否说得通。"", ""source"": ""https://www.merriam-webster.com/dictionary/un-""}, {""text"": ""necessary"", ""kind"": ""root"", ""meaning"": ""必要的""}]",先理解词基，再看词缀如何改变含义或词性。,0,,https://www.cambridgeenglish.org/images/506887-b1-preliminary-vocabulary-list.pdf,.ʌn'nesәsәri,https://github.com/skywind3000/ECDICT,offline-materials,unnecessary,authored,unnecessary · 单词里的小故事,小乐和朋友交换今天的小发现。这个多带的包不需要。小乐说：“This extra bag is unnecessary.”朋友听懂了，也想起自己遇到过的事。,,This extra bag is __________.,unnecessary,这个多带的包不需要。,context,2026-09-v2,本地预制课堂素材；原创短句与场景模板,"[{""en"": ""A coat is unnecessary on such a warm day."", ""zh"": ""这么暖和的天气没必要穿外套。""}]",想象你也在这个场景里。用 unnecessary 说一句自己的话。
unpack,PET,3,从包裹中取出；卸下；打开,v.,日常沟通,Let's unpack our bags.,我们把包里的东西拿出来吧。,"[{""text"": ""un-"", ""kind"": ""prefix"", ""meaning"": ""解除；逆转动作"", ""story"": ""表示逆转动作的 un- 也有古英语来源，和表示“不”的用法有区别。可以把它想成一个倒放按钮：把已经做过的动作反过来。"", ""source"": ""https://www.merriam-webster.com/dictionary/un-""}, {""text"": ""pack"", ""kind"": ""root"", ""meaning"": ""打包""}]",先理解词基，再看词缀如何改变含义或词性。,0,,https://www.cambridgeenglish.org/images/506887-b1-preliminary-vocabulary-list.pdf,.ʌn'pæk,https://github.com/skywind3000/ECDICT,offline-materials,unpack,authored,unpack · 单词里的小故事,旅行回到家，小乐打开包，把衣服、书和一张车票一件件拿出来。空下来的包靠在墙边，一趟旅行也慢慢变成了故事。这就是 unpack 留下的画面。,,Let's __________ our bags.,unpack,我们把包里的东西拿出来吧。,context,2026-09-v2,本地预制课堂素材；原创短句与场景模板,"[{""en"": ""I unpack my bag when I get home."", ""zh"": ""回到家时，我把包里的东西拿出来。""}]",旅行回来，你会先从包里拿出什么？
unpleasant,PET,2,使人不愉快的；使人厌恶的；煞风景的,adj.,日常沟通,The smell is unpleasant.,这个气味不好闻。,"[{""text"": ""un-"", ""kind"": ""prefix"", ""meaning"": ""不；非"", ""story"": ""表示“不”的 un- 在古英语中就已经存在。放在一些形容词前面，它能把意思转向相反的一边。读完整个词，再检查这种相反的意思是否说得通。"", ""source"": ""https://www.merriam-webster.com/dictionary/un-""}, {""text"": ""pleasant"", ""kind"": ""root"", ""meaning"": ""令人愉快的""}]",先理解词基，再看词缀如何改变含义或词性。,0,,https://www.cambridgeenglish.org/images/506887-b1-preliminary-vocabulary-list.pdf,.ʌn'pleznt,https://github.com/skywind3000/ECDICT,offline-materials,unpleasant,authored,unpleasant · 单词里的小故事,小乐和朋友交换今天的小发现。这个气味不好闻。小乐说：“The smell is unpleasant.”朋友听懂了，也想起自己遇到过的事。,,The smell is __________.,unpleasant,这个气味不好闻。,context,2026-09-v2,本地预制课堂素材；原创短句与场景模板,[],想象你也在这个场景里。用 unpleasant 说一句自己的话。
unsure,PET,3,不肯定的；不确定的；没有自信的,adj.,日常沟通,I feel unsure today.,我今天感到不肯定的。,[],结合常用释义整体记忆。先听老师读，再用自己的生活场景解释。,0,,https://www.cambridgeenglish.org/images/506887-b1-preliminary-vocabulary-list.pdf,.ʌn'ʃuә,https://github.com/skywind3000/ECDICT,offline-materials,unsure,feeling,unsure · 单词里的小故事,老师请大家用一个词说说今天的感受，小乐先举了手。我今天感到不肯定的。小乐说：“I feel unsure today.”朋友听懂了，也想起自己遇到过的事。,,I feel __________ today.,unsure,我今天感到不肯定的。,context,2026-09-v2,本地预制课堂素材；原创短句与场景模板,[],想象你也在这个场景里。用 unsure 说一句自己的话。
untidy,PET,3,不整齐的；懒散的；混乱的,adj.,日常沟通,My room is untidy.,我的房间不整洁。,"[{""text"": ""un-"", ""kind"": ""prefix"", ""meaning"": ""不；非"", ""story"": ""表示“不”的 un- 在古英语中就已经存在。放在一些形容词前面，它能把意思转向相反的一边。读完整个词，再检查这种相反的意思是否说得通。"", ""source"": ""https://www.merriam-webster.com/dictionary/un-""}, {""text"": ""tidy"", ""kind"": ""root"", ""meaning"": ""整洁的""}]",先理解词基，再看词缀如何改变含义或词性。,0,,https://www.cambridgeenglish.org/images/506887-b1-preliminary-vocabulary-list.pdf,.ʌn'taidi,https://github.com/skywind3000/ECDICT,offline-materials,untidy,authored,untidy · 单词里的小故事,小乐和朋友交换今天的小发现。我的房间不整洁。小乐说：“My room is untidy.”朋友听懂了，也想起自己遇到过的事。,,My room is __________.,untidy,我的房间不整洁。,context,2026-09-v2,本地预制课堂素材；原创短句与场景模板,[],想象你也在这个场景里。用 untidy 说一句自己的话。
unwell,PET,3,不舒服的；生病的；身体不好的,adj.,日常沟通,I feel unwell today.,我今天感到不舒服的。,[],结合常用释义整体记忆。先听老师读，再用自己的生活场景解释。,0,,https://www.cambridgeenglish.org/images/506887-b1-preliminary-vocabulary-list.pdf,.ʌn'wel,https://github.com/skywind3000/ECDICT,offline-materials,unwell,feeling,unwell · 单词里的小故事,老师请大家用一个词说说今天的感受，小乐先举了手。我今天感到不舒服的。小乐说：“I feel unwell today.”朋友听懂了，也想起自己遇到过的事。,,I feel __________ today.,unwell,我今天感到不舒服的。,context,2026-09-v2,本地预制课堂素材；原创短句与场景模板,[],想象你也在这个场景里。用 unwell 说一句自己的话。
up to,PET,3,多达；直到,prep phr.,日常沟通,The room holds up to ten people.,这个房间最多能容纳十个人。,[],结合常用释义整体记忆。先听老师读，再用自己的生活场景解释。,0,,https://www.cambridgeenglish.org/images/506887-b1-preliminary-vocabulary-list.pdf,,常用义教学修订；原词典见 ECDICT-LICENSE.txt,offline-materials,up to,authored,up to · 单词里的小故事,小乐和朋友交换今天的小发现。这个房间最多能容纳十个人。小乐说：“The room holds up to ten people.”朋友听懂了，也想起自己遇到过的事。,,The room holds __________ ten people.,up to,这个房间最多能容纳十个人。,context,2026-09-v2,本地预制课堂素材；原创短句与场景模板,[],想象你也在这个场景里。用 up to 说一句自己的话。
up to date,PET,3,最近的；最新的,prep phr.,日常沟通,This map is up to date.,这张地图是最新的。,[],结合常用释义整体记忆。先听老师读，再用自己的生活场景解释。,0,,https://www.cambridgeenglish.org/images/506887-b1-preliminary-vocabulary-list.pdf,,https://github.com/skywind3000/ECDICT,offline-materials,up to date,authored,up to date · 单词里的小故事,小乐和朋友交换今天的小发现。这张地图是最新的。小乐说：“This map is up to date.”朋友听懂了，也想起自己遇到过的事。,,This map is __________.,up to date,这张地图是最新的。,context,2026-09-v2,本地预制课堂素材；原创短句与场景模板,[],想象你也在这个场景里。用 up to date 说一句自己的话。
update,PET,2,更新,n; v.,日常沟通,We talked about the update today.,我们今天谈到了更新。,[],结合常用释义整体记忆。先听老师读，再用自己的生活场景解释。,0,,https://www.cambridgeenglish.org/images/506887-b1-preliminary-vocabulary-list.pdf,ʌp'deit,https://github.com/skywind3000/ECDICT,offline-materials,update,discussion,update · 单词里的小故事,小乐和朋友聊起今天的一件事。我们今天谈到了更新。小乐说：“We talked about the update today.”朋友听懂了，也想起自己遇到过的事。,,We talked about the __________ today.,update,我们今天谈到了更新。,context,2026-09-v2,本地预制课堂素材；原创短句与场景模板,[],想象你也在这个场景里。用 update 说一句自己的话。
upper,PET,1,上面的；较高的；上级的,adj.,日常沟通,The books are on the upper shelf.,书在上层架子上。,[],结合常用释义整体记忆。先听老师读，再用自己的生活场景解释。,0,,https://www.cambridgeenglish.org/images/506887-b1-preliminary-vocabulary-list.pdf,'ʌpә,https://github.com/skywind3000/ECDICT,offline-materials,upper,authored,upper · 单词里的小故事,小乐和朋友交换今天的小发现。书在上层架子上。小乐说：“The books are on the upper shelf.”朋友听懂了，也想起自己遇到过的事。,,The books are on the __________ shelf.,upper,书在上层架子上。,context,2026-09-v2,本地预制课堂素材；原创短句与场景模板,[],想象你也在这个场景里。用 upper 说一句自己的话。
urgent,PET,2,紧急的；急迫的；催逼的,adj.,日常沟通,This message is urgent.,这条消息很紧急。,[],结合常用释义整体记忆。先听老师读，再用自己的生活场景解释。,0,,https://www.cambridgeenglish.org/images/506887-b1-preliminary-vocabulary-list.pdf,'ә:dʒәnt,https://github.com/skywind3000/ECDICT,offline-materials,urgent,authored,urgent · 单词里的小故事,小乐和朋友交换今天的小发现。这条消息很紧急。小乐说：“This message is urgent.”朋友听懂了，也想起自己遇到过的事。,,This message is __________.,urgent,这条消息很紧急。,context,2026-09-v2,本地预制课堂素材；原创短句与场景模板,[],想象你也在这个场景里。用 urgent 说一句自己的话。
urgently,PET,2,急切地；迫切地；紧急地,adv.,日常沟通,We urgently need more water.,我们急需更多水。,[],结合常用释义整体记忆。先听老师读，再用自己的生活场景解释。,0,,https://www.cambridgeenglish.org/images/506887-b1-preliminary-vocabulary-list.pdf,,https://github.com/skywind3000/ECDICT,offline-materials,urgently,authored,urgently · 单词里的小故事,小乐和朋友交换今天的小发现。我们急需更多水。小乐说：“We urgently need more water.”朋友听懂了，也想起自己遇到过的事。,,We __________ need more water.,urgently,我们急需更多水。,context,2026-09-v2,本地预制课堂素材；原创短句与场景模板,[],想象你也在这个场景里。用 urgently 说一句自己的话。
used to,PET,3,过去经常(做)...；过去有规律地发生,v.,日常沟通,I used to live near the sea.,我以前住在海边。,[],结合常用释义整体记忆。先听老师读，再用自己的生活场景解释。,0,,https://www.cambridgeenglish.org/images/506887-b1-preliminary-vocabulary-list.pdf,'ju:s tә,https://github.com/skywind3000/ECDICT,offline-materials,used to,authored,used to · 单词里的小故事,小乐和朋友交换今天的小发现。我以前住在海边。小乐说：“I used to live near the sea.”朋友听懂了，也想起自己遇到过的事。,,I __________ live near the sea.,used to,我以前住在海边。,context,2026-09-v2,本地预制课堂素材；原创短句与场景模板,[],想象你也在这个场景里。用 used to 说一句自己的话。
user,PET,1,使用者,n.,日常沟通,This story is about an user.,这个故事讲的是一位使用者。,[],结合常用释义整体记忆。先听老师读，再用自己的生活场景解释。,0,,https://www.cambridgeenglish.org/images/506887-b1-preliminary-vocabulary-list.pdf,'ju:zә,https://github.com/skywind3000/ECDICT,offline-materials,user,person,user · 单词里的小故事,读书会轮到小乐介绍故事里的一个人物。这个故事讲的是一位使用者。小乐说：“This story is about an user.”朋友听懂了，也想起自己遇到过的事。,,This story is about an __________.,user,这个故事讲的是一位使用者。,context,2026-09-v2,本地预制课堂素材；原创短句与场景模板,[],想象你也在这个场景里。用 user 说一句自己的话。
valley,PET,1,山谷；溪谷；流域,n.,日常沟通,We visited the valley today.,我们今天参观了山谷。,[],结合常用释义整体记忆。先听老师读，再用自己的生活场景解释。,0,,https://www.cambridgeenglish.org/images/506887-b1-preliminary-vocabulary-list.pdf,'væli,https://github.com/skywind3000/ECDICT,offline-materials,valley,place,valley · 单词里的小故事,小乐把今天的外出经历记进了日记。我们今天参观了山谷。小乐说：“We visited the valley today.”朋友听懂了，也想起自己遇到过的事。,,We visited the __________ today.,valley,我们今天参观了山谷。,context,2026-09-v2,本地预制课堂素材；原创短句与场景模板,[],想象你也在这个场景里。用 valley 说一句自己的话。
valuable,PET,2,宝贵的；值钱的,adj.,日常沟通,Your advice is valuable to me.,你的建议对我很宝贵。,"[{""text"": ""value"", ""kind"": ""root"", ""meaning"": ""价值""}, {""text"": ""-able"", ""kind"": ""suffix"", ""meaning"": ""可以……的；适合……的"", ""story"": ""-able 经由法语进入英语，更早来自拉丁语的后缀形式。它常告诉我们“可以被这样做”或“适合这样做”。先认出动作，再想一想，这个东西能不能接受这个动作。"", ""source"": ""https://www.merriam-webster.com/dictionary/able""}]",这是词基与派生词的关系。拼写发生了变化，请把本课目标单词完整写对；构词成分不是原词的逐字切片。,0,,https://www.cambridgeenglish.org/images/506887-b1-preliminary-vocabulary-list.pdf,'væljuәbl,原创课堂释义与例句,offline-materials,valuable,authored,valuable · 单词里的小故事,小乐和朋友交换今天的小发现。你的建议对我很宝贵。小乐说：“Your advice is valuable to me.”朋友听懂了，也想起自己遇到过的事。,,Your advice is __________ to me.,valuable,你的建议对我很宝贵。,context,2026-09-v2,本地预制课堂素材；原创短句与场景模板,"[{""en"": ""Your time is valuable, so use it well."", ""zh"": ""你的时间很宝贵，所以要好好利用。""}]",想象你也在这个场景里。用 valuable 说一句自己的话。
value,PET,1,价值；重视,n.,日常沟通,We talked about the value today.,我们今天谈到了价值。,"[{""text"": ""value"", ""kind"": ""root"", ""meaning"": ""价值""}]",这个词本身可以作为词基，与相关派生词联系起来理解。,0,,https://www.cambridgeenglish.org/images/506887-b1-preliminary-vocabulary-list.pdf,'vælju:,常用义教学修订；原词典见 ECDICT-LICENSE.txt,offline-materials,value,discussion,value · 单词里的小故事,小乐和朋友聊起今天的一件事。我们今天谈到了价值。小乐说：“We talked about the value today.”朋友听懂了，也想起自己遇到过的事。,,We talked about the __________ today.,value,我们今天谈到了价值。,context,2026-09-v2,本地预制课堂素材；原创短句与场景模板,[],想象你也在这个场景里。用 value 说一句自己的话。
van,PET,2,货车；篷车；先锋,n.,日常沟通,Look at the van in this picture.,看看这张图片中的货车。,[],结合常用释义整体记忆。先听老师读，再用自己的生活场景解释。,0,,https://www.cambridgeenglish.org/images/506887-b1-preliminary-vocabulary-list.pdf,væn,https://github.com/skywind3000/ECDICT,offline-materials,van,transport,van · 单词里的小故事,小乐和朋友观察一张出行图片，轮流指出里面的东西。看看这张图片中的货车。小乐说：“Look at the van in this picture.”朋友听懂了，也想起自己遇到过的事。,,Look at the __________ in this picture.,van,看看这张图片中的货车。,context,2026-09-v2,本地预制课堂素材；原创短句与场景模板,[],想象你也在这个场景里。用 van 说一句自己的话。
vanilla,PET,3,香草；香子兰,n.,日常沟通,This vanilla tastes good.,这份香草味道很好。,[],结合常用释义整体记忆。先听老师读，再用自己的生活场景解释。,0,,https://www.cambridgeenglish.org/images/506887-b1-preliminary-vocabulary-list.pdf,vә'nilә,https://github.com/skywind3000/ECDICT,offline-materials,vanilla,food,vanilla · 单词里的小故事,小乐第一次给家人当小帮手，端出一份食物。这份香草味道很好。小乐说：“This vanilla tastes good.”朋友听懂了，也想起自己遇到过的事。,,This __________ tastes good.,vanilla,这份香草味道很好。,context,2026-09-v2,本地预制课堂素材；原创短句与场景模板,[],想象你也在这个场景里。用 vanilla 说一句自己的话。
vase,PET,2,花瓶；瓶,n.,日常沟通,We need the vase today.,我们今天需要花瓶。,[],结合常用释义整体记忆。先听老师读，再用自己的生活场景解释。,0,,https://www.cambridgeenglish.org/images/506887-b1-preliminary-vocabulary-list.pdf,veis,https://github.com/skywind3000/ECDICT,offline-materials,vase,equipment,vase · 单词里的小故事,班级活动开始前，小乐负责核对需要的东西。我们今天需要花瓶。小乐说：“We need the vase today.”朋友听懂了，也想起自己遇到过的事。,,We need the __________ today.,vase,我们今天需要花瓶。,context,2026-09-v2,本地预制课堂素材；原创短句与场景模板,[],想象你也在这个场景里。用 vase 说一句自己的话。
vehicle,PET,1,交通工具；车辆；传播媒介,n.,日常沟通,Look at the vehicle in this picture.,看看这张图片中的交通工具。,[],结合常用释义整体记忆。先听老师读，再用自己的生活场景解释。,0,,https://www.cambridgeenglish.org/images/506887-b1-preliminary-vocabulary-list.pdf,'vi:ikl,https://github.com/skywind3000/ECDICT,offline-materials,vehicle,transport,vehicle · 单词里的小故事,小乐和朋友观察一张出行图片，轮流指出里面的东西。看看这张图片中的交通工具。小乐说：“Look at the vehicle in this picture.”朋友听懂了，也想起自己遇到过的事。,,Look at the __________ in this picture.,vehicle,看看这张图片中的交通工具。,context,2026-09-v2,本地预制课堂素材；原创短句与场景模板,[],想象你也在这个场景里。用 vehicle 说一句自己的话。
version,PET,1,版本,n.,日常沟通,We talked about the version today.,我们今天谈到了版本。,[],结合常用释义整体记忆。先听老师读，再用自己的生活场景解释。,0,,https://www.cambridgeenglish.org/images/506887-b1-preliminary-vocabulary-list.pdf,'vә:ʒәn,常用义教学修订；原词典见 ECDICT-LICENSE.txt,offline-materials,version,discussion,version · 单词里的小故事,小乐和朋友聊起今天的一件事。我们今天谈到了版本。小乐说：“We talked about the version today.”朋友听懂了，也想起自己遇到过的事。,,We talked about the __________ today.,version,我们今天谈到了版本。,context,2026-09-v2,本地预制课堂素材；原创短句与场景模板,[],想象你也在这个场景里。用 version 说一句自己的话。
vet,PET,2,兽医,n.,日常沟通,This story is about a vet.,这个故事讲的是一位兽医。,[],结合常用释义整体记忆。先听老师读，再用自己的生活场景解释。,0,,https://www.cambridgeenglish.org/images/506887-b1-preliminary-vocabulary-list.pdf,vet,https://github.com/skywind3000/ECDICT,offline-materials,vet,person,vet · 单词里的小故事,读书会轮到小乐介绍故事里的一个人物。这个故事讲的是一位兽医。小乐说：“This story is about a vet.”朋友听懂了，也想起自己遇到过的事。,,This story is about a __________.,vet,这个故事讲的是一位兽医。,context,2026-09-v2,本地预制课堂素材；原创短句与场景模板,[],想象你也在这个场景里。用 vet 说一句自己的话。
via,PET,2,经由；经过；通过,prep.,日常沟通,We send messages via our phones.,我们通过手机发消息。,[],结合常用释义整体记忆。先听老师读，再用自己的生活场景解释。,0,,https://www.cambridgeenglish.org/images/506887-b1-preliminary-vocabulary-list.pdf,vaiә,https://github.com/skywind3000/ECDICT,offline-materials,via,authored,via · 单词里的小故事,小乐和朋友交换今天的小发现。我们通过手机发消息。小乐说：“We send messages via our phones.”朋友听懂了，也想起自己遇到过的事。,,We send messages __________ our phones.,via,我们通过手机发消息。,context,2026-09-v2,本地预制课堂素材；原创短句与场景模板,[],想象你也在这个场景里。用 via 说一句自己的话。
video clip,PET,3,视频片段,n.,日常沟通,We talked about the video clip today.,我们今天谈到了视频片段。,[],结合常用释义整体记忆。先听老师读，再用自己的生活场景解释。,0,,https://www.cambridgeenglish.org/images/506887-b1-preliminary-vocabulary-list.pdf,ˈvidiəu klip,https://github.com/skywind3000/ECDICT,offline-materials,video clip,discussion,video clip · 单词里的小故事,小乐和朋友聊起今天的一件事。我们今天谈到了视频片段。小乐说：“We talked about the video clip today.”朋友听懂了，也想起自己遇到过的事。,,We talked about the __________ today.,video clip,我们今天谈到了视频片段。,context,2026-09-v2,本地预制课堂素材；原创短句与场景模板,[],想象你也在这个场景里。用 video clip 说一句自己的话。
virus,PET,2,病毒；滤过性病毒；毒害,n.,日常沟通,We talked about the virus today.,我们今天谈到了病毒。,[],结合常用释义整体记忆。先听老师读，再用自己的生活场景解释。,0,,https://www.cambridgeenglish.org/images/506887-b1-preliminary-vocabulary-list.pdf,'vaiәrәs,https://github.com/skywind3000/ECDICT,offline-materials,virus,discussion,virus · 单词里的小故事,小乐和朋友聊起今天的一件事。我们今天谈到了病毒。小乐说：“We talked about the virus today.”朋友听懂了，也想起自己遇到过的事。,,We talked about the __________ today.,virus,我们今天谈到了病毒。,context,2026-09-v2,本地预制课堂素材；原创短句与场景模板,[],想象你也在这个场景里。用 virus 说一句自己的话。
visa,PET,3,签证,n.,日常沟通,We talked about the visa today.,我们今天谈到了签证。,[],结合常用释义整体记忆。先听老师读，再用自己的生活场景解释。,0,,https://www.cambridgeenglish.org/images/506887-b1-preliminary-vocabulary-list.pdf,'vi:zә,https://github.com/skywind3000/ECDICT,offline-materials,visa,discussion,visa · 单词里的小故事,小乐和朋友聊起今天的一件事。我们今天谈到了签证。小乐说：“We talked about the visa today.”朋友听懂了，也想起自己遇到过的事。,,We talked about the __________ today.,visa,我们今天谈到了签证。,context,2026-09-v2,本地预制课堂素材；原创短句与场景模板,[],想象你也在这个场景里。用 visa 说一句自己的话。
voice,PET,1,声音；嗓音；嗓子,n.,日常沟通,We talked about the voice today.,我们今天谈到了声音。,[],结合常用释义整体记忆。先听老师读，再用自己的生活场景解释。,0,,https://www.cambridgeenglish.org/images/506887-b1-preliminary-vocabulary-list.pdf,vɒis,https://github.com/skywind3000/ECDICT,offline-materials,voice,discussion,voice · 单词里的小故事,小乐和朋友聊起今天的一件事。我们今天谈到了声音。小乐说：“We talked about the voice today.”朋友听懂了，也想起自己遇到过的事。,,We talked about the __________ today.,voice,我们今天谈到了声音。,context,2026-09-v2,本地预制课堂素材；原创短句与场景模板,[],想象你也在这个场景里。用 voice 说一句自己的话。
volume,PET,1,音量；体积,n.,日常沟通,We talked about the volume today.,我们今天谈到了音量。,[],结合常用释义整体记忆。先听老师读，再用自己的生活场景解释。,0,,https://www.cambridgeenglish.org/images/506887-b1-preliminary-vocabulary-list.pdf,'vɒljum,常用义教学修订；原词典见 ECDICT-LICENSE.txt,offline-materials,volume,discussion,volume · 单词里的小故事,小乐和朋友聊起今天的一件事。我们今天谈到了音量。小乐说：“We talked about the volume today.”朋友听懂了，也想起自己遇到过的事。,,We talked about the __________ today.,volume,我们今天谈到了音量。,context,2026-09-v2,本地预制课堂素材；原创短句与场景模板,[],想象你也在这个场景里。用 volume 说一句自己的话。
volunteer,PET,2,志愿者,n; v.,日常沟通,This story is about a volunteer.,这个故事讲的是一位志愿者。,[],结合常用释义整体记忆。先听老师读，再用自己的生活场景解释。,0,,https://www.cambridgeenglish.org/images/506887-b1-preliminary-vocabulary-list.pdf,.vɒlәn'tiә,https://github.com/skywind3000/ECDICT,offline-materials,volunteer,person,volunteer · 单词里的小故事,读书会轮到小乐介绍故事里的一个人物。这个故事讲的是一位志愿者。小乐说：“This story is about a volunteer.”朋友听懂了，也想起自己遇到过的事。,,This story is about a __________.,volunteer,这个故事讲的是一位志愿者。,context,2026-09-v2,本地预制课堂素材；原创短句与场景模板,[],想象你也在这个场景里。用 volunteer 说一句自己的话。
vote,PET,1,投票；选举；选票,n; v.,日常沟通,We talked about the vote today.,我们今天谈到了投票。,[],结合常用释义整体记忆。先听老师读，再用自己的生活场景解释。,0,,https://www.cambridgeenglish.org/images/506887-b1-preliminary-vocabulary-list.pdf,vәut,https://github.com/skywind3000/ECDICT,offline-materials,vote,discussion,vote · 单词里的小故事,小乐和朋友聊起今天的一件事。我们今天谈到了投票。小乐说：“We talked about the vote today.”朋友听懂了，也想起自己遇到过的事。,,We talked about the __________ today.,vote,我们今天谈到了投票。,context,2026-09-v2,本地预制课堂素材；原创短句与场景模板,[],想象你也在这个场景里。用 vote 说一句自己的话。
vowel,PET,3,元音,n.,日常沟通,We talked about the vowel today.,我们今天谈到了元音。,[],结合常用释义整体记忆。先听老师读，再用自己的生活场景解释。,0,,https://www.cambridgeenglish.org/images/506887-b1-preliminary-vocabulary-list.pdf,'vauәl,常用义教学修订；原词典见 ECDICT-LICENSE.txt,offline-materials,vowel,discussion,vowel · 单词里的小故事,小乐和朋友聊起今天的一件事。我们今天谈到了元音。小乐说：“We talked about the vowel today.”朋友听懂了，也想起自己遇到过的事。,,We talked about the __________ today.,vowel,我们今天谈到了元音。,context,2026-09-v2,本地预制课堂素材；原创短句与场景模板,[],想象你也在这个场景里。用 vowel 说一句自己的话。
wage,PET,1,工资,n.,日常沟通,We talked about the wage today.,我们今天谈到了工资。,[],结合常用释义整体记忆。先听老师读，再用自己的生活场景解释。,0,,https://www.cambridgeenglish.org/images/506887-b1-preliminary-vocabulary-list.pdf,weidʒ,常用义教学修订；原词典见 ECDICT-LICENSE.txt,offline-materials,wage,discussion,wage · 单词里的小故事,小乐和朋友聊起今天的一件事。我们今天谈到了工资。小乐说：“We talked about the wage today.”朋友听懂了，也想起自己遇到过的事。,,We talked about the __________ today.,wage,我们今天谈到了工资。,context,2026-09-v2,本地预制课堂素材；原创短句与场景模板,[],想象你也在这个场景里。用 wage 说一句自己的话。
waiting room,PET,3,候车室；等候室,n.,日常沟通,We visited the waiting room today.,我们今天参观了候车室。,[],结合常用释义整体记忆。先听老师读，再用自己的生活场景解释。,0,,https://www.cambridgeenglish.org/images/506887-b1-preliminary-vocabulary-list.pdf,,https://github.com/skywind3000/ECDICT,offline-materials,waiting room,place,waiting room · 单词里的小故事,小乐把今天的外出经历记进了日记。我们今天参观了候车室。小乐说：“We visited the waiting room today.”朋友听懂了，也想起自己遇到过的事。,,We visited the __________ today.,waiting room,我们今天参观了候车室。,context,2026-09-v2,本地预制课堂素材；原创短句与场景模板,[],想象你也在这个场景里。用 waiting room 说一句自己的话。
war,PET,1,战争；战争状态；战术,n.,日常沟通,We talked about the war today.,我们今天谈到了战争。,[],结合常用释义整体记忆。先听老师读，再用自己的生活场景解释。,0,,https://www.cambridgeenglish.org/images/506887-b1-preliminary-vocabulary-list.pdf,wɒ:,https://github.com/skywind3000/ECDICT,offline-materials,war,discussion,war · 单词里的小故事,小乐和朋友聊起今天的一件事。我们今天谈到了战争。小乐说：“We talked about the war today.”朋友听懂了，也想起自己遇到过的事。,,We talked about the __________ today.,war,我们今天谈到了战争。,context,2026-09-v2,本地预制课堂素材；原创短句与场景模板,[],想象你也在这个场景里。用 war 说一句自己的话。
warn,PET,1,警告；提醒；通知,v.,日常沟通,Please warn us if the road is closed.,如果道路关闭，请提醒我们。,"[{""text"": ""warn"", ""kind"": ""root"", ""meaning"": ""警告""}]",这个词本身可以作为词基，与相关派生词联系起来理解。,0,,https://www.cambridgeenglish.org/images/506887-b1-preliminary-vocabulary-list.pdf,wɒ:n,https://github.com/skywind3000/ECDICT,offline-materials,warn,authored,warn · 单词里的小故事,小乐和朋友交换今天的小发现。如果道路关闭，请提醒我们。小乐说：“Please warn us if the road is closed.”朋友听懂了，也想起自己遇到过的事。,,Please __________ us if the road is closed.,warn,如果道路关闭，请提醒我们。,context,2026-09-v2,本地预制课堂素材；原创短句与场景模板,[],想象你也在这个场景里。用 warn 说一句自己的话。
warning,PET,1,警告；预告；预兆,n.,日常沟通,We talked about the warning today.,我们今天谈到了警告。,"[{""text"": ""warn"", ""kind"": ""root"", ""meaning"": ""警告""}, {""text"": ""-ing"", ""kind"": ""suffix"", ""meaning"": ""把动作当作活动或事物来表达"", ""story"": ""把动作变成名词的 -ing，可以追溯到古英语的 -ung、-ing。一个动作加上这样的结尾，就能作为一种活动来谈论。注意句子里的位置：-ing 也会用于进行时和形容词。"", ""source"": ""https://www.merriam-webster.com/dictionary/-ing""}]",先理解词基，再看词缀如何改变含义或词性。,0,,https://www.cambridgeenglish.org/images/506887-b1-preliminary-vocabulary-list.pdf,'wɒ:niŋ,https://github.com/skywind3000/ECDICT,offline-materials,warning,discussion,warning · 单词里的小故事,小乐和朋友聊起今天的一件事。我们今天谈到了警告。小乐说：“We talked about the warning today.”朋友听懂了，也想起自己遇到过的事。,,We talked about the __________ today.,warning,我们今天谈到了警告。,context,2026-09-v2,本地预制课堂素材；原创短句与场景模板,[],想象你也在这个场景里。用 warning 说一句自己的话。
waste,PET,1,浪费；废物；废弃的,adj; v; n.,日常沟通,Do not waste water.,不要浪费水。,[],结合常用释义整体记忆。先听老师读，再用自己的生活场景解释。,0,,https://www.cambridgeenglish.org/images/506887-b1-preliminary-vocabulary-list.pdf,weist,常用义教学修订；原词典见 ECDICT-LICENSE.txt,offline-materials,waste,authored,waste · 单词里的小故事,小乐和朋友交换今天的小发现。不要浪费水。小乐说：“Do not waste water.”朋友听懂了，也想起自己遇到过的事。,,Do not __________ water.,waste,不要浪费水。,context,2026-09-v2,本地预制课堂素材；原创短句与场景模板,[],想象你也在这个场景里。用 waste 说一句自己的话。
waterfall,PET,3,瀑布,n.,日常沟通,We visited the waterfall today.,我们今天参观了瀑布。,"[{""text"": ""water"", ""kind"": ""compound"", ""meaning"": ""水""}, {""text"": ""fall"", ""kind"": ""compound"", ""meaning"": ""落下""}]",两个已有成分组合成一个词。结合它们的意思理解整体词义，但不要把这种现代拆分当作完整的历史词源。,0,,https://www.cambridgeenglish.org/images/506887-b1-preliminary-vocabulary-list.pdf,'wɒtәfɒ:l,https://github.com/skywind3000/ECDICT,offline-materials,waterfall,place,waterfall · 单词里的小故事,小乐把今天的外出经历记进了日记。我们今天参观了瀑布。小乐说：“We visited the waterfall today.”朋友听懂了，也想起自己遇到过的事。,,We visited the __________ today.,waterfall,我们今天参观了瀑布。,context,2026-09-v2,本地预制课堂素材；原创短句与场景模板,[],想象你也在这个场景里。用 waterfall 说一句自己的话。
wave,PET,1,波浪；挥手,n; v.,日常沟通,We talked about the wave today.,我们今天谈到了波浪。,[],结合常用释义整体记忆。先听老师读，再用自己的生活场景解释。,0,,https://www.cambridgeenglish.org/images/506887-b1-preliminary-vocabulary-list.pdf,weiv,常用义教学修订；原词典见 ECDICT-LICENSE.txt,offline-materials,wave,discussion,wave · 单词里的小故事,小乐和朋友聊起今天的一件事。我们今天谈到了波浪。小乐说：“We talked about the wave today.”朋友听懂了，也想起自己遇到过的事。,,We talked about the __________ today.,wave,我们今天谈到了波浪。,context,2026-09-v2,本地预制课堂素材；原创短句与场景模板,[],想象你也在这个场景里。用 wave 说一句自己的话。
weak,PET,1,不牢固的；弱的；虚弱的,adj.,日常沟通,The person in the story is weak.,故事里的那个人是不牢固的。,"[{""text"": ""weak"", ""kind"": ""root"", ""meaning"": ""虚弱的""}]",这个词本身可以作为词基，与相关派生词联系起来理解。,0,,https://www.cambridgeenglish.org/images/506887-b1-preliminary-vocabulary-list.pdf,wi:k,https://github.com/skywind3000/ECDICT,offline-materials,weak,person-quality,weak · 单词里的小故事,同学们在给故事人物选词卡，小乐找到了合适的一张。故事里的那个人是不牢固的。小乐说：“The person in the story is weak.”朋友听懂了，也想起自己遇到过的事。,,The person in the story is __________.,weak,故事里的那个人是不牢固的。,context,2026-09-v2,本地预制课堂素材；原创短句与场景模板,[],想象你也在这个场景里。用 weak 说一句自己的话。
wear out,PET,3,用坏；穿破；使疲惫,phr v; adj.,日常沟通,These shoes will wear out soon.,这些鞋很快就要穿坏了。,[],结合常用释义整体记忆。先听老师读，再用自己的生活场景解释。,0,,https://www.cambridgeenglish.org/images/506887-b1-preliminary-vocabulary-list.pdf,,常用义教学修订；原词典见 ECDICT-LICENSE.txt,offline-materials,wear out,authored,wear out · 单词里的小故事,小乐和朋友交换今天的小发现。这些鞋很快就要穿坏了。小乐说：“These shoes will wear out soon.”朋友听懂了，也想起自己遇到过的事。,,These shoes will __________ soon.,wear out,这些鞋很快就要穿坏了。,context,2026-09-v2,本地预制课堂素材；原创短句与场景模板,[],想象你也在这个场景里。用 wear out 说一句自己的话。
webcam,PET,3,网络摄像头,n.,日常沟通,We talked about the webcam today.,我们今天谈到了网络摄像头。,[],结合常用释义整体记忆。先听老师读，再用自己的生活场景解释。,0,,https://www.cambridgeenglish.org/images/506887-b1-preliminary-vocabulary-list.pdf,'webkæm,https://github.com/skywind3000/ECDICT,offline-materials,webcam,discussion,webcam · 单词里的小故事,小乐和朋友聊起今天的一件事。我们今天谈到了网络摄像头。小乐说：“We talked about the webcam today.”朋友听懂了，也想起自己遇到过的事。,,We talked about the __________ today.,webcam,我们今天谈到了网络摄像头。,context,2026-09-v2,本地预制课堂素材；原创短句与场景模板,[],想象你也在这个场景里。用 webcam 说一句自己的话。
wedding,PET,2,婚礼；结婚；结婚周年纪念日,n.,日常沟通,We talked about the wedding today.,我们今天谈到了婚礼。,"[{""text"": ""wed"", ""kind"": ""root"", ""meaning"": ""结婚""}, {""text"": ""-ing"", ""kind"": ""suffix"", ""meaning"": ""把动作当作活动或事物来表达"", ""story"": ""把动作变成名词的 -ing，可以追溯到古英语的 -ung、-ing。一个动作加上这样的结尾，就能作为一种活动来谈论。注意句子里的位置：-ing 也会用于进行时和形容词。"", ""source"": ""https://www.merriam-webster.com/dictionary/-ing""}]",这是词基与派生词的关系。拼写发生了变化，请把本课目标单词完整写对；构词成分不是原词的逐字切片。,0,,https://www.cambridgeenglish.org/images/506887-b1-preliminary-vocabulary-list.pdf,'wediŋ,https://github.com/skywind3000/ECDICT,offline-materials,wedding,discussion,wedding · 单词里的小故事,小乐和朋友聊起今天的一件事。我们今天谈到了婚礼。小乐说：“We talked about the wedding today.”朋友听懂了，也想起自己遇到过的事。,,We talked about the __________ today.,wedding,我们今天谈到了婚礼。,context,2026-09-v2,本地预制课堂素材；原创短句与场景模板,[],想象你也在这个场景里。用 wedding 说一句自己的话。
weigh,PET,2,称...重量；衡量；把...压弯,v.,日常沟通,Can you weigh this bag?,你能称一下这个包吗？,[],结合常用释义整体记忆。先听老师读，再用自己的生活场景解释。,0,,https://www.cambridgeenglish.org/images/506887-b1-preliminary-vocabulary-list.pdf,wei,https://github.com/skywind3000/ECDICT,offline-materials,weigh,authored,weigh · 单词里的小故事,小乐和朋友交换今天的小发现。你能称一下这个包吗？小乐说：“Can you weigh this bag?”朋友听懂了，也想起自己遇到过的事。,,Can you __________ this bag?,weigh,你能称一下这个包吗？,context,2026-09-v2,本地预制课堂素材；原创短句与场景模板,[],想象你也在这个场景里。用 weigh 说一句自己的话。
weight,PET,1,重；重量；体重,n.,日常沟通,We learn about the weight at school.,我们在学校了解重。,"[{""text"": ""weight"", ""kind"": ""root"", ""meaning"": ""体重""}]",这个词本身可以作为词基，与相关派生词联系起来理解。,0,,https://www.cambridgeenglish.org/images/506887-b1-preliminary-vocabulary-list.pdf,weit,https://github.com/skywind3000/ECDICT,offline-materials,weight,body,weight · 单词里的小故事,小乐在课堂上做一张认识自己的知识卡。我们在学校了解重。小乐说：“We learn about the weight at school.”朋友听懂了，也想起自己遇到过的事。,,We learn about the __________ at school.,weight,我们在学校了解重。,context,2026-09-v2,本地预制课堂素材；原创短句与场景模板,[],想象你也在这个场景里。用 weight 说一句自己的话。
well-dressed,PET,3,穿得很体面的,adj.,日常沟通,The person in the story is well-dressed.,故事里的那个人是穿得很体面的。,[],结合常用释义整体记忆。先听老师读，再用自己的生活场景解释。,0,,https://www.cambridgeenglish.org/images/506887-b1-preliminary-vocabulary-list.pdf,,https://github.com/skywind3000/ECDICT,offline-materials,well-dressed,person-quality,well-dressed · 单词里的小故事,同学们在给故事人物选词卡，小乐找到了合适的一张。故事里的那个人是穿得很体面的。小乐说：“The person in the story is well-dressed.”朋友听懂了，也想起自己遇到过的事。,,The person in the story is __________.,well-dressed,故事里的那个人是穿得很体面的。,context,2026-09-v2,本地预制课堂素材；原创短句与场景模板,[],想象你也在这个场景里。用 well-dressed 说一句自己的话。
well-known,PET,3,众所周知的；有名的,adj.,日常沟通,She is a well-known writer.,她是一位著名作家。,[],结合常用释义整体记忆。先听老师读，再用自己的生活场景解释。,0,,https://www.cambridgeenglish.org/images/506887-b1-preliminary-vocabulary-list.pdf,,https://github.com/skywind3000/ECDICT,offline-materials,well-known,authored,well-known · 单词里的小故事,小乐和朋友交换今天的小发现。她是一位著名作家。小乐说：“She is a well-known writer.”朋友听懂了，也想起自己遇到过的事。,,She is a __________ writer.,well-known,她是一位著名作家。,context,2026-09-v2,本地预制课堂素材；原创短句与场景模板,[],想象你也在这个场景里。用 well-known 说一句自己的话。
well-made,PET,3,做工好的,adv; adj.,日常沟通,This is a well-made chair.,这是一把做工很好的椅子。,[],结合常用释义整体记忆。先听老师读，再用自己的生活场景解释。,0,,https://www.cambridgeenglish.org/images/506887-b1-preliminary-vocabulary-list.pdf,,常用义教学修订；原词典见 ECDICT-LICENSE.txt,offline-materials,well-made,authored,well-made · 单词里的小故事,小乐和朋友交换今天的小发现。这是一把做工很好的椅子。小乐说：“This is a well-made chair.”朋友听懂了，也想起自己遇到过的事。,,This is a __________ chair.,well-made,这是一把做工很好的椅子。,context,2026-09-v2,本地预制课堂素材；原创短句与场景模板,[],想象你也在这个场景里。用 well-made 说一句自己的话。
western,PET,1,向西方的；来自西方的；西方的,adj.,日常沟通,We live in the western part of town.,我们住在镇的西部。,[],结合常用释义整体记忆。先听老师读，再用自己的生活场景解释。,0,,https://www.cambridgeenglish.org/images/506887-b1-preliminary-vocabulary-list.pdf,'westәn,https://github.com/skywind3000/ECDICT,offline-materials,western,authored,western · 单词里的小故事,小乐和朋友交换今天的小发现。我们住在镇的西部。小乐说：“We live in the western part of town.”朋友听懂了，也想起自己遇到过的事。,,We live in the __________ part of town.,western,我们住在镇的西部。,context,2026-09-v2,本地预制课堂素材；原创短句与场景模板,[],想象你也在这个场景里。用 western 说一句自己的话。
wetsuit,PET,3,潜水服；防寒泳衣；湿式保暖服,n.,日常沟通,I like your wetsuit.,我喜欢你的潜水服。,[],结合常用释义整体记忆。先听老师读，再用自己的生活场景解释。,0,,https://www.cambridgeenglish.org/images/506887-b1-preliminary-vocabulary-list.pdf,,https://github.com/skywind3000/ECDICT,offline-materials,wetsuit,clothes,wetsuit · 单词里的小故事,出门前，小乐注意到了朋友的穿着。我喜欢你的潜水服。小乐说：“I like your wetsuit.”朋友听懂了，也想起自己遇到过的事。,,I like your __________.,wetsuit,我喜欢你的潜水服。,context,2026-09-v2,本地预制课堂素材；原创短句与场景模板,[],想象你也在这个场景里。用 wetsuit 说一句自己的话。
whatever,PET,1,无论什么,pron; det.,日常沟通,You can choose whatever you like.,你可以选任何你喜欢的东西。,[],结合常用释义整体记忆。先听老师读，再用自己的生活场景解释。,0,,https://www.cambridgeenglish.org/images/506887-b1-preliminary-vocabulary-list.pdf,hwɒt'evә,https://github.com/skywind3000/ECDICT,offline-materials,whatever,authored,whatever · 单词里的小故事,小乐和朋友交换今天的小发现。你可以选任何你喜欢的东西。小乐说：“You can choose whatever you like.”朋友听懂了，也想起自己遇到过的事。,,You can choose __________ you like.,whatever,你可以选任何你喜欢的东西。,context,2026-09-v2,本地预制课堂素材；原创短句与场景模板,[],想象你也在这个场景里。用 whatever 说一句自己的话。
wheelchair,PET,2,轮椅,n.,日常沟通,Look at the wheelchair in this picture.,看看这张图片中的轮椅。,"[{""text"": ""wheel"", ""kind"": ""compound"", ""meaning"": ""轮子""}, {""text"": ""chair"", ""kind"": ""compound"", ""meaning"": ""椅子""}]",两个已有成分组合成一个词。结合它们的意思理解整体词义，但不要把这种现代拆分当作完整的历史词源。,0,,https://www.cambridgeenglish.org/images/506887-b1-preliminary-vocabulary-list.pdf,'hwi:l.tʃєә,https://github.com/skywind3000/ECDICT,offline-materials,wheelchair,transport,wheelchair · 单词里的小故事,小乐和朋友观察一张出行图片，轮流指出里面的东西。看看这张图片中的轮椅。小乐说：“Look at the wheelchair in this picture.”朋友听懂了，也想起自己遇到过的事。,,Look at the __________ in this picture.,wheelchair,看看这张图片中的轮椅。,context,2026-09-v2,本地预制课堂素材；原创短句与场景模板,[],想象你也在这个场景里。用 wheelchair 说一句自己的话。
willing,PET,2,乐意的；自愿的；甘愿的,adj.,日常沟通,I am willing to help.,我愿意帮忙。,[],结合常用释义整体记忆。先听老师读，再用自己的生活场景解释。,0,,https://www.cambridgeenglish.org/images/506887-b1-preliminary-vocabulary-list.pdf,'wiliŋ,https://github.com/skywind3000/ECDICT,offline-materials,willing,authored,willing · 单词里的小故事,小乐和朋友交换今天的小发现。我愿意帮忙。小乐说：“I am willing to help.”朋友听懂了，也想起自己遇到过的事。,,I am __________ to help.,willing,我愿意帮忙。,context,2026-09-v2,本地预制课堂素材；原创短句与场景模板,[],想象你也在这个场景里。用 willing 说一句自己的话。
windscreen,PET,3,汽车的挡风玻璃,n.,日常沟通,We talked about the windscreen today.,我们今天谈到了汽车的挡风玻璃。,[],结合常用释义整体记忆。先听老师读，再用自己的生活场景解释。,0,,https://www.cambridgeenglish.org/images/506887-b1-preliminary-vocabulary-list.pdf,'windskri:n,https://github.com/skywind3000/ECDICT,offline-materials,windscreen,discussion,windscreen · 单词里的小故事,小乐和朋友聊起今天的一件事。我们今天谈到了汽车的挡风玻璃。小乐说：“We talked about the windscreen today.”朋友听懂了，也想起自己遇到过的事。,,We talked about the __________ today.,windscreen,我们今天谈到了汽车的挡风玻璃。,context,2026-09-v2,本地预制课堂素材；原创短句与场景模板,[],想象你也在这个场景里。用 windscreen 说一句自己的话。
wise,PET,2,明智的；慎虑的；聪明的,adj.,日常沟通,The person in the story is wise.,故事里的那个人是明智的。,[],结合常用释义整体记忆。先听老师读，再用自己的生活场景解释。,0,,https://www.cambridgeenglish.org/images/506887-b1-preliminary-vocabulary-list.pdf,waiz,https://github.com/skywind3000/ECDICT,offline-materials,wise,person-quality,wise · 单词里的小故事,同学们在给故事人物选词卡，小乐找到了合适的一张。故事里的那个人是明智的。小乐说：“The person in the story is wise.”朋友听懂了，也想起自己遇到过的事。,,The person in the story is __________.,wise,故事里的那个人是明智的。,context,2026-09-v2,本地预制课堂素材；原创短句与场景模板,[],想象你也在这个场景里。用 wise 说一句自己的话。
within,PET,1,内部；里头,prep.,日常沟通,Please finish within an hour.,请在一小时内完成。,[],结合常用释义整体记忆。先听老师读，再用自己的生活场景解释。,0,,https://www.cambridgeenglish.org/images/506887-b1-preliminary-vocabulary-list.pdf,wi'ðin,https://github.com/skywind3000/ECDICT,offline-materials,within,authored,within · 单词里的小故事,小乐和朋友交换今天的小发现。请在一小时内完成。小乐说：“Please finish within an hour.”朋友听懂了，也想起自己遇到过的事。,,Please finish __________ an hour.,within,请在一小时内完成。,context,2026-09-v2,本地预制课堂素材；原创短句与场景模板,[],想象你也在这个场景里。用 within 说一句自己的话。
wonder,PET,1,惊奇；想知道,v.,日常沟通,I wonder where she is.,我想知道她在哪里。,[],结合常用释义整体记忆。先听老师读，再用自己的生活场景解释。,0,,https://www.cambridgeenglish.org/images/506887-b1-preliminary-vocabulary-list.pdf,'wʌndә,https://github.com/skywind3000/ECDICT,offline-materials,wonder,authored,wonder · 单词里的小故事,小乐和朋友交换今天的小发现。我想知道她在哪里。小乐说：“I wonder where she is.”朋友听懂了，也想起自己遇到过的事。,,I __________ where she is.,wonder,我想知道她在哪里。,context,2026-09-v2,本地预制课堂素材；原创短句与场景模板,[],想象你也在这个场景里。用 wonder 说一句自己的话。
working,PET,1,工作的；劳动的；经营的,adj.,日常沟通,These are my working hours.,这是我的工作时间。,[],结合常用释义整体记忆。先听老师读，再用自己的生活场景解释。,0,,https://www.cambridgeenglish.org/images/506887-b1-preliminary-vocabulary-list.pdf,'wә:kiŋ,https://github.com/skywind3000/ECDICT,offline-materials,working,authored,working · 单词里的小故事,小乐和朋友交换今天的小发现。这是我的工作时间。小乐说：“These are my working hours.”朋友听懂了，也想起自己遇到过的事。,,These are my __________ hours.,working,这是我的工作时间。,context,2026-09-v2,本地预制课堂素材；原创短句与场景模板,[],想象你也在这个场景里。用 working 说一句自己的话。
workout,PET,3,试验；试用；锻炼,n.,日常沟通,I want to learn more about workout.,我想多了解一些试验。,[],结合常用释义整体记忆。先听老师读，再用自己的生活场景解释。,0,,https://www.cambridgeenglish.org/images/506887-b1-preliminary-vocabulary-list.pdf,'wә:kaut,https://github.com/skywind3000/ECDICT,offline-materials,workout,activity,workout · 单词里的小故事,班级要举办兴趣日，小乐选了自己想了解的活动。我想多了解一些试验。小乐说：“I want to learn more about workout.”朋友听懂了，也想起自己遇到过的事。,,I want to learn more about __________.,workout,我想多了解一些试验。,context,2026-09-v2,本地预制课堂素材；原创短句与场景模板,[],想象你也在这个场景里。用 workout 说一句自己的话。
worth,PET,1,值...的；值得的,adj.,日常沟通,This book is worth five pounds.,这本书值五英镑。,[],结合常用释义整体记忆。先听老师读，再用自己的生活场景解释。,0,,https://www.cambridgeenglish.org/images/506887-b1-preliminary-vocabulary-list.pdf,wә:θ,https://github.com/skywind3000/ECDICT,offline-materials,worth,authored,worth · 单词里的小故事,小乐和朋友交换今天的小发现。这本书值五英镑。小乐说：“This book is worth five pounds.”朋友听懂了，也想起自己遇到过的事。,,This book is __________ five pounds.,worth,这本书值五英镑。,context,2026-09-v2,本地预制课堂素材；原创短句与场景模板,[],想象你也在这个场景里。用 worth 说一句自己的话。
wrap,PET,2,包装；卷；缠绕,v; phr v.,日常沟通,Wrap the gift in blue paper.,用蓝纸包好礼物。,[],结合常用释义整体记忆。先听老师读，再用自己的生活场景解释。,0,,https://www.cambridgeenglish.org/images/506887-b1-preliminary-vocabulary-list.pdf,ræp,https://github.com/skywind3000/ECDICT,offline-materials,wrap,authored,wrap · 单词里的小故事,小乐和朋友交换今天的小发现。用蓝纸包好礼物。小乐说：“Wrap the gift in blue paper.”朋友听懂了，也想起自己遇到过的事。,,__________ the gift in blue paper.,Wrap,用蓝纸包好礼物。,context,2026-09-v2,本地预制课堂素材；原创短句与场景模板,[],想象你也在这个场景里。用 wrap 说一句自己的话。
written,PET,2,书面的；写成文字的,adj.,日常沟通,Please give me a written answer.,请给我一个书面答案。,[],结合常用释义整体记忆。先听老师读，再用自己的生活场景解释。,0,,https://www.cambridgeenglish.org/images/506887-b1-preliminary-vocabulary-list.pdf,'ritn,https://github.com/skywind3000/ECDICT,offline-materials,written,authored,written · 单词里的小故事,小乐和朋友交换今天的小发现。请给我一个书面答案。小乐说：“Please give me a written answer.”朋友听懂了，也想起自己遇到过的事。,,Please give me a __________ answer.,written,请给我一个书面答案。,context,2026-09-v2,本地预制课堂素材；原创短句与场景模板,[],想象你也在这个场景里。用 written 说一句自己的话。
yard,PET,1,院子；码,n.,日常沟通,We visited the yard today.,我们今天参观了院子。,[],结合常用释义整体记忆。先听老师读，再用自己的生活场景解释。,0,,https://www.cambridgeenglish.org/images/506887-b1-preliminary-vocabulary-list.pdf,jɑ:d,常用义教学修订；原词典见 ECDICT-LICENSE.txt,offline-materials,yard,place,yard · 单词里的小故事,小乐把今天的外出经历记进了日记。我们今天参观了院子。小乐说：“We visited the yard today.”朋友听懂了，也想起自己遇到过的事。,,We visited the __________ today.,yard,我们今天参观了院子。,context,2026-09-v2,本地预制课堂素材；原创短句与场景模板,[],想象你也在这个场景里。用 yard 说一句自己的话。
yeah,PET,1,(非正式)是；是的,exclam.,日常沟通,"Yeah, I can come today.",嗯，我今天能来。,[],结合常用释义整体记忆。先听老师读，再用自己的生活场景解释。,0,,https://www.cambridgeenglish.org/images/506887-b1-preliminary-vocabulary-list.pdf,jɑ:,https://github.com/skywind3000/ECDICT,offline-materials,yeah,authored,yeah · 单词里的小故事,"小乐和朋友交换今天的小发现。嗯，我今天能来。小乐说：“Yeah, I can come today.”朋友听懂了，也想起自己遇到过的事。",,"__________, I can come today.",Yeah,嗯，我今天能来。,context,2026-09-v2,本地预制课堂素材；原创短句与场景模板,[],想象你也在这个场景里。用 yeah 说一句自己的话。
yoga,PET,3,瑜珈,n.,日常沟通,We learn about yoga at school.,我们在学校学习瑜珈。,[],结合常用释义整体记忆。先听老师读，再用自己的生活场景解释。,0,,https://www.cambridgeenglish.org/images/506887-b1-preliminary-vocabulary-list.pdf,'jәugә,https://github.com/skywind3000/ECDICT,offline-materials,yoga,school,yoga · 单词里的小故事,小乐把今天在学校学到的内容讲给家人听。我们在学校学习瑜珈。小乐说：“We learn about yoga at school.”朋友听懂了，也想起自己遇到过的事。,,We learn about __________ at school.,yoga,我们在学校学习瑜珈。,context,2026-09-v2,本地预制课堂素材；原创短句与场景模板,[],想象你也在这个场景里。用 yoga 说一句自己的话。
you know,PET,3,你知道；你明白（口语插入语）,exclam.,日常沟通,"It is quite easy, you know.",你知道，这其实挺容易的。,[],结合常用释义整体记忆。先听老师读，再用自己的生活场景解释。,0,,https://www.cambridgeenglish.org/images/506887-b1-preliminary-vocabulary-list.pdf,ju: nəʊ,常用义教学修订；原词典见 ECDICT-LICENSE.txt,offline-materials,you know,authored,you know · 单词里的小故事,"小乐和朋友交换今天的小发现。你知道，这其实挺容易的。小乐说：“It is quite easy, you know.”朋友听懂了，也想起自己遇到过的事。",,"It is quite easy, __________.",you know,你知道，这其实挺容易的。,context,2026-09-v2,本地预制课堂素材；原创短句与场景模板,[],想象你也在这个场景里。用 you know 说一句自己的话。
youth,PET,1,青年；青春,n.,日常沟通,He tells stories about his youth.,他讲自己年轻时的故事。,[],结合常用释义整体记忆。先听老师读，再用自己的生活场景解释。,0,,https://www.cambridgeenglish.org/images/506887-b1-preliminary-vocabulary-list.pdf,ju:θ,常用义教学修订；原词典见 ECDICT-LICENSE.txt,offline-materials,youth,authored,youth · 单词里的小故事,小乐和朋友交换今天的小发现。他讲自己年轻时的故事。小乐说：“He tells stories about his youth.”朋友听懂了，也想起自己遇到过的事。,,He tells stories about his __________.,youth,他讲自己年轻时的故事。,context,2026-09-v2,本地预制课堂素材；原创短句与场景模板,[],想象你也在这个场景里。用 youth 说一句自己的话。
zone,PET,2,地带；带；地区,n.,日常沟通,We visited the zone today.,我们今天参观了地带。,[],结合常用释义整体记忆。先听老师读，再用自己的生活场景解释。,0,,https://www.cambridgeenglish.org/images/506887-b1-preliminary-vocabulary-list.pdf,zәun,https://github.com/skywind3000/ECDICT,offline-materials,zone,place,zone · 单词里的小故事,小乐把今天的外出经历记进了日记。我们今天参观了地带。小乐说：“We visited the zone today.”朋友听懂了，也想起自己遇到过的事。,,We visited the __________ today.,zone,我们今天参观了地带。,context,2026-09-v2,本地预制课堂素材；原创短句与场景模板,[],想象你也在这个场景里。用 zone 说一句自己的话。
environmental,PET,1,周围的；环境的,adj.,自然与环境,We discussed an environmental problem.,我们讨论了一个环境问题。,[],结合常用释义整体记忆。先听老师读，再用自己的生活场景解释。,0,,https://www.cambridgeenglish.org/images/506887-b1-preliminary-vocabulary-list.pdf,in.vaiәrәn'mentәl,https://github.com/skywind3000/ECDICT,offline-materials,environmental,authored,environmental · 单词里的小故事,小乐和朋友交换今天的小发现。我们讨论了一个环境问题。小乐说：“We discussed an environmental problem.”朋友听懂了，也想起自己遇到过的事。,,We discussed an __________ problem.,environmental,我们讨论了一个环境问题。,context,2026-09-v2,本地预制课堂素材；原创短句与场景模板,[],想象你也在这个场景里。用 environmental 说一句自己的话。
squash,PET,3,壁球,n.,自然与环境,I want to learn more about squash.,我想多了解一些壁球。,[],结合常用释义整体记忆。先听老师读，再用自己的生活场景解释。,0,,https://www.cambridgeenglish.org/images/506887-b1-preliminary-vocabulary-list.pdf,skwɒʃ,常用义教学修订；原词典见 ECDICT-LICENSE.txt,offline-materials,squash,activity,squash · 单词里的小故事,班级要举办兴趣日，小乐选了自己想了解的活动。我想多了解一些壁球。小乐说：“I want to learn more about squash.”朋友听懂了，也想起自己遇到过的事。,,I want to learn more about __________.,squash,我想多了解一些壁球。,context,2026-09-v2,本地预制课堂素材；原创短句与场景模板,[],想象你也在这个场景里。用 squash 说一句自己的话。
vegetarian,PET,3,素食者；素食的,n; adj.,自然与环境,This story is about a vegetarian.,这个故事讲的是一位素食者。,[],结合常用释义整体记忆。先听老师读，再用自己的生活场景解释。,0,,https://www.cambridgeenglish.org/images/506887-b1-preliminary-vocabulary-list.pdf,.vedʒi'tєәriәn,常用义教学修订；原词典见 ECDICT-LICENSE.txt,offline-materials,vegetarian,person,vegetarian · 单词里的小故事,读书会轮到小乐介绍故事里的一个人物。这个故事讲的是一位素食者。小乐说：“This story is about a vegetarian.”朋友听懂了，也想起自己遇到过的事。,,This story is about a __________.,vegetarian,这个故事讲的是一位素食者。,context,2026-09-v2,本地预制课堂素材；原创短句与场景模板,[],想象你也在这个场景里。用 vegetarian 说一句自己的话。
weather forecast,PET,3,天气预报,n.,自然与环境,We talked about the weather forecast today.,我们今天谈到了天气预报。,[],结合常用释义整体记忆。先听老师读，再用自己的生活场景解释。,0,,https://www.cambridgeenglish.org/images/506887-b1-preliminary-vocabulary-list.pdf,,https://github.com/skywind3000/ECDICT,offline-materials,weather forecast,nature,weather forecast · 单词里的小故事,小乐观察完身边的世界，回教室讲了一件事。我们今天谈到了天气预报。小乐说：“We talked about the weather forecast today.”朋友听懂了，也想起自己遇到过的事。,,We talked about the __________ today.,weather forecast,我们今天谈到了天气预报。,context,2026-09-v2,本地预制课堂素材；原创短句与场景模板,[],想象你也在这个场景里。用 weather forecast 说一句自己的话。
fare,PET,2,车费；票价,n.,食物与生活,We talked about the fare today.,我们今天谈到了车费。,[],结合常用释义整体记忆。先听老师读，再用自己的生活场景解释。,0,,https://www.cambridgeenglish.org/images/506887-b1-preliminary-vocabulary-list.pdf,fєә,常用义教学修订；原词典见 ECDICT-LICENSE.txt,offline-materials,fare,discussion,fare · 单词里的小故事,小乐和朋友聊起今天的一件事。我们今天谈到了车费。小乐说：“We talked about the fare today.”朋友听懂了，也想起自己遇到过的事。,,We talked about the __________ today.,fare,我们今天谈到了车费。,context,2026-09-v2,本地预制课堂素材；原创短句与场景模板,[],想象你也在这个场景里。用 fare 说一句自己的话。
